Date,HomeTeam,AwayTeam,FTHG,FTAG,FTR,HS,AS,HST,AST,HC,AC,HF,AF,HY,AY,HR,AR
23/08/14,Almeria,Espanol,1,1,D,19,12,6,2,11,7,8,9,3,2,0,1
23/08/14,Granada,La Coruna,2,1,H,10,7,3,1,5,3,13,26,1,2,0,0
23/08/14,Malaga,Ath Bilbao,1,0,H,12,12,3,5,5,4,13,9,3,3,2,0
23/08/14,Sevilla,Valencia,1,1,D,10,11,3,1,3,3,23,8,4,2,0,1
24/08/14,Barcelona,Elche,3,0,H,12,3,6,0,3,1,11,13,0,1,1,0
24/08/14,Celta,Getafe,3,1,H,20,12,8,3,4,4,19,15,4,1,0,0
24/08/14,Eibar,Sociedad,1,0,H,12,19,5,4,5,6,13,14,4,1,0,0
24/08/14,Levante,Villarreal,0,2,A,9,12,2,6,3,4,11,14,1,3,0,0
25/08/14,Real Madrid,Cordoba,2,0,H,14,8,8,2,8,5,9,13,1,2,0,0
25/08/14,Vallecano,Ath Madrid,0,0,D,8,9,2,2,2,4,13,17,2,2,0,0
29/08/14,Getafe,Almeria,1,0,H,12,11,3,4,2,3,17,11,3,2,0,0
29/08/14,Valencia,Malaga,3,0,H,14,17,4,4,4,6,18,11,1,2,0,1
30/08/14,Ath Bilbao,Levante,3,0,H,10,10,5,2,2,11,13,17,1,4,0,0
30/08/14,Ath Madrid,Eibar,2,1,H,15,8,6,2,5,5,12,18,3,0,0,0
30/08/14,Cordoba,Celta,1,1,D,6,9,1,4,1,6,14,17,1,4,0,0
30/08/14,Espanol,Sevilla,1,2,A,4,13,2,6,3,7,20,24,4,2,0,0
31/08/14,Elche,Granada,1,1,D,15,5,3,4,8,4,12,17,4,4,0,0
31/08/14,La Coruna,Vallecano,2,2,D,10,12,5,2,2,4,16,18,4,6,0,0
31/08/14,Sociedad,Real Madrid,4,2,H,13,19,5,5,8,6,18,12,1,2,0,0
31/08/14,Villarreal,Barcelona,0,1,A,9,20,0,8,3,10,12,9,0,2,0,0
12/09/14,Almeria,Cordoba,1,1,D,12,11,2,4,8,2,14,22,4,4,0,0
13/09/14,Barcelona,Ath Bilbao,2,0,H,15,3,8,2,5,1,12,11,1,1,0,0
13/09/14,Celta,Sociedad,2,2,D,13,20,6,5,5,8,13,15,1,5,0,0
13/09/14,Malaga,Levante,0,0,D,18,10,7,0,20,1,10,15,1,2,0,0
13/09/14,Real Madrid,Ath Madrid,1,2,A,21,9,4,2,4,4,12,12,4,7,0,0
14/09/14,Granada,Villarreal,0,0,D,9,14,3,3,9,5,12,13,3,2,0,0
14/09/14,Sevilla,Getafe,2,0,H,12,7,4,1,8,5,10,25,2,6,0,0
14/09/14,Valencia,Espanol,3,1,H,11,8,6,3,7,8,15,13,1,1,0,0
14/09/14,Vallecano,Elche,2,3,A,14,12,4,5,6,5,11,23,2,2,0,0
15/09/14,Eibar,La Coruna,0,1,A,14,4,2,1,4,8,11,23,0,5,0,0
19/09/14,Elche,Eibar,0,2,A,15,8,6,4,10,7,9,10,2,1,0,0
20/09/14,Ath Bilbao,Granada,0,1,A,13,3,5,2,7,5,14,20,2,4,0,0
20/09/14,Ath Madrid,Celta,2,2,D,18,5,8,5,6,3,9,17,1,3,0,0
20/09/14,Espanol,Malaga,2,2,D,13,9,8,3,7,2,14,16,2,3,0,0
20/09/14,La Coruna,Real Madrid,2,8,A,14,19,5,13,2,3,8,9,1,1,0,0
21/09/14,Cordoba,Sevilla,1,3,A,9,15,3,8,7,4,11,24,6,2,0,0
21/09/14,Levante,Barcelona,0,5,A,9,17,2,8,3,6,13,11,1,2,1,0
21/09/14,Sociedad,Almeria,1,2,A,22,13,6,5,13,7,19,17,1,6,0,1
21/09/14,Villarreal,Vallecano,4,2,H,19,10,9,3,11,5,11,18,2,2,0,0
22/09/14,Getafe,Valencia,0,3,A,12,7,5,3,6,1,25,17,6,1,0,1
23/09/14,Celta,La Coruna,2,1,H,11,5,4,3,13,4,15,15,3,3,0,0
23/09/14,Real Madrid,Elche,5,1,H,23,10,12,3,8,2,15,15,2,1,0,0
24/09/14,Almeria,Ath Madrid,0,1,A,6,19,1,9,2,10,14,16,3,6,0,0
24/09/14,Eibar,Villarreal,1,1,D,7,15,3,4,2,10,14,17,4,4,0,0
24/09/14,Granada,Levante,0,1,A,8,10,0,4,5,3,14,13,2,6,0,0
24/09/14,Malaga,Barcelona,0,0,D,6,10,2,0,2,8,15,13,2,2,0,0
24/09/14,Sevilla,Sociedad,1,0,H,19,8,8,1,11,4,13,7,6,2,0,0
24/09/14,Vallecano,Ath Bilbao,2,1,H,15,8,5,3,1,2,18,17,2,2,0,0
25/09/14,Espanol,Getafe,2,0,H,10,6,4,2,6,4,16,17,1,2,0,0
25/09/14,Valencia,Cordoba,3,0,H,17,2,7,1,3,3,11,23,1,3,0,0
26/09/14,Elche,Celta,0,1,A,14,16,3,4,0,4,12,14,4,2,0,0
27/09/14,Ath Bilbao,Eibar,0,0,D,13,10,1,2,6,2,13,22,5,6,0,0
27/09/14,Ath Madrid,Sevilla,4,0,H,11,4,6,1,5,3,14,16,4,3,0,0
27/09/14,Barcelona,Granada,6,0,H,19,9,12,1,8,1,11,11,1,3,0,0
27/09/14,Levante,Vallecano,0,2,A,7,13,0,5,5,7,21,16,4,3,0,0
27/09/14,Villarreal,Real Madrid,0,2,A,19,11,5,3,7,6,7,10,0,1,0,0
28/09/14,Cordoba,Espanol,0,0,D,10,4,4,2,3,5,13,26,2,6,0,0
28/09/14,Getafe,Malaga,1,0,H,9,10,3,0,4,4,8,16,0,3,0,1
28/09/14,La Coruna,Almeria,0,1,A,8,15,1,6,6,5,14,18,2,4,0,0
28/09/14,Sociedad,Valencia,1,1,D,18,7,5,2,11,4,13,17,2,5,0,0
03/10/14,Getafe,Cordoba,1,1,D,18,10,5,3,8,3,12,11,1,2,0,0
04/10/14,Almeria,Elche,2,2,D,16,6,3,3,9,5,13,18,2,4,0,1
04/10/14,Eibar,Levante,3,3,D,14,13,6,5,4,4,12,16,3,1,0,0
04/10/14,Malaga,Granada,2,1,H,17,8,3,5,3,3,12,15,1,4,1,0
04/10/14,Valencia,Ath Madrid,3,1,H,6,19,3,5,1,6,23,14,4,0,0,1
04/10/14,Vallecano,Barcelona,0,2,A,14,18,4,7,6,7,19,7,2,2,2,0
05/10/14,Celta,Villarreal,1,3,A,15,11,6,4,11,4,15,22,3,4,1,0
05/10/14,Espanol,Sociedad,2,0,H,10,13,4,4,4,4,20,12,6,2,0,0
05/10/14,Real Madrid,Ath Bilbao,5,0,H,19,6,14,5,8,7,9,10,1,2,0,0
05/10/14,Sevilla,La Coruna,4,1,H,16,7,10,5,9,2,11,10,2,2,0,0
17/10/14,Granada,Vallecano,0,1,A,9,8,1,2,3,6,17,13,4,5,0,0
18/10/14,Ath Bilbao,Celta,1,1,D,13,4,4,1,9,2,13,16,3,3,0,0
18/10/14,Barcelona,Eibar,3,0,H,27,4,12,2,12,3,9,13,2,2,0,0
18/10/14,Cordoba,Malaga,1,2,A,8,8,2,4,6,13,16,21,2,3,0,0
18/10/14,Levante,Real Madrid,0,5,A,11,21,1,11,6,3,13,8,4,0,0,0
19/10/14,Ath Madrid,Espanol,2,0,H,20,7,9,1,12,1,19,19,0,0,0,0
19/10/14,Elche,Sevilla,0,2,A,12,10,1,7,6,4,18,23,5,2,0,0
19/10/14,La Coruna,Valencia,3,0,H,11,8,5,1,3,5,19,19,3,3,0,0
19/10/14,Villarreal,Almeria,2,0,H,17,10,8,3,6,4,20,16,5,2,0,0
20/10/14,Sociedad,Getafe,1,2,A,13,16,2,7,8,4,10,13,1,3,0,0
24/10/14,Celta,Levante,3,0,H,13,4,4,0,7,0,14,16,0,3,0,0
25/10/14,Almeria,Ath Bilbao,0,1,A,7,6,3,1,4,8,10,14,2,1,0,0
25/10/14,Cordoba,Sociedad,1,1,D,7,7,3,1,5,4,13,12,3,2,0,0
25/10/14,Eibar,Granada,1,1,D,7,8,3,3,7,8,14,14,3,4,0,0
25/10/14,Real Madrid,Barcelona,3,1,H,18,16,6,5,3,9,11,10,2,4,0,0
25/10/14,Valencia,Elche,3,1,H,12,8,4,3,8,6,11,17,0,2,0,0
26/10/14,Espanol,La Coruna,0,0,D,16,5,5,1,11,0,12,17,2,4,0,0
26/10/14,Getafe,Ath Madrid,0,1,A,11,12,4,7,1,8,17,11,3,3,1,0
26/10/14,Malaga,Vallecano,4,0,H,18,10,8,4,7,4,18,21,1,4,0,0
26/10/14,Sevilla,Villarreal,2,1,H,8,11,4,4,3,2,19,15,3,4,0,0
31/10/14,La Coruna,Getafe,1,2,A,9,16,2,4,4,6,7,23,2,1,0,0
01/11/14,Ath Madrid,Cordoba,4,2,H,16,8,8,4,4,5,12,13,0,2,0,0
01/11/14,Barcelona,Celta,0,1,A,19,10,9,4,9,5,10,29,1,2,0,0
01/11/14,Granada,Real Madrid,0,4,A,11,18,5,8,3,4,19,9,1,2,0,0
01/11/14,Sociedad,Malaga,0,1,A,5,6,0,2,6,3,18,22,2,5,0,0
02/11/14,Ath Bilbao,Sevilla,1,0,H,9,4,2,1,4,8,24,11,4,3,0,0
02/11/14,Elche,Espanol,2,1,H,11,15,5,5,4,10,19,10,2,2,2,0
02/11/14,Levante,Almeria,2,1,H,11,14,5,5,3,6,17,17,3,2,0,0
02/11/14,Villarreal,Valencia,1,3,A,14,6,4,3,11,4,12,15,2,3,0,0
03/11/14,Vallecano,Eibar,2,3,A,16,8,6,5,11,2,10,14,1,2,0,0
07/11/14,Cordoba,La Coruna,0,0,D,14,6,6,2,3,2,10,5,4,0,0,1
08/11/14,Almeria,Barcelona,1,2,A,6,18,2,6,4,5,16,9,2,0,0,0
08/11/14,Celta,Granada,0,0,D,17,8,5,1,6,2,14,17,1,5,0,0
08/11/14,Getafe,Elche,0,0,D,16,11,3,5,9,2,11,8,1,2,0,0
08/11/14,Malaga,Eibar,2,1,H,15,7,8,3,5,3,9,15,3,2,0,1
08/11/14,Real Madrid,Vallecano,5,1,H,16,15,11,6,4,6,12,15,0,4,0,0
09/11/14,Espanol,Villarreal,1,1,D,11,9,4,5,6,7,16,25,3,3,0,0
09/11/14,Sevilla,Levante,1,1,D,15,16,6,5,6,5,13,10,2,6,0,0
09/11/14,Sociedad,Ath Madrid,2,1,H,11,4,5,2,2,1,17,17,2,6,0,1
09/11/14,Valencia,Ath Bilbao,0,0,D,8,4,1,1,2,4,13,17,0,2,0,0
21/11/14,Ath Bilbao,Espanol,3,1,H,9,8,5,3,5,3,15,18,0,5,0,0
22/11/14,Ath Madrid,Malaga,3,1,H,11,4,5,1,4,3,18,14,1,3,1,1
22/11/14,Barcelona,Sevilla,5,1,H,16,2,10,0,5,4,8,21,1,2,0,0
22/11/14,Eibar,Real Madrid,0,4,A,10,19,2,8,4,2,16,9,4,2,0,0
22/11/14,La Coruna,Sociedad,0,0,D,11,17,4,5,8,6,14,11,3,1,0,0
23/11/14,Elche,Cordoba,2,2,D,17,10,6,3,6,2,16,14,3,4,0,0
23/11/14,Levante,Valencia,2,1,H,10,17,5,6,4,5,20,18,2,1,0,0
23/11/14,Vallecano,Celta,1,0,H,9,14,3,4,2,9,14,16,6,4,0,0
23/11/14,Villarreal,Getafe,2,1,H,10,15,4,5,7,4,15,14,3,2,0,0
24/11/14,Granada,Almeria,0,0,D,24,3,11,1,10,5,10,7,4,0,0,1
28/11/14,Sociedad,Elche,3,0,H,12,13,8,5,2,1,15,15,2,4,0,0
29/11/14,Celta,Eibar,0,1,A,29,8,9,2,15,1,10,21,4,5,0,0
29/11/14,Espanol,Levante,2,1,H,10,16,4,3,5,6,21,10,2,3,0,0
29/11/14,Getafe,Ath Bilbao,1,2,A,14,8,7,3,2,4,12,15,7,5,0,0
29/11/14,Malaga,Real Madrid,1,2,A,12,21,7,9,5,6,17,11,2,2,0,1
30/11/14,Ath Madrid,La Coruna,2,0,H,9,3,4,1,5,3,16,18,2,2,0,0
30/11/14,Cordoba,Villarreal,0,2,A,11,10,2,7,9,8,7,13,2,2,0,0
30/11/14,Sevilla,Granada,5,1,H,13,9,8,4,7,4,18,20,1,2,0,0
30/11/14,Valencia,Barcelona,0,1,A,12,7,4,1,5,5,9,7,3,3,0,0
01/12/14,Almeria,Vallecano,0,1,A,11,11,1,4,5,6,14,12,4,4,0,0
06/12/14,Ath Bilbao,Cordoba,0,1,A,15,7,3,3,15,4,13,14,4,6,0,0
06/12/14,Elche,Ath Madrid,0,2,A,8,4,1,3,6,1,18,15,2,0,0,0
06/12/14,La Coruna,Malaga,0,1,A,14,8,6,3,5,5,14,15,4,3,0,0
06/12/14,Real Madrid,Celta,3,0,H,20,9,11,0,8,7,15,21,4,4,0,0
07/12/14,Barcelona,Espanol,5,1,H,15,3,7,2,5,2,6,11,0,4,0,0
07/12/14,Granada,Valencia,1,1,D,9,9,2,1,4,4,20,9,4,4,0,1
07/12/14,Vallecano,Sevilla,0,1,A,11,11,3,6,6,2,14,19,4,6,0,1
07/12/14,Villarreal,Sociedad,4,0,H,24,12,9,2,8,2,14,8,2,2,0,0
08/12/14,Eibar,Almeria,5,2,H,17,14,8,3,7,3,18,12,4,3,0,0
08/12/14,Levante,Getafe,1,1,D,16,5,3,1,4,0,14,17,3,4,0,0
12/12/14,Almeria,Real Madrid,1,4,A,16,15,3,8,2,8,14,8,4,4,0,0
13/12/14,Cordoba,Levante,0,0,D,13,12,4,3,7,6,6,19,0,3,0,0
13/12/14,Getafe,Barcelona,0,0,D,4,23,2,2,4,5,24,8,2,0,0,0
13/12/14,Malaga,Celta,1,0,H,12,14,4,8,1,9,15,13,5,4,0,0
13/12/14,Valencia,Vallecano,3,0,H,14,19,6,4,6,2,16,14,3,3,1,0
14/12/14,Ath Madrid,Villarreal,0,1,A,11,7,2,4,7,2,15,16,4,3,0,0
14/12/14,Espanol,Granada,2,1,H,12,7,4,6,2,3,13,19,2,4,0,1
14/12/14,Sevilla,Eibar,0,0,D,16,6,2,2,11,2,11,17,3,6,0,0
14/12/14,Sociedad,Ath Bilbao,1,1,D,14,12,4,5,3,6,12,21,0,3,0,1
15/12/14,La Coruna,Elche,1,0,H,15,10,3,4,7,5,19,19,5,2,0,0
19/12/14,Celta,Almeria,0,1,A,19,4,4,2,17,2,10,19,6,4,0,0
20/12/14,Barcelona,Cordoba,5,0,H,16,7,9,2,8,0,14,5,1,0,0,0
20/12/14,Eibar,Valencia,0,1,A,8,10,2,3,2,5,16,8,7,3,0,0
20/12/14,Levante,Sociedad,1,1,D,11,3,2,2,3,4,16,20,3,5,0,0
20/12/14,Vallecano,Espanol,1,3,A,16,7,5,4,4,5,11,20,3,4,0,1
21/12/14,Ath Bilbao,Ath Madrid,1,4,A,4,5,2,4,3,1,12,14,3,4,0,0
21/12/14,Elche,Malaga,1,2,A,9,19,3,10,5,4,21,13,2,1,0,0
21/12/14,Granada,Getafe,1,1,D,13,12,3,4,3,5,19,8,4,2,0,0
21/12/14,Villarreal,La Coruna,3,0,H,15,10,9,2,5,2,16,15,1,3,1,0
03/01/15,Ath Madrid,Levante,3,1,H,13,10,5,4,7,6,6,10,2,3,0,0
03/01/15,Elche,Villarreal,2,2,D,18,18,8,5,6,9,15,13,4,2,0,0
03/01/15,La Coruna,Ath Bilbao,1,0,H,8,12,4,4,5,2,20,16,1,1,0,0
03/01/15,Malaga,Almeria,1,2,A,14,6,6,4,7,1,19,17,5,4,0,1
03/01/15,Sevilla,Celta,1,0,H,10,16,4,2,1,8,28,17,4,5,0,1
04/01/15,Espanol,Eibar,1,2,A,15,12,6,6,6,3,9,15,1,1,0,0
04/01/15,Getafe,Vallecano,1,2,A,12,16,4,7,6,4,23,12,3,2,0,0
04/01/15,Sociedad,Barcelona,1,0,H,6,17,1,4,6,8,21,14,5,4,0,0
04/01/15,Valencia,Real Madrid,2,1,H,11,19,3,8,3,11,24,17,6,3,0,0
05/01/15,Cordoba,Granada,2,0,H,5,12,3,1,0,4,22,17,2,0,0,0
09/01/15,Levante,La Coruna,0,0,D,9,13,0,6,4,3,22,17,4,3,0,0
10/01/15,Celta,Valencia,1,1,D,14,4,4,2,11,2,20,19,3,3,0,0
10/01/15,Eibar,Getafe,2,1,H,12,7,5,3,2,3,19,12,2,1,0,0
10/01/15,Malaga,Villarreal,1,1,D,13,9,6,4,5,3,6,15,4,4,0,0
10/01/15,Real Madrid,Espanol,3,0,H,18,11,5,4,7,2,11,14,1,4,1,0
11/01/15,Almeria,Sevilla,0,2,A,19,12,6,6,5,5,16,12,1,2,0,0
11/01/15,Ath Bilbao,Elche,1,2,A,13,8,3,5,10,2,7,15,2,6,0,0
11/01/15,Barcelona,Ath Madrid,3,1,H,17,5,7,3,1,3,16,18,3,6,0,0
11/01/15,Granada,Sociedad,1,1,D,20,10,3,5,11,4,9,15,2,2,0,0
12/01/15,Vallecano,Cordoba,0,1,A,21,9,4,3,6,2,10,9,3,2,0,0
16/01/15,Cordoba,Eibar,1,1,D,14,6,5,1,2,3,18,12,4,3,1,1
17/01/15,Espanol,Celta,1,0,H,15,3,3,2,9,1,9,23,3,3,0,0
17/01/15,Sociedad,Vallecano,0,1,A,10,12,2,4,8,4,12,20,0,4,0,0
17/01/15,Valencia,Almeria,3,2,H,15,8,8,2,8,4,14,18,2,2,0,0
17/01/15,Villarreal,Ath Bilbao,2,0,H,19,11,6,5,9,6,15,10,2,2,0,0
18/01/15,Ath Madrid,Granada,2,0,H,12,5,3,1,3,6,17,16,3,3,0,0
18/01/15,Elche,Levante,1,0,H,15,9,6,2,3,5,18,11,3,3,0,1
18/01/15,Getafe,Real Madrid,0,3,A,6,24,0,9,7,8,19,10,2,2,0,0
18/01/15,La Coruna,Barcelona,0,4,A,7,14,2,6,2,4,14,7,2,2,0,0
18/01/15,Sevilla,Malaga,2,0,H,4,4,3,1,2,0,9,6,3,1,0,0
24/01/15,Ath Madrid,Vallecano,3,1,H,12,10,5,3,8,5,15,12,1,1,0,0
24/01/15,Cordoba,Real Madrid,1,2,A,16,13,4,4,3,9,15,13,1,3,1,1
24/01/15,Elche,Barcelona,0,6,A,6,12,3,8,2,3,18,12,5,2,1,0
24/01/15,Sociedad,Eibar,1,0,H,19,9,4,4,9,5,6,17,2,2,0,0
24/01/15,Villarreal,Levante,1,0,H,15,11,4,1,6,3,12,8,0,3,0,0
25/01/15,Ath Bilbao,Malaga,1,1,D,11,8,5,3,8,2,16,17,0,1,0,0
25/01/15,Espanol,Almeria,3,0,H,18,9,9,1,9,7,16,12,2,1,0,0
25/01/15,La Coruna,Granada,2,2,D,13,5,7,2,7,2,18,15,3,3,1,0
25/01/15,Valencia,Sevilla,3,1,H,13,10,8,6,3,7,23,15,6,5,0,0
26/01/15,Getafe,Celta,2,1,H,13,7,6,2,6,2,9,17,2,5,0,0
30/01/15,Vallecano,La Coruna,1,2,A,11,13,4,6,10,7,14,18,4,5,0,0
31/01/15,Celta,Cordoba,1,0,H,19,8,9,3,8,2,10,10,2,6,0,0
31/01/15,Eibar,Ath Madrid,1,3,A,11,8,3,5,6,8,14,16,3,3,0,0
31/01/15,Granada,Elche,1,0,H,14,5,2,1,12,4,14,13,4,4,0,1
31/01/15,Real Madrid,Sociedad,4,1,H,26,8,11,2,10,3,8,11,3,1,0,0
01/02/15,Almeria,Getafe,1,0,H,12,12,7,7,6,3,18,10,3,3,1,1
01/02/15,Barcelona,Villarreal,3,2,H,19,9,7,3,8,2,10,20,1,2,0,0
01/02/15,Levante,Ath Bilbao,0,2,A,10,14,4,5,5,4,17,12,2,5,0,0
01/02/15,Sevilla,Espanol,3,2,H,22,5,7,2,7,2,20,11,8,3,0,1
02/02/15,Malaga,Valencia,1,0,H,13,10,6,3,5,3,19,18,5,3,0,1
04/02/15,Real Madrid,Sevilla,2,1,H,14,15,4,3,4,6,9,21,3,6,0,0
06/02/15,La Coruna,Eibar,2,0,H,15,4,5,2,5,3,12,21,2,3,0,0
07/02/15,Ath Madrid,Real Madrid,4,0,H,17,4,8,1,2,3,17,18,5,2,0,0
07/02/15,Levante,Malaga,4,1,H,11,4,6,3,2,5,20,13,2,1,0,0
07/02/15,Sociedad,Celta,1,1,D,7,12,3,3,2,6,17,22,5,4,0,0
07/02/15,Villarreal,Granada,2,0,H,9,11,6,3,5,8,12,18,2,1,0,0
08/02/15,Ath Bilbao,Barcelona,2,5,A,15,19,6,11,4,4,15,10,3,1,1,0
08/02/15,Cordoba,Almeria,1,2,A,14,8,7,2,6,6,15,17,2,5,0,0
08/02/15,Espanol,Valencia,1,2,A,9,13,3,5,7,2,22,16,5,4,0,0
08/02/15,Getafe,Sevilla,2,1,H,18,9,8,2,9,5,6,13,1,2,0,0
09/02/15,Elche,Vallecano,2,0,H,18,11,5,3,5,4,21,21,2,3,0,1
13/02/15,Almeria,Sociedad,2,2,D,9,7,4,3,6,6,21,15,5,4,0,0
14/02/15,Granada,Ath Bilbao,0,0,D,11,10,4,0,4,4,16,9,4,4,1,0
14/02/15,Malaga,Espanol,0,2,A,17,6,5,2,10,3,12,18,3,7,0,1
14/02/15,Real Madrid,La Coruna,2,0,H,17,15,6,4,6,6,12,17,2,4,0,0
14/02/15,Sevilla,Cordoba,3,0,H,18,10,6,3,8,1,15,16,0,1,1,1
15/02/15,Barcelona,Levante,5,0,H,18,5,10,1,3,4,6,13,1,2,0,0
15/02/15,Celta,Ath Madrid,2,0,H,14,10,3,5,9,2,4,12,0,3,0,0
15/02/15,Valencia,Getafe,1,0,H,13,10,3,1,7,2,16,10,3,4,0,0
15/02/15,Vallecano,Villarreal,2,0,H,13,9,7,2,5,5,12,14,2,2,0,0
16/02/15,Eibar,Elche,0,1,A,18,6,7,2,5,3,13,12,3,1,1,0
20/02/15,Getafe,Espanol,2,1,H,10,11,4,7,2,5,15,14,3,3,0,0
21/02/15,Ath Madrid,Almeria,3,0,H,9,9,6,1,8,4,13,13,1,1,1,0
21/02/15,Barcelona,Malaga,0,1,A,11,11,5,3,11,3,9,11,4,3,0,0
21/02/15,Cordoba,Valencia,1,2,A,11,17,4,7,6,2,17,15,1,2,0,0
21/02/15,La Coruna,Celta,0,2,A,14,8,4,5,4,3,17,13,2,4,1,0
22/02/15,Ath Bilbao,Vallecano,1,0,H,19,5,6,1,11,4,17,13,3,2,0,0
22/02/15,Elche,Real Madrid,0,2,A,4,17,1,5,1,6,17,6,4,1,0,0
22/02/15,Sociedad,Sevilla,4,3,H,17,17,8,5,5,10,16,12,5,3,0,0
22/02/15,Villarreal,Eibar,1,0,H,21,10,6,1,8,3,5,3,2,0,0,0
23/02/15,Levante,Granada,2,1,H,9,10,4,4,7,4,18,14,3,5,1,2
27/02/15,Espanol,Cordoba,1,0,H,12,16,4,4,2,6,22,14,5,4,0,0
28/02/15,Almeria,La Coruna,0,0,D,10,25,3,9,7,11,13,19,2,3,2,0
28/02/15,Granada,Barcelona,1,3,A,10,16,4,9,4,5,18,9,2,3,0,0
28/02/15,Malaga,Getafe,3,2,H,16,10,6,6,6,5,11,16,3,1,0,0
28/02/15,Vallecano,Levante,4,2,H,13,10,7,3,5,2,15,18,2,2,0,0
01/03/15,Eibar,Ath Bilbao,0,1,A,6,13,2,8,5,6,16,14,3,2,0,0
01/03/15,Real Madrid,Villarreal,1,1,D,25,9,7,4,10,4,7,20,2,5,0,0
01/03/15,Sevilla,Ath Madrid,0,0,D,13,9,4,2,7,1,13,14,4,7,0,0
01/03/15,Valencia,Sociedad,2,0,H,19,8,3,0,9,5,14,14,3,3,0,0
02/03/15,Celta,Elche,1,1,D,11,7,5,1,6,3,16,12,5,3,0,0
06/03/15,Levante,Eibar,2,1,H,12,14,4,3,6,7,11,17,4,5,0,1
07/03/15,Ath Bilbao,Real Madrid,1,0,H,6,13,2,2,1,9,17,11,3,4,0,0
07/03/15,Elche,Almeria,1,0,H,15,9,4,2,6,5,13,15,3,0,0,0
07/03/15,Granada,Malaga,1,0,H,14,5,4,1,8,1,11,20,4,5,0,0
07/03/15,La Coruna,Sevilla,3,4,A,15,11,5,6,5,1,12,14,1,4,0,0
08/03/15,Ath Madrid,Valencia,1,1,D,8,3,3,1,6,1,22,19,5,6,0,1
08/03/15,Barcelona,Vallecano,6,1,H,19,7,12,3,4,1,13,11,3,2,1,1
08/03/15,Sociedad,Espanol,1,0,H,10,9,4,4,6,5,13,14,2,3,0,0
08/03/15,Villarreal,Celta,4,1,H,12,13,8,4,3,2,9,14,0,2,0,0
09/03/15,Cordoba,Getafe,1,2,A,18,15,4,7,5,6,11,10,3,2,0,0
13/03/15,Valencia,La Coruna,2,0,H,16,5,8,2,5,5,12,17,1,2,0,0
14/03/15,Celta,Ath Bilbao,1,2,A,16,12,5,4,8,5,14,12,3,3,0,1
14/03/15,Eibar,Barcelona,0,2,A,13,12,2,4,6,3,14,3,1,0,0,0
14/03/15,Espanol,Ath Madrid,0,0,D,7,14,1,6,6,7,33,18,3,3,0,1
14/03/15,Vallecano,Granada,3,1,H,16,11,8,3,6,6,15,8,3,2,0,0
15/03/15,Almeria,Villarreal,0,0,D,10,18,2,7,4,3,16,15,4,4,1,1
15/03/15,Malaga,Cordoba,2,0,H,19,4,6,2,2,3,11,15,0,2,0,0
15/03/15,Real Madrid,Levante,2,0,H,22,8,6,0,10,4,9,14,2,0,0,0
15/03/15,Sevilla,Elche,3,0,H,12,14,4,3,5,9,13,11,2,3,0,0
16/03/15,Getafe,Sociedad,0,1,A,14,10,5,4,6,5,14,12,4,1,0,0
20/03/15,Elche,Valencia,0,4,A,7,10,1,5,4,4,12,10,1,0,0,0
21/03/15,Ath Bilbao,Almeria,2,1,H,19,7,6,1,9,6,8,20,2,4,0,1
21/03/15,Ath Madrid,Getafe,2,0,H,15,5,6,1,10,5,10,16,2,2,0,0
21/03/15,Granada,Eibar,0,0,D,17,4,4,1,7,5,14,17,4,1,0,0
21/03/15,Levante,Celta,0,1,A,9,17,3,5,5,5,17,9,4,3,0,0
21/03/15,Vallecano,Malaga,1,0,H,11,6,2,2,7,4,20,15,8,0,0,1
22/03/15,Barcelona,Real Madrid,2,1,H,17,13,5,4,7,10,9,14,5,6,0,0
22/03/15,La Coruna,Espanol,0,0,D,14,7,1,2,2,2,10,16,4,4,0,0
22/03/15,Sociedad,Cordoba,3,1,H,19,11,3,6,9,5,9,16,1,5,0,3
22/03/15,Villarreal,Sevilla,0,2,A,23,9,5,5,8,2,11,16,2,1,0,0
03/04/15,Eibar,Vallecano,1,2,A,12,13,4,8,4,4,15,15,3,3,1,0
04/04/15,Almeria,Levante,1,4,A,9,15,3,5,7,8,18,16,4,2,1,0
04/04/15,Cordoba,Ath Madrid,0,2,A,11,8,2,4,3,5,12,9,2,1,0,0
04/04/15,Malaga,Sociedad,1,1,D,13,9,6,3,12,3,17,10,4,5,0,0
04/04/15,Sevilla,Ath Bilbao,2,0,H,9,14,5,2,6,7,17,9,3,3,0,0
05/04/15,Celta,Barcelona,0,1,A,7,12,1,3,4,3,26,12,2,2,1,0
05/04/15,Getafe,La Coruna,2,1,H,11,9,4,2,5,1,19,14,1,3,0,0
05/04/15,Real Madrid,Granada,9,1,H,29,11,11,6,10,1,6,9,1,2,0,0
05/04/15,Valencia,Villarreal,0,0,D,13,5,3,2,2,6,14,18,2,5,0,0
06/04/15,Espanol,Elche,1,1,D,5,8,3,2,4,4,18,16,3,3,0,0
07/04/15,Ath Madrid,Sociedad,2,0,H,12,9,3,2,4,10,13,17,1,0,0,0
07/04/15,Eibar,Malaga,1,0,H,8,14,5,4,4,2,15,17,3,2,0,0
07/04/15,Levante,Sevilla,1,2,A,19,12,6,5,12,3,16,16,4,5,0,0
08/04/15,Barcelona,Almeria,4,0,H,19,6,12,3,14,5,9,14,1,1,0,0
08/04/15,Granada,Celta,1,1,D,8,12,3,4,1,5,13,14,4,5,1,0
08/04/15,La Coruna,Cordoba,1,1,D,8,16,2,7,6,5,12,16,3,2,1,0
08/04/15,Vallecano,Real Madrid,0,2,A,20,17,8,5,8,1,15,11,4,5,0,0
09/04/15,Ath Bilbao,Valencia,1,1,D,12,7,4,4,8,3,17,15,5,3,0,1
09/04/15,Elche,Getafe,0,1,A,16,9,2,4,10,4,13,19,2,3,0,0
09/04/15,Villarreal,Espanol,0,3,A,7,14,2,4,7,2,14,14,1,1,0,0
11/04/15,Almeria,Granada,3,0,H,17,15,9,3,5,6,16,14,4,3,0,0
11/04/15,Celta,Vallecano,6,1,H,17,12,10,4,3,4,16,3,1,1,0,0
11/04/15,Malaga,Ath Madrid,2,2,D,11,11,3,5,6,1,13,10,2,3,0,0
11/04/15,Real Madrid,Eibar,3,0,H,24,4,13,2,7,4,10,18,0,3,0,0
11/04/15,Sevilla,Barcelona,2,2,D,11,17,2,7,2,4,23,9,5,2,0,0
12/04/15,Cordoba,Elche,0,2,A,14,7,2,3,8,3,9,26,0,2,1,0
12/04/15,Espanol,Ath Bilbao,1,0,H,5,10,1,2,7,1,14,13,2,2,0,0
12/04/15,Getafe,Villarreal,1,1,D,12,9,2,4,11,5,9,16,2,6,0,0
12/04/15,Sociedad,La Coruna,2,2,D,9,16,4,5,5,7,12,19,4,4,0,0
13/04/15,Valencia,Levante,3,0,H,13,11,5,1,5,4,12,12,3,3,0,0
17/04/15,Levante,Espanol,2,2,D,13,12,3,6,8,4,14,18,1,3,0,0
18/04/15,Ath Bilbao,Getafe,4,0,H,27,1,8,1,6,1,12,12,2,4,0,1
18/04/15,Barcelona,Valencia,2,0,H,11,11,5,3,6,3,18,17,4,4,0,0
18/04/15,La Coruna,Ath Madrid,1,2,A,9,15,2,10,5,6,16,15,2,4,0,0
18/04/15,Real Madrid,Malaga,3,1,H,12,11,6,2,4,3,11,26,2,2,0,0
19/04/15,Eibar,Celta,0,1,A,11,17,3,5,1,9,10,20,2,2,0,0
19/04/15,Granada,Sevilla,1,1,D,6,16,2,3,5,9,15,14,2,2,0,0
19/04/15,Vallecano,Almeria,2,0,H,13,8,9,3,5,7,18,12,1,2,0,0
19/04/15,Villarreal,Cordoba,0,0,D,28,9,7,4,12,3,14,16,1,4,0,0
20/04/15,Elche,Sociedad,1,0,H,9,4,2,2,7,4,21,11,3,4,0,0
24/04/15,Cordoba,Ath Bilbao,0,1,A,22,15,2,4,9,5,13,19,2,3,0,0
25/04/15,Ath Madrid,Elche,3,0,H,18,14,9,3,9,8,11,18,3,2,0,0
25/04/15,Espanol,Barcelona,0,2,A,7,12,2,5,5,3,21,12,5,1,1,1
25/04/15,Getafe,Levante,0,1,A,10,9,2,3,5,5,9,14,4,3,0,0
25/04/15,Sociedad,Villarreal,0,0,D,13,19,2,4,7,9,15,13,1,4,0,0
26/04/15,Almeria,Eibar,2,0,H,9,8,3,5,5,7,11,13,4,3,0,0
26/04/15,Celta,Real Madrid,2,4,A,20,10,4,7,5,4,17,6,3,2,0,0
26/04/15,Malaga,La Coruna,1,1,D,14,12,5,3,9,5,17,15,5,1,0,0
26/04/15,Sevilla,Vallecano,2,0,H,12,22,7,3,5,8,15,13,0,2,0,0
27/04/15,Valencia,Granada,4,0,H,13,5,6,0,2,6,12,16,3,3,0,0
28/04/15,Ath Bilbao,Sociedad,1,1,D,11,13,3,8,7,3,16,13,2,2,0,1
28/04/15,Barcelona,Getafe,6,0,H,21,7,12,3,5,6,11,5,0,0,0,0
28/04/15,Levante,Cordoba,1,0,H,13,8,3,1,6,5,17,10,3,3,0,0
29/04/15,Celta,Malaga,1,0,H,14,7,2,2,3,5,6,13,2,3,0,0
29/04/15,Eibar,Sevilla,1,3,A,15,12,3,6,4,2,17,10,3,2,0,0
29/04/15,Elche,La Coruna,4,0,H,12,10,7,5,3,4,7,10,1,2,0,0
29/04/15,Real Madrid,Almeria,3,0,H,18,7,4,0,10,4,9,12,1,0,0,0
29/04/15,Villarreal,Ath Madrid,0,1,A,13,12,3,3,7,1,5,18,0,4,0,0
30/04/15,Granada,Espanol,1,2,A,16,7,4,3,8,1,19,12,2,3,0,0
30/04/15,Vallecano,Valencia,1,1,D,9,13,3,5,4,8,21,15,2,1,1,1
01/05/15,Sociedad,Levante,3,0,H,9,14,3,1,3,7,14,13,2,3,0,0
02/05/15,Ath Madrid,Ath Bilbao,0,0,D,10,7,3,0,9,2,8,20,2,2,0,1
02/05/15,Cordoba,Barcelona,0,8,A,5,27,1,11,5,8,11,3,2,0,0,0
02/05/15,La Coruna,Villarreal,1,1,D,9,7,3,2,4,2,14,12,1,5,0,0
02/05/15,Sevilla,Real Madrid,2,3,A,18,14,5,5,8,1,11,12,4,2,0,0
03/05/15,Espanol,Vallecano,1,1,D,12,7,5,4,5,1,18,18,3,1,1,0
03/05/15,Getafe,Granada,1,2,A,17,14,5,6,4,6,14,17,3,4,0,0
03/05/15,Malaga,Elche,1,2,A,21,7,9,3,5,2,15,18,3,1,0,1
03/05/15,Valencia,Eibar,3,1,H,13,7,6,1,7,5,8,17,2,1,0,0
04/05/15,Almeria,Celta,2,2,D,12,7,3,3,3,6,12,9,2,3,1,1
08/05/15,Eibar,Espanol,0,2,A,8,12,4,6,4,2,17,12,2,4,0,0
09/05/15,Ath Bilbao,La Coruna,1,1,D,11,8,5,2,3,3,14,10,4,4,0,0
09/05/15,Barcelona,Sociedad,2,0,H,15,5,8,1,10,3,9,13,1,5,0,0
09/05/15,Granada,Cordoba,2,0,H,21,4,8,1,8,1,16,12,2,2,0,2
09/05/15,Real Madrid,Valencia,2,2,D,29,13,10,4,12,9,14,19,4,4,0,0
10/05/15,Almeria,Malaga,1,2,A,10,14,4,5,7,6,15,18,3,4,0,0
10/05/15,Celta,Sevilla,1,1,D,13,8,2,4,4,2,17,15,3,5,0,0
10/05/15,Levante,Ath Madrid,2,2,D,8,15,5,7,2,6,8,16,2,2,0,0
10/05/15,Villarreal,Elche,1,0,H,12,13,5,2,8,5,15,7,1,2,0,0
11/05/15,Vallecano,Getafe,2,0,H,15,9,5,3,8,5,14,12,2,1,1,1
17/05/15,Ath Madrid,Barcelona,0,1,A,10,15,3,5,6,5,23,7,5,3,0,0
17/05/15,Cordoba,Vallecano,1,2,A,14,22,2,10,5,8,5,13,0,0,0,0
17/05/15,Elche,Ath Bilbao,2,3,A,10,17,3,5,1,9,13,12,2,2,0,0
17/05/15,Espanol,Real Madrid,1,4,A,15,18,3,7,2,5,17,12,2,4,0,0
17/05/15,Getafe,Eibar,1,1,D,13,5,3,1,6,4,11,12,0,2,0,0
17/05/15,La Coruna,Levante,2,0,H,10,5,3,1,8,3,12,13,3,2,0,0
17/05/15,Sevilla,Almeria,2,1,H,15,14,3,3,5,4,17,17,0,4,0,1
17/05/15,Sociedad,Granada,0,3,A,7,15,1,6,3,3,12,17,2,2,0,0
17/05/15,Valencia,Celta,1,1,D,21,11,7,3,7,7,9,18,1,5,0,0
17/05/15,Villarreal,Malaga,2,1,H,8,15,2,4,3,9,9,12,3,1,0,0
23/05/15,Almeria,Valencia,2,3,A,10,9,3,5,3,6,19,18,2,4,0,1
23/05/15,Ath Bilbao,Villarreal,4,0,H,17,13,8,2,4,5,13,7,0,1,0,0
23/05/15,Barcelona,La Coruna,2,2,D,18,10,7,2,4,4,6,9,1,3,0,0
23/05/15,Celta,Espanol,3,2,H,10,17,7,3,2,2,11,14,2,1,1,0
23/05/15,Eibar,Cordoba,3,0,H,12,15,6,5,4,5,13,7,1,0,0,0
23/05/15,Granada,Ath Madrid,0,0,D,2,3,0,1,4,0,9,11,0,0,0,0
23/05/15,Levante,Elche,0,0,D,8,15,0,6,4,4,14,15,3,3,0,0
23/05/15,Malaga,Sevilla,2,3,A,16,12,8,6,6,1,13,9,3,2,1,0
23/05/15,Real Madrid,Getafe,7,3,H,18,14,11,6,8,7,12,13,2,3,0,0
23/05/15,Vallecano,Sociedad,2,4,A,13,11,3,8,9,2,12,13,1,1,0,0
21/08/15,Malaga,Sevilla,0,0,D,25,10,5,2,7,2,19,11,3,3,0,1
22/08/15,Ath Madrid,Las Palmas,1,0,H,14,8,3,1,4,4,11,16,2,0,0,0
22/08/15,Espanol,Getafe,1,0,H,4,14,2,3,5,6,19,14,2,3,0,1
22/08/15,La Coruna,Sociedad,0,0,D,15,9,5,2,5,4,16,10,3,2,0,0
22/08/15,Vallecano,Valencia,0,0,D,8,10,3,4,3,3,19,11,3,1,0,0
23/08/15,Ath Bilbao,Barcelona,0,1,A,8,10,2,4,2,4,16,11,3,3,0,0
23/08/15,Betis,Villarreal,1,1,D,22,8,6,4,7,5,11,26,3,1,0,1
23/08/15,Levante,Celta,1,2,A,11,15,2,6,4,6,12,17,1,3,1,0
23/08/15,Sp Gijon,Real Madrid,0,0,D,6,27,0,8,2,5,20,4,4,0,0,0
24/08/15,Granada,Eibar,1,3,A,12,10,6,4,6,5,5,23,1,6,1,0
28/08/15,Villarreal,Espanol,3,1,H,14,4,4,2,2,3,10,20,1,6,0,0
29/08/15,Barcelona,Malaga,1,0,H,22,4,13,1,15,2,4,21,0,3,0,0
29/08/15,Celta,Vallecano,3,0,H,11,3,7,0,5,4,7,11,2,2,0,1
29/08/15,Real Madrid,Betis,5,0,H,21,7,11,1,11,4,12,14,3,3,0,0
29/08/15,Sociedad,Sp Gijon,0,0,D,12,7,1,2,6,4,10,15,4,5,0,0
30/08/15,Eibar,Ath Bilbao,2,0,H,9,9,8,1,11,4,14,13,2,2,0,0
30/08/15,Getafe,Granada,1,2,A,16,9,4,4,6,6,16,15,5,3,0,0
30/08/15,Las Palmas,Levante,0,0,D,16,3,2,2,3,0,14,21,2,4,0,0
30/08/15,Sevilla,Ath Madrid,0,3,A,25,17,7,7,11,1,17,13,3,4,0,0
30/08/15,Valencia,La Coruna,1,1,D,12,12,5,3,5,7,13,15,2,1,1,0
11/09/15,Levante,Sevilla,1,1,D,14,8,4,3,5,4,12,8,3,3,0,0
12/09/15,Ath Madrid,Barcelona,1,2,A,11,13,3,5,1,10,17,5,3,1,0,0
12/09/15,Betis,Sociedad,1,0,H,9,15,2,3,2,4,12,9,4,3,1,0
12/09/15,Espanol,Real Madrid,0,6,A,14,15,3,8,5,6,19,10,2,2,0,0
12/09/15,Sp Gijon,Valencia,0,1,A,16,17,8,3,5,6,16,11,3,3,0,0
13/09/15,Ath Bilbao,Getafe,3,1,H,14,11,6,3,12,5,12,15,1,4,0,0
13/09/15,Celta,Las Palmas,3,3,D,26,9,12,5,7,2,19,14,0,3,0,1
13/09/15,Granada,Villarreal,1,3,A,13,8,2,5,8,6,16,21,2,4,0,0
13/09/15,Malaga,Eibar,0,0,D,10,7,4,0,7,3,11,13,2,4,0,0
14/09/15,Vallecano,La Coruna,1,3,A,8,14,2,8,5,4,12,10,2,2,1,0
18/09/15,Getafe,Malaga,1,0,H,10,13,4,3,4,7,18,11,5,2,0,0
19/09/15,Eibar,Ath Madrid,0,2,A,9,14,3,6,1,4,13,7,2,1,0,0
19/09/15,Real Madrid,Granada,1,0,H,20,12,10,3,10,1,9,15,1,3,0,0
19/09/15,Sociedad,Espanol,2,3,A,10,18,3,6,7,6,15,16,2,3,1,0
19/09/15,Valencia,Betis,0,0,D,22,3,5,1,7,1,17,15,4,2,0,1
20/09/15,Barcelona,Levante,4,1,H,21,11,8,4,4,4,8,16,0,1,0,0
20/09/15,La Coruna,Sp Gijon,2,3,A,19,4,9,4,8,3,11,16,3,3,0,0
20/09/15,Las Palmas,Vallecano,0,1,A,8,17,2,6,3,5,13,19,3,5,0,0
20/09/15,Sevilla,Celta,1,2,A,13,15,5,5,5,5,16,16,3,5,0,1
20/09/15,Villarreal,Ath Bilbao,3,1,H,14,11,7,2,9,4,17,6,4,4,0,0
22/09/15,Ath Madrid,Getafe,2,0,H,12,6,3,2,6,1,14,10,3,2,0,0
22/09/15,Espanol,Valencia,1,0,H,17,10,5,4,7,6,22,14,5,7,0,0
22/09/15,Granada,Sociedad,0,3,A,11,8,1,5,4,3,20,18,5,4,0,0
23/09/15,Ath Bilbao,Real Madrid,1,2,A,11,22,5,6,6,8,17,10,4,3,0,0
23/09/15,Celta,Barcelona,4,1,H,18,18,5,7,5,10,19,4,2,2,0,0
23/09/15,Las Palmas,Sevilla,2,0,H,12,17,4,3,5,5,9,13,3,4,0,0
23/09/15,Levante,Eibar,2,2,D,12,10,2,4,4,7,13,23,2,5,0,0
23/09/15,Malaga,Villarreal,0,1,A,15,9,4,3,8,5,18,14,2,3,0,0
23/09/15,Vallecano,Sp Gijon,2,1,H,18,5,6,2,4,4,14,17,2,1,0,1
24/09/15,Betis,La Coruna,1,2,A,9,8,2,3,3,4,11,22,3,5,0,0
25/09/15,Valencia,Granada,1,0,H,12,18,5,3,11,3,19,20,3,3,0,0
26/09/15,Barcelona,Las Palmas,2,1,H,18,10,6,6,3,4,12,23,2,4,0,0
26/09/15,Eibar,Celta,1,1,D,10,9,3,2,4,4,25,16,5,4,0,0
26/09/15,Real Madrid,Malaga,0,0,D,31,12,9,3,12,6,11,10,4,4,0,1
26/09/15,Sevilla,Vallecano,3,2,H,17,18,8,5,6,5,9,18,1,2,0,1
26/09/15,Villarreal,Ath Madrid,1,0,H,5,9,2,4,1,5,11,15,2,2,0,0
27/09/15,Getafe,Levante,3,0,H,15,10,8,3,4,4,11,10,2,3,0,0
27/09/15,La Coruna,Espanol,3,0,H,14,7,5,3,7,5,11,11,4,3,0,1
27/09/15,Sociedad,Ath Bilbao,0,0,D,14,9,4,2,4,2,15,19,3,4,0,0
27/09/15,Sp Gijon,Betis,1,2,A,19,13,10,5,10,4,11,9,1,1,0,0
02/10/15,Celta,Getafe,0,0,D,18,8,7,2,9,1,11,18,1,5,0,0
03/10/15,Espanol,Sp Gijon,1,2,A,13,12,9,2,9,1,17,16,3,3,0,0
03/10/15,Granada,La Coruna,1,1,D,10,14,3,3,2,5,13,21,1,3,0,0
03/10/15,Las Palmas,Eibar,0,2,A,18,9,4,4,3,2,5,16,2,2,0,0
03/10/15,Malaga,Sociedad,3,1,H,11,13,7,5,2,4,15,16,3,2,1,0
03/10/15,Sevilla,Barcelona,2,1,H,12,28,5,9,7,9,16,16,5,3,0,0
04/10/15,Ath Bilbao,Valencia,3,1,H,16,9,7,4,11,4,12,9,0,4,0,0
04/10/15,Ath Madrid,Real Madrid,1,1,D,18,9,4,2,5,1,19,12,6,4,0,0
04/10/15,Levante,Villarreal,1,0,H,15,3,5,2,8,2,15,17,4,3,0,1
04/10/15,Vallecano,Betis,0,2,A,23,9,9,6,8,3,13,14,4,2,0,0
17/10/15,Barcelona,Vallecano,5,2,H,14,22,9,8,7,10,8,15,1,2,0,0
17/10/15,Betis,Espanol,1,3,A,21,13,6,4,4,3,18,21,2,4,0,0
17/10/15,Eibar,Sevilla,1,1,D,14,15,4,5,2,5,16,9,3,3,0,0
17/10/15,Real Madrid,Levante,3,0,H,20,15,6,5,4,4,8,10,1,4,0,0
17/10/15,Valencia,Malaga,3,0,H,6,10,3,3,6,8,18,21,3,3,0,0
18/10/15,Getafe,Las Palmas,4,0,H,14,16,7,3,5,1,18,15,2,1,0,1
18/10/15,La Coruna,Ath Bilbao,2,2,D,16,7,3,2,4,6,8,18,2,2,0,0
18/10/15,Sociedad,Ath Madrid,0,2,A,11,7,1,3,5,2,14,11,4,5,2,0
18/10/15,Villarreal,Celta,1,2,A,12,13,3,2,7,4,10,12,1,3,1,0
19/10/15,Sp Gijon,Granada,3,3,D,16,14,6,7,6,1,10,13,3,4,0,2
23/10/15,Vallecano,Espanol,3,0,H,13,9,7,3,6,5,15,11,2,1,1,1
24/10/15,Celta,Real Madrid,1,3,A,17,14,7,8,5,7,17,16,4,1,1,0
24/10/15,Granada,Betis,1,1,D,17,7,7,2,3,3,8,11,3,3,0,0
24/10/15,Malaga,La Coruna,2,0,H,9,10,4,1,3,5,11,10,0,1,0,0
24/10/15,Sevilla,Getafe,5,0,H,22,6,13,0,7,3,18,15,1,1,0,1
25/10/15,Ath Madrid,Valencia,2,1,H,16,6,8,1,9,2,26,10,4,4,0,0
25/10/15,Barcelona,Eibar,3,1,H,14,7,5,5,6,2,14,18,3,5,1,0
25/10/15,Las Palmas,Villarreal,0,0,D,6,5,2,0,6,6,12,14,1,2,0,0
25/10/15,Levante,Sociedad,0,4,A,13,13,3,6,10,3,24,15,4,3,1,0
26/10/15,Ath Bilbao,Sp Gijon,3,0,H,20,6,6,0,9,3,8,15,1,3,0,0
30/10/15,La Coruna,Ath Madrid,1,1,D,7,12,3,3,1,5,4,9,2,0,0,0
31/10/15,Getafe,Barcelona,0,2,A,6,14,0,6,3,5,10,3,3,0,0,0
31/10/15,Real Madrid,Las Palmas,3,1,H,17,8,11,5,6,3,12,9,0,3,0,0
31/10/15,Sociedad,Celta,2,3,A,20,16,5,8,8,7,9,12,2,5,0,0
31/10/15,Valencia,Levante,3,0,H,13,10,6,5,5,5,19,21,2,3,0,0
31/10/15,Villarreal,Sevilla,2,1,H,11,6,5,3,7,5,17,14,5,3,0,0
01/11/15,Betis,Ath Bilbao,1,3,A,11,23,3,9,7,9,9,13,2,4,0,0
01/11/15,Eibar,Vallecano,1,0,H,12,6,1,2,2,6,17,11,2,3,0,0
01/11/15,Espanol,Granada,1,1,D,10,9,4,5,5,6,16,19,1,6,1,0
01/11/15,Sp Gijon,Malaga,1,0,H,8,13,6,5,7,5,11,8,1,3,0,0
06/11/15,Las Palmas,Sociedad,2,0,H,8,11,4,6,0,8,17,14,1,4,0,0
07/11/15,Celta,Valencia,1,5,A,17,9,3,5,15,5,16,27,1,3,0,0
07/11/15,Eibar,Getafe,3,1,H,16,10,7,4,5,7,13,9,3,1,0,1
07/11/15,Levante,La Coruna,1,1,D,15,9,5,5,9,5,13,10,4,2,0,0
07/11/15,Malaga,Betis,0,1,A,12,7,5,2,6,3,16,12,2,5,0,0
07/11/15,Vallecano,Granada,2,1,H,7,8,2,2,4,1,15,14,2,3,1,0
08/11/15,Ath Bilbao,Espanol,2,1,H,8,5,2,1,4,5,17,25,2,6,0,0
08/11/15,Ath Madrid,Sp Gijon,1,0,H,15,9,3,2,5,1,14,15,4,3,0,0
08/11/15,Barcelona,Villarreal,3,0,H,20,5,9,2,7,2,12,19,5,3,0,0
08/11/15,Sevilla,Real Madrid,3,2,H,14,28,5,10,4,6,13,11,1,1,0,0
21/11/15,Espanol,Malaga,2,0,H,7,14,3,5,3,8,20,16,3,2,0,0
21/11/15,La Coruna,Celta,2,0,H,5,6,2,4,2,10,16,13,6,3,0,0
21/11/15,Real Madrid,Barcelona,0,4,A,13,18,7,7,10,4,13,10,3,2,1,0
21/11/15,Sociedad,Sevilla,2,0,H,14,12,7,5,7,5,6,14,2,1,0,0
21/11/15,Valencia,Las Palmas,1,1,D,9,18,3,7,1,8,22,12,3,3,0,0
22/11/15,Betis,Ath Madrid,0,1,A,6,11,3,4,2,6,12,8,1,4,0,0
22/11/15,Granada,Ath Bilbao,2,0,H,8,11,1,6,2,7,21,15,6,3,0,0
22/11/15,Sp Gijon,Levante,0,3,A,13,13,2,6,5,3,15,15,4,5,0,0
22/11/15,Villarreal,Eibar,1,1,D,12,17,5,7,12,6,8,13,3,2,0,1
23/11/15,Getafe,Vallecano,1,1,D,15,8,8,4,5,7,20,15,5,4,0,0
27/11/15,Levante,Betis,0,1,A,14,11,1,5,7,4,12,15,6,4,1,1
28/11/15,Ath Madrid,Espanol,1,0,H,21,5,6,0,6,2,16,26,0,4,0,0
28/11/15,Barcelona,Sociedad,4,0,H,11,10,6,2,6,4,11,14,0,5,0,0
28/11/15,Celta,Sp Gijon,2,1,H,6,9,4,2,3,5,14,9,3,0,0,0
28/11/15,Las Palmas,La Coruna,0,2,A,8,10,5,5,6,4,14,13,4,3,0,0
28/11/15,Malaga,Granada,2,2,D,12,11,7,4,7,4,15,20,2,6,1,0
29/11/15,Eibar,Real Madrid,0,2,A,8,17,3,6,6,5,20,7,3,4,0,0
29/11/15,Getafe,Villarreal,2,0,H,11,7,5,0,6,6,11,15,4,2,0,0
29/11/15,Sevilla,Valencia,1,0,H,15,0,5,0,17,0,26,20,3,2,0,2
29/11/15,Vallecano,Ath Bilbao,0,3,A,15,10,3,4,6,2,16,14,4,0,0,1
05/12/15,Betis,Celta,1,1,D,27,5,6,1,8,0,9,16,5,5,0,1
05/12/15,Granada,Ath Madrid,0,2,A,18,11,3,4,6,8,7,8,2,1,0,0
05/12/15,La Coruna,Sevilla,1,1,D,8,8,4,2,6,2,10,9,2,3,0,0
05/12/15,Real Madrid,Getafe,4,1,H,16,7,8,3,3,4,9,12,1,0,0,0
05/12/15,Valencia,Barcelona,1,1,D,10,16,3,5,0,6,13,15,3,1,0,0
06/12/15,Ath Bilbao,Malaga,0,0,D,11,7,2,2,6,1,7,21,2,3,1,0
06/12/15,Sociedad,Eibar,2,1,H,10,5,7,1,4,3,12,16,3,3,0,0
06/12/15,Sp Gijon,Las Palmas,3,1,H,21,12,9,7,8,4,9,10,2,1,0,1
06/12/15,Villarreal,Vallecano,2,1,H,14,8,5,4,5,4,16,14,1,4,0,0
07/12/15,Espanol,Levante,1,1,D,9,12,1,5,2,6,13,14,4,5,0,0
11/12/15,Getafe,Sociedad,1,1,D,9,10,5,6,5,5,15,12,3,3,0,0
12/12/15,Barcelona,La Coruna,2,2,D,17,13,7,4,6,2,4,11,0,2,0,0
12/12/15,Celta,Espanol,1,0,H,16,6,3,2,4,9,13,23,3,2,1,0
12/12/15,Las Palmas,Betis,1,0,H,16,8,4,2,2,2,10,9,3,0,0,0
12/12/15,Levante,Granada,1,2,A,7,8,5,3,2,1,25,27,2,2,0,0
12/12/15,Sevilla,Sp Gijon,2,0,H,18,4,7,1,3,1,13,10,3,2,0,1
13/12/15,Ath Madrid,Ath Bilbao,2,1,H,8,10,4,5,3,6,13,10,1,1,0,0
13/12/15,Eibar,Valencia,1,1,D,14,6,5,1,9,2,20,14,4,4,1,1
13/12/15,Vallecano,Malaga,1,2,A,13,15,3,5,6,7,13,17,1,2,0,0
13/12/15,Villarreal,Real Madrid,1,0,H,7,20,3,1,3,9,11,9,2,2,0,0
19/12/15,Betis,Sevilla,0,0,D,12,8,0,2,8,8,23,19,7,5,0,0
19/12/15,Espanol,Las Palmas,1,0,H,12,9,2,4,7,5,29,21,4,4,0,0
19/12/15,La Coruna,Eibar,2,0,H,13,13,3,1,9,8,10,11,0,2,1,0
19/12/15,Valencia,Getafe,2,2,D,12,9,7,3,5,1,13,20,2,6,0,0
20/12/15,Ath Bilbao,Levante,2,0,H,18,6,7,1,10,3,15,17,0,5,0,0
20/12/15,Granada,Celta,0,2,A,11,10,1,4,9,3,17,11,4,2,0,0
20/12/15,Malaga,Ath Madrid,1,0,H,17,6,4,3,4,1,9,13,3,4,0,1
20/12/15,Real Madrid,Vallecano,10,2,H,30,9,15,4,10,4,12,12,1,2,0,2
20/12/15,Sociedad,Villarreal,0,2,A,16,7,2,5,9,1,12,21,2,1,0,0
30/12/15,Barcelona,Betis,4,0,H,16,11,7,4,2,3,16,20,1,3,0,0
30/12/15,Celta,Ath Bilbao,0,1,A,7,13,3,5,3,3,11,11,3,4,0,0
30/12/15,Eibar,Sp Gijon,2,0,H,16,6,5,0,5,7,16,17,3,3,0,0
30/12/15,Getafe,La Coruna,0,0,D,15,10,5,3,9,2,9,8,3,1,0,0
30/12/15,Las Palmas,Granada,4,1,H,7,11,4,4,4,4,5,21,2,5,0,1
30/12/15,Levante,Malaga,0,1,A,7,9,1,5,6,5,20,12,7,5,0,0
30/12/15,Real Madrid,Sociedad,3,1,H,23,13,13,2,13,2,12,9,1,4,0,0
30/12/15,Sevilla,Espanol,2,0,H,15,12,10,1,6,6,15,16,3,3,0,0
30/12/15,Vallecano,Ath Madrid,0,2,A,10,17,3,6,3,8,12,15,3,3,0,0
31/12/15,Villarreal,Valencia,1,0,H,9,6,3,2,3,6,21,19,1,3,0,0
02/01/16,Ath Madrid,Levante,1,0,H,16,9,2,1,13,1,12,14,0,4,0,0
02/01/16,Espanol,Barcelona,0,0,D,4,10,1,2,6,10,22,10,5,3,0,0
02/01/16,Malaga,Celta,2,0,H,14,8,4,1,5,2,22,11,4,2,0,1
03/01/16,Ath Bilbao,Las Palmas,2,2,D,16,11,5,5,5,5,24,13,3,4,0,0
03/01/16,Betis,Eibar,0,4,A,9,6,5,5,6,2,16,14,4,3,0,0
03/01/16,Granada,Sevilla,2,1,H,9,14,4,7,2,9,17,13,2,2,0,1
03/01/16,La Coruna,Villarreal,1,2,A,11,6,4,4,9,3,13,11,3,3,0,0
03/01/16,Valencia,Real Madrid,2,2,D,11,17,4,4,4,7,18,17,1,1,0,1
03/01/16,Vallecano,Sociedad,2,2,D,12,15,5,7,7,7,15,11,3,3,0,0
04/01/16,Sp Gijon,Getafe,1,2,A,17,11,4,2,4,2,13,14,3,3,0,0
09/01/16,Barcelona,Granada,4,0,H,17,8,8,4,7,0,14,19,1,4,0,0
09/01/16,Getafe,Betis,1,0,H,8,11,3,2,8,4,19,11,1,3,0,0
09/01/16,Levante,Vallecano,2,1,H,10,10,4,4,5,5,16,15,5,1,0,0
09/01/16,Real Madrid,La Coruna,5,0,H,23,18,9,4,5,9,9,8,0,3,0,0
09/01/16,Sevilla,Ath Bilbao,2,0,H,4,11,4,3,6,8,14,13,2,3,0,0
10/01/16,Celta,Ath Madrid,0,2,A,6,10,1,3,4,4,14,14,2,1,0,0
10/01/16,Eibar,Espanol,2,1,H,20,7,6,4,8,2,13,15,3,2,0,0
10/01/16,Las Palmas,Malaga,1,1,D,5,11,3,3,2,5,21,11,5,4,0,0
10/01/16,Sociedad,Valencia,2,0,H,24,10,7,3,5,6,16,13,3,4,0,0
10/01/16,Villarreal,Sp Gijon,2,0,H,7,12,4,2,3,9,10,12,4,2,0,0
16/01/16,Celta,Levante,4,3,H,14,17,6,7,6,2,14,16,1,4,0,0
16/01/16,Sevilla,Malaga,2,1,H,8,14,4,3,6,4,21,21,2,2,1,1
16/01/16,Sociedad,La Coruna,1,1,D,16,7,6,4,9,4,9,11,1,3,0,0
16/01/16,Villarreal,Betis,0,0,D,9,15,2,2,7,11,12,11,2,1,0,0
17/01/16,Barcelona,Ath Bilbao,6,0,H,20,9,8,3,6,2,6,7,2,2,0,1
17/01/16,Getafe,Espanol,3,1,H,18,13,4,6,3,7,12,13,2,2,0,0
17/01/16,Las Palmas,Ath Madrid,0,3,A,11,11,3,5,3,4,7,21,0,2,0,0
17/01/16,Real Madrid,Sp Gijon,5,1,H,17,9,10,2,4,4,10,15,1,1,0,0
17/01/16,Valencia,Vallecano,2,2,D,13,18,5,8,7,9,17,20,1,3,0,0
18/01/16,Eibar,Granada,5,1,H,12,4,7,1,3,2,11,17,1,4,0,0
22/01/16,Sp Gijon,Sociedad,5,1,H,11,9,7,3,6,2,13,12,2,2,0,0
23/01/16,Espanol,Villarreal,2,2,D,11,14,5,5,3,9,12,15,3,1,1,0
23/01/16,Granada,Getafe,3,2,H,20,9,9,2,5,3,12,16,3,3,0,0
23/01/16,Malaga,Barcelona,1,2,A,15,12,9,6,4,3,16,9,3,3,0,0
23/01/16,Vallecano,Celta,3,0,H,26,3,10,1,7,1,20,13,3,5,0,0
24/01/16,Ath Bilbao,Eibar,5,2,H,10,9,5,2,7,2,13,14,2,2,0,0
24/01/16,Ath Madrid,Sevilla,0,0,D,21,7,3,1,8,5,13,13,4,3,0,1
24/01/16,Betis,Real Madrid,1,1,D,4,18,2,8,1,9,17,13,3,2,0,0
24/01/16,La Coruna,Valencia,1,1,D,10,10,2,3,8,6,13,9,3,3,0,0
25/01/16,Levante,Las Palmas,3,2,H,12,13,8,4,2,4,22,11,2,4,1,0
30/01/16,Barcelona,Ath Madrid,2,1,H,10,7,4,4,8,6,7,18,0,3,0,2
30/01/16,Eibar,Malaga,1,2,A,11,7,3,4,1,2,9,15,1,3,0,0
30/01/16,Getafe,Ath Bilbao,0,1,A,11,13,3,3,7,5,13,18,2,5,1,0
30/01/16,Sociedad,Betis,2,1,H,11,8,4,1,3,4,13,9,1,4,0,0
30/01/16,Villarreal,Granada,1,0,H,12,7,6,2,8,0,10,11,4,3,0,0
31/01/16,Las Palmas,Celta,2,1,H,13,5,5,2,7,3,13,18,6,2,0,1
31/01/16,Real Madrid,Espanol,6,0,H,18,15,7,5,3,1,20,20,1,5,0,0
31/01/16,Sevilla,Levante,3,1,H,14,22,8,4,5,9,8,8,1,1,0,0
31/01/16,Valencia,Sp Gijon,0,1,A,16,7,3,3,6,3,15,21,0,2,0,0
01/02/16,La Coruna,Vallecano,2,2,D,17,7,5,3,5,4,6,15,0,0,0,0
05/02/16,Malaga,Getafe,3,0,H,8,6,4,2,4,6,10,10,3,3,0,0
06/02/16,Ath Bilbao,Villarreal,0,0,D,10,2,1,2,5,3,19,20,4,4,1,1
06/02/16,Ath Madrid,Eibar,3,1,H,13,6,4,2,5,2,15,18,2,3,0,0
06/02/16,Sp Gijon,La Coruna,1,1,D,11,5,2,4,4,3,10,13,2,2,0,0
06/02/16,Vallecano,Las Palmas,2,0,H,18,9,8,4,5,5,16,15,3,1,0,0
07/02/16,Betis,Valencia,1,0,H,6,7,2,2,4,5,17,19,4,5,0,1
07/02/16,Celta,Sevilla,1,1,D,25,9,5,2,10,5,15,16,3,3,0,1
07/02/16,Granada,Real Madrid,1,2,A,14,14,2,4,3,6,20,8,3,2,0,0
07/02/16,Levante,Barcelona,0,2,A,11,11,3,4,2,5,15,10,4,3,0,0
08/02/16,Espanol,Sociedad,0,5,A,5,12,1,6,4,5,13,11,1,2,0,0
12/02/16,Sp Gijon,Vallecano,2,2,D,11,15,5,4,3,7,14,12,3,4,0,0
13/02/16,La Coruna,Betis,2,2,D,25,4,11,2,11,0,14,13,1,0,0,0
13/02/16,Real Madrid,Ath Bilbao,4,2,H,19,10,9,3,5,2,6,8,1,2,1,0
13/02/16,Valencia,Espanol,2,1,H,17,19,4,6,9,9,8,19,1,3,0,0
13/02/16,Villarreal,Malaga,1,0,H,12,7,5,2,5,1,13,15,2,1,0,0
14/02/16,Barcelona,Celta,6,1,H,19,10,11,4,1,1,10,16,0,4,0,0
14/02/16,Eibar,Levante,2,0,H,15,8,6,3,8,2,15,12,3,2,0,0
14/02/16,Getafe,Ath Madrid,0,1,A,11,6,0,3,5,4,9,9,2,3,0,0
14/02/16,Sevilla,Las Palmas,2,0,H,9,11,5,3,8,3,15,11,1,3,0,0
14/02/16,Sociedad,Granada,3,0,H,12,15,6,2,7,13,9,18,1,2,0,0
17/02/16,Sp Gijon,Barcelona,1,3,A,6,17,2,8,1,4,11,7,2,1,0,0
19/02/16,Levante,Getafe,3,0,H,12,14,6,6,6,8,12,13,2,2,0,0
20/02/16,Betis,Sp Gijon,1,1,D,17,4,6,3,10,4,15,25,2,3,0,0
20/02/16,Celta,Eibar,3,2,H,14,7,9,3,6,1,6,25,3,2,0,0
20/02/16,Espanol,La Coruna,1,0,H,16,17,9,3,7,4,19,4,3,1,0,0
20/02/16,Las Palmas,Barcelona,1,2,A,16,13,3,8,3,6,10,13,1,2,0,0
21/02/16,Ath Bilbao,Sociedad,0,1,A,9,9,2,4,9,3,21,16,7,6,0,0
21/02/16,Ath Madrid,Villarreal,0,0,D,12,5,3,0,10,2,11,13,2,2,0,0
21/02/16,Granada,Valencia,1,2,A,15,10,4,6,6,3,18,18,2,3,0,0
21/02/16,Malaga,Real Madrid,1,1,D,11,14,5,7,6,6,14,12,5,2,0,0
21/02/16,Vallecano,Sevilla,2,2,D,13,14,4,7,3,17,14,23,6,2,0,0
26/02/16,Eibar,Las Palmas,0,1,A,10,12,4,4,6,6,16,9,4,1,0,0
27/02/16,Betis,Vallecano,2,2,D,20,11,4,4,8,8,16,15,2,3,0,0
27/02/16,Getafe,Celta,0,1,A,14,9,2,3,4,5,11,14,3,4,0,0
27/02/16,Real Madrid,Ath Madrid,0,1,A,15,9,3,5,2,5,15,13,3,4,0,0
27/02/16,Sociedad,Malaga,1,1,D,11,8,3,3,8,3,17,14,4,5,0,0
27/02/16,Sp Gijon,Espanol,2,4,A,13,12,5,7,5,2,14,14,5,2,1,0
28/02/16,Barcelona,Sevilla,2,1,H,17,11,8,4,6,7,13,10,3,2,0,0
28/02/16,La Coruna,Granada,0,1,A,13,10,2,3,6,6,12,12,2,3,1,0
28/02/16,Valencia,Ath Bilbao,0,3,A,9,13,3,4,7,7,9,13,2,0,0,0
28/02/16,Villarreal,Levante,3,0,H,9,7,3,1,3,4,15,12,0,2,0,1
01/03/16,Ath Madrid,Sociedad,3,0,H,12,7,5,1,8,1,19,10,1,2,0,0
01/03/16,Las Palmas,Getafe,4,0,H,11,10,5,2,2,6,20,12,5,2,0,1
02/03/16,Ath Bilbao,La Coruna,4,1,H,12,7,6,4,1,2,5,14,1,3,0,0
02/03/16,Celta,Villarreal,0,0,D,11,6,4,3,2,1,9,2,2,5,0,0
02/03/16,Levante,Real Madrid,1,3,A,11,21,4,8,3,10,12,11,2,1,0,0
02/03/16,Malaga,Valencia,1,2,A,10,11,1,2,4,5,19,16,6,5,0,0
02/03/16,Sevilla,Eibar,1,0,H,14,11,4,6,12,6,12,13,1,2,0,1
03/03/16,Espanol,Betis,0,3,A,16,9,3,6,5,0,20,13,4,2,0,0
03/03/16,Granada,Sp Gijon,2,0,H,13,4,8,0,4,1,24,13,7,3,0,1
03/03/16,Vallecano,Barcelona,1,5,A,8,20,4,8,3,5,17,9,0,2,2,0
05/03/16,Getafe,Sevilla,1,1,D,13,7,3,4,10,9,12,14,5,2,0,0
05/03/16,La Coruna,Malaga,3,3,D,14,5,7,2,10,4,11,13,4,2,0,1
05/03/16,Real Madrid,Celta,7,1,H,20,8,12,3,10,5,13,12,2,3,0,0
05/03/16,Villarreal,Las Palmas,0,1,A,13,10,2,3,6,2,9,8,1,2,0,0
06/03/16,Betis,Granada,2,0,H,10,10,4,4,6,4,9,19,3,7,1,1
06/03/16,Eibar,Barcelona,0,4,A,7,9,0,7,6,2,18,10,3,2,0,0
06/03/16,Sociedad,Levante,1,1,D,15,10,3,3,10,3,12,16,3,3,0,0
06/03/16,Sp Gijon,Ath Bilbao,0,2,A,5,10,1,6,3,0,17,14,1,1,0,1
06/03/16,Valencia,Ath Madrid,1,3,A,10,21,3,5,6,7,13,11,1,1,1,0
07/03/16,Espanol,Vallecano,2,1,H,9,7,8,1,8,3,16,15,3,4,1,0
11/03/16,Malaga,Sp Gijon,1,0,H,13,9,3,4,3,4,8,13,2,4,0,0
12/03/16,Ath Madrid,La Coruna,3,0,H,15,6,7,2,10,1,12,8,1,1,0,0
12/03/16,Barcelona,Getafe,6,0,H,16,6,9,1,5,3,7,13,0,3,0,0
12/03/16,Celta,Sociedad,1,0,H,7,15,1,6,5,3,21,9,3,2,0,0
12/03/16,Vallecano,Eibar,1,1,D,12,7,3,1,8,0,17,18,5,1,0,1
13/03/16,Ath Bilbao,Betis,3,1,H,18,3,9,1,5,6,12,9,1,0,0,0
13/03/16,Las Palmas,Real Madrid,1,2,A,15,12,6,4,6,5,10,13,4,3,0,1
13/03/16,Levante,Valencia,1,0,H,13,6,6,1,8,0,16,16,2,4,0,0
13/03/16,Sevilla,Villarreal,4,2,H,14,13,4,6,5,8,10,12,1,1,1,0
14/03/16,Granada,Espanol,1,1,D,8,10,1,2,2,8,12,20,5,3,1,0
18/03/16,Getafe,Eibar,1,1,D,8,20,4,6,3,3,12,12,1,2,0,0
19/03/16,Betis,Malaga,0,1,A,16,13,5,5,5,7,15,9,3,2,0,0
19/03/16,Granada,Vallecano,2,2,D,11,22,2,6,6,12,8,9,1,5,1,0
19/03/16,La Coruna,Levante,2,1,H,15,7,6,1,2,1,8,12,2,3,0,0
19/03/16,Sociedad,Las Palmas,0,1,A,13,12,3,7,11,5,16,17,4,5,0,0
19/03/16,Sp Gijon,Ath Madrid,2,1,H,12,4,3,1,7,2,14,11,5,2,0,0
20/03/16,Espanol,Ath Bilbao,2,1,H,16,14,7,4,6,2,7,13,3,3,0,0
20/03/16,Real Madrid,Sevilla,4,0,H,26,8,12,4,8,8,10,9,2,2,0,0
20/03/16,Valencia,Celta,0,2,A,14,13,4,6,4,5,14,14,1,0,0,0
20/03/16,Villarreal,Barcelona,2,2,D,15,15,6,6,4,4,17,9,8,4,0,0
01/04/16,Vallecano,Getafe,2,0,H,16,14,7,3,9,6,10,10,4,5,1,0
02/04/16,Ath Madrid,Betis,5,1,H,19,8,12,5,5,5,14,12,1,3,0,0
02/04/16,Barcelona,Real Madrid,1,2,A,14,14,3,6,4,3,17,15,3,2,0,1
02/04/16,Celta,La Coruna,1,1,D,9,7,2,3,11,0,15,8,4,2,0,1
02/04/16,Las Palmas,Valencia,2,1,H,13,7,6,4,8,2,8,17,2,4,0,0
03/04/16,Ath Bilbao,Granada,1,1,D,8,9,1,2,13,1,16,14,2,5,0,0
03/04/16,Eibar,Villarreal,1,2,A,10,8,3,4,4,3,15,12,3,3,0,0
03/04/16,Malaga,Espanol,1,1,D,11,5,5,1,5,1,14,15,2,4,0,0
03/04/16,Sevilla,Sociedad,1,2,A,15,9,6,2,8,3,22,12,4,3,0,1
04/04/16,Levante,Sp Gijon,0,0,D,16,11,4,1,4,6,17,12,4,4,1,0
08/04/16,Granada,Malaga,0,0,D,9,9,1,2,5,5,14,10,1,3,0,0
09/04/16,Betis,Levante,1,0,H,7,12,2,3,4,3,13,18,4,3,0,0
09/04/16,Espanol,Ath Madrid,1,3,A,10,14,3,5,3,5,13,14,2,2,0,0
09/04/16,Real Madrid,Eibar,4,0,H,13,9,6,2,6,7,9,13,1,3,0,0
09/04/16,Sociedad,Barcelona,1,0,H,5,13,1,6,5,9,14,13,1,3,0,0
10/04/16,Ath Bilbao,Vallecano,1,0,H,14,12,7,4,0,5,8,14,1,3,0,0
10/04/16,Sp Gijon,Celta,0,1,A,9,17,2,5,7,7,8,11,2,5,0,0
10/04/16,Valencia,Sevilla,2,1,H,23,7,9,4,10,3,15,18,2,2,0,0
10/04/16,Villarreal,Getafe,2,0,H,13,16,3,3,8,5,9,12,2,2,0,0
11/04/16,La Coruna,Las Palmas,1,3,A,19,13,5,6,7,4,8,9,1,1,0,0
15/04/16,Levante,Espanol,2,1,H,12,10,4,2,4,6,10,12,5,0,0,0
16/04/16,Celta,Betis,1,1,D,18,9,5,4,12,4,14,18,4,3,0,0
16/04/16,Eibar,Sociedad,2,1,H,9,7,4,4,2,0,16,11,3,3,0,0
16/04/16,Getafe,Real Madrid,1,5,A,12,21,5,11,5,6,10,10,4,1,0,0
16/04/16,Las Palmas,Sp Gijon,1,1,D,10,12,4,2,3,10,11,21,2,5,0,0
17/04/16,Ath Madrid,Granada,3,0,H,8,11,3,0,4,2,16,14,3,5,0,0
17/04/16,Barcelona,Valencia,1,2,A,22,7,7,2,7,2,12,15,3,3,0,0
17/04/16,Malaga,Ath Bilbao,0,1,A,17,6,7,3,8,2,13,14,3,5,0,0
17/04/16,Sevilla,La Coruna,1,1,D,12,5,3,4,10,0,15,8,2,2,0,0
17/04/16,Vallecano,Villarreal,2,1,H,14,6,6,2,4,3,14,15,2,3,0,0
19/04/16,Betis,Las Palmas,1,0,H,20,3,6,0,6,3,14,12,2,1,0,1
19/04/16,Espanol,Celta,1,1,D,8,3,3,1,2,2,15,13,1,1,0,0
20/04/16,Ath Bilbao,Ath Madrid,0,1,A,12,8,6,2,6,4,9,6,0,0,0,0
20/04/16,La Coruna,Barcelona,0,8,A,16,19,5,10,6,2,11,8,1,0,0,0
20/04/16,Malaga,Vallecano,1,1,D,12,11,4,4,7,7,19,13,1,3,0,0
20/04/16,Real Madrid,Villarreal,3,0,H,20,5,6,2,11,1,9,8,2,1,0,0
20/04/16,Sp Gijon,Sevilla,2,1,H,14,18,2,8,5,7,7,15,2,1,0,0
20/04/16,Valencia,Eibar,4,0,H,9,9,6,2,6,3,10,6,1,2,0,0
21/04/16,Granada,Levante,5,1,H,13,15,6,5,3,4,16,11,6,5,0,1
21/04/16,Sociedad,Getafe,1,2,A,14,7,5,3,8,2,10,17,2,4,0,0
22/04/16,Las Palmas,Espanol,4,0,H,14,11,9,5,5,5,14,9,4,4,0,0
23/04/16,Ath Madrid,Malaga,1,0,H,14,7,4,4,10,4,6,14,3,3,0,0
23/04/16,Barcelona,Sp Gijon,6,0,H,24,5,10,3,6,1,11,11,0,2,0,1
23/04/16,Eibar,La Coruna,1,1,D,9,9,2,1,11,7,14,8,0,1,0,0
23/04/16,Vallecano,Real Madrid,2,3,A,11,16,6,6,4,6,15,9,6,1,0,0
24/04/16,Getafe,Valencia,2,2,D,18,5,11,4,8,2,14,12,4,1,0,0
24/04/16,Levante,Ath Bilbao,2,2,D,10,19,5,8,4,9,13,8,2,1,0,0
24/04/16,Sevilla,Betis,2,0,H,13,8,3,2,8,5,25,13,5,4,0,0
24/04/16,Villarreal,Sociedad,0,0,D,8,7,3,2,3,5,17,12,4,1,0,0
25/04/16,Celta,Granada,2,1,H,15,11,4,3,4,4,13,15,2,2,0,0
29/04/16,Sp Gijon,Eibar,2,0,H,3,12,3,6,1,5,16,17,2,2,0,0
30/04/16,Ath Madrid,Vallecano,1,0,H,12,13,6,3,5,7,14,12,1,1,0,0
30/04/16,Betis,Barcelona,0,2,A,2,11,1,4,2,4,9,11,3,3,1,0
30/04/16,Granada,Las Palmas,3,2,H,14,12,5,6,4,3,11,9,3,2,0,0
30/04/16,Sociedad,Real Madrid,0,1,A,11,18,4,6,6,6,15,17,4,4,0,0
01/05/16,Ath Bilbao,Celta,2,1,H,10,5,2,2,7,2,12,19,1,5,0,1
01/05/16,Espanol,Sevilla,1,0,H,11,7,7,0,4,2,20,15,3,3,0,0
01/05/16,La Coruna,Getafe,0,2,A,15,11,5,5,8,5,7,19,1,6,1,0
01/05/16,Valencia,Villarreal,0,2,A,7,8,1,3,9,3,15,11,0,2,0,0
02/05/16,Malaga,Levante,3,1,H,21,11,11,5,13,7,18,10,2,4,0,0
08/05/16,Barcelona,Espanol,5,0,H,13,4,7,1,8,0,13,25,2,7,0,0
08/05/16,Celta,Malaga,1,0,H,12,13,3,5,4,3,11,10,0,2,0,0
08/05/16,Eibar,Betis,1,1,D,21,6,10,3,8,2,15,9,1,3,0,0
08/05/16,Getafe,Sp Gijon,1,1,D,19,9,9,3,7,3,15,13,3,1,0,1
08/05/16,Las Palmas,Ath Bilbao,0,0,D,4,8,2,3,2,2,9,18,1,1,0,0
08/05/16,Levante,Ath Madrid,2,1,H,12,17,5,5,4,5,8,11,1,1,0,0
08/05/16,Real Madrid,Valencia,3,2,H,15,17,8,8,5,8,10,11,1,4,0,1
08/05/16,Sevilla,Granada,1,4,A,12,10,6,6,5,4,18,11,4,1,0,0
08/05/16,Sociedad,Vallecano,2,1,H,12,18,6,5,5,11,7,12,2,1,1,0
08/05/16,Villarreal,La Coruna,0,2,A,11,8,4,4,8,5,14,4,3,1,0,0
13/05/16,Valencia,Sociedad,0,1,A,8,14,0,7,4,6,17,12,2,2,0,0
14/05/16,Ath Bilbao,Sevilla,3,1,H,13,8,6,4,7,6,13,11,1,2,1,2
14/05/16,Ath Madrid,Celta,2,0,H,12,7,5,4,4,4,16,16,4,5,0,0
14/05/16,Granada,Barcelona,0,3,A,8,12,2,10,5,6,12,10,5,2,0,0
14/05/16,La Coruna,Real Madrid,0,2,A,10,16,2,5,4,8,6,9,1,3,0,0
15/05/16,Betis,Getafe,2,1,H,7,14,4,5,3,2,8,27,1,8,0,1
15/05/16,Espanol,Eibar,4,2,H,11,13,7,8,3,4,10,14,4,3,0,0
15/05/16,Malaga,Las Palmas,4,1,H,14,12,8,7,3,6,16,10,1,1,0,0
15/05/16,Sp Gijon,Villarreal,2,0,H,16,10,7,5,4,1,9,6,1,2,0,0
15/05/16,Vallecano,Levante,3,1,H,21,8,9,2,9,3,12,8,1,3,0,0
19/08/16,La Coruna,Eibar,2,1,H,11,12,6,6,1,8,14,17,3,3,0,0
19/08/16,Malaga,Osasuna,1,1,D,14,8,4,3,5,3,11,22,2,3,0,0
20/08/16,Barcelona,Betis,6,2,H,30,6,12,2,10,2,17,13,1,3,0,0
20/08/16,Granada,Villarreal,1,1,D,7,12,1,3,7,3,17,11,2,3,0,0
20/08/16,Sevilla,Espanol,6,4,H,16,10,11,7,8,2,8,15,2,2,0,0
21/08/16,Ath Madrid,Alaves,1,1,D,27,2,6,1,20,2,7,15,0,4,0,0
21/08/16,Sociedad,Real Madrid,0,3,A,8,18,0,8,4,7,22,11,2,3,0,0
21/08/16,Sp Gijon,Ath Bilbao,2,1,H,12,13,4,4,2,5,18,15,3,3,0,0
22/08/16,Celta,Leganes,0,1,A,10,15,2,6,8,4,5,13,4,1,0,1
22/08/16,Valencia,Las Palmas,2,4,A,17,6,8,4,12,1,15,18,2,2,0,0
26/08/16,Betis,La Coruna,0,0,D,15,12,5,1,13,2,20,15,0,2,0,0
26/08/16,Espanol,Malaga,2,2,D,7,9,2,3,3,4,20,17,2,4,0,0
27/08/16,Eibar,Valencia,1,0,H,13,13,6,3,6,10,13,11,2,2,0,0
27/08/16,Leganes,Ath Madrid,0,0,D,6,10,1,3,1,8,19,5,3,1,0,0
27/08/16,Osasuna,Sociedad,0,2,A,8,5,3,4,10,1,14,14,2,1,0,0
27/08/16,Real Madrid,Celta,2,1,H,24,8,10,3,7,2,8,11,0,2,0,0
28/08/16,Alaves,Sp Gijon,0,0,D,13,7,2,1,4,6,10,12,1,1,0,0
28/08/16,Ath Bilbao,Barcelona,0,1,A,9,12,4,3,4,4,20,13,5,4,0,0
28/08/16,Las Palmas,Granada,5,1,H,15,13,10,2,6,4,8,16,5,1,0,0
28/08/16,Villarreal,Sevilla,0,0,D,12,6,5,0,5,1,16,12,1,3,0,0
09/09/16,Sociedad,Espanol,1,1,D,9,4,3,1,11,1,10,10,2,2,0,1
10/09/16,Barcelona,Alaves,1,2,A,16,5,2,4,13,0,12,12,1,1,0,0
10/09/16,Celta,Ath Madrid,0,4,A,9,13,1,6,6,4,13,12,1,2,0,0
10/09/16,Malaga,Villarreal,0,2,A,15,12,2,6,9,7,8,14,2,1,0,0
10/09/16,Real Madrid,Osasuna,5,2,H,25,10,11,3,6,7,14,14,2,2,0,1
10/09/16,Sevilla,Las Palmas,2,1,H,16,7,7,4,10,1,15,13,2,4,0,1
11/09/16,Granada,Eibar,1,2,A,15,10,5,8,6,7,7,8,2,0,0,1
11/09/16,La Coruna,Ath Bilbao,0,1,A,16,7,3,2,7,6,15,15,2,3,0,0
11/09/16,Sp Gijon,Leganes,2,1,H,7,9,4,2,3,5,12,16,0,2,0,0
11/09/16,Valencia,Betis,2,3,A,23,12,9,5,5,5,15,21,2,4,1,0
16/09/16,Betis,Granada,2,2,D,23,15,7,8,7,3,13,17,4,3,1,1
17/09/16,Ath Madrid,Sp Gijon,5,0,H,18,10,7,1,1,4,14,9,0,2,0,0
17/09/16,Eibar,Sevilla,1,1,D,10,8,2,4,4,2,19,10,1,1,2,0
17/09/16,Las Palmas,Malaga,1,0,H,6,10,2,2,2,2,11,18,3,1,0,0
17/09/16,Leganes,Barcelona,1,5,A,15,10,6,7,2,5,28,7,4,2,0,0
18/09/16,Ath Bilbao,Valencia,2,1,H,13,10,4,2,7,1,19,20,4,4,0,0
18/09/16,Espanol,Real Madrid,0,2,A,11,13,2,7,4,5,19,8,4,2,0,0
18/09/16,Osasuna,Celta,0,0,D,9,13,2,5,3,5,18,13,4,1,0,0
18/09/16,Villarreal,Sociedad,2,1,H,9,15,4,2,3,6,13,16,2,3,0,1
19/09/16,Alaves,La Coruna,0,0,D,9,16,1,1,4,5,16,8,3,4,0,0
20/09/16,Malaga,Eibar,2,1,H,14,12,6,3,7,5,7,13,2,4,0,0
20/09/16,Sevilla,Betis,1,0,H,12,8,3,3,6,2,24,17,5,4,0,0
21/09/16,Barcelona,Ath Madrid,1,1,D,19,9,7,4,8,2,14,17,2,4,0,0
21/09/16,Celta,Sp Gijon,2,1,H,16,4,5,1,8,0,16,8,2,3,0,0
21/09/16,Granada,Ath Bilbao,1,2,A,13,13,2,8,6,3,8,9,1,0,0,0
21/09/16,Real Madrid,Villarreal,1,1,D,22,8,6,3,17,3,9,9,4,1,0,0
21/09/16,Sociedad,Las Palmas,4,1,H,17,8,7,3,7,4,3,7,1,2,0,1
22/09/16,La Coruna,Leganes,1,2,A,12,8,5,2,7,1,20,18,0,3,0,0
22/09/16,Osasuna,Espanol,1,2,A,17,10,11,2,7,1,16,14,2,1,0,0
22/09/16,Valencia,Alaves,2,1,H,12,8,2,1,7,4,14,13,2,3,0,0
23/09/16,Betis,Malaga,1,0,H,11,16,4,6,6,5,20,15,4,6,0,0
24/09/16,Ath Bilbao,Sevilla,3,1,H,14,5,7,2,4,5,9,9,2,2,0,1
24/09/16,Eibar,Sociedad,2,0,H,17,3,3,0,5,3,15,13,4,2,0,1
24/09/16,Las Palmas,Real Madrid,2,2,D,8,27,6,11,0,5,7,19,3,2,0,0
24/09/16,Sp Gijon,Barcelona,0,5,A,10,13,3,7,4,3,15,10,1,0,1,0
25/09/16,Ath Madrid,La Coruna,1,0,H,21,8,5,1,10,0,13,19,1,2,0,1
25/09/16,Espanol,Celta,0,2,A,10,12,2,4,4,7,15,13,2,3,0,0
25/09/16,Leganes,Valencia,1,2,A,7,10,3,4,1,5,19,17,4,4,0,0
25/09/16,Villarreal,Osasuna,3,1,H,12,11,5,3,5,5,7,16,0,2,0,0
26/09/16,Alaves,Granada,3,1,H,16,13,6,3,5,6,15,19,3,3,0,0
30/09/16,Sociedad,Betis,1,0,H,16,5,8,2,4,2,17,22,2,3,0,0
01/10/16,Granada,Leganes,0,1,A,8,9,1,3,6,4,13,20,1,0,0,0
01/10/16,La Coruna,Sp Gijon,2,1,H,21,7,6,2,11,4,17,26,0,4,0,0
01/10/16,Osasuna,Las Palmas,2,2,D,5,17,3,5,1,12,17,7,3,4,0,0
01/10/16,Sevilla,Alaves,2,1,H,20,6,12,1,9,2,10,13,2,6,0,0
02/10/16,Celta,Barcelona,4,3,H,14,13,9,4,3,6,16,11,1,3,0,0
02/10/16,Espanol,Villarreal,0,0,D,9,5,1,1,3,1,14,10,2,2,0,0
02/10/16,Malaga,Ath Bilbao,2,1,H,15,7,3,1,7,2,19,11,7,3,1,1
02/10/16,Real Madrid,Eibar,1,1,D,15,7,3,4,7,5,8,15,4,5,0,0
02/10/16,Valencia,Ath Madrid,0,2,A,14,17,5,10,6,5,10,15,1,3,0,0
14/10/16,Las Palmas,Espanol,0,0,D,13,5,8,2,8,4,13,21,2,3,0,0
15/10/16,Ath Madrid,Granada,7,1,H,17,9,11,2,11,3,14,8,1,1,0,0
15/10/16,Barcelona,La Coruna,4,0,H,25,7,8,0,8,2,5,15,1,2,0,1
15/10/16,Betis,Real Madrid,1,6,A,13,22,2,9,2,5,14,8,4,1,0,0
15/10/16,Leganes,Sevilla,2,3,A,19,5,6,4,5,2,17,20,2,5,0,0
16/10/16,Alaves,Malaga,1,1,D,8,12,4,5,6,7,14,14,3,3,1,1
16/10/16,Ath Bilbao,Sociedad,3,2,H,15,6,11,3,7,4,17,19,3,3,0,0
16/10/16,Sp Gijon,Valencia,1,2,A,10,7,2,3,4,4,21,11,5,1,0,0
16/10/16,Villarreal,Celta,5,0,H,11,4,5,1,3,5,19,12,1,4,0,1
17/10/16,Eibar,Osasuna,2,3,A,13,8,5,4,5,0,15,12,1,2,0,0
21/10/16,Osasuna,Betis,1,2,A,13,12,5,6,6,4,20,12,3,2,1,0
22/10/16,Espanol,Eibar,3,3,D,11,8,5,3,7,6,11,12,1,6,1,0
22/10/16,Granada,Sp Gijon,0,0,D,12,3,1,3,3,3,10,12,4,1,0,0
22/10/16,Sociedad,Alaves,3,0,H,16,10,5,3,4,2,17,20,3,5,0,0
22/10/16,Valencia,Barcelona,2,3,A,7,15,4,8,3,1,15,13,5,4,0,0
23/10/16,Celta,La Coruna,4,1,H,9,11,7,1,5,4,17,15,3,5,0,0
23/10/16,Malaga,Leganes,4,0,H,24,14,8,5,5,8,12,15,1,3,0,0
23/10/16,Real Madrid,Ath Bilbao,2,1,H,24,10,8,3,6,4,10,17,2,3,0,0
23/10/16,Sevilla,Ath Madrid,1,0,H,12,9,5,3,4,5,15,11,4,2,0,1
23/10/16,Villarreal,Las Palmas,2,1,H,14,8,4,4,2,1,16,12,2,3,0,0
28/10/16,Leganes,Sociedad,0,2,A,7,9,4,5,1,4,19,15,5,2,0,0
29/10/16,Alaves,Real Madrid,1,4,A,8,15,3,5,4,3,15,6,5,1,0,0
29/10/16,Ath Madrid,Malaga,4,2,H,16,6,7,3,6,2,10,10,2,4,1,1
29/10/16,Barcelona,Granada,1,0,H,15,1,5,0,8,1,7,17,1,4,0,0
29/10/16,Sp Gijon,Sevilla,1,1,D,9,20,5,6,3,4,17,9,6,2,0,0
30/10/16,Ath Bilbao,Osasuna,1,1,D,18,7,4,3,9,2,10,11,2,1,0,0
30/10/16,Betis,Espanol,0,1,A,13,10,5,5,8,3,15,15,3,3,0,0
30/10/16,Eibar,Villarreal,2,1,H,13,6,9,1,3,7,16,16,2,3,0,0
30/10/16,Las Palmas,Celta,3,3,D,17,9,8,6,8,1,13,22,2,6,0,1
31/10/16,La Coruna,Valencia,1,1,D,16,10,4,3,5,6,14,21,1,5,0,0
04/11/16,Malaga,Sp Gijon,3,2,H,22,7,7,4,9,2,12,20,5,4,0,1
05/11/16,Granada,La Coruna,1,1,D,14,13,6,5,7,6,11,7,1,2,0,0
05/11/16,Las Palmas,Eibar,1,0,H,16,13,6,5,7,4,10,20,1,4,0,0
05/11/16,Osasuna,Alaves,0,1,A,10,12,4,3,3,4,18,10,5,2,0,0
05/11/16,Sociedad,Ath Madrid,2,0,H,12,9,3,2,6,6,18,20,2,4,0,0
06/11/16,Celta,Valencia,2,1,H,7,13,4,4,4,3,19,15,6,1,0,0
06/11/16,Espanol,Ath Bilbao,0,0,D,6,4,3,0,5,3,13,11,1,2,0,0
06/11/16,Real Madrid,Leganes,3,0,H,17,7,7,3,2,2,7,20,3,5,0,0
06/11/16,Sevilla,Barcelona,1,2,A,15,14,4,7,3,5,18,12,4,6,0,0
06/11/16,Villarreal,Betis,2,0,H,15,7,7,3,10,1,16,12,0,2,0,0
18/11/16,Betis,Las Palmas,2,0,H,10,9,3,3,4,5,22,10,0,1,0,0
19/11/16,Ath Madrid,Real Madrid,0,3,A,16,12,5,7,8,6,21,14,4,2,0,0
19/11/16,Barcelona,Malaga,0,0,D,28,4,8,1,14,1,13,12,0,2,0,2
19/11/16,Eibar,Celta,1,0,H,12,6,5,2,7,0,11,13,2,5,0,2
19/11/16,La Coruna,Sevilla,2,3,A,4,20,3,7,3,14,15,12,3,2,0,0
20/11/16,Alaves,Espanol,0,1,A,10,10,4,3,2,5,20,14,5,2,0,0
20/11/16,Ath Bilbao,Villarreal,1,0,H,12,6,5,2,6,5,13,17,0,2,0,0
20/11/16,Sp Gijon,Sociedad,1,3,A,4,20,1,9,3,5,17,9,2,1,0,0
20/11/16,Valencia,Granada,1,1,D,14,9,7,5,11,2,7,18,1,5,0,0
21/11/16,Leganes,Osasuna,2,0,H,15,5,5,2,3,2,13,17,2,3,0,0
25/11/16,Eibar,Betis,3,1,H,16,7,9,2,5,1,11,7,0,1,0,1
26/11/16,Espanol,Leganes,3,0,H,8,8,4,3,3,4,19,16,1,2,0,0
26/11/16,Malaga,La Coruna,4,3,H,10,24,4,8,2,5,15,13,3,1,0,0
26/11/16,Real Madrid,Sp Gijon,2,1,H,19,9,7,3,5,6,19,18,1,3,0,0
26/11/16,Sevilla,Valencia,2,1,H,6,10,1,4,3,6,19,14,0,1,0,0
27/11/16,Celta,Granada,3,1,H,16,7,6,1,5,0,4,15,0,3,0,0
27/11/16,Osasuna,Ath Madrid,0,3,A,11,7,1,5,7,4,9,6,2,2,0,0
27/11/16,Sociedad,Barcelona,1,1,D,17,10,6,2,8,6,16,11,2,4,0,0
27/11/16,Villarreal,Alaves,0,2,A,23,10,10,7,12,1,11,19,2,3,0,0
28/11/16,Las Palmas,Ath Bilbao,3,1,H,10,10,4,3,5,3,19,21,3,4,0,1
03/12/16,Ath Madrid,Espanol,0,0,D,11,5,3,3,9,2,10,19,2,2,0,0
03/12/16,Barcelona,Real Madrid,1,1,D,11,14,2,5,5,7,19,16,4,2,0,0
03/12/16,Granada,Sevilla,2,1,H,11,17,6,6,4,8,18,16,5,2,0,0
03/12/16,Leganes,Villarreal,0,0,D,11,9,4,3,2,4,21,16,6,3,0,0
04/12/16,Alaves,Las Palmas,1,1,D,9,10,2,3,3,5,15,11,3,3,0,0
04/12/16,Ath Bilbao,Eibar,3,1,H,12,10,5,4,2,2,9,16,1,4,0,0
04/12/16,Betis,Celta,3,3,D,16,13,5,6,4,3,22,14,4,1,1,0
04/12/16,Sp Gijon,Osasuna,3,1,H,9,15,5,2,2,5,17,13,3,1,0,0
04/12/16,Valencia,Malaga,2,2,D,8,19,3,6,2,13,16,7,5,1,0,0
05/12/16,La Coruna,Sociedad,5,1,H,15,14,10,3,8,6,15,10,1,4,0,0
09/12/16,Malaga,Granada,1,1,D,16,8,7,2,6,2,16,14,3,5,0,0
10/12/16,Las Palmas,Leganes,1,1,D,5,11,1,6,6,4,17,18,3,3,0,0
10/12/16,Osasuna,Barcelona,0,3,A,4,17,1,6,2,5,18,6,3,0,0,0
10/12/16,Real Madrid,La Coruna,3,2,H,17,4,5,2,10,3,16,17,3,4,0,0
10/12/16,Sociedad,Valencia,3,2,H,14,9,6,3,8,4,17,20,4,4,0,1
11/12/16,Betis,Ath Bilbao,1,0,H,6,14,1,4,3,7,14,12,3,2,0,0
11/12/16,Celta,Sevilla,0,3,A,14,14,6,5,4,6,13,13,3,3,0,0
11/12/16,Eibar,Alaves,0,0,D,8,3,1,3,7,2,14,7,1,1,0,0
11/12/16,Espanol,Sp Gijon,2,1,H,12,13,6,5,4,3,13,10,1,2,0,0
12/12/16,Villarreal,Ath Madrid,3,0,H,9,13,5,3,2,7,13,13,3,3,0,0
16/12/16,Alaves,Betis,1,0,H,10,6,2,3,6,4,20,6,6,1,0,0
17/12/16,Ath Madrid,Las Palmas,1,0,H,16,11,3,3,8,5,15,11,2,1,0,0
17/12/16,Granada,Sociedad,0,2,A,10,18,4,6,5,9,9,11,0,1,0,0
17/12/16,Sevilla,Malaga,4,1,H,9,16,5,3,3,6,17,12,2,3,1,0
17/12/16,Sp Gijon,Villarreal,1,3,A,16,14,7,9,12,2,16,14,2,1,0,0
18/12/16,Barcelona,Espanol,4,1,H,14,4,7,1,5,2,11,16,0,3,0,0
18/12/16,La Coruna,Osasuna,2,0,H,8,13,4,3,5,1,8,16,1,3,0,0
18/12/16,Leganes,Eibar,1,1,D,8,15,2,4,3,6,10,10,2,2,1,0
19/12/16,Ath Bilbao,Celta,2,1,H,10,10,7,4,9,7,16,13,4,2,0,1
06/01/17,Espanol,La Coruna,1,1,D,14,13,4,3,2,8,13,14,1,1,0,1
07/01/17,Eibar,Ath Madrid,0,2,A,15,8,2,4,5,3,11,10,2,2,0,0
07/01/17,Las Palmas,Sp Gijon,1,0,H,16,10,10,2,8,3,8,18,2,3,0,0
07/01/17,Real Madrid,Granada,5,0,H,23,3,13,1,9,1,11,12,1,4,0,0
07/01/17,Sociedad,Sevilla,0,4,A,11,11,5,10,7,4,15,18,2,3,0,0
08/01/17,Ath Bilbao,Alaves,0,0,D,15,10,4,4,13,4,10,13,2,4,0,0
08/01/17,Betis,Leganes,2,0,H,16,9,3,3,4,2,10,20,2,6,0,0
08/01/17,Celta,Malaga,3,1,H,6,13,3,4,2,7,17,15,1,4,0,0
08/01/17,Villarreal,Barcelona,1,1,D,6,20,3,7,2,4,16,13,1,2,1,0
09/01/17,Osasuna,Valencia,3,3,D,22,7,4,3,7,3,19,13,2,5,0,0
14/01/17,Ath Madrid,Betis,1,0,H,6,10,3,6,9,2,15,17,1,3,0,0
14/01/17,Barcelona,Las Palmas,5,0,H,22,7,10,1,5,1,15,11,3,4,0,0
14/01/17,La Coruna,Villarreal,0,0,D,13,4,3,1,10,0,14,8,0,1,0,0
14/01/17,Leganes,Ath Bilbao,0,0,D,15,10,5,2,4,8,20,11,3,3,0,0
15/01/17,Celta,Alaves,1,0,H,13,9,4,1,7,4,19,10,4,3,0,1
15/01/17,Granada,Osasuna,1,1,D,8,13,4,3,3,5,13,23,2,4,2,0
15/01/17,Sevilla,Real Madrid,2,1,H,9,10,4,3,6,1,13,10,3,1,0,0
15/01/17,Sp Gijon,Eibar,2,3,A,10,18,4,7,2,4,13,16,4,0,0,0
15/01/17,Valencia,Espanol,2,1,H,10,6,5,3,6,3,17,13,5,0,0,0
16/01/17,Malaga,Sociedad,0,2,A,5,11,1,5,8,8,22,12,0,2,0,0
20/01/17,Las Palmas,La Coruna,1,1,D,9,7,3,1,4,5,13,8,0,1,1,0
21/01/17,Alaves,Leganes,2,2,D,8,13,3,4,4,3,9,20,3,2,0,0
21/01/17,Espanol,Granada,3,1,H,17,7,8,4,10,5,19,17,0,3,0,0
21/01/17,Real Madrid,Malaga,2,1,H,14,10,7,6,5,4,7,20,2,3,0,0
21/01/17,Villarreal,Valencia,0,2,A,20,13,5,5,7,2,14,17,2,2,0,0
22/01/17,Ath Bilbao,Ath Madrid,2,2,D,8,11,5,5,2,6,12,9,2,3,0,0
22/01/17,Betis,Sp Gijon,0,0,D,16,7,4,1,9,5,14,20,2,2,0,0
22/01/17,Eibar,Barcelona,0,4,A,14,14,6,7,8,5,12,4,3,1,0,0
22/01/17,Osasuna,Sevilla,3,4,A,14,13,7,9,3,6,14,8,5,3,0,0
22/01/17,Sociedad,Celta,1,0,H,17,11,6,5,4,3,13,12,2,2,0,0
27/01/17,Osasuna,Malaga,1,1,D,14,14,2,5,4,6,9,16,1,0,0,0
28/01/17,Alaves,Ath Madrid,0,0,D,19,8,4,2,7,2,19,18,3,2,0,0
28/01/17,Eibar,La Coruna,3,1,H,12,20,6,7,9,10,14,7,0,2,0,0
28/01/17,Leganes,Celta,0,2,A,6,3,0,3,8,0,20,14,1,1,0,0
28/01/17,Villarreal,Granada,2,0,H,18,7,6,0,7,4,11,18,3,2,0,0
29/01/17,Ath Bilbao,Sp Gijon,2,1,H,11,5,6,3,5,0,11,22,4,3,0,0
29/01/17,Betis,Barcelona,1,1,D,17,10,7,4,8,2,17,12,2,3,0,0
29/01/17,Espanol,Sevilla,3,1,H,16,12,8,5,7,4,18,14,2,2,0,1
29/01/17,Real Madrid,Sociedad,3,0,H,7,9,4,3,0,3,16,11,2,1,0,1
30/01/17,Las Palmas,Valencia,3,1,H,9,8,4,3,6,3,17,13,1,3,0,1
04/02/17,Ath Madrid,Leganes,2,0,H,12,15,4,2,3,6,10,15,1,1,0,0
04/02/17,Barcelona,Ath Bilbao,3,0,H,16,10,6,5,7,3,11,18,1,3,0,0
04/02/17,Malaga,Espanol,0,1,A,19,4,5,3,17,2,9,18,1,4,0,0
04/02/17,Valencia,Eibar,0,4,A,8,11,1,7,2,6,12,10,2,1,1,0
05/02/17,Sevilla,Villarreal,0,0,D,14,11,4,4,9,0,14,16,2,2,0,0
05/02/17,Sociedad,Osasuna,3,2,H,13,11,6,5,3,2,6,22,2,2,0,0
05/02/17,Sp Gijon,Alaves,2,4,A,12,14,4,7,8,4,20,20,7,3,0,0
06/02/17,Granada,Las Palmas,1,0,H,12,15,4,5,6,5,27,9,5,3,0,0
10/02/17,Espanol,Sociedad,1,2,A,7,15,2,5,5,6,15,14,3,2,0,0
11/02/17,Alaves,Barcelona,0,6,A,9,21,4,9,3,9,16,9,1,3,0,0
11/02/17,Ath Bilbao,La Coruna,2,1,H,13,8,5,3,3,2,12,11,1,2,0,0
11/02/17,Betis,Valencia,0,0,D,16,8,2,4,4,6,15,17,4,3,0,0
11/02/17,Osasuna,Real Madrid,1,3,A,11,12,8,6,3,2,10,8,3,2,0,0
12/02/17,Ath Madrid,Celta,3,2,H,16,14,5,6,3,3,11,13,1,2,0,0
12/02/17,Las Palmas,Sevilla,0,1,A,15,12,7,3,1,4,15,16,2,4,0,0
12/02/17,Leganes,Sp Gijon,0,2,A,9,4,3,2,4,3,16,16,3,6,0,1
12/02/17,Villarreal,Malaga,1,1,D,12,11,5,5,9,9,14,12,0,5,1,0
13/02/17,Eibar,Granada,4,0,H,25,13,9,3,7,8,11,14,2,2,0,0
17/02/17,Granada,Betis,4,1,H,10,6,8,2,4,7,18,9,4,1,1,1
18/02/17,La Coruna,Alaves,0,1,A,16,6,4,4,10,6,13,13,5,3,0,0
18/02/17,Real Madrid,Espanol,2,0,H,12,3,3,1,13,2,12,13,3,4,0,0
18/02/17,Sevilla,Eibar,2,0,H,11,11,5,3,5,2,13,11,2,3,0,0
18/02/17,Sp Gijon,Ath Madrid,1,4,A,15,11,2,6,12,3,12,10,1,1,0,0
19/02/17,Barcelona,Leganes,2,1,H,13,11,6,6,4,4,8,18,1,3,0,0
19/02/17,Celta,Osasuna,3,0,H,11,8,4,3,3,5,14,18,1,0,0,0
19/02/17,Sociedad,Villarreal,0,1,A,16,7,0,3,7,4,8,19,2,4,0,0
19/02/17,Valencia,Ath Bilbao,2,0,H,15,15,5,5,3,1,17,11,0,1,0,0
20/02/17,Malaga,Las Palmas,2,1,H,13,13,6,4,2,6,23,14,3,3,1,0
22/02/17,Valencia,Real Madrid,2,1,H,8,22,5,5,3,11,12,18,5,2,0,0
24/02/17,Las Palmas,Sociedad,0,1,A,18,9,7,2,6,1,14,19,2,2,0,0
25/02/17,Alaves,Valencia,2,1,H,13,5,5,2,2,1,13,16,4,2,0,1
25/02/17,Betis,Sevilla,1,2,A,15,13,4,4,4,4,19,17,3,3,0,0
25/02/17,Eibar,Malaga,3,0,H,8,4,4,2,2,2,11,18,2,4,0,1
25/02/17,Leganes,La Coruna,4,0,H,7,11,5,3,2,7,18,13,2,5,0,1
26/02/17,Ath Bilbao,Granada,3,1,H,14,7,7,2,0,3,14,16,1,5,0,0
26/02/17,Ath Madrid,Barcelona,1,2,A,12,15,4,6,6,5,28,14,4,2,0,0
26/02/17,Espanol,Osasuna,3,0,H,18,4,6,1,10,2,11,10,1,4,0,1
26/02/17,Sp Gijon,Celta,1,1,D,20,16,6,5,7,5,9,17,2,4,1,0
26/02/17,Villarreal,Real Madrid,2,3,A,11,25,4,6,5,5,15,6,4,1,0,0
28/02/17,Malaga,Betis,1,2,A,15,11,4,5,7,5,8,16,3,5,0,0
28/02/17,Sociedad,Eibar,2,2,D,14,13,7,4,3,5,12,20,3,4,1,1
28/02/17,Valencia,Leganes,1,0,H,16,3,6,0,7,3,12,26,3,2,0,1
01/03/17,Barcelona,Sp Gijon,6,1,H,25,5,9,2,10,3,14,12,1,3,0,0
01/03/17,Celta,Espanol,2,2,D,8,8,4,2,1,3,16,8,2,2,1,0
01/03/17,Granada,Alaves,2,1,H,13,11,6,5,4,4,19,15,6,4,0,2
01/03/17,Osasuna,Villarreal,1,4,A,17,12,3,6,8,2,10,13,3,3,0,0
01/03/17,Real Madrid,Las Palmas,3,3,D,20,17,7,8,7,4,15,16,4,3,1,0
02/03/17,La Coruna,Ath Madrid,1,1,D,13,10,2,4,7,2,14,10,2,1,0,0
02/03/17,Sevilla,Ath Bilbao,1,0,H,14,14,4,4,6,9,16,10,6,2,0,0
03/03/17,Betis,Sociedad,2,3,A,12,9,5,6,7,6,18,15,4,2,0,0
04/03/17,Barcelona,Celta,5,0,H,19,7,9,2,10,1,10,16,1,3,0,0
04/03/17,Eibar,Real Madrid,1,4,A,12,12,2,7,4,4,13,14,1,1,0,0
04/03/17,Leganes,Granada,1,0,H,16,1,4,1,7,4,17,19,3,2,0,0
04/03/17,Villarreal,Espanol,2,0,H,11,8,6,2,1,1,13,18,2,2,0,0
05/03/17,Ath Bilbao,Malaga,1,0,H,15,8,3,2,8,2,13,18,3,5,0,0
05/03/17,Ath Madrid,Valencia,3,0,H,18,6,8,2,6,2,17,9,1,2,0,0
05/03/17,Las Palmas,Osasuna,5,2,H,16,10,8,4,5,1,7,21,4,4,0,0
05/03/17,Sp Gijon,La Coruna,0,1,A,9,7,2,3,6,4,11,13,4,5,0,0
06/03/17,Alaves,Sevilla,1,1,D,18,9,4,1,2,2,12,16,2,5,0,0
08/03/17,La Coruna,Betis,1,1,D,15,5,5,3,6,4,22,17,4,7,0,0
10/03/17,Espanol,Las Palmas,4,3,H,12,12,6,5,2,5,18,12,2,4,0,0
11/03/17,Granada,Ath Madrid,0,1,A,12,15,2,6,4,9,14,15,3,3,1,0
11/03/17,Malaga,Alaves,1,2,A,15,4,9,2,5,3,17,13,2,1,0,1
11/03/17,Sevilla,Leganes,1,1,D,12,12,4,4,4,1,20,20,2,3,0,0
11/03/17,Valencia,Sp Gijon,1,1,D,20,10,7,4,7,9,15,20,3,5,0,0
12/03/17,Celta,Villarreal,0,1,A,12,8,1,4,4,3,8,11,4,5,0,0
12/03/17,La Coruna,Barcelona,2,1,H,14,16,9,5,4,8,7,8,2,0,0,0
12/03/17,Real Madrid,Betis,2,1,H,14,9,4,4,8,4,8,21,1,0,0,1
12/03/17,Sociedad,Ath Bilbao,0,2,A,16,9,4,5,8,3,15,22,3,6,0,0
13/03/17,Osasuna,Eibar,1,1,D,10,14,6,7,6,6,15,14,4,4,0,0
17/03/17,Las Palmas,Villarreal,1,0,H,19,8,10,3,8,5,14,14,2,2,0,1
18/03/17,Alaves,Sociedad,1,0,H,10,10,5,2,5,8,14,13,3,3,0,1
18/03/17,Ath Bilbao,Real Madrid,1,2,A,12,9,5,4,5,5,1,4,1,4,0,0
18/03/17,Betis,Osasuna,2,0,H,9,13,5,5,5,0,12,15,0,3,0,0
18/03/17,Eibar,Espanol,1,1,D,16,4,4,1,6,2,12,13,2,4,0,0
19/03/17,Ath Madrid,Sevilla,3,1,H,15,9,8,2,2,2,16,14,4,3,0,0
19/03/17,Barcelona,Valencia,4,2,H,28,6,12,5,6,3,4,12,3,4,0,1
19/03/17,La Coruna,Celta,0,1,A,9,9,2,2,3,1,21,12,4,4,0,0
19/03/17,Leganes,Malaga,0,0,D,14,8,2,1,6,7,11,16,4,2,0,0
19/03/17,Sp Gijon,Granada,3,1,H,15,12,11,5,6,3,12,14,2,4,0,0
31/03/17,Espanol,Betis,2,1,H,8,10,5,3,4,4,16,14,3,2,0,0
01/04/17,Malaga,Ath Madrid,0,2,A,21,7,5,6,6,0,9,11,2,2,0,0
01/04/17,Osasuna,Ath Bilbao,1,2,A,8,9,6,4,6,3,19,9,4,2,0,0
01/04/17,Sociedad,Leganes,1,1,D,14,6,5,3,7,0,10,16,2,3,0,0
01/04/17,Villarreal,Eibar,2,3,A,15,14,7,4,11,5,9,10,4,3,0,0
02/04/17,Granada,Barcelona,1,4,A,7,26,5,13,1,9,15,10,1,3,1,0
02/04/17,Real Madrid,Alaves,3,0,H,18,12,6,3,3,3,12,16,0,2,0,0
02/04/17,Sevilla,Sp Gijon,0,0,D,18,8,6,2,9,5,17,13,3,4,0,0
02/04/17,Valencia,La Coruna,3,0,H,14,13,8,5,3,6,17,13,3,1,0,0
03/04/17,Celta,Las Palmas,3,1,H,13,12,6,5,4,6,15,10,3,3,0,0
04/04/17,Ath Bilbao,Espanol,2,0,H,13,5,5,2,5,1,19,16,1,3,0,0
04/04/17,Ath Madrid,Sociedad,1,0,H,20,10,8,1,6,4,18,13,0,4,0,0
04/04/17,Betis,Villarreal,0,1,A,15,6,3,2,5,2,12,15,2,2,0,0
05/04/17,Alaves,Osasuna,0,1,A,15,7,3,6,5,1,20,12,5,1,0,0
05/04/17,Barcelona,Sevilla,3,0,H,15,7,7,3,4,4,16,13,4,2,0,1
05/04/17,La Coruna,Granada,0,0,D,12,10,3,2,6,3,14,10,1,4,0,0
05/04/17,Leganes,Real Madrid,2,4,A,14,18,3,8,4,4,14,16,2,1,0,0
05/04/17,Sp Gijon,Malaga,0,1,A,14,11,5,3,7,1,12,18,2,5,0,0
06/04/17,Eibar,Las Palmas,3,1,H,11,8,6,6,9,2,14,12,2,5,0,0
06/04/17,Valencia,Celta,3,2,H,15,12,10,3,6,2,16,9,1,1,0,0
07/04/17,Villarreal,Ath Bilbao,3,1,H,10,11,5,5,4,5,16,16,6,3,1,0
08/04/17,Espanol,Alaves,1,0,H,15,9,6,0,5,3,11,13,3,3,0,0
08/04/17,Malaga,Barcelona,2,0,H,8,11,4,3,2,3,26,20,4,3,0,1
08/04/17,Real Madrid,Ath Madrid,1,1,D,20,10,6,4,6,2,12,13,2,3,0,0
08/04/17,Sevilla,La Coruna,4,2,H,19,9,13,4,4,2,19,15,3,3,0,0
09/04/17,Celta,Eibar,0,2,A,12,11,3,6,0,3,10,16,1,3,0,0
09/04/17,Granada,Valencia,1,3,A,21,17,5,8,5,2,9,13,2,2,0,0
09/04/17,Las Palmas,Betis,4,1,H,9,13,6,5,2,6,16,18,3,4,0,0
09/04/17,Osasuna,Leganes,2,1,H,11,17,6,2,4,8,14,14,3,4,0,0
10/04/17,Sociedad,Sp Gijon,3,1,H,20,10,7,3,7,4,20,19,1,5,0,0
14/04/17,Ath Bilbao,Las Palmas,5,1,H,18,8,7,2,14,5,22,10,1,2,0,0
15/04/17,Ath Madrid,Osasuna,3,0,H,19,3,8,0,5,2,11,14,1,5,0,0
15/04/17,Barcelona,Sociedad,3,2,H,16,14,9,7,5,4,15,17,3,2,0,0
15/04/17,La Coruna,Malaga,2,0,H,11,11,4,3,1,4,15,17,3,4,0,0
15/04/17,Sp Gijon,Real Madrid,2,3,A,4,18,2,6,4,8,17,12,5,1,0,0
16/04/17,Betis,Eibar,2,0,H,6,10,4,3,4,6,15,19,4,4,0,0
16/04/17,Granada,Celta,0,3,A,17,15,4,4,8,1,17,9,5,2,0,0
16/04/17,Leganes,Espanol,0,1,A,15,7,5,2,5,1,20,14,1,1,0,0
16/04/17,Valencia,Sevilla,0,0,D,14,10,3,2,4,2,19,20,3,2,0,0
17/04/17,Alaves,Villarreal,2,1,H,11,11,5,5,5,11,8,13,2,4,0,0
21/04/17,Sevilla,Granada,2,0,H,28,9,12,2,7,2,18,11,1,2,0,0
22/04/17,Espanol,Ath Madrid,0,1,A,10,13,2,3,5,3,13,10,3,2,0,0
22/04/17,Malaga,Valencia,2,0,H,10,13,4,2,7,6,16,13,3,3,0,0
22/04/17,Osasuna,Sp Gijon,2,2,D,7,12,1,4,1,5,25,10,3,4,0,0
22/04/17,Villarreal,Leganes,2,1,H,11,8,5,4,3,8,9,19,1,3,0,0
23/04/17,Celta,Betis,0,1,A,8,17,4,6,5,6,16,15,3,5,0,0
23/04/17,Las Palmas,Alaves,1,1,D,14,12,3,5,3,9,16,14,4,1,1,0
23/04/17,Real Madrid,Barcelona,2,3,A,22,16,14,9,7,4,13,8,2,2,1,0
23/04/17,Sociedad,La Coruna,1,0,H,17,5,3,1,11,1,16,16,1,3,0,0
24/04/17,Eibar,Ath Bilbao,0,1,A,7,9,2,3,5,5,15,9,4,2,1,0
25/04/17,Ath Madrid,Villarreal,0,1,A,23,6,9,2,5,1,15,16,2,6,0,0
25/04/17,Granada,Malaga,0,2,A,3,17,1,6,2,4,22,13,5,0,0,0
25/04/17,Sp Gijon,Espanol,1,1,D,16,14,6,5,7,2,9,11,1,2,0,0
26/04/17,Barcelona,Osasuna,7,1,H,19,3,9,2,10,1,3,7,0,0,0,0
26/04/17,La Coruna,Real Madrid,2,6,A,19,22,7,11,4,5,12,5,3,1,0,0
26/04/17,Leganes,Las Palmas,3,0,H,16,7,5,0,6,3,14,17,1,0,0,0
26/04/17,Valencia,Sociedad,2,3,A,14,8,3,2,2,3,15,21,4,3,0,0
27/04/17,Alaves,Eibar,0,0,D,14,6,4,4,3,2,13,14,4,2,0,1
27/04/17,Ath Bilbao,Betis,2,1,H,18,9,9,3,11,1,10,17,1,3,0,0
27/04/17,Sevilla,Celta,2,1,H,16,10,5,1,5,1,20,18,1,2,0,1
28/04/17,Villarreal,Sp Gijon,3,1,H,18,14,6,7,4,7,9,10,2,1,0,0
29/04/17,Espanol,Barcelona,0,3,A,6,15,3,9,4,5,19,18,3,0,0,0
29/04/17,Las Palmas,Ath Madrid,0,5,A,15,8,3,7,7,1,6,13,4,4,1,0
29/04/17,Real Madrid,Valencia,2,1,H,20,9,5,2,2,3,13,10,3,4,0,0
29/04/17,Sociedad,Granada,2,1,H,13,5,5,3,7,1,14,16,0,3,0,0
30/04/17,Betis,Alaves,1,4,A,11,9,3,5,4,0,14,16,1,5,0,0
30/04/17,Celta,Ath Bilbao,0,3,A,5,22,0,12,0,11,8,11,1,1,0,0
30/04/17,Eibar,Leganes,2,0,H,9,12,5,1,2,11,12,9,1,1,0,0
30/04/17,Osasuna,La Coruna,2,2,D,16,15,5,5,7,7,9,11,2,3,0,0
01/05/17,Malaga,Sevilla,4,2,H,11,9,5,4,1,3,14,18,3,5,0,0
05/05/17,Sevilla,Sociedad,1,1,D,11,9,3,3,10,3,20,10,4,3,0,1
06/05/17,Ath Madrid,Eibar,1,0,H,14,7,5,3,6,5,6,10,3,3,1,0
06/05/17,Barcelona,Villarreal,4,1,H,20,8,8,4,4,3,10,13,2,4,0,0
06/05/17,Granada,Real Madrid,0,4,A,13,16,3,8,6,3,14,8,1,0,0,0
06/05/17,Sp Gijon,Las Palmas,1,0,H,16,8,3,2,5,4,19,15,4,3,0,0
07/05/17,Alaves,Ath Bilbao,1,0,H,9,20,3,6,3,10,14,11,1,4,0,0
07/05/17,La Coruna,Espanol,1,2,A,21,9,5,3,12,4,10,14,1,2,0,0
07/05/17,Malaga,Celta,3,0,H,14,5,8,2,2,1,13,18,2,4,0,0
07/05/17,Valencia,Osasuna,4,1,H,19,9,8,4,9,2,15,11,3,2,0,0
08/05/17,Leganes,Betis,4,0,H,6,13,4,3,2,2,18,13,3,0,0,0
13/05/17,Espanol,Valencia,0,1,A,15,9,3,3,7,2,19,14,0,4,0,0
13/05/17,Osasuna,Granada,2,1,H,19,9,7,3,8,3,11,9,1,3,0,0
14/05/17,Alaves,Celta,3,1,H,11,15,4,4,4,4,11,13,1,3,0,0
14/05/17,Ath Bilbao,Leganes,1,1,D,15,5,6,2,10,1,12,8,2,7,0,0
14/05/17,Betis,Ath Madrid,1,1,D,13,5,5,2,3,5,7,16,4,4,0,0
14/05/17,Eibar,Sp Gijon,0,1,A,10,11,2,4,5,6,9,10,2,2,0,0
14/05/17,Las Palmas,Barcelona,1,4,A,11,11,5,5,3,6,13,15,0,1,0,0
14/05/17,Real Madrid,Sevilla,4,1,H,14,11,7,6,4,5,14,19,4,2,0,0
14/05/17,Sociedad,Malaga,2,2,D,15,9,5,4,9,3,10,16,1,2,0,0
14/05/17,Villarreal,La Coruna,0,0,D,21,3,4,1,11,3,15,21,2,4,0,0
17/05/17,Celta,Real Madrid,1,4,A,17,13,6,8,4,6,17,9,4,2,1,0
19/05/17,Granada,Espanol,1,2,A,16,5,7,3,3,3,12,9,0,3,0,0
20/05/17,La Coruna,Las Palmas,3,0,H,9,13,5,4,0,9,25,14,4,2,0,1
20/05/17,Leganes,Alaves,1,1,D,15,17,4,5,8,4,9,14,0,1,0,0
20/05/17,Sevilla,Osasuna,5,0,H,17,5,7,2,1,1,11,8,3,1,0,0
20/05/17,Sp Gijon,Betis,2,2,D,11,21,5,9,2,3,15,14,0,2,0,0
21/05/17,Ath Madrid,Ath Bilbao,3,1,H,12,16,4,1,2,5,13,11,2,0,0,0
21/05/17,Barcelona,Eibar,4,2,H,18,6,11,4,10,4,3,16,1,2,0,1
21/05/17,Celta,Sociedad,2,2,D,13,18,5,8,3,7,8,17,2,1,0,0
21/05/17,Malaga,Real Madrid,0,2,A,22,16,6,8,9,7,6,9,2,0,0,0
21/05/17,Valencia,Villarreal,1,3,A,16,14,5,6,9,0,15,10,2,2,0,0
18/08/17,Leganes,Alaves,1,0,H,16,6,9,3,4,2,14,18,0,1,0,0
18/08/17,Valencia,Las Palmas,1,0,H,22,5,6,4,5,2,25,13,3,3,0,1
19/08/17,Celta,Sociedad,2,3,A,16,13,5,6,5,4,12,11,3,1,0,0
19/08/17,Girona,Ath Madrid,2,2,D,13,9,6,3,6,0,15,15,2,4,0,1
19/08/17,Sevilla,Espanol,1,1,D,9,9,4,6,7,3,14,12,2,4,1,0
20/08/17,Ath Bilbao,Getafe,0,0,D,12,8,2,2,7,6,16,15,1,3,0,1
20/08/17,Barcelona,Betis,2,0,H,15,3,2,0,8,0,16,15,2,1,0,0
20/08/17,La Coruna,Real Madrid,0,3,A,12,16,6,8,4,4,16,12,5,1,0,1
21/08/17,Levante,Villarreal,1,0,H,14,9,3,1,11,6,18,14,1,3,0,0
21/08/17,Malaga,Eibar,0,1,A,10,13,4,6,3,7,16,15,2,3,0,0
25/08/17,Betis,Celta,2,1,H,10,9,3,2,4,6,13,9,2,2,0,0
25/08/17,Sociedad,Villarreal,3,0,H,15,6,9,1,10,4,12,22,2,2,0,0
26/08/17,Alaves,Barcelona,0,2,A,11,23,2,11,1,14,12,10,2,3,0,0
26/08/17,Girona,Malaga,1,0,H,15,7,4,2,2,3,11,15,3,4,0,0
26/08/17,Las Palmas,Ath Madrid,1,5,A,10,8,4,6,4,2,10,9,4,1,0,0
26/08/17,Levante,La Coruna,2,2,D,24,11,5,4,6,5,11,12,0,2,1,0
27/08/17,Eibar,Ath Bilbao,0,1,A,14,10,5,4,4,3,14,11,1,1,1,0
27/08/17,Espanol,Leganes,0,1,A,17,12,2,8,9,1,10,14,3,3,0,0
27/08/17,Getafe,Sevilla,0,1,A,15,6,3,3,7,5,20,10,0,1,0,0
27/08/17,Real Madrid,Valencia,2,2,D,22,7,6,3,13,4,12,12,3,5,0,0
08/09/17,Leganes,Getafe,1,2,A,11,11,7,3,2,4,14,20,1,2,0,0
09/09/17,Barcelona,Espanol,5,0,H,20,9,9,1,8,7,11,18,1,5,0,0
09/09/17,Real Madrid,Levante,1,1,D,18,5,10,2,13,3,9,16,2,3,1,0
09/09/17,Sevilla,Eibar,3,0,H,12,7,6,2,6,5,14,18,1,1,0,0
09/09/17,Valencia,Ath Madrid,0,0,D,11,13,0,4,4,3,16,14,1,0,0,0
10/09/17,Ath Bilbao,Girona,2,0,H,7,11,4,7,6,4,19,18,4,6,0,0
10/09/17,Celta,Alaves,1,0,H,20,5,3,3,9,4,17,17,4,4,0,0
10/09/17,La Coruna,Sociedad,2,4,A,11,15,4,4,5,7,18,14,1,3,0,0
10/09/17,Villarreal,Betis,3,1,H,14,8,7,3,4,3,9,9,3,0,0,0
11/09/17,Malaga,Las Palmas,1,3,A,14,10,6,8,3,2,22,11,4,2,0,0
15/09/17,Eibar,Leganes,1,0,H,10,5,4,2,8,1,15,20,2,5,0,0
16/09/17,Ath Madrid,Malaga,1,0,H,17,9,4,4,8,4,9,15,2,2,0,0
16/09/17,Betis,La Coruna,2,1,H,17,11,7,3,6,4,13,19,2,3,0,0
16/09/17,Getafe,Barcelona,1,2,A,13,7,4,5,3,4,15,14,2,4,0,0
16/09/17,Levante,Valencia,1,1,D,9,13,2,5,1,3,21,11,2,1,0,0
17/09/17,Alaves,Villarreal,0,3,A,16,16,2,6,2,3,12,25,2,2,0,0
17/09/17,Girona,Sevilla,0,1,A,13,13,0,8,8,1,14,19,2,5,0,0
17/09/17,Las Palmas,Ath Bilbao,1,0,H,12,11,3,5,7,6,12,19,2,3,0,0
17/09/17,Sociedad,Real Madrid,1,3,A,10,18,5,6,4,6,12,15,3,2,0,0
18/09/17,Espanol,Celta,2,1,H,9,11,3,1,3,5,12,14,1,4,0,0
19/09/17,Barcelona,Eibar,6,1,H,11,13,10,4,7,7,4,9,0,2,0,0
19/09/17,Valencia,Malaga,5,0,H,16,11,11,2,4,9,9,10,0,1,0,0
20/09/17,Ath Bilbao,Ath Madrid,1,2,A,12,16,7,9,6,0,12,12,0,2,0,0
20/09/17,La Coruna,Alaves,1,0,H,15,8,3,3,5,2,16,19,0,2,0,0
20/09/17,Leganes,Girona,0,0,D,12,10,1,0,6,3,19,20,2,3,0,0
20/09/17,Real Madrid,Betis,0,1,A,27,12,7,4,12,3,13,11,0,3,0,0
20/09/17,Sevilla,Las Palmas,1,0,H,14,6,9,0,12,0,21,8,2,2,0,0
21/09/17,Celta,Getafe,1,1,D,8,10,4,3,3,2,9,21,2,4,0,0
21/09/17,Levante,Sociedad,3,0,H,13,13,9,3,3,6,13,11,2,0,0,1
21/09/17,Villarreal,Espanol,0,0,D,14,10,5,3,5,5,17,10,5,2,0,0
23/09/17,Alaves,Real Madrid,1,2,A,8,21,3,7,5,13,19,19,5,2,0,0
23/09/17,Ath Madrid,Sevilla,2,0,H,13,11,4,0,7,6,11,17,4,3,0,0
23/09/17,Girona,Barcelona,0,3,A,13,9,2,5,9,3,21,5,3,0,0,0
23/09/17,Malaga,Ath Bilbao,3,3,D,15,8,7,7,5,1,16,8,7,2,1,0
24/09/17,Eibar,Celta,0,4,A,9,10,0,6,4,4,14,5,2,1,0,0
24/09/17,Espanol,La Coruna,4,1,H,17,21,5,6,4,6,16,7,1,2,0,0
24/09/17,Getafe,Villarreal,4,0,H,17,6,8,1,7,4,11,16,1,4,0,0
24/09/17,Las Palmas,Leganes,0,2,A,8,9,3,3,3,2,10,15,1,3,0,0
24/09/17,Sociedad,Valencia,2,3,A,18,13,6,4,7,6,11,13,3,7,1,1
25/09/17,Betis,Levante,4,0,H,14,8,6,1,6,3,9,5,1,0,0,0
29/09/17,Celta,Girona,3,3,D,16,10,9,6,5,6,9,17,2,5,0,0
30/09/17,La Coruna,Getafe,2,1,H,15,10,9,3,8,5,16,22,6,3,0,0
30/09/17,Leganes,Ath Madrid,0,0,D,7,11,3,2,2,6,13,13,2,1,0,0
30/09/17,Levante,Alaves,0,2,A,13,8,0,3,8,4,11,18,2,4,0,0
30/09/17,Sevilla,Malaga,2,0,H,12,11,5,4,4,6,11,12,2,1,0,0
01/10/17,Barcelona,Las Palmas,3,0,H,22,10,10,1,8,3,10,11,5,1,0,0
01/10/17,Real Madrid,Espanol,2,0,H,22,8,8,3,10,3,8,10,2,2,0,0
01/10/17,Sociedad,Betis,4,4,D,17,10,6,6,12,5,9,18,3,3,0,0
01/10/17,Valencia,Ath Bilbao,3,2,H,10,16,6,6,2,8,18,16,3,4,0,0
01/10/17,Villarreal,Eibar,3,0,H,12,8,6,1,6,3,15,9,2,1,0,0
13/10/17,Espanol,Levante,0,0,D,20,13,6,3,9,4,9,13,2,3,0,0
14/10/17,Alaves,Sociedad,0,2,A,8,13,0,6,4,9,11,7,1,1,0,0
14/10/17,Ath Bilbao,Sevilla,1,0,H,15,14,2,6,6,6,18,9,5,5,0,0
14/10/17,Ath Madrid,Barcelona,1,1,D,5,15,4,7,2,1,12,10,3,2,0,0
14/10/17,Getafe,Real Madrid,1,2,A,8,16,3,6,4,7,23,8,2,3,0,0
15/10/17,Betis,Valencia,3,6,A,13,13,6,9,7,5,11,11,1,4,0,0
15/10/17,Eibar,La Coruna,0,0,D,15,11,6,3,10,1,9,10,2,2,0,0
15/10/17,Girona,Villarreal,1,2,A,14,5,3,2,8,1,12,20,3,4,0,0
15/10/17,Malaga,Leganes,0,2,A,13,19,5,9,4,2,21,21,4,3,1,0
16/10/17,Las Palmas,Celta,2,5,A,24,14,11,7,14,3,13,12,2,1,0,1
21/10/17,Barcelona,Malaga,2,0,H,12,13,4,5,4,3,10,11,1,4,0,0
21/10/17,Betis,Alaves,2,0,H,12,7,5,3,6,5,18,9,2,2,0,0
21/10/17,Levante,Getafe,1,1,D,5,9,1,5,3,2,18,16,1,3,0,0
21/10/17,Valencia,Sevilla,4,0,H,18,18,8,5,7,10,15,21,2,4,0,0
22/10/17,Celta,Ath Madrid,0,1,A,19,4,8,2,4,4,13,19,3,5,0,0
22/10/17,Leganes,Ath Bilbao,1,0,H,15,7,4,1,4,3,16,15,3,4,0,0
22/10/17,Real Madrid,Eibar,3,0,H,15,9,7,2,5,2,9,7,1,1,0,0
22/10/17,Villarreal,Las Palmas,4,0,H,25,16,9,5,9,6,14,9,1,5,0,0
23/10/17,La Coruna,Girona,1,2,A,15,13,6,6,9,7,9,16,3,8,0,0
23/10/17,Sociedad,Espanol,1,1,D,19,4,5,1,10,1,12,15,4,4,1,0
28/10/17,Alaves,Valencia,1,2,A,16,7,6,2,6,4,19,18,5,1,0,0
28/10/17,Ath Bilbao,Barcelona,0,2,A,17,17,5,5,6,4,15,12,1,4,0,0
28/10/17,Ath Madrid,Villarreal,1,1,D,18,12,6,4,11,6,13,20,0,4,0,0
28/10/17,Sevilla,Leganes,2,1,H,9,10,5,1,5,6,16,19,0,3,0,0
29/10/17,Eibar,Levante,2,2,D,16,3,6,2,6,2,8,16,1,3,0,0
29/10/17,Getafe,Sociedad,2,1,H,10,15,5,4,8,7,19,16,3,2,0,0
29/10/17,Girona,Real Madrid,2,1,H,15,15,4,6,2,7,21,11,2,1,0,0
29/10/17,Malaga,Celta,2,1,H,15,10,4,2,4,1,20,12,2,3,0,0
30/10/17,Espanol,Betis,1,0,H,10,9,4,4,5,3,10,17,2,5,0,0
30/10/17,Las Palmas,La Coruna,1,3,A,13,15,5,5,8,5,11,15,1,1,0,0
03/11/17,Betis,Getafe,2,2,D,15,9,4,2,4,6,10,14,2,6,0,0
04/11/17,Alaves,Espanol,1,0,H,17,9,6,3,3,8,29,9,7,2,0,1
04/11/17,Barcelona,Sevilla,2,1,H,18,8,6,3,3,3,10,12,1,0,0,0
04/11/17,La Coruna,Ath Madrid,0,1,A,14,11,1,3,4,4,17,10,4,2,0,0
04/11/17,Valencia,Leganes,3,0,H,13,13,7,6,4,7,11,13,1,2,0,0
05/11/17,Celta,Ath Bilbao,3,1,H,11,14,5,5,3,6,13,17,2,3,0,0
05/11/17,Levante,Girona,1,2,A,7,10,4,5,7,2,10,16,3,4,0,0
05/11/17,Real Madrid,Las Palmas,3,0,H,27,2,9,1,9,2,9,9,2,1,0,0
05/11/17,Sociedad,Eibar,3,1,H,10,9,6,5,3,6,10,17,0,3,0,0
05/11/17,Villarreal,Malaga,2,0,H,14,10,3,2,6,4,18,12,2,4,0,0
17/11/17,Girona,Sociedad,1,1,D,14,14,4,5,3,6,28,10,4,2,0,0
18/11/17,Ath Madrid,Real Madrid,0,0,D,7,14,1,3,7,9,21,6,6,2,0,0
18/11/17,Getafe,Alaves,4,1,H,13,11,8,5,4,5,18,14,3,3,0,0
18/11/17,Leganes,Barcelona,0,3,A,18,11,7,7,6,3,25,10,1,2,0,0
18/11/17,Sevilla,Celta,2,1,H,12,11,5,5,1,2,20,17,3,2,0,0
19/11/17,Ath Bilbao,Villarreal,1,1,D,15,7,3,4,9,7,10,16,1,3,0,0
19/11/17,Espanol,Valencia,0,2,A,12,7,4,3,3,4,11,17,0,4,0,0
19/11/17,Las Palmas,Levante,0,2,A,10,11,5,6,3,5,9,22,1,4,0,0
19/11/17,Malaga,La Coruna,3,2,H,14,12,5,4,5,4,16,15,4,5,0,0
20/11/17,Eibar,Betis,5,0,H,17,4,7,0,5,2,10,9,2,2,0,1
24/11/17,Celta,Leganes,1,0,H,14,9,7,2,3,4,13,16,2,3,0,0
25/11/17,Alaves,Eibar,1,2,A,6,11,2,6,2,5,18,19,7,3,1,1
25/11/17,Betis,Girona,2,2,D,12,13,6,7,3,5,9,16,2,1,0,0
25/11/17,Levante,Ath Madrid,0,5,A,17,16,2,11,2,3,11,14,2,1,0,0
25/11/17,Real Madrid,Malaga,3,2,H,16,9,9,3,6,0,15,13,1,2,0,0
26/11/17,La Coruna,Ath Bilbao,2,2,D,14,10,4,3,5,2,11,14,4,1,0,0
26/11/17,Sociedad,Las Palmas,2,2,D,16,8,3,7,11,3,22,14,4,3,1,0
26/11/17,Valencia,Barcelona,1,1,D,8,12,1,8,3,9,12,11,4,0,0,0
26/11/17,Villarreal,Sevilla,2,3,A,19,15,4,4,6,6,9,17,4,3,1,0
27/11/17,Espanol,Getafe,1,0,H,10,7,5,4,6,4,12,18,3,6,0,0
01/12/17,Malaga,Levante,0,0,D,18,3,2,3,7,2,12,15,1,3,0,0
02/12/17,Ath Bilbao,Real Madrid,0,0,D,11,19,4,4,3,5,20,13,2,5,0,1
02/12/17,Ath Madrid,Sociedad,2,1,H,16,10,10,2,5,6,12,10,1,2,0,0
02/12/17,Barcelona,Celta,2,2,D,21,10,7,5,4,1,11,12,3,6,0,0
02/12/17,Sevilla,La Coruna,2,0,H,10,11,6,3,6,7,12,16,1,3,0,0
03/12/17,Eibar,Espanol,3,1,H,10,6,5,3,3,2,13,16,3,3,0,0
03/12/17,Getafe,Valencia,1,0,H,11,13,3,6,5,12,18,11,8,4,1,0
03/12/17,Las Palmas,Betis,1,0,H,21,8,7,2,6,4,12,21,1,7,0,1
03/12/17,Leganes,Villarreal,3,1,H,12,12,5,4,5,6,11,17,2,4,0,0
04/12/17,Girona,Alaves,2,3,A,11,9,3,4,6,5,8,13,1,2,0,0
08/12/17,Alaves,Las Palmas,2,0,H,22,6,9,1,8,3,23,12,2,0,0,0
09/12/17,Getafe,Eibar,0,0,D,6,7,3,2,9,7,14,13,1,4,0,0
09/12/17,La Coruna,Leganes,1,0,H,15,3,4,0,6,1,16,21,4,4,0,0
09/12/17,Real Madrid,Sevilla,5,0,H,20,11,8,3,9,3,12,11,0,2,0,0
09/12/17,Valencia,Celta,2,1,H,13,13,7,5,10,2,16,12,2,5,0,0
10/12/17,Betis,Ath Madrid,0,1,A,9,4,4,2,3,2,15,19,4,3,0,0
10/12/17,Levante,Ath Bilbao,1,2,A,12,14,3,3,8,6,11,13,3,3,0,0
10/12/17,Sociedad,Malaga,0,2,A,18,9,2,5,5,0,10,12,1,1,0,0
10/12/17,Villarreal,Barcelona,0,2,A,9,16,5,6,2,4,18,13,2,1,1,0
11/12/17,Espanol,Girona,0,1,A,8,12,3,5,8,6,9,17,1,3,0,0
15/12/17,Sevilla,Levante,0,0,D,16,10,6,2,8,5,22,14,2,3,0,0
16/12/17,Ath Bilbao,Sociedad,0,0,D,7,10,1,2,6,6,14,9,3,0,0,0
16/12/17,Ath Madrid,Alaves,1,0,H,10,11,4,0,4,4,14,16,3,4,0,0
16/12/17,Eibar,Valencia,2,1,H,15,7,3,3,5,6,13,13,1,4,0,0
17/12/17,Barcelona,La Coruna,4,0,H,23,10,11,3,6,3,12,10,0,1,0,0
17/12/17,Celta,Villarreal,0,1,A,10,8,3,5,2,2,11,19,1,3,0,0
17/12/17,Girona,Getafe,1,0,H,9,7,2,0,1,7,20,25,2,6,0,0
17/12/17,Las Palmas,Espanol,2,2,D,14,8,5,3,9,2,6,25,3,3,0,0
18/12/17,Malaga,Betis,0,2,A,18,10,2,4,3,4,15,15,2,2,1,0
19/12/17,Levante,Leganes,0,0,D,10,10,3,2,6,5,21,17,6,6,1,1
20/12/17,Getafe,Las Palmas,2,0,H,13,17,7,6,3,1,23,11,3,1,0,0
20/12/17,Sociedad,Sevilla,3,1,H,14,9,5,4,4,5,9,18,1,5,0,0
21/12/17,Alaves,Malaga,1,0,H,10,10,5,3,4,4,14,18,3,4,0,0
21/12/17,Eibar,Girona,4,1,H,16,6,6,1,3,2,14,18,1,2,0,0
22/12/17,Betis,Ath Bilbao,0,2,A,16,19,6,7,6,9,7,6,1,2,1,0
22/12/17,Espanol,Ath Madrid,1,0,H,7,9,4,1,2,3,18,22,2,5,0,0
23/12/17,La Coruna,Celta,1,3,A,15,7,4,3,3,1,20,16,2,2,0,0
23/12/17,Real Madrid,Barcelona,0,3,A,14,18,5,11,7,7,14,10,2,2,1,0
23/12/17,Valencia,Villarreal,0,1,A,22,9,3,2,14,1,11,21,7,5,1,1
06/01/18,Ath Madrid,Getafe,2,0,H,9,10,5,5,5,0,11,16,7,3,1,0
06/01/18,Las Palmas,Eibar,1,2,A,4,14,2,5,4,3,13,17,3,3,0,0
06/01/18,Sevilla,Betis,3,5,A,14,9,3,5,12,0,16,18,3,6,0,0
06/01/18,Valencia,Girona,2,1,H,17,11,7,5,9,7,16,14,5,5,0,0
07/01/18,Ath Bilbao,Alaves,2,0,H,14,8,8,1,4,1,23,20,2,4,0,0
07/01/18,Barcelona,Levante,3,0,H,16,9,8,2,3,6,10,22,0,4,0,0
07/01/18,Celta,Real Madrid,2,2,D,10,19,5,8,3,7,10,15,2,2,0,0
07/01/18,Leganes,Sociedad,1,0,H,8,9,4,5,5,6,14,11,0,1,0,0
07/01/18,Villarreal,La Coruna,1,1,D,11,13,5,3,7,5,19,12,4,3,0,0
08/01/18,Malaga,Espanol,0,1,A,17,6,2,3,6,5,18,11,2,3,0,0
12/01/18,Getafe,Malaga,1,0,H,7,9,3,2,5,2,19,16,3,1,0,0
13/01/18,Eibar,Ath Madrid,0,1,A,11,7,4,3,9,1,12,9,2,1,0,0
13/01/18,Girona,Las Palmas,6,0,H,15,3,8,1,5,2,25,20,2,5,0,0
13/01/18,La Coruna,Valencia,1,2,A,12,12,2,5,8,10,13,8,2,1,0,0
13/01/18,Real Madrid,Villarreal,0,1,A,28,10,7,4,11,0,11,12,2,1,0,0
14/01/18,Alaves,Sevilla,1,0,H,12,14,3,1,5,4,18,12,5,2,1,0
14/01/18,Espanol,Ath Bilbao,1,1,D,11,8,3,3,4,2,14,16,2,4,0,0
14/01/18,Levante,Celta,0,1,A,15,3,5,2,6,2,19,7,4,3,0,0
14/01/18,Sociedad,Barcelona,2,4,A,15,11,6,5,7,3,15,13,2,2,0,0
15/01/18,Betis,Leganes,3,2,H,16,10,9,6,1,1,12,15,2,3,0,0
19/01/18,Getafe,Ath Bilbao,2,2,D,17,7,6,6,6,2,17,12,5,1,0,0
20/01/18,Ath Madrid,Girona,1,1,D,9,6,4,3,2,1,13,15,4,3,0,0
20/01/18,Espanol,Sevilla,0,3,A,9,12,0,7,8,2,18,14,4,2,0,0
20/01/18,Las Palmas,Valencia,2,1,H,20,14,6,8,3,6,18,16,2,9,0,2
20/01/18,Villarreal,Levante,2,1,H,18,16,6,4,6,4,14,16,2,2,0,0
21/01/18,Alaves,Leganes,2,2,D,14,8,6,4,4,6,13,14,3,3,1,0
21/01/18,Betis,Barcelona,0,5,A,7,14,2,10,4,2,12,9,2,2,0,0
21/01/18,Real Madrid,La Coruna,7,1,H,24,5,13,2,6,1,7,11,0,2,0,0
21/01/18,Sociedad,Celta,1,2,A,16,10,2,3,8,3,10,7,1,2,0,0
22/01/18,Eibar,Malaga,1,1,D,15,10,4,4,8,3,11,11,1,3,0,1
26/01/18,Ath Bilbao,Eibar,1,1,D,7,14,1,2,3,7,15,14,0,0,0,0
27/01/18,La Coruna,Levante,2,2,D,8,15,2,4,4,7,13,14,7,5,1,0
27/01/18,Malaga,Girona,0,0,D,7,11,1,2,5,4,18,7,2,1,1,0
27/01/18,Valencia,Real Madrid,1,4,A,11,13,4,7,4,4,20,22,2,3,0,0
27/01/18,Villarreal,Sociedad,4,2,H,11,24,7,6,2,9,16,6,1,1,0,0
28/01/18,Ath Madrid,Las Palmas,3,0,H,18,9,7,1,4,1,17,11,1,2,0,0
28/01/18,Barcelona,Alaves,2,1,H,18,7,12,4,8,1,6,18,0,2,0,0
28/01/18,Leganes,Espanol,3,2,H,11,12,6,4,1,7,20,19,2,4,0,0
28/01/18,Sevilla,Getafe,1,1,D,15,7,1,2,3,4,12,15,3,3,0,0
29/01/18,Celta,Betis,3,2,H,13,7,5,3,7,2,13,8,1,5,0,0
02/02/18,Sociedad,La Coruna,5,0,H,19,4,8,1,9,5,11,11,0,1,0,0
03/02/18,Alaves,Celta,2,1,H,9,16,3,4,2,1,13,11,3,2,0,0
03/02/18,Betis,Villarreal,2,1,H,13,12,4,3,2,6,11,12,1,2,0,1
03/02/18,Eibar,Sevilla,5,1,H,17,11,7,3,5,3,11,20,0,3,0,0
03/02/18,Levante,Real Madrid,2,2,D,12,23,4,9,4,6,14,7,3,3,0,0
04/02/18,Ath Madrid,Valencia,1,0,H,14,9,4,0,9,1,18,4,1,1,0,0
04/02/18,Espanol,Barcelona,1,1,D,7,12,2,2,0,7,15,12,5,3,0,0
04/02/18,Getafe,Leganes,0,0,D,11,2,1,1,5,2,17,20,2,6,0,0
04/02/18,Girona,Ath Bilbao,2,0,H,8,9,3,0,2,4,13,14,1,1,0,0
05/02/18,Las Palmas,Malaga,1,0,H,11,9,4,3,4,2,11,17,2,3,0,0
09/02/18,Ath Bilbao,Las Palmas,0,0,D,11,8,5,2,5,2,20,29,4,4,0,0
10/02/18,Leganes,Eibar,0,1,A,2,19,0,6,1,10,14,6,4,2,1,0
10/02/18,Malaga,Ath Madrid,0,1,A,13,5,3,1,3,3,22,19,3,2,0,0
10/02/18,Real Madrid,Sociedad,5,2,H,18,8,9,3,5,3,11,10,2,1,0,0
10/02/18,Villarreal,Alaves,1,2,A,27,5,6,4,13,2,15,15,4,4,0,0
11/02/18,Barcelona,Getafe,0,0,D,12,10,6,1,9,3,7,13,2,3,0,0
11/02/18,Celta,Espanol,2,2,D,18,3,7,2,9,1,9,16,3,4,0,0
11/02/18,Sevilla,Girona,1,0,H,13,14,4,6,7,2,13,19,2,2,0,0
11/02/18,Valencia,Levante,3,1,H,18,5,8,1,7,9,10,19,3,4,0,0
12/02/18,La Coruna,Betis,0,1,A,16,10,2,4,8,1,19,7,2,0,0,0
16/02/18,Girona,Leganes,3,0,H,10,10,5,5,4,4,12,10,3,5,0,0
17/02/18,Alaves,La Coruna,1,0,H,14,5,3,0,9,3,17,14,2,3,0,0
17/02/18,Eibar,Barcelona,0,2,A,13,10,3,6,6,0,13,6,3,1,1,0
17/02/18,Las Palmas,Sevilla,1,2,A,11,12,3,6,7,5,15,18,2,5,0,0
17/02/18,Malaga,Valencia,1,2,A,9,10,3,3,7,2,19,18,2,4,1,0
18/02/18,Ath Madrid,Ath Bilbao,2,0,H,14,4,4,0,5,2,6,12,3,2,0,0
18/02/18,Betis,Real Madrid,3,5,A,20,12,5,9,7,5,7,15,3,5,0,0
18/02/18,Espanol,Villarreal,1,1,D,15,8,3,3,2,5,7,19,1,7,0,0
18/02/18,Sociedad,Levante,3,0,H,13,9,3,1,2,4,12,13,0,2,0,0
19/02/18,Getafe,Celta,3,0,H,9,4,5,1,5,5,21,15,4,3,0,0
21/02/18,Leganes,Real Madrid,1,3,A,7,13,3,7,6,5,18,7,3,1,0,0
23/02/18,La Coruna,Espanol,0,0,D,17,9,4,1,4,2,9,10,5,1,0,0
24/02/18,Barcelona,Girona,6,1,H,21,10,14,4,5,3,11,11,1,1,0,0
24/02/18,Celta,Eibar,2,0,H,8,15,3,2,3,9,11,16,2,3,0,0
24/02/18,Leganes,Las Palmas,0,0,D,11,4,2,1,6,5,22,17,4,5,0,0
24/02/18,Real Madrid,Alaves,4,0,H,25,11,10,5,9,5,9,14,1,2,0,0
25/02/18,Ath Bilbao,Malaga,2,1,H,8,8,6,4,6,4,12,18,3,3,0,1
25/02/18,Sevilla,Ath Madrid,2,5,A,10,13,5,8,5,4,10,24,3,3,0,0
25/02/18,Valencia,Sociedad,2,1,H,7,9,4,3,4,4,12,9,2,3,0,0
25/02/18,Villarreal,Getafe,1,0,H,10,3,4,2,2,8,14,21,5,3,0,0
26/02/18,Levante,Betis,0,2,A,12,15,2,6,5,5,17,8,5,2,0,0
27/02/18,Espanol,Real Madrid,1,0,H,16,12,7,5,3,8,15,10,1,1,0,0
27/02/18,Girona,Celta,1,0,H,11,10,2,2,6,4,9,10,3,2,0,0
28/02/18,Ath Bilbao,Valencia,1,1,D,11,6,4,4,6,1,16,16,1,2,0,0
28/02/18,Ath Madrid,Leganes,4,0,H,15,9,8,3,5,1,10,10,1,3,0,0
28/02/18,Eibar,Villarreal,1,0,H,13,11,1,3,6,4,18,8,4,2,0,0
28/02/18,Getafe,La Coruna,3,0,H,14,9,5,1,10,6,6,9,2,4,0,0
28/02/18,Malaga,Sevilla,0,1,A,8,6,0,4,9,4,19,14,2,2,0,0
01/03/18,Alaves,Levante,1,0,H,15,6,5,1,5,3,14,17,4,4,1,1
01/03/18,Betis,Sociedad,0,0,D,8,13,4,5,4,10,11,7,2,0,0,0
01/03/18,Las Palmas,Barcelona,1,1,D,12,10,1,4,6,6,18,13,6,3,0,0
03/03/18,La Coruna,Eibar,1,1,D,7,16,2,3,2,9,6,8,1,2,1,0
03/03/18,Leganes,Malaga,2,0,H,10,4,3,1,6,1,11,14,1,1,0,0
03/03/18,Real Madrid,Getafe,3,1,H,14,4,6,4,8,0,13,18,1,3,0,1
03/03/18,Sevilla,Ath Bilbao,2,0,H,18,10,8,3,8,4,14,13,2,3,0,0
03/03/18,Villarreal,Girona,0,2,A,14,4,5,3,7,2,14,18,4,1,0,0
04/03/18,Barcelona,Ath Madrid,1,0,H,16,6,5,1,12,1,16,20,2,2,0,0
04/03/18,Levante,Espanol,1,1,D,13,15,4,3,2,1,14,13,0,3,0,0
04/03/18,Sociedad,Alaves,2,1,H,14,3,5,1,8,4,10,13,0,1,0,0
04/03/18,Valencia,Betis,2,0,H,12,9,6,4,7,0,14,11,1,4,0,0
05/03/18,Celta,Las Palmas,2,1,H,14,10,6,3,10,7,13,15,1,2,0,0
09/03/18,Girona,La Coruna,2,0,H,9,8,6,4,2,2,17,16,1,4,0,0
10/03/18,Eibar,Real Madrid,1,2,A,12,12,3,6,8,6,12,7,1,1,0,0
10/03/18,Getafe,Levante,0,1,A,11,12,4,4,4,7,14,16,5,7,0,1
10/03/18,Malaga,Barcelona,0,2,A,6,20,2,9,2,5,15,9,1,1,1,0
10/03/18,Sevilla,Valencia,0,2,A,21,10,5,5,7,3,15,15,4,2,0,0
11/03/18,Ath Bilbao,Leganes,2,0,H,13,12,5,1,3,6,12,14,2,5,0,0
11/03/18,Ath Madrid,Celta,3,0,H,7,8,3,2,6,4,14,10,1,2,0,0
11/03/18,Espanol,Sociedad,2,1,H,18,11,7,5,6,4,18,14,0,2,0,0
11/03/18,Las Palmas,Villarreal,0,2,A,9,11,3,4,7,3,15,17,1,1,1,0
12/03/18,Alaves,Betis,1,3,A,9,10,1,4,6,2,18,17,2,3,0,0
16/03/18,Levante,Eibar,2,1,H,6,13,3,4,4,5,11,11,4,3,0,0
17/03/18,Betis,Espanol,3,0,H,9,4,4,1,3,5,15,11,1,3,0,0
17/03/18,La Coruna,Las Palmas,1,1,D,13,8,3,1,9,2,24,12,3,3,0,0
17/03/18,Sociedad,Getafe,1,2,A,8,9,2,5,7,1,13,21,3,7,0,0
17/03/18,Valencia,Alaves,3,1,H,24,16,10,4,9,2,8,14,1,1,0,0
18/03/18,Barcelona,Ath Bilbao,2,0,H,18,10,9,3,6,5,7,14,2,2,0,0
18/03/18,Celta,Malaga,0,0,D,9,5,3,0,4,5,16,24,3,2,0,0
18/03/18,Leganes,Sevilla,2,1,H,12,10,6,4,5,4,13,11,2,4,0,1
18/03/18,Real Madrid,Girona,6,3,H,20,10,14,6,6,7,13,13,1,2,0,0
18/03/18,Villarreal,Ath Madrid,2,1,H,17,8,5,2,5,4,13,16,5,3,0,1
31/03/18,Ath Bilbao,Celta,1,1,D,11,13,2,3,4,5,10,10,3,1,0,0
31/03/18,Girona,Levante,1,1,D,12,15,5,6,5,7,13,12,1,3,0,0
31/03/18,Las Palmas,Real Madrid,0,3,A,17,17,3,7,3,3,11,17,3,0,0,0
31/03/18,Sevilla,Barcelona,2,2,D,21,20,6,9,5,9,11,7,2,0,0,0
01/04/18,Ath Madrid,La Coruna,1,0,H,15,10,3,2,9,7,14,15,2,3,0,0
01/04/18,Eibar,Sociedad,0,0,D,15,7,3,0,8,1,14,10,4,2,0,0
01/04/18,Espanol,Alaves,0,0,D,12,13,3,4,6,5,18,12,3,2,0,0
01/04/18,Leganes,Valencia,0,1,A,8,3,1,1,5,2,14,17,3,4,0,0
01/04/18,Malaga,Villarreal,1,0,H,13,11,3,1,3,6,17,13,2,3,0,0
02/04/18,Getafe,Betis,0,1,A,8,7,4,4,4,0,21,9,4,2,0,0
06/04/18,La Coruna,Malaga,3,2,H,14,11,6,4,7,6,16,14,4,3,0,0
07/04/18,Alaves,Getafe,2,0,H,11,5,2,1,1,3,17,22,2,3,0,0
07/04/18,Barcelona,Leganes,3,1,H,12,11,6,1,5,3,14,12,2,4,0,0
07/04/18,Betis,Eibar,2,0,H,13,5,4,2,7,8,10,11,2,2,0,0
07/04/18,Celta,Sevilla,4,0,H,12,16,6,6,3,10,8,12,1,2,0,0
08/04/18,Levante,Las Palmas,2,1,H,11,17,4,5,4,5,19,10,6,3,2,0
08/04/18,Real Madrid,Ath Madrid,1,1,D,30,9,8,5,11,2,12,17,2,3,0,0
08/04/18,Sociedad,Girona,5,0,H,13,8,7,1,4,5,8,20,2,2,0,0
08/04/18,Valencia,Espanol,1,0,H,14,21,6,6,4,3,17,10,3,2,0,0
09/04/18,Villarreal,Ath Bilbao,1,3,A,7,17,2,13,3,6,17,11,5,5,1,0
13/04/18,Girona,Betis,0,1,A,9,10,4,2,6,4,23,18,7,5,0,0
14/04/18,Ath Bilbao,La Coruna,2,3,A,13,5,4,3,11,6,5,9,2,1,0,0
14/04/18,Barcelona,Valencia,2,1,H,12,17,7,6,6,5,9,11,2,2,0,0
14/04/18,Las Palmas,Sociedad,0,1,A,7,20,0,11,4,6,6,16,0,0,0,0
14/04/18,Leganes,Celta,1,0,H,19,5,7,2,8,3,22,17,3,3,0,0
14/04/18,Sevilla,Villarreal,2,2,D,18,7,4,4,10,2,11,23,5,3,1,1
15/04/18,Ath Madrid,Levante,3,0,H,13,11,5,3,8,3,9,13,2,1,0,0
15/04/18,Eibar,Alaves,0,1,A,21,2,4,1,12,1,11,18,2,1,0,0
15/04/18,Getafe,Espanol,1,0,H,13,5,4,0,4,3,19,13,6,2,1,0
15/04/18,Malaga,Real Madrid,1,2,A,13,16,3,6,4,7,12,9,4,0,0,0
17/04/18,Celta,Barcelona,2,2,D,18,14,8,6,6,4,9,7,3,0,0,1
17/04/18,La Coruna,Sevilla,0,0,D,22,24,6,7,7,9,8,8,0,2,0,0
17/04/18,Villarreal,Leganes,2,1,H,17,6,6,1,10,4,14,14,1,1,0,0
18/04/18,Espanol,Eibar,0,1,A,10,5,4,1,3,6,17,17,3,2,0,0
18/04/18,Real Madrid,Ath Bilbao,1,1,D,29,6,10,2,16,2,6,19,2,4,0,0
18/04/18,Valencia,Getafe,1,2,A,10,8,3,3,7,5,10,14,1,7,1,0
19/04/18,Alaves,Girona,1,2,A,11,14,5,5,3,6,15,12,4,4,0,0
19/04/18,Betis,Las Palmas,1,0,H,17,1,8,0,6,3,18,17,3,5,0,1
19/04/18,Levante,Malaga,1,0,H,11,10,2,2,4,3,9,17,1,1,0,0
19/04/18,Sociedad,Ath Madrid,3,0,H,12,9,4,2,6,6,13,13,1,0,0,0
20/04/18,Leganes,La Coruna,0,0,D,13,12,0,3,9,4,12,13,0,2,0,0
21/04/18,Celta,Valencia,1,1,D,10,17,3,7,4,3,14,19,1,2,0,0
21/04/18,Eibar,Getafe,0,1,A,12,7,2,4,8,3,15,16,4,1,0,0
22/04/18,Ath Madrid,Betis,0,0,D,10,10,2,4,8,3,17,14,2,5,0,0
22/04/18,Girona,Espanol,0,2,A,20,5,6,4,10,0,18,18,1,2,0,0
22/04/18,Las Palmas,Alaves,0,4,A,12,10,1,7,3,3,14,19,2,2,0,0
22/04/18,Malaga,Sociedad,2,0,H,4,14,3,2,5,3,16,0,4,1,0,0
23/04/18,Ath Bilbao,Levante,1,3,A,18,11,5,7,2,9,13,14,3,3,0,0
27/04/18,Levante,Sevilla,2,1,H,15,22,5,4,4,8,4,15,1,1,0,0
28/04/18,Espanol,Las Palmas,1,1,D,16,13,7,2,6,7,18,22,2,4,0,0
28/04/18,Real Madrid,Leganes,2,1,H,12,16,5,6,3,2,16,15,0,1,0,1
28/04/18,Sociedad,Ath Bilbao,3,1,H,17,9,4,3,3,7,16,16,3,6,1,0
28/04/18,Villarreal,Celta,4,1,H,13,15,7,4,5,7,14,8,2,0,0,0
29/04/18,Alaves,Ath Madrid,0,1,A,7,14,3,6,3,4,14,12,4,6,0,1
29/04/18,Getafe,Girona,1,1,D,10,15,2,2,4,4,19,21,6,4,1,0
29/04/18,La Coruna,Barcelona,2,4,A,17,21,5,9,6,7,9,9,1,1,0,0
29/04/18,Valencia,Eibar,0,0,D,16,8,5,2,8,2,12,19,2,3,0,0
30/04/18,Betis,Malaga,2,1,H,12,9,3,3,6,4,9,17,1,4,0,0
04/05/18,Sevilla,Sociedad,1,0,H,16,11,6,1,6,4,17,13,4,2,0,0
05/05/18,Ath Bilbao,Betis,2,0,H,14,6,5,3,4,5,13,12,0,2,0,0
05/05/18,Celta,La Coruna,1,1,D,13,11,4,2,4,10,6,11,4,2,0,0
05/05/18,Girona,Eibar,1,4,A,16,15,5,6,6,5,12,13,2,5,0,0
05/05/18,Villarreal,Valencia,1,0,H,13,6,5,2,7,3,18,18,5,3,0,0
06/05/18,Ath Madrid,Espanol,0,2,A,9,14,3,6,6,3,9,13,1,3,0,0
06/05/18,Barcelona,Real Madrid,2,2,D,11,17,4,5,6,5,8,20,3,5,1,0
06/05/18,Las Palmas,Getafe,0,1,A,21,8,4,1,9,4,8,28,0,2,0,0
06/05/18,Malaga,Alaves,0,3,A,16,13,4,7,6,7,15,13,2,1,0,0
07/05/18,Leganes,Levante,0,3,A,13,10,2,3,6,5,15,11,5,1,1,0
09/05/18,Barcelona,Villarreal,5,1,H,12,20,6,7,4,4,6,15,0,3,0,0
09/05/18,Sevilla,Real Madrid,3,2,H,14,14,6,4,2,3,21,9,3,1,0,0
12/05/18,Alaves,Ath Bilbao,3,1,H,4,13,3,4,0,8,15,13,2,5,0,0
12/05/18,Betis,Sevilla,2,2,D,9,13,5,5,4,5,10,19,1,4,0,0
12/05/18,Eibar,Las Palmas,1,0,H,10,8,5,2,3,11,13,12,3,1,0,0
12/05/18,Getafe,Ath Madrid,0,1,A,11,5,4,3,8,2,13,17,3,2,0,0
12/05/18,Girona,Valencia,0,1,A,16,10,4,4,6,2,16,11,2,3,0,0
12/05/18,La Coruna,Villarreal,2,4,A,16,11,7,7,11,0,14,5,3,0,0,0
12/05/18,Real Madrid,Celta,6,0,H,15,5,10,1,4,2,5,10,0,1,0,0
12/05/18,Sociedad,Leganes,3,2,H,11,9,6,3,5,1,8,12,1,2,0,0
13/05/18,Espanol,Malaga,4,1,H,19,9,7,3,5,3,13,19,0,2,0,0
13/05/18,Levante,Barcelona,5,4,H,12,18,7,7,3,8,18,12,6,6,0,0
19/05/18,Celta,Levante,4,2,H,20,7,9,3,5,3,9,15,1,3,0,1
19/05/18,Las Palmas,Girona,1,2,A,13,12,7,6,4,3,7,19,1,2,0,0
19/05/18,Leganes,Betis,3,2,H,8,16,3,8,6,4,9,9,2,0,1,0
19/05/18,Malaga,Getafe,0,1,A,6,11,2,3,2,9,19,12,4,1,0,0
19/05/18,Sevilla,Alaves,1,0,H,20,10,8,4,8,3,15,12,2,2,0,0
19/05/18,Villarreal,Real Madrid,2,2,D,14,15,5,7,4,5,13,10,4,3,0,0
20/05/18,Ath Bilbao,Espanol,0,1,A,12,11,3,4,7,7,4,11,0,1,0,0
20/05/18,Ath Madrid,Eibar,2,2,D,8,14,4,3,2,2,14,14,6,2,1,0
20/05/18,Barcelona,Sociedad,1,0,H,12,13,4,2,3,8,13,13,3,2,0,0
20/05/18,Valencia,La Coruna,2,1,H,22,12,5,7,8,4,8,11,0,0,0,0
17/08/2018,Betis,Levante,0,3,A,22,6,8,4,5,3,10,10,0,2,0,0
17/08/2018,Girona,Valladolid,0,0,D,13,2,1,1,3,2,21,20,1,1,0,0
18/08/2018,Barcelona,Alaves,3,0,H,25,3,9,0,7,1,6,13,0,2,0,0
18/08/2018,Celta,Espanol,1,1,D,12,14,2,5,8,7,13,14,3,2,0,0
18/08/2018,Villarreal,Sociedad,1,2,A,16,8,7,4,4,6,16,10,2,3,0,0
19/08/2018,Eibar,Huesca,1,2,A,18,8,6,6,7,0,12,13,1,1,0,0
19/08/2018,Real Madrid,Getafe,2,0,H,10,4,3,1,3,0,11,27,1,7,0,0
19/08/2018,Vallecano,Sevilla,1,4,A,13,17,2,8,2,6,6,15,1,0,0,0
20/08/2018,Ath Bilbao,Leganes,2,1,H,17,12,5,2,6,2,12,13,4,5,0,0
20/08/2018,Valencia,Ath Madrid,1,1,D,13,9,4,3,4,10,10,15,2,3,0,0
24/08/2018,Getafe,Eibar,2,0,H,7,9,4,0,5,5,14,11,2,1,0,0
24/08/2018,Leganes,Sociedad,2,2,D,18,7,5,6,5,0,12,9,1,2,0,0
25/08/2018,Alaves,Betis,0,0,D,16,13,4,5,5,6,17,15,3,1,0,0
25/08/2018,Ath Madrid,Vallecano,1,0,H,9,13,2,3,8,5,7,8,1,1,0,0
25/08/2018,Valladolid,Barcelona,0,1,A,7,10,4,5,6,10,13,11,1,1,0,0
26/08/2018,Espanol,Valencia,2,0,H,19,16,9,4,6,10,16,12,1,1,0,0
26/08/2018,Girona,Real Madrid,1,4,A,10,20,5,8,4,7,13,11,2,3,0,0
26/08/2018,Sevilla,Villarreal,0,0,D,19,14,2,6,4,5,13,14,3,2,0,0
27/08/2018,Ath Bilbao,Huesca,2,2,D,14,9,4,4,3,2,17,17,2,2,0,0
27/08/2018,Levante,Celta,1,2,A,15,21,6,9,7,7,14,8,2,3,0,0
31/08/2018,Eibar,Sociedad,2,1,H,8,7,2,2,4,2,18,15,3,2,0,0
31/08/2018,Getafe,Valladolid,0,0,D,12,7,3,4,6,7,22,14,3,1,0,0
31/08/2018,Villarreal,Girona,0,1,A,13,14,3,6,7,2,15,11,3,2,0,0
01/09/2018,Celta,Ath Madrid,2,0,H,10,9,4,0,2,8,12,14,4,5,0,1
01/09/2018,Real Madrid,Leganes,4,1,H,17,8,8,3,8,1,11,11,1,1,0,0
02/09/2018,Alaves,Espanol,2,1,H,8,11,5,7,0,12,19,13,4,3,0,0
02/09/2018,Barcelona,Huesca,8,2,H,31,7,15,3,9,4,6,12,1,2,0,0
02/09/2018,Betis,Sevilla,1,0,H,11,8,3,2,5,8,15,17,3,6,0,1
02/09/2018,Levante,Valencia,2,2,D,13,18,4,5,3,5,14,10,4,2,1,0
14/09/2018,Huesca,Vallecano,0,1,A,14,14,4,2,6,3,16,18,2,1,0,0
15/09/2018,Ath Bilbao,Real Madrid,1,1,D,11,16,3,6,1,2,18,6,6,2,0,0
15/09/2018,Ath Madrid,Eibar,1,1,D,18,12,9,3,14,3,5,21,2,2,0,0
15/09/2018,Sociedad,Barcelona,1,2,A,8,12,5,6,1,6,18,8,1,1,0,0
15/09/2018,Valencia,Betis,0,0,D,12,11,2,6,5,4,22,9,6,3,0,0
16/09/2018,Espanol,Levante,1,0,H,22,16,9,4,5,4,17,13,1,2,0,0
16/09/2018,Leganes,Villarreal,0,1,A,16,9,3,3,6,1,16,9,4,3,0,0
16/09/2018,Sevilla,Getafe,0,2,A,15,10,1,5,7,1,10,22,3,6,0,0
16/09/2018,Valladolid,Alaves,0,1,A,15,10,5,4,7,2,9,12,3,2,0,0
17/09/2018,Girona,Celta,3,2,H,11,20,6,7,3,1,15,11,1,3,0,1
21/09/2018,Huesca,Sociedad,0,1,A,13,7,3,1,7,5,16,12,5,3,0,2
22/09/2018,Celta,Valladolid,3,3,D,12,14,5,4,7,8,9,11,2,2,0,0
22/09/2018,Eibar,Leganes,1,0,H,14,4,3,2,5,2,16,17,1,1,0,0
22/09/2018,Getafe,Ath Madrid,0,2,A,11,7,2,4,1,5,12,15,1,2,1,0
22/09/2018,Real Madrid,Espanol,1,0,H,19,10,5,3,8,3,5,16,2,2,0,0
22/09/2018,Vallecano,Alaves,1,5,A,13,11,4,7,8,4,14,12,1,2,1,0
23/09/2018,Barcelona,Girona,2,2,D,22,7,11,6,8,2,9,16,3,5,1,0
23/09/2018,Betis,Ath Bilbao,2,2,D,15,7,3,4,6,1,13,20,2,7,0,1
23/09/2018,Levante,Sevilla,2,6,A,19,20,10,9,8,4,5,18,1,1,0,0
23/09/2018,Villarreal,Valencia,0,0,D,11,12,1,2,8,6,12,12,4,1,0,1
25/09/2018,Ath Madrid,Huesca,3,0,H,17,8,5,1,4,3,1,14,0,2,0,0
25/09/2018,Espanol,Eibar,1,0,H,9,8,5,1,4,3,8,8,2,2,0,0
25/09/2018,Sociedad,Vallecano,2,2,D,16,11,6,6,8,5,12,18,4,3,0,0
26/09/2018,Ath Bilbao,Villarreal,0,3,A,12,19,2,6,6,4,3,14,1,1,0,0
26/09/2018,Leganes,Barcelona,2,1,H,10,9,6,5,4,5,15,11,4,2,0,0
26/09/2018,Sevilla,Real Madrid,3,0,H,16,21,7,3,5,6,16,12,3,4,0,0
26/09/2018,Valencia,Celta,1,1,D,14,9,5,3,0,2,18,7,1,3,0,0
27/09/2018,Alaves,Getafe,1,1,D,15,13,2,5,5,7,8,22,4,2,0,0
27/09/2018,Girona,Betis,0,1,A,8,14,2,6,5,1,17,14,1,3,0,0
27/09/2018,Valladolid,Levante,2,1,H,20,9,6,4,8,6,17,10,1,4,0,1
28/09/2018,Vallecano,Espanol,2,2,D,11,12,5,5,5,3,13,16,3,3,0,0
29/09/2018,Barcelona,Ath Bilbao,1,1,D,20,8,8,2,4,3,9,18,3,3,0,0
29/09/2018,Eibar,Sevilla,1,3,A,15,7,2,5,6,3,16,9,2,3,0,0
29/09/2018,Real Madrid,Ath Madrid,0,0,D,15,8,6,3,8,6,7,17,3,4,0,0
29/09/2018,Sociedad,Valencia,0,1,A,10,9,5,2,3,0,13,18,3,5,0,0
30/09/2018,Betis,Leganes,1,0,H,17,11,4,5,7,1,7,10,0,4,0,0
30/09/2018,Huesca,Girona,1,1,D,13,14,6,4,5,5,14,14,4,2,0,0
30/09/2018,Levante,Alaves,2,1,H,14,14,4,2,9,4,22,19,7,1,0,0
30/09/2018,Villarreal,Valladolid,0,1,A,27,9,7,3,7,2,17,12,3,3,0,0
01/10/2018,Celta,Getafe,1,1,D,8,12,2,4,3,9,13,15,2,2,0,0
05/10/2018,Ath Bilbao,Sociedad,1,3,A,13,6,5,3,11,0,15,19,6,5,0,0
06/10/2018,Alaves,Real Madrid,1,0,H,8,13,4,6,4,3,20,10,1,0,0,0
06/10/2018,Getafe,Levante,0,1,A,15,12,4,3,10,2,17,18,4,5,1,0
06/10/2018,Girona,Eibar,2,3,A,10,12,3,4,4,9,9,17,3,6,0,0
06/10/2018,Leganes,Vallecano,1,0,H,13,6,4,2,6,4,12,12,1,4,0,1
07/10/2018,Ath Madrid,Betis,1,0,H,13,5,5,0,6,4,16,10,5,3,0,0
07/10/2018,Espanol,Villarreal,3,1,H,28,13,12,6,10,3,13,8,3,2,0,0
07/10/2018,Sevilla,Celta,2,1,H,12,13,3,5,8,8,14,9,3,4,0,1
07/10/2018,Valencia,Barcelona,1,1,D,10,10,3,5,5,2,11,6,2,2,0,0
07/10/2018,Valladolid,Huesca,1,0,H,9,11,3,1,6,2,9,13,1,2,0,0
19/10/2018,Celta,Alaves,0,1,A,19,9,9,2,6,2,9,12,2,3,0,0
20/10/2018,Barcelona,Sevilla,4,2,H,23,19,9,7,5,7,10,16,0,1,0,0
20/10/2018,Real Madrid,Levante,1,2,A,34,6,12,2,15,1,10,19,1,2,0,0
20/10/2018,Valencia,Leganes,1,1,D,18,7,4,5,10,1,9,13,1,2,0,0
20/10/2018,Villarreal,Ath Madrid,1,1,D,18,15,6,4,8,7,16,9,3,1,0,0
21/10/2018,Betis,Valladolid,0,1,A,20,6,4,2,9,6,7,10,0,4,0,0
21/10/2018,Eibar,Ath Bilbao,1,1,D,18,6,6,3,8,2,7,13,2,3,0,0
21/10/2018,Huesca,Espanol,0,2,A,10,6,2,2,6,4,21,14,3,3,0,0
21/10/2018,Vallecano,Getafe,1,2,A,10,5,3,2,6,2,14,25,5,5,1,0
22/10/2018,Sociedad,Girona,0,0,D,14,12,8,2,7,6,14,15,3,1,0,0
24/10/2018,Vallecano,Ath Bilbao,1,1,D,11,12,3,4,5,4,14,9,1,1,0,0
26/10/2018,Valladolid,Espanol,1,1,D,15,11,2,4,5,2,16,16,4,2,0,0
27/10/2018,Ath Bilbao,Valencia,0,0,D,13,11,2,3,5,2,25,22,2,5,0,0
27/10/2018,Ath Madrid,Sociedad,2,0,H,14,7,4,0,10,1,10,7,2,1,0,0
27/10/2018,Celta,Eibar,4,0,H,10,17,6,5,2,8,9,8,0,0,0,0
27/10/2018,Girona,Vallecano,2,1,H,14,14,6,5,4,7,11,16,1,3,1,0
27/10/2018,Levante,Leganes,2,0,H,9,21,4,6,3,2,12,14,2,2,0,0
28/10/2018,Alaves,Villarreal,2,1,H,19,9,6,2,8,4,9,11,1,1,0,0
28/10/2018,Barcelona,Real Madrid,5,1,H,13,15,8,4,4,2,17,14,2,2,0,0
28/10/2018,Getafe,Betis,2,0,H,16,7,7,3,5,4,9,14,1,2,0,0
28/10/2018,Sevilla,Huesca,2,1,H,15,11,4,2,4,2,9,14,2,3,0,0
03/11/2018,Leganes,Ath Madrid,1,1,D,8,9,3,4,4,7,18,12,4,2,0,0
03/11/2018,Real Madrid,Valladolid,2,0,H,16,12,7,2,8,6,14,7,1,0,0,0
03/11/2018,Valencia,Girona,0,1,A,27,5,9,3,11,2,14,13,4,4,0,0
03/11/2018,Vallecano,Barcelona,2,3,A,11,9,5,5,3,1,23,11,4,2,0,0
04/11/2018,Betis,Celta,3,3,D,14,14,6,7,4,4,12,11,4,2,0,0
04/11/2018,Eibar,Alaves,2,1,H,23,9,8,3,13,1,11,7,4,0,1,1
04/11/2018,Huesca,Getafe,1,1,D,18,8,7,2,10,2,18,13,5,3,0,0
04/11/2018,Sociedad,Sevilla,0,0,D,10,8,1,1,7,7,8,17,1,3,0,0
04/11/2018,Villarreal,Levante,1,1,D,23,13,4,2,5,4,14,10,3,3,0,0
05/11/2018,Espanol,Ath Bilbao,1,0,H,8,10,3,2,2,1,15,13,1,3,0,0
09/11/2018,Levante,Sociedad,1,3,A,17,15,2,4,6,4,17,12,6,1,0,0
10/11/2018,Ath Madrid,Ath Bilbao,3,2,H,9,6,3,5,12,2,8,15,5,4,0,1
10/11/2018,Getafe,Valencia,0,1,A,17,7,3,3,6,4,23,8,3,3,1,0
10/11/2018,Girona,Leganes,0,0,D,5,10,0,1,0,6,13,13,1,4,0,0
10/11/2018,Valladolid,Eibar,0,0,D,9,16,1,6,4,4,16,15,2,4,0,1
11/11/2018,Alaves,Huesca,2,1,H,13,9,5,2,5,4,20,13,3,4,0,0
11/11/2018,Barcelona,Betis,3,4,A,20,15,5,8,10,5,13,11,4,2,1,0
11/11/2018,Celta,Real Madrid,2,4,A,15,14,4,5,5,1,19,13,4,2,1,0
11/11/2018,Sevilla,Espanol,2,1,H,23,15,10,7,6,3,18,10,4,2,0,0
11/11/2018,Vallecano,Villarreal,2,2,D,15,11,7,5,8,4,7,12,1,3,0,1
23/11/2018,Leganes,Alaves,1,0,H,13,7,6,2,5,3,10,13,2,4,0,0
24/11/2018,Ath Madrid,Barcelona,1,1,D,3,8,1,2,2,8,19,12,5,3,0,0
24/11/2018,Eibar,Real Madrid,3,0,H,14,9,8,3,5,4,17,8,2,1,0,0
24/11/2018,Huesca,Levante,2,2,D,32,5,12,3,7,2,11,8,4,3,1,0
24/11/2018,Valencia,Vallecano,3,0,H,13,13,10,3,6,5,15,14,2,4,0,1
25/11/2018,Ath Bilbao,Getafe,1,1,D,8,15,4,2,2,2,10,12,5,4,0,0
25/11/2018,Espanol,Girona,1,3,A,18,16,10,11,8,3,16,14,3,4,0,0
25/11/2018,Sevilla,Valladolid,1,0,H,17,13,9,5,8,6,15,15,3,3,0,0
25/11/2018,Villarreal,Betis,2,1,H,13,13,8,6,5,4,15,13,2,1,0,0
26/11/2018,Sociedad,Celta,2,1,H,15,6,8,2,6,2,12,14,2,2,0,0
30/11/2018,Vallecano,Eibar,1,0,H,5,13,2,5,1,4,15,12,5,3,0,0
01/12/2018,Celta,Huesca,2,0,H,12,8,5,3,4,4,14,14,2,3,0,0
01/12/2018,Getafe,Espanol,3,0,H,14,8,5,2,7,4,17,16,3,2,0,0
01/12/2018,Real Madrid,Valencia,2,0,H,13,7,3,2,2,2,11,10,1,3,0,0
01/12/2018,Valladolid,Leganes,2,4,A,20,14,6,5,6,5,5,13,0,3,0,0
02/12/2018,Alaves,Sevilla,1,1,D,11,14,3,3,2,5,21,14,3,3,0,0
02/12/2018,Barcelona,Villarreal,2,0,H,16,12,7,2,11,1,9,17,2,4,0,0
02/12/2018,Betis,Sociedad,1,0,H,6,6,4,4,6,4,18,18,4,2,0,0
02/12/2018,Girona,Ath Madrid,1,1,D,13,17,3,3,2,9,8,16,0,5,0,0
03/12/2018,Levante,Ath Bilbao,3,0,H,17,12,7,3,2,6,11,15,3,5,0,1
07/12/2018,Leganes,Getafe,1,1,D,17,6,5,2,7,2,12,13,1,2,1,0
08/12/2018,Ath Madrid,Alaves,3,0,H,12,13,5,3,5,5,20,15,5,4,0,0
08/12/2018,Espanol,Barcelona,0,4,A,15,17,3,9,11,4,16,10,1,0,0,0
08/12/2018,Valencia,Sevilla,1,1,D,16,11,6,3,6,4,13,17,0,4,0,0
08/12/2018,Villarreal,Celta,2,3,A,13,14,3,7,6,1,12,10,3,3,0,0
09/12/2018,Betis,Vallecano,2,0,H,8,12,3,3,2,9,13,20,2,3,0,0
09/12/2018,Eibar,Levante,4,4,D,32,14,7,5,12,3,11,7,2,2,0,0
09/12/2018,Huesca,Real Madrid,0,1,A,11,5,4,4,11,6,12,10,2,2,0,0
09/12/2018,Sociedad,Valladolid,1,2,A,23,10,5,6,11,6,9,16,2,2,0,0
10/12/2018,Ath Bilbao,Girona,1,0,H,25,3,10,1,11,0,17,15,3,1,0,0
14/12/2018,Celta,Leganes,0,0,D,15,5,2,2,10,0,11,11,3,3,0,0
15/12/2018,Eibar,Valencia,1,1,D,18,11,6,4,4,2,11,15,0,1,0,0
15/12/2018,Getafe,Sociedad,1,0,H,9,9,2,4,2,3,24,14,3,4,0,0
15/12/2018,Real Madrid,Vallecano,1,0,H,9,11,4,3,4,4,15,18,0,3,0,0
15/12/2018,Valladolid,Ath Madrid,2,3,A,8,14,2,5,9,3,16,13,4,1,0,0
16/12/2018,Espanol,Betis,1,3,A,10,12,3,5,0,4,23,10,3,4,0,0
16/12/2018,Huesca,Villarreal,2,2,D,30,10,13,5,13,2,12,11,4,5,0,1
16/12/2018,Levante,Barcelona,0,5,A,20,16,6,9,15,3,12,9,2,3,1,0
16/12/2018,Sevilla,Girona,2,0,H,17,8,5,2,5,3,18,12,2,1,0,0
17/12/2018,Alaves,Ath Bilbao,0,0,D,11,6,2,3,5,3,16,13,2,2,0,0
21/12/2018,Girona,Getafe,1,1,D,12,5,4,2,4,1,9,13,1,2,0,0
21/12/2018,Sociedad,Alaves,0,1,A,18,9,4,3,10,1,14,11,2,4,0,0
22/12/2018,Ath Bilbao,Valladolid,1,1,D,8,5,3,2,3,1,25,12,3,2,0,0
22/12/2018,Ath Madrid,Espanol,1,0,H,8,18,5,4,5,9,16,13,1,1,0,0
22/12/2018,Barcelona,Celta,2,0,H,9,11,5,1,4,6,14,15,0,1,0,0
22/12/2018,Betis,Eibar,1,1,D,4,15,2,4,4,11,11,13,2,4,0,0
23/12/2018,Leganes,Sevilla,1,1,D,13,8,4,2,3,6,14,9,3,3,0,1
23/12/2018,Valencia,Huesca,2,1,H,19,11,8,4,12,5,14,15,7,4,0,0
23/12/2018,Vallecano,Levante,2,1,H,18,12,8,7,3,5,13,10,2,2,0,0
03/01/2019,Villarreal,Real Madrid,2,2,D,12,14,4,7,6,4,12,13,2,2,0,0
04/01/2019,Espanol,Leganes,1,0,H,12,10,1,2,3,6,10,17,2,5,0,1
04/01/2019,Levante,Girona,2,2,D,19,9,8,2,8,2,18,16,3,1,1,0
05/01/2019,Alaves,Valencia,2,1,H,14,14,5,2,2,6,10,13,3,3,0,0
05/01/2019,Huesca,Betis,2,1,H,11,7,6,1,4,6,21,7,3,2,0,0
05/01/2019,Valladolid,Vallecano,0,1,A,12,9,5,5,9,5,16,23,0,3,0,0
06/01/2019,Eibar,Villarreal,0,0,D,24,7,6,4,13,1,12,17,0,2,0,0
06/01/2019,Getafe,Barcelona,1,2,A,10,12,2,8,4,4,23,12,4,3,0,0
06/01/2019,Real Madrid,Sociedad,0,2,A,28,12,8,4,10,4,13,13,5,1,1,0
06/01/2019,Sevilla,Ath Madrid,1,1,D,15,12,5,7,4,5,15,11,5,7,0,0
07/01/2019,Celta,Ath Bilbao,1,2,A,17,8,3,4,3,2,16,21,2,5,0,0
11/01/2019,Vallecano,Celta,4,2,H,11,13,8,4,7,5,12,8,4,1,0,0
12/01/2019,Girona,Alaves,1,1,D,9,15,4,4,6,3,21,14,4,2,0,0
12/01/2019,Leganes,Huesca,1,0,H,14,9,7,3,4,4,11,9,3,3,0,0
12/01/2019,Valencia,Valladolid,1,1,D,17,6,5,1,7,0,15,18,2,5,0,0
12/01/2019,Villarreal,Getafe,1,2,A,17,9,6,4,6,1,14,13,5,3,0,0
13/01/2019,Ath Bilbao,Sevilla,2,0,H,10,10,3,4,7,6,14,14,4,3,0,0
13/01/2019,Ath Madrid,Levante,1,0,H,19,7,5,2,5,2,9,17,0,3,0,0
13/01/2019,Barcelona,Eibar,3,0,H,7,15,6,2,2,3,10,12,2,1,0,0
13/01/2019,Betis,Real Madrid,1,2,A,9,14,2,5,6,5,9,13,2,3,0,0
14/01/2019,Sociedad,Espanol,3,2,H,9,21,4,2,7,3,15,12,7,4,1,0
18/01/2019,Getafe,Alaves,4,0,H,12,6,5,0,4,2,17,18,0,4,0,0
19/01/2019,Celta,Valencia,1,2,A,12,13,4,8,4,6,18,12,4,3,0,0
19/01/2019,Huesca,Ath Madrid,0,3,A,14,15,3,8,6,5,15,13,2,2,0,0
19/01/2019,Real Madrid,Sevilla,2,0,H,23,4,6,1,7,4,9,14,2,3,0,0
20/01/2019,Barcelona,Leganes,3,1,H,15,5,7,2,5,1,12,18,3,3,0,0
20/01/2019,Betis,Girona,3,2,H,12,8,5,5,7,2,9,12,2,4,0,0
20/01/2019,Levante,Valladolid,2,0,H,13,13,4,3,3,2,12,18,6,5,0,0
20/01/2019,Vallecano,Sociedad,2,2,D,11,10,4,4,2,9,14,10,2,1,0,0
20/01/2019,Villarreal,Ath Bilbao,1,1,D,3,9,1,2,1,3,17,13,4,1,0,0
21/01/2019,Eibar,Espanol,3,0,H,16,6,9,0,6,2,16,10,2,5,0,0
26/01/2019,Ath Madrid,Getafe,2,0,H,10,6,6,2,3,6,11,26,2,7,0,2
26/01/2019,Leganes,Eibar,2,2,D,9,5,3,2,4,5,15,14,2,3,0,0
26/01/2019,Sevilla,Levante,5,0,H,23,7,9,0,5,8,15,13,2,1,0,0
26/01/2019,Valencia,Villarreal,3,0,H,18,14,9,5,7,4,13,8,1,3,0,0
27/01/2019,Ath Bilbao,Betis,1,0,H,11,8,2,2,6,4,20,6,4,2,1,0
27/01/2019,Espanol,Real Madrid,2,4,A,13,16,6,9,1,6,15,17,3,4,0,1
27/01/2019,Girona,Barcelona,0,2,A,13,15,5,7,3,8,18,12,5,3,1,0
27/01/2019,Sociedad,Huesca,0,0,D,8,8,1,1,5,2,9,22,0,3,0,0
27/01/2019,Valladolid,Celta,2,1,H,19,8,7,3,7,5,15,19,2,5,0,1
28/01/2019,Alaves,Vallecano,0,1,A,16,14,1,3,7,4,14,19,2,5,0,0
01/02/2019,Huesca,Valladolid,4,0,H,11,9,7,4,7,7,17,11,6,2,0,0
02/02/2019,Barcelona,Valencia,2,2,D,20,14,8,7,9,1,8,5,3,0,0,0
02/02/2019,Celta,Sevilla,1,0,H,10,13,4,2,4,9,13,12,4,4,0,0
02/02/2019,Levante,Getafe,0,0,D,8,9,4,2,5,5,7,15,4,3,0,0
02/02/2019,Sociedad,Ath Bilbao,2,1,H,6,8,2,5,3,3,17,13,1,1,0,0
03/02/2019,Betis,Ath Madrid,1,0,H,7,13,3,1,1,7,7,21,4,3,0,0
03/02/2019,Eibar,Girona,3,0,H,17,6,5,2,8,5,12,9,2,1,0,0
03/02/2019,Real Madrid,Alaves,3,0,H,22,8,8,1,7,2,10,12,0,3,0,0
03/02/2019,Villarreal,Espanol,2,2,D,14,17,5,2,3,2,22,16,4,5,0,0
04/02/2019,Vallecano,Leganes,1,2,A,15,13,6,4,5,6,19,10,6,4,0,1
08/02/2019,Valladolid,Villarreal,0,0,D,9,7,3,3,8,3,13,18,3,2,0,0
09/02/2019,Ath Madrid,Real Madrid,1,3,A,11,11,2,4,3,4,21,16,7,3,1,0
09/02/2019,Espanol,Vallecano,2,1,H,15,9,5,3,6,2,11,19,0,2,0,0
09/02/2019,Getafe,Celta,3,1,H,12,13,6,3,4,3,16,13,3,3,0,1
09/02/2019,Girona,Huesca,0,2,A,13,6,7,6,13,2,9,18,3,1,1,0
10/02/2019,Ath Bilbao,Barcelona,0,0,D,13,10,5,2,6,4,23,10,4,2,1,0
10/02/2019,Leganes,Betis,3,0,H,16,3,4,1,4,4,22,11,4,2,0,1
10/02/2019,Sevilla,Eibar,2,2,D,13,8,4,4,9,7,11,7,4,2,1,0
10/02/2019,Valencia,Sociedad,0,0,D,10,8,4,1,7,5,11,18,2,4,0,0
11/02/2019,Alaves,Levante,2,0,H,16,8,4,0,3,10,14,18,3,2,0,0
15/02/2019,Eibar,Getafe,2,2,D,11,7,6,4,3,3,12,12,2,2,0,0
16/02/2019,Barcelona,Valladolid,1,0,H,20,10,8,0,3,5,12,18,1,3,0,0
16/02/2019,Celta,Levante,1,4,A,14,14,7,8,5,7,12,17,1,1,1,0
16/02/2019,Sociedad,Leganes,3,0,H,15,8,6,3,4,1,10,16,4,2,0,0
16/02/2019,Vallecano,Ath Madrid,0,1,A,12,4,6,3,4,6,10,14,0,1,0,0
17/02/2019,Betis,Alaves,1,1,D,19,6,10,3,6,3,10,12,4,1,0,0
17/02/2019,Real Madrid,Girona,1,2,A,19,14,7,6,7,0,13,18,3,2,1,0
17/02/2019,Valencia,Espanol,0,0,D,21,6,1,1,10,2,12,10,2,4,0,1
17/02/2019,Villarreal,Sevilla,3,0,H,12,21,6,5,6,4,7,12,4,1,0,0
18/02/2019,Huesca,Ath Bilbao,0,1,A,12,9,2,4,3,5,16,11,5,1,0,0
22/02/2019,Espanol,Huesca,1,1,D,13,13,2,4,7,4,9,16,2,4,0,0
23/02/2019,Alaves,Celta,0,0,D,17,8,4,2,3,4,15,9,2,2,0,0
23/02/2019,Ath Bilbao,Eibar,1,0,H,9,7,4,2,10,2,10,17,3,4,0,0
23/02/2019,Getafe,Vallecano,2,1,H,11,7,2,2,2,2,12,13,2,1,0,0
23/02/2019,Sevilla,Barcelona,2,4,A,13,17,4,8,3,8,15,11,6,1,0,0
24/02/2019,Ath Madrid,Villarreal,2,0,H,15,14,7,3,6,7,9,10,0,3,0,0
24/02/2019,Leganes,Valencia,1,1,D,17,6,6,1,4,2,14,10,5,3,0,0
24/02/2019,Levante,Real Madrid,1,2,A,11,19,2,5,4,6,17,11,5,3,1,1
24/02/2019,Valladolid,Betis,0,2,A,10,6,2,3,13,4,10,9,1,2,0,0
25/02/2019,Girona,Sociedad,0,0,D,10,7,3,1,3,5,26,15,4,1,0,0
01/03/2019,Vallecano,Girona,0,2,A,9,12,3,4,7,1,17,23,3,4,1,0
02/03/2019,Espanol,Valladolid,3,1,H,15,14,6,3,5,3,17,8,2,2,0,0
02/03/2019,Huesca,Sevilla,2,1,H,7,12,3,5,3,12,15,16,5,4,0,0
02/03/2019,Real Madrid,Barcelona,0,1,A,17,10,3,4,8,6,16,13,3,2,0,0
02/03/2019,Villarreal,Alaves,1,2,A,9,10,2,2,8,2,15,12,2,3,0,0
03/03/2019,Betis,Getafe,1,2,A,6,11,2,5,4,4,14,14,2,2,0,0
03/03/2019,Eibar,Celta,1,0,H,15,3,4,1,7,0,14,16,1,1,0,0
03/03/2019,Sociedad,Ath Madrid,0,2,A,19,8,3,3,7,3,12,17,1,4,0,1
03/03/2019,Valencia,Ath Bilbao,2,0,H,11,4,3,1,6,2,12,13,0,3,0,0
04/03/2019,Leganes,Levante,1,0,H,14,15,3,4,2,2,15,10,6,4,0,0
08/03/2019,Ath Bilbao,Espanol,1,1,D,15,5,6,2,7,0,13,20,3,5,0,0
09/03/2019,Alaves,Eibar,1,1,D,16,20,3,3,3,5,10,18,1,1,0,0
09/03/2019,Ath Madrid,Leganes,1,0,H,13,3,4,2,4,4,9,7,2,2,0,0
09/03/2019,Barcelona,Vallecano,3,1,H,12,8,6,1,10,4,12,17,1,2,0,0
09/03/2019,Getafe,Huesca,2,1,H,14,8,6,1,13,1,14,17,0,4,0,0
10/03/2019,Celta,Betis,0,1,A,7,14,1,4,4,4,17,16,3,0,0,0
10/03/2019,Girona,Valencia,2,3,A,18,11,8,6,6,1,13,10,1,4,0,1
10/03/2019,Levante,Villarreal,0,2,A,11,13,3,5,8,2,8,21,3,5,0,0
10/03/2019,Sevilla,Sociedad,5,2,H,22,9,11,2,7,2,12,13,2,2,0,0
10/03/2019,Valladolid,Real Madrid,1,4,A,10,15,2,6,5,12,14,12,1,6,0,1
15/03/2019,Sociedad,Levante,1,1,D,22,8,7,3,5,3,10,12,2,2,0,0
16/03/2019,Ath Bilbao,Ath Madrid,2,0,H,9,9,5,2,1,7,12,4,3,1,0,0
16/03/2019,Huesca,Alaves,1,3,A,7,12,2,5,2,2,21,23,1,3,0,0
16/03/2019,Leganes,Girona,0,2,A,12,8,3,4,6,2,20,6,8,1,0,0
16/03/2019,Real Madrid,Celta,2,0,H,22,6,7,1,9,2,15,8,1,0,0,0
17/03/2019,Betis,Barcelona,1,4,A,13,16,3,9,3,7,10,11,1,2,0,0
17/03/2019,Eibar,Valladolid,1,2,A,15,8,3,3,5,0,16,14,4,2,0,0
17/03/2019,Espanol,Sevilla,0,1,A,13,12,3,3,6,5,11,14,3,4,1,1
17/03/2019,Valencia,Getafe,0,0,D,8,9,2,1,3,5,13,22,3,4,0,0
17/03/2019,Villarreal,Vallecano,3,1,H,12,7,4,3,5,5,16,7,3,3,0,0
29/03/2019,Girona,Ath Bilbao,1,2,A,6,8,2,5,3,3,18,18,2,4,0,0
30/03/2019,Alaves,Ath Madrid,0,4,A,14,11,4,7,9,2,10,8,2,2,0,0
30/03/2019,Barcelona,Espanol,2,0,H,13,4,3,2,5,2,15,14,0,4,0,0
30/03/2019,Celta,Villarreal,3,2,H,15,14,6,5,10,7,7,8,1,3,0,0
30/03/2019,Getafe,Leganes,0,2,A,9,7,2,3,3,4,15,25,5,2,0,0
31/03/2019,Levante,Eibar,2,2,D,7,17,2,3,6,7,9,12,2,1,0,0
31/03/2019,Real Madrid,Huesca,3,2,H,16,16,8,3,4,6,9,18,1,3,0,0
31/03/2019,Sevilla,Valencia,0,1,A,17,4,5,2,5,3,18,9,3,1,0,0
31/03/2019,Valladolid,Sociedad,1,1,D,10,10,4,1,7,5,18,8,4,1,0,0
31/03/2019,Vallecano,Betis,1,1,D,20,7,5,2,6,3,22,9,5,3,1,0
02/04/2019,Ath Madrid,Girona,2,0,H,17,12,7,4,4,3,10,9,1,0,0,0
02/04/2019,Espanol,Getafe,1,1,D,9,13,3,3,5,4,14,14,4,3,0,0
02/04/2019,Villarreal,Barcelona,4,4,D,16,15,9,9,5,3,10,10,4,7,1,0
03/04/2019,Ath Bilbao,Levante,3,2,H,14,11,7,6,2,9,13,14,3,7,0,1
03/04/2019,Eibar,Vallecano,2,1,H,12,13,6,2,2,6,14,9,2,2,0,0
03/04/2019,Huesca,Celta,3,3,D,23,11,7,5,5,0,9,12,2,3,0,0
03/04/2019,Valencia,Real Madrid,2,1,H,11,15,4,5,6,6,9,13,2,2,0,0
04/04/2019,Leganes,Valladolid,1,0,H,18,8,2,1,3,4,13,11,2,2,0,0
04/04/2019,Sevilla,Alaves,2,0,H,18,5,5,2,11,1,13,19,3,4,0,0
04/04/2019,Sociedad,Betis,2,1,H,15,11,7,6,3,6,12,13,2,3,0,0
06/04/2019,Barcelona,Ath Madrid,2,0,H,21,9,10,2,5,1,14,12,3,4,0,1
06/04/2019,Girona,Espanol,1,2,A,14,9,5,2,1,4,23,20,5,2,0,0
06/04/2019,Real Madrid,Eibar,2,1,H,13,3,7,1,5,4,9,15,0,1,0,0
06/04/2019,Vallecano,Valencia,2,0,H,15,12,5,3,4,7,17,10,2,3,0,0
07/04/2019,Alaves,Leganes,1,1,D,6,9,1,5,3,3,17,15,6,4,0,0
07/04/2019,Betis,Villarreal,2,1,H,17,10,7,4,4,3,15,14,4,4,0,0
07/04/2019,Celta,Sociedad,3,1,H,11,14,4,7,2,7,16,11,2,1,0,1
07/04/2019,Getafe,Ath Bilbao,1,0,H,6,9,2,1,1,2,16,18,2,1,0,0
07/04/2019,Levante,Huesca,2,2,D,14,17,8,4,9,1,22,12,2,4,0,0
07/04/2019,Valladolid,Sevilla,0,2,A,10,16,5,4,6,7,17,12,3,3,0,0
13/04/2019,Ath Madrid,Celta,2,0,H,11,10,5,3,1,2,9,15,2,2,0,0
13/04/2019,Espanol,Alaves,2,1,H,6,14,2,3,4,8,12,17,3,2,0,0
13/04/2019,Huesca,Barcelona,0,0,D,6,10,1,2,6,5,18,13,1,2,0,0
13/04/2019,Sevilla,Betis,3,2,H,11,12,5,7,5,4,18,8,6,3,0,0
14/04/2019,Ath Bilbao,Vallecano,3,2,H,15,8,9,4,3,6,10,16,1,3,0,1
14/04/2019,Girona,Villarreal,0,1,A,14,17,5,6,9,5,12,11,2,5,0,0
14/04/2019,Sociedad,Eibar,1,1,D,3,17,2,2,0,3,15,18,2,2,0,0
14/04/2019,Valencia,Levante,3,1,H,23,6,6,3,8,3,12,19,2,2,0,0
14/04/2019,Valladolid,Getafe,2,2,D,8,8,4,3,5,3,22,18,4,4,0,1
15/04/2019,Leganes,Real Madrid,1,1,D,5,13,2,6,1,5,11,12,0,3,0,0
19/04/2019,Alaves,Valladolid,2,2,D,10,12,4,7,5,7,17,16,3,5,0,0
20/04/2019,Barcelona,Sociedad,2,1,H,11,9,4,2,4,2,10,12,0,1,0,0
20/04/2019,Celta,Girona,2,1,H,13,9,8,1,5,1,7,10,2,1,0,0
20/04/2019,Eibar,Ath Madrid,0,1,A,10,8,2,4,5,8,11,12,3,1,0,0
20/04/2019,Vallecano,Huesca,0,0,D,16,10,3,3,8,3,12,10,4,2,0,0
21/04/2019,Betis,Valencia,1,2,A,23,4,7,3,8,2,19,13,4,2,0,1
21/04/2019,Getafe,Sevilla,3,0,H,10,12,3,2,2,7,19,15,3,6,1,1
21/04/2019,Levante,Espanol,2,2,D,19,14,5,7,12,7,13,15,4,1,1,0
21/04/2019,Real Madrid,Ath Bilbao,3,0,H,11,5,4,3,8,2,12,16,2,4,0,0
21/04/2019,Villarreal,Leganes,2,1,H,11,6,5,2,7,4,12,15,2,1,0,0
23/04/2019,Alaves,Barcelona,0,2,A,6,17,1,6,1,4,19,9,3,1,0,0
23/04/2019,Huesca,Eibar,2,0,H,12,7,3,4,5,3,16,16,4,1,0,0
23/04/2019,Valladolid,Girona,1,0,H,13,6,4,0,4,5,17,17,4,3,0,0
24/04/2019,Ath Madrid,Valencia,3,2,H,14,12,6,4,4,3,17,13,3,3,0,0
24/04/2019,Espanol,Celta,1,1,D,9,18,2,6,2,4,15,8,2,1,0,0
24/04/2019,Leganes,Ath Bilbao,0,1,A,14,3,1,2,2,2,11,14,1,2,0,0
24/04/2019,Levante,Betis,4,0,H,6,7,4,2,3,4,9,15,2,3,0,0
25/04/2019,Getafe,Real Madrid,0,0,D,9,12,5,4,9,4,17,15,1,3,0,0
25/04/2019,Sevilla,Vallecano,5,0,H,20,12,11,3,5,4,10,12,1,2,0,0
25/04/2019,Sociedad,Villarreal,0,1,A,13,8,2,3,6,3,11,14,2,3,0,0
27/04/2019,Ath Bilbao,Alaves,1,1,D,14,14,1,3,8,6,14,17,2,2,0,0
27/04/2019,Ath Madrid,Valladolid,1,0,H,13,13,1,4,7,3,19,12,4,2,0,0
27/04/2019,Barcelona,Levante,1,0,H,23,7,12,2,6,3,17,12,4,3,0,0
27/04/2019,Leganes,Celta,0,0,D,10,8,1,2,4,6,16,5,1,0,0,0
28/04/2019,Girona,Sevilla,1,0,H,15,7,4,3,3,6,12,18,1,2,0,1
28/04/2019,Sociedad,Getafe,2,1,H,11,12,7,3,5,7,17,14,2,3,0,0
28/04/2019,Valencia,Eibar,0,1,A,7,13,2,3,7,6,10,15,2,3,0,0
28/04/2019,Vallecano,Real Madrid,1,0,H,11,9,5,3,6,6,21,6,2,5,0,0
28/04/2019,Villarreal,Huesca,1,1,D,18,13,5,3,0,1,15,22,5,2,0,1
29/04/2019,Betis,Espanol,1,1,D,18,10,5,4,6,5,16,14,4,1,0,0
03/05/2019,Sevilla,Leganes,0,3,A,7,9,3,5,3,4,11,23,1,1,0,0
04/05/2019,Alaves,Sociedad,0,1,A,17,9,6,2,13,6,7,22,1,3,0,0
04/05/2019,Celta,Barcelona,2,0,H,14,8,6,1,11,1,11,13,1,5,0,0
04/05/2019,Espanol,Ath Madrid,3,0,H,11,11,5,3,5,6,11,14,1,2,0,0
04/05/2019,Levante,Vallecano,4,1,H,12,20,7,3,6,7,17,12,1,4,0,1
05/05/2019,Eibar,Betis,1,0,H,14,12,6,6,11,8,15,7,3,2,0,0
05/05/2019,Getafe,Girona,2,0,H,13,4,8,2,1,3,15,13,3,3,0,1
05/05/2019,Huesca,Valencia,2,6,A,24,10,4,7,7,5,10,9,2,1,0,0
05/05/2019,Real Madrid,Villarreal,3,2,H,24,15,11,7,8,3,9,14,0,3,0,0
05/05/2019,Valladolid,Ath Bilbao,1,0,H,10,9,3,1,1,3,14,22,5,5,0,0
12/05/2019,Ath Bilbao,Celta,3,1,H,8,3,4,2,3,3,16,18,4,3,0,0
12/05/2019,Ath Madrid,Sevilla,1,1,D,11,11,4,5,5,7,16,12,5,4,0,0
12/05/2019,Barcelona,Getafe,2,0,H,13,11,8,0,4,3,9,13,1,3,0,0
12/05/2019,Betis,Huesca,2,1,H,17,9,8,2,9,2,13,15,3,5,0,1
12/05/2019,Girona,Levante,1,2,A,14,6,6,2,9,2,15,16,2,3,0,0
12/05/2019,Leganes,Espanol,0,2,A,11,19,4,7,6,7,11,9,4,1,1,0
12/05/2019,Sociedad,Real Madrid,3,1,H,19,6,7,2,5,2,12,16,1,2,0,1
12/05/2019,Valencia,Alaves,3,1,H,10,10,4,3,7,4,9,14,2,5,0,0
12/05/2019,Vallecano,Valladolid,1,2,A,16,9,5,6,4,2,13,9,2,2,0,0
12/05/2019,Villarreal,Eibar,1,0,H,11,4,3,0,5,3,11,14,3,2,0,0
18/05/2019,Alaves,Girona,2,1,H,14,13,7,4,6,4,13,10,3,3,0,0
18/05/2019,Celta,Vallecano,2,2,D,14,11,5,4,3,5,16,20,0,4,0,0
18/05/2019,Espanol,Sociedad,2,0,H,9,11,4,2,4,5,13,13,3,2,0,0
18/05/2019,Getafe,Villarreal,2,2,D,17,8,5,4,6,4,16,20,2,3,0,0
18/05/2019,Huesca,Leganes,2,1,H,15,9,6,1,4,6,18,12,0,1,0,0
18/05/2019,Levante,Ath Madrid,2,2,D,17,17,7,8,6,4,9,7,0,1,0,1
18/05/2019,Sevilla,Ath Bilbao,2,0,H,9,9,3,1,2,3,14,19,4,2,0,0
18/05/2019,Valladolid,Valencia,0,2,A,19,9,4,6,8,2,12,10,1,3,0,0
19/05/2019,Eibar,Barcelona,2,2,D,15,6,8,3,5,2,11,3,4,2,0,0
19/05/2019,Real Madrid,Betis,0,2,A,9,9,2,7,1,5,17,11,4,1,0,0
16/08/2019,Ath Bilbao,Barcelona,1,0,H,11,11,5,2,3,8,14,9,1,1,0,0
17/08/2019,Celta,Real Madrid,1,3,A,7,17,4,11,6,4,17,12,5,2,0,1
17/08/2019,Valencia,Sociedad,1,1,D,14,12,6,3,3,3,13,14,4,4,1,0
17/08/2019,Mallorca,Eibar,2,1,H,16,11,4,5,9,3,13,14,2,3,0,0
17/08/2019,Leganes,Osasuna,0,1,A,13,4,2,2,8,0,17,11,1,4,1,0
17/08/2019,Villarreal,Granada,4,4,D,12,14,7,7,2,7,10,16,3,1,0,0
18/08/2019,Alaves,Levante,1,0,H,9,16,2,4,2,9,18,15,2,1,0,0
18/08/2019,Espanol,Sevilla,0,2,A,7,12,2,4,8,4,11,17,2,2,0,0
18/08/2019,Betis,Valladolid,1,2,A,13,14,4,3,6,1,11,19,2,6,1,0
18/08/2019,Ath Madrid,Getafe,1,0,H,5,6,5,0,3,4,19,22,3,4,1,1
23/08/2019,Granada,Sevilla,0,1,A,12,11,0,6,6,6,13,14,1,1,0,0
23/08/2019,Levante,Villarreal,2,1,H,16,23,4,6,7,3,5,9,1,2,0,0
24/08/2019,Osasuna,Eibar,0,0,D,6,12,2,0,6,6,15,12,4,4,0,0
24/08/2019,Real Madrid,Valladolid,1,1,D,22,9,4,2,4,3,12,11,2,2,0,0
24/08/2019,Celta,Valencia,1,0,H,11,9,6,1,6,4,8,12,1,2,0,0
24/08/2019,Getafe,Ath Bilbao,1,1,D,6,4,2,2,4,6,15,11,2,1,0,0
25/08/2019,Alaves,Espanol,0,0,D,10,5,2,1,3,5,13,10,3,1,0,0
25/08/2019,Mallorca,Sociedad,0,1,A,12,12,4,4,5,5,16,12,1,2,0,0
25/08/2019,Leganes,Ath Madrid,0,1,A,10,6,4,4,9,4,12,13,4,5,0,0
25/08/2019,Barcelona,Betis,5,2,H,20,4,7,3,11,0,14,12,1,1,0,0
30/08/2019,Sevilla,Celta,1,1,D,19,2,5,1,9,1,16,9,4,2,0,0
30/08/2019,Ath Bilbao,Sociedad,2,0,H,15,2,5,2,3,0,17,17,2,3,0,0
31/08/2019,Osasuna,Barcelona,2,2,D,15,8,5,4,3,2,16,9,3,4,0,0
31/08/2019,Getafe,Alaves,1,1,D,15,5,1,1,4,2,11,17,3,1,0,0
31/08/2019,Levante,Valladolid,2,0,H,16,15,3,4,6,6,9,10,2,2,0,0
31/08/2019,Betis,Leganes,2,1,H,17,19,5,7,11,8,14,15,4,2,0,0
01/09/2019,Valencia,Mallorca,2,0,H,9,12,4,1,7,4,6,19,0,1,0,0
01/09/2019,Ath Madrid,Eibar,3,2,H,7,6,3,2,1,1,9,15,0,3,0,0
01/09/2019,Espanol,Granada,0,3,A,15,14,3,6,8,6,6,13,2,3,0,0
01/09/2019,Villarreal,Real Madrid,2,2,D,10,17,5,5,1,8,8,14,1,4,0,1
13/09/2019,Mallorca,Ath Bilbao,0,0,D,10,11,1,5,4,6,15,18,4,3,0,0
14/09/2019,Real Madrid,Levante,3,2,H,25,8,11,3,9,6,13,10,2,2,0,0
14/09/2019,Leganes,Villarreal,0,3,A,10,8,4,4,8,6,14,11,2,0,0,0
14/09/2019,Sociedad,Ath Madrid,2,0,H,14,12,5,2,5,5,13,10,1,3,0,0
14/09/2019,Barcelona,Valencia,5,2,H,17,9,10,3,2,5,11,11,1,4,0,0
15/09/2019,Eibar,Espanol,1,2,A,11,7,1,2,7,2,14,16,2,4,0,1
15/09/2019,Alaves,Sevilla,0,1,A,7,19,0,7,2,6,13,7,5,5,0,0
15/09/2019,Celta,Granada,0,2,A,4,13,0,3,3,5,11,13,4,2,2,0
15/09/2019,Valladolid,Osasuna,1,1,D,11,17,1,5,10,6,9,10,0,1,0,0
15/09/2019,Betis,Getafe,1,1,D,7,12,2,4,5,6,11,28,3,6,2,0
20/09/2019,Osasuna,Betis,0,0,D,12,7,6,2,9,4,15,9,1,2,0,0
21/09/2019,Villarreal,Valladolid,2,0,H,18,7,6,3,4,8,12,8,2,1,0,0
21/09/2019,Levante,Eibar,0,0,D,13,18,4,4,6,7,9,11,0,2,0,0
21/09/2019,Ath Madrid,Celta,0,0,D,20,6,5,3,13,3,14,12,3,5,0,0
21/09/2019,Granada,Barcelona,2,0,H,9,8,4,1,4,5,22,12,3,2,0,0
22/09/2019,Getafe,Mallorca,4,2,H,14,7,5,3,7,2,15,17,4,5,0,0
22/09/2019,Espanol,Sociedad,1,3,A,17,10,3,5,5,7,7,12,1,0,0,0
22/09/2019,Valencia,Leganes,1,1,D,13,13,4,4,6,6,14,23,3,4,0,0
22/09/2019,Ath Bilbao,Alaves,2,0,H,13,5,4,1,3,2,11,19,1,4,0,0
22/09/2019,Sevilla,Real Madrid,0,1,A,9,7,0,4,9,6,16,15,3,2,0,0
24/09/2019,Valladolid,Granada,1,1,D,9,6,5,4,6,3,21,18,3,2,0,0
24/09/2019,Betis,Levante,3,1,H,17,17,5,3,5,2,11,11,2,2,0,0
24/09/2019,Barcelona,Villarreal,2,1,H,8,11,4,3,6,5,4,13,4,2,0,0
25/09/2019,Leganes,Ath Bilbao,1,1,D,7,9,3,2,4,5,11,12,0,1,0,0
25/09/2019,Mallorca,Ath Madrid,0,2,A,9,13,3,3,8,5,8,15,3,5,0,1
25/09/2019,Valencia,Getafe,3,3,D,8,18,4,5,4,5,14,26,1,4,0,0
25/09/2019,Real Madrid,Osasuna,2,0,H,15,4,4,0,7,5,13,13,2,2,0,0
26/09/2019,Eibar,Sevilla,3,2,H,11,7,4,4,3,1,11,19,3,4,0,0
26/09/2019,Celta,Espanol,1,1,D,14,10,3,4,6,4,5,17,2,5,0,0
26/09/2019,Sociedad,Alaves,3,0,H,21,5,7,0,5,3,7,20,1,4,0,1
27/09/2019,Villarreal,Betis,5,1,H,17,11,10,6,3,7,13,8,2,2,0,0
28/09/2019,Ath Bilbao,Valencia,0,1,A,14,10,3,6,7,7,14,12,2,5,0,0
28/09/2019,Getafe,Barcelona,0,2,A,8,10,1,6,4,1,23,17,4,4,0,1
28/09/2019,Granada,Leganes,1,0,H,11,15,4,6,8,3,19,12,3,4,0,0
28/09/2019,Ath Madrid,Real Madrid,0,0,D,7,14,1,3,5,7,14,14,1,2,0,0
29/09/2019,Espanol,Valladolid,0,2,A,16,9,2,6,4,3,16,13,2,0,1,0
29/09/2019,Eibar,Celta,2,0,H,7,3,3,2,6,5,17,15,3,1,0,0
29/09/2019,Alaves,Mallorca,2,0,H,11,5,6,1,4,1,16,14,2,3,0,0
29/09/2019,Levante,Osasuna,1,1,D,10,18,5,3,7,11,12,12,6,0,1,0
29/09/2019,Sevilla,Sociedad,3,2,H,21,5,8,2,7,0,9,8,1,1,0,0
04/10/2019,Betis,Eibar,1,1,D,12,8,3,2,4,9,7,20,3,6,0,1
05/10/2019,Leganes,Levante,1,2,A,25,9,10,2,9,4,10,7,3,5,0,0
05/10/2019,Real Madrid,Granada,4,2,H,17,8,10,5,6,2,12,18,4,5,0,0
05/10/2019,Valencia,Alaves,2,1,H,11,10,3,4,4,7,7,16,1,3,0,0
05/10/2019,Osasuna,Villarreal,2,1,H,16,16,4,5,8,9,9,15,2,2,0,0
06/10/2019,Mallorca,Espanol,2,0,H,9,11,3,3,2,4,11,11,1,3,0,0
06/10/2019,Celta,Ath Bilbao,1,0,H,13,6,2,2,6,4,8,20,0,5,0,0
06/10/2019,Valladolid,Ath Madrid,0,0,D,5,9,1,1,3,4,15,14,6,4,0,0
06/10/2019,Sociedad,Getafe,1,2,A,6,13,3,4,3,8,20,15,2,4,1,0
06/10/2019,Barcelona,Sevilla,4,0,H,15,16,8,4,7,10,10,12,5,3,2,0
18/10/2019,Granada,Osasuna,1,0,H,6,9,2,4,2,7,12,17,2,8,0,1
19/10/2019,Eibar,Barcelona,0,3,A,5,9,0,4,2,2,16,14,5,0,0,0
19/10/2019,Ath Madrid,Valencia,1,1,D,15,11,4,3,2,4,18,12,2,1,0,1
19/10/2019,Getafe,Leganes,2,0,H,5,7,2,3,2,3,17,19,1,4,0,0
19/10/2019,Mallorca,Real Madrid,1,0,H,5,13,1,4,4,4,20,14,2,2,0,1
20/10/2019,Alaves,Celta,2,0,H,12,14,5,2,4,6,20,5,5,1,0,0
20/10/2019,Sociedad,Betis,3,1,H,18,12,6,5,11,2,23,12,4,2,0,0
20/10/2019,Espanol,Villarreal,0,1,A,18,11,3,5,7,3,11,14,2,1,0,0
20/10/2019,Ath Bilbao,Valladolid,1,1,D,19,9,7,3,3,4,12,9,2,3,0,0
20/10/2019,Sevilla,Levante,1,0,H,19,12,5,5,9,1,10,11,2,2,0,0
25/10/2019,Villarreal,Alaves,4,1,H,19,12,8,3,5,4,12,13,2,2,0,0
26/10/2019,Leganes,Mallorca,1,0,H,9,9,3,1,4,5,19,13,4,1,0,0
26/10/2019,Valladolid,Eibar,2,0,H,8,13,4,3,4,3,13,13,1,2,0,0
26/10/2019,Ath Madrid,Ath Bilbao,2,0,H,9,9,2,2,7,7,14,9,2,2,0,0
27/10/2019,Celta,Sociedad,0,1,A,9,9,1,4,3,7,20,12,5,2,1,0
27/10/2019,Granada,Betis,1,0,H,13,12,3,0,4,2,13,8,3,4,0,0
27/10/2019,Levante,Espanol,0,1,A,7,14,3,3,4,7,10,26,2,3,0,0
27/10/2019,Sevilla,Getafe,2,0,H,15,9,8,4,5,0,13,18,2,3,0,0
27/10/2019,Osasuna,Valencia,3,1,H,21,2,13,1,6,1,8,6,1,1,0,1
29/10/2019,Alaves,Ath Madrid,1,1,D,11,9,3,3,4,1,23,16,3,3,0,0
29/10/2019,Barcelona,Valladolid,5,1,H,18,9,9,1,6,3,9,14,0,3,0,0
30/10/2019,Sociedad,Levante,1,2,A,17,13,5,4,9,5,15,12,3,4,0,0
30/10/2019,Valencia,Sevilla,1,1,D,10,10,3,1,6,1,12,17,6,3,0,0
30/10/2019,Ath Bilbao,Espanol,3,0,H,7,12,5,5,2,5,13,20,0,1,0,0
30/10/2019,Betis,Celta,2,1,H,11,18,7,5,5,10,16,17,6,1,0,0
30/10/2019,Real Madrid,Leganes,5,0,H,22,5,11,3,8,3,12,12,1,5,0,0
31/10/2019,Eibar,Villarreal,2,1,H,25,9,8,2,8,3,11,12,0,3,0,0
31/10/2019,Mallorca,Osasuna,2,2,D,11,12,3,4,5,3,9,10,1,5,0,0
31/10/2019,Getafe,Granada,3,1,H,8,10,3,2,2,3,22,11,5,5,0,0
02/11/2019,Espanol,Valencia,1,2,A,13,11,4,4,5,5,20,14,0,1,0,0
02/11/2019,Levante,Barcelona,3,1,H,9,9,3,6,2,3,9,13,1,6,0,0
02/11/2019,Sevilla,Ath Madrid,1,1,D,11,14,4,5,6,3,13,16,4,3,0,0
02/11/2019,Real Madrid,Betis,0,0,D,22,13,7,3,9,4,11,17,2,4,0,0
03/11/2019,Valladolid,Mallorca,3,0,H,12,14,6,1,2,6,15,20,5,4,0,0
03/11/2019,Villarreal,Ath Bilbao,0,0,D,11,12,7,2,8,10,10,8,2,0,0,0
03/11/2019,Osasuna,Alaves,4,2,H,19,11,6,3,5,1,13,17,4,2,0,0
03/11/2019,Celta,Getafe,0,1,A,6,9,2,5,4,4,6,19,3,3,0,0
03/11/2019,Leganes,Eibar,1,2,A,12,7,5,4,4,2,16,20,5,2,0,0
03/11/2019,Granada,Sociedad,1,2,A,5,9,3,5,4,5,15,19,0,2,0,0
08/11/2019,Sociedad,Leganes,1,1,D,11,6,5,2,5,1,14,23,2,6,0,1
09/11/2019,Alaves,Valladolid,3,0,H,14,7,5,1,6,7,21,16,3,3,0,0
09/11/2019,Valencia,Granada,2,0,H,12,13,4,1,7,4,11,15,0,5,0,0
09/11/2019,Eibar,Real Madrid,0,4,A,14,10,1,5,6,6,9,8,0,0,0,0
09/11/2019,Barcelona,Celta,4,1,H,10,6,7,5,2,2,18,14,4,1,0,0
10/11/2019,Mallorca,Villarreal,3,1,H,5,22,3,6,2,5,18,17,2,3,0,0
10/11/2019,Ath Bilbao,Levante,2,1,H,23,8,10,2,10,2,13,13,3,2,0,0
10/11/2019,Ath Madrid,Espanol,3,1,H,18,10,5,1,9,2,12,15,2,2,0,0
10/11/2019,Getafe,Osasuna,0,0,D,14,4,5,1,9,5,15,16,2,4,0,0
10/11/2019,Betis,Sevilla,1,2,A,18,10,5,6,4,4,12,21,2,3,0,0
22/11/2019,Levante,Mallorca,2,1,H,13,14,6,7,3,6,13,9,2,1,1,0
23/11/2019,Leganes,Barcelona,1,2,A,9,11,4,6,0,6,11,10,1,2,0,0
23/11/2019,Betis,Valencia,2,1,H,25,9,8,3,5,4,9,13,2,2,0,0
23/11/2019,Granada,Ath Madrid,1,1,D,9,17,3,6,2,8,15,17,4,3,0,0
23/11/2019,Real Madrid,Sociedad,3,1,H,18,11,10,6,4,3,13,16,1,1,0,0
24/11/2019,Espanol,Getafe,1,1,D,6,11,2,2,3,3,23,12,3,4,0,0
24/11/2019,Osasuna,Ath Bilbao,1,2,A,12,6,7,4,6,2,15,18,4,3,0,0
24/11/2019,Eibar,Alaves,0,2,A,18,7,7,5,10,4,10,11,1,2,0,0
24/11/2019,Villarreal,Celta,1,3,A,15,11,1,7,8,2,12,9,3,2,0,0
24/11/2019,Valladolid,Sevilla,0,1,A,7,4,1,2,8,4,13,25,3,4,0,1
29/11/2019,Celta,Valladolid,0,0,D,13,9,5,2,11,3,11,17,1,3,0,0
30/11/2019,Alaves,Real Madrid,1,2,A,8,12,2,6,9,4,18,11,4,3,0,0
30/11/2019,Sociedad,Eibar,4,1,H,15,10,4,4,6,4,8,12,1,4,0,0
30/11/2019,Mallorca,Betis,1,2,A,16,15,7,3,6,5,16,15,3,4,1,0
30/11/2019,Valencia,Villarreal,2,1,H,13,24,7,7,6,4,8,17,1,2,0,0
01/12/2019,Sevilla,Leganes,1,0,H,16,8,8,4,7,4,16,7,3,3,0,0
01/12/2019,Ath Bilbao,Granada,2,0,H,14,8,6,1,4,3,18,16,5,4,0,0
01/12/2019,Espanol,Osasuna,2,4,A,12,14,5,8,2,3,12,16,1,4,0,1
01/12/2019,Getafe,Levante,4,0,H,13,7,9,2,6,7,22,14,2,3,0,0
01/12/2019,Ath Madrid,Barcelona,0,1,A,17,13,2,5,9,5,12,11,4,4,0,0
06/12/2019,Villarreal,Ath Madrid,0,0,D,23,18,3,3,11,6,11,11,2,1,0,0
07/12/2019,Real Madrid,Espanol,2,0,H,18,6,8,2,5,3,15,13,4,3,1,0
07/12/2019,Granada,Alaves,3,0,H,13,5,3,1,6,2,16,17,1,4,0,2
07/12/2019,Levante,Valencia,2,4,A,17,10,6,6,5,1,14,14,5,2,1,0
07/12/2019,Barcelona,Mallorca,5,2,H,25,9,17,3,8,4,15,10,3,0,0,0
08/12/2019,Eibar,Getafe,0,1,A,6,6,3,3,3,8,16,15,5,1,1,0
08/12/2019,Betis,Ath Bilbao,3,2,H,10,8,6,2,3,3,12,15,2,4,0,0
08/12/2019,Valladolid,Sociedad,0,0,D,4,16,2,2,1,4,10,19,0,4,0,0
08/12/2019,Leganes,Celta,3,2,H,15,9,8,4,3,5,14,11,3,3,0,1
08/12/2019,Osasuna,Sevilla,1,1,D,10,13,1,4,2,6,22,10,4,4,1,0
13/12/2019,Alaves,Leganes,1,1,D,10,3,3,1,2,0,14,17,2,3,0,0
14/12/2019,Granada,Levante,1,2,A,18,13,4,6,8,6,14,12,4,3,0,0
14/12/2019,Sociedad,Barcelona,2,2,D,19,9,5,5,8,5,7,8,0,1,0,0
14/12/2019,Ath Bilbao,Eibar,0,0,D,8,8,3,2,6,7,7,12,3,3,0,0
14/12/2019,Ath Madrid,Osasuna,2,0,H,19,15,9,3,6,5,16,10,2,1,0,0
15/12/2019,Getafe,Valladolid,2,0,H,7,10,3,3,4,3,28,10,3,3,0,0
15/12/2019,Celta,Mallorca,2,2,D,18,8,7,2,3,3,14,16,3,5,0,1
15/12/2019,Espanol,Betis,2,2,D,16,10,4,5,7,5,26,13,4,1,0,0
15/12/2019,Sevilla,Villarreal,1,2,A,24,9,5,3,14,2,12,11,2,0,0,0
15/12/2019,Valencia,Real Madrid,1,1,D,9,19,6,6,1,2,11,15,1,2,0,0
18/12/2019,Barcelona,Real Madrid,0,0,D,9,17,2,4,2,6,5,17,3,5,0,0
20/12/2019,Eibar,Granada,3,0,H,21,12,7,1,5,5,17,13,3,3,0,0
21/12/2019,Mallorca,Sevilla,0,2,A,8,13,1,6,3,6,15,12,6,3,0,0
21/12/2019,Barcelona,Alaves,4,1,H,8,5,4,3,3,4,10,11,2,4,0,0
21/12/2019,Villarreal,Getafe,1,0,H,11,7,4,0,2,5,8,18,2,5,0,1
21/12/2019,Valladolid,Valencia,1,1,D,14,5,6,2,5,4,10,12,0,3,0,0
22/12/2019,Leganes,Espanol,2,0,H,11,9,5,3,1,5,11,15,1,6,0,0
22/12/2019,Osasuna,Sociedad,3,4,A,19,13,7,7,8,3,11,12,6,2,1,0
22/12/2019,Betis,Ath Madrid,1,2,A,15,8,2,5,5,3,11,14,4,3,0,0
22/12/2019,Levante,Celta,3,1,H,13,12,7,5,8,7,8,15,3,6,0,0
22/12/2019,Real Madrid,Ath Bilbao,0,0,D,20,8,8,2,6,4,8,14,1,0,0,0
03/01/2020,Valladolid,Leganes,2,2,D,14,12,5,5,4,3,16,13,3,2,0,0
03/01/2020,Sevilla,Ath Bilbao,1,1,D,9,6,2,1,9,1,16,20,2,4,0,0
04/01/2020,Valencia,Eibar,1,0,H,9,10,1,3,6,5,13,20,1,3,0,1
04/01/2020,Getafe,Real Madrid,0,3,A,15,10,4,8,7,4,20,14,3,2,0,0
04/01/2020,Ath Madrid,Levante,2,1,H,17,6,8,3,5,5,9,10,1,3,0,0
04/01/2020,Espanol,Barcelona,2,2,D,8,14,3,7,4,5,17,11,2,2,0,1
05/01/2020,Granada,Mallorca,1,0,H,7,17,4,5,3,4,23,11,5,1,0,0
05/01/2020,Sociedad,Villarreal,1,2,A,10,14,2,2,7,2,16,14,5,4,0,0
05/01/2020,Alaves,Betis,1,1,D,6,10,1,3,3,6,18,15,7,3,0,1
05/01/2020,Celta,Osasuna,1,1,D,20,8,7,1,6,1,14,19,4,3,0,0
17/01/2020,Leganes,Getafe,0,3,A,8,8,2,4,4,4,22,18,6,4,0,0
18/01/2020,Levante,Alaves,0,1,A,20,14,3,6,7,6,12,20,2,4,0,0
18/01/2020,Real Madrid,Sevilla,2,1,H,13,8,4,3,2,4,17,12,3,1,0,0
18/01/2020,Osasuna,Valladolid,0,0,D,21,5,5,3,9,1,16,10,2,2,0,0
18/01/2020,Eibar,Ath Madrid,2,0,H,9,12,4,4,6,7,16,14,1,2,0,0
19/01/2020,Mallorca,Valencia,4,1,H,13,8,6,1,1,6,18,11,4,4,0,1
19/01/2020,Betis,Sociedad,3,0,H,14,7,6,0,6,2,8,10,3,1,0,0
19/01/2020,Villarreal,Espanol,1,2,A,21,16,5,5,4,4,15,18,1,3,0,1
19/01/2020,Ath Bilbao,Celta,1,1,D,22,7,6,3,13,0,18,12,4,3,0,0
19/01/2020,Barcelona,Granada,1,0,H,18,5,6,1,7,0,11,17,0,4,0,1
24/01/2020,Osasuna,Levante,2,0,H,15,6,3,2,5,5,18,11,3,3,0,0
25/01/2020,Espanol,Ath Bilbao,1,1,D,9,11,3,3,2,3,14,14,3,1,0,0
25/01/2020,Valencia,Barcelona,2,0,H,8,14,6,5,2,0,13,16,1,3,0,0
25/01/2020,Alaves,Villarreal,1,2,A,12,11,6,6,7,4,10,12,2,1,0,0
25/01/2020,Sevilla,Granada,2,0,H,12,8,4,1,3,6,13,18,4,1,0,0
26/01/2020,Ath Madrid,Leganes,0,0,D,14,10,3,4,7,6,10,19,2,6,0,1
26/01/2020,Celta,Eibar,0,0,D,18,5,5,3,6,3,9,16,1,0,0,0
26/01/2020,Getafe,Betis,1,0,H,7,8,3,1,8,4,19,12,2,4,0,1
26/01/2020,Sociedad,Mallorca,3,0,H,14,8,5,4,7,3,15,7,0,2,0,0
26/01/2020,Valladolid,Real Madrid,0,1,A,4,12,0,3,3,5,7,11,1,3,0,0
01/02/2020,Granada,Espanol,2,1,H,8,22,2,4,3,9,15,17,3,3,0,0
01/02/2020,Real Madrid,Ath Madrid,1,0,H,16,4,5,1,5,6,18,11,2,3,0,0
01/02/2020,Mallorca,Valladolid,0,1,A,16,15,4,7,8,5,11,10,4,1,0,0
01/02/2020,Valencia,Celta,1,0,H,9,11,5,4,4,7,14,20,6,3,0,0
02/02/2020,Leganes,Sociedad,2,1,H,12,2,5,1,3,1,24,19,4,3,0,0
02/02/2020,Eibar,Betis,1,1,D,8,14,3,6,2,7,15,16,2,2,0,0
02/02/2020,Ath Bilbao,Getafe,0,2,A,8,9,2,3,5,4,11,19,2,5,0,0
02/02/2020,Sevilla,Alaves,1,1,D,14,4,3,3,6,1,13,12,2,1,0,0
02/02/2020,Villarreal,Osasuna,3,1,H,9,17,4,5,4,6,19,15,3,2,0,0
02/02/2020,Barcelona,Levante,2,1,H,23,10,9,5,8,3,6,10,2,0,0,0
07/02/2020,Alaves,Eibar,2,1,H,9,5,5,1,3,5,16,10,3,2,0,0
08/02/2020,Levante,Leganes,2,0,H,9,12,5,4,2,2,18,15,2,3,0,0
08/02/2020,Getafe,Valencia,3,0,H,22,5,10,0,10,0,12,6,4,4,0,1
08/02/2020,Valladolid,Villarreal,1,1,D,8,8,1,3,2,4,14,22,3,3,0,0
08/02/2020,Ath Madrid,Granada,1,0,H,6,10,3,2,2,3,16,19,4,6,0,0
09/02/2020,Espanol,Mallorca,1,0,H,12,7,7,3,1,7,26,15,6,2,0,0
09/02/2020,Sociedad,Ath Bilbao,2,1,H,14,6,4,3,4,4,7,15,2,2,0,1
09/02/2020,Osasuna,Real Madrid,1,4,A,14,17,4,7,4,3,11,15,2,2,0,0
09/02/2020,Celta,Sevilla,2,1,H,13,12,7,4,3,4,16,14,3,2,0,0
09/02/2020,Betis,Barcelona,2,3,A,7,10,3,6,0,8,21,17,5,5,1,1
14/02/2020,Valencia,Ath Madrid,2,2,D,9,8,3,3,11,4,12,16,3,3,0,0
15/02/2020,Mallorca,Alaves,1,0,H,14,10,6,0,8,5,16,15,0,2,0,0
15/02/2020,Barcelona,Getafe,2,1,H,12,7,5,2,2,3,12,30,3,2,0,0
15/02/2020,Villarreal,Levante,2,1,H,14,11,6,2,5,10,15,15,3,1,0,0
15/02/2020,Granada,Valladolid,2,1,H,11,6,5,4,10,5,19,13,3,2,0,0
16/02/2020,Sevilla,Espanol,2,2,D,18,5,6,3,9,2,17,9,3,4,0,1
16/02/2020,Leganes,Betis,0,0,D,11,3,1,2,4,2,15,20,5,3,0,1
16/02/2020,Ath Bilbao,Osasuna,0,1,A,12,6,2,2,4,0,14,20,4,4,0,0
16/02/2020,Real Madrid,Celta,2,2,D,15,5,4,3,9,3,10,10,2,2,0,0
21/02/2020,Betis,Mallorca,3,3,D,19,11,6,4,7,1,13,12,2,1,0,0
22/02/2020,Celta,Leganes,1,0,H,3,11,1,2,2,9,13,17,3,3,1,0
22/02/2020,Barcelona,Eibar,5,0,H,13,12,11,5,5,5,8,19,0,2,0,0
22/02/2020,Sociedad,Valencia,3,0,H,19,6,7,1,6,7,19,9,1,1,0,0
22/02/2020,Levante,Real Madrid,1,0,H,8,19,2,7,3,7,16,10,1,2,0,0
23/02/2020,Osasuna,Granada,0,3,A,14,10,1,4,6,3,19,11,3,1,0,0
23/02/2020,Alaves,Ath Bilbao,2,1,H,4,13,4,5,2,9,17,12,4,4,0,0
23/02/2020,Valladolid,Espanol,2,1,H,21,6,6,2,4,2,10,18,1,5,0,1
23/02/2020,Getafe,Sevilla,0,3,A,10,8,2,5,5,3,14,17,7,3,0,0
23/02/2020,Ath Madrid,Villarreal,3,1,H,16,10,9,4,6,1,14,6,1,2,0,0
28/02/2020,Sociedad,Valladolid,1,0,H,13,6,4,1,8,4,15,11,1,1,0,0
29/02/2020,Eibar,Levante,3,0,H,13,11,9,4,3,6,15,16,3,2,0,0
29/02/2020,Valencia,Betis,2,1,H,10,14,5,5,6,7,13,9,2,3,0,0
29/02/2020,Leganes,Alaves,1,1,D,19,8,6,4,6,4,18,18,3,3,0,0
29/02/2020,Granada,Celta,0,0,D,14,6,0,2,6,1,14,11,3,5,0,0
01/03/2020,Sevilla,Osasuna,3,2,H,12,14,5,4,7,1,9,14,2,2,0,1
01/03/2020,Ath Bilbao,Villarreal,1,0,H,18,10,6,3,5,6,11,13,6,6,0,0
01/03/2020,Espanol,Ath Madrid,1,1,D,9,5,3,2,3,4,20,18,3,4,0,0
01/03/2020,Mallorca,Getafe,0,1,A,4,9,1,5,4,3,13,24,4,5,1,0
01/03/2020,Real Madrid,Barcelona,2,0,H,13,9,5,4,8,2,13,10,2,2,0,0
06/03/2020,Alaves,Valencia,1,1,D,13,6,2,2,3,3,9,10,5,3,0,0
07/03/2020,Eibar,Mallorca,1,2,A,13,10,2,4,4,3,16,8,5,3,0,0
07/03/2020,Ath Madrid,Sevilla,2,2,D,21,12,3,4,8,4,14,16,2,4,0,0
07/03/2020,Barcelona,Sociedad,1,0,H,13,9,6,1,4,4,12,10,4,3,0,0
07/03/2020,Getafe,Celta,0,0,D,19,3,6,2,9,1,18,14,6,5,1,0
08/03/2020,Osasuna,Espanol,1,0,H,17,8,6,2,6,2,17,12,3,3,0,1
08/03/2020,Valladolid,Ath Bilbao,1,4,A,19,10,2,5,8,1,9,13,1,2,0,0
08/03/2020,Levante,Granada,1,1,D,11,10,3,7,6,4,21,13,3,3,0,0
08/03/2020,Villarreal,Leganes,1,2,A,15,12,5,7,2,5,10,11,4,3,0,0
08/03/2020,Betis,Real Madrid,2,1,H,14,13,3,4,6,2,8,11,1,1,0,0
10/03/2020,Eibar,Sociedad,1,2,A,13,6,4,2,3,1,12,10,3,2,0,0
11/06/2020,Sevilla,Betis,2,0,H,13,12,5,1,11,2,13,16,0,2,0,0
12/06/2020,Granada,Getafe,2,1,H,10,6,4,2,2,3,17,16,6,4,0,0
12/06/2020,Valencia,Levante,1,1,D,12,14,3,4,0,6,11,13,1,4,0,1
13/06/2020,Espanol,Alaves,2,0,H,19,1,9,0,2,1,16,19,4,3,0,1
13/06/2020,Celta,Villarreal,0,1,A,4,15,0,4,2,8,5,20,1,1,0,0
13/06/2020,Leganes,Valladolid,1,2,A,11,6,2,2,2,1,21,20,2,4,0,0
13/06/2020,Mallorca,Barcelona,0,4,A,13,12,3,7,9,3,16,5,1,2,0,0
14/06/2020,Ath Bilbao,Ath Madrid,1,1,D,10,9,3,2,5,7,10,9,3,0,0,0
14/06/2020,Real Madrid,Eibar,3,1,H,6,9,5,5,3,3,11,12,1,1,0,0
14/06/2020,Sociedad,Osasuna,1,1,D,9,8,4,1,1,6,5,12,1,3,0,0
15/06/2020,Levante,Sevilla,1,1,D,11,10,5,4,5,6,12,10,1,1,0,0
15/06/2020,Betis,Granada,2,2,D,18,8,6,5,11,2,13,18,2,4,0,0
16/06/2020,Getafe,Espanol,0,0,D,21,5,4,3,5,5,15,9,3,2,0,1
16/06/2020,Villarreal,Mallorca,1,0,H,10,15,4,5,2,6,16,10,3,4,0,0
16/06/2020,Barcelona,Leganes,2,0,H,10,6,5,2,3,2,16,16,5,3,0,0
17/06/2020,Eibar,Ath Bilbao,2,2,D,12,6,6,3,8,3,10,11,3,2,0,0
17/06/2020,Valladolid,Celta,0,0,D,6,11,1,4,5,8,18,15,3,3,0,0
17/06/2020,Osasuna,Ath Madrid,0,5,A,13,10,3,6,3,2,12,8,3,3,0,0
18/06/2020,Alaves,Sociedad,2,0,H,15,9,7,1,5,6,21,11,3,4,1,1
18/06/2020,Real Madrid,Valencia,3,0,H,19,4,14,2,8,2,12,11,0,2,0,1
19/06/2020,Granada,Villarreal,0,1,A,14,5,4,1,5,0,17,15,0,3,0,0
19/06/2020,Mallorca,Leganes,1,1,D,7,16,3,4,3,7,15,11,3,6,0,0
19/06/2020,Sevilla,Barcelona,0,0,D,8,10,4,4,2,9,17,8,3,2,0,0
20/06/2020,Espanol,Levante,1,3,A,10,14,3,8,8,5,11,10,2,0,0,0
20/06/2020,Ath Bilbao,Betis,1,0,H,12,9,3,5,11,5,16,11,4,0,0,0
20/06/2020,Getafe,Eibar,1,1,D,9,8,2,2,2,1,18,15,3,0,0,0
20/06/2020,Ath Madrid,Valladolid,1,0,H,15,6,4,2,10,1,14,12,4,2,0,0
21/06/2020,Celta,Alaves,6,0,H,15,4,10,2,7,4,14,10,1,1,0,1
21/06/2020,Valencia,Osasuna,2,0,H,7,13,3,3,1,7,7,19,1,2,0,0
21/06/2020,Sociedad,Real Madrid,1,2,A,10,10,2,6,4,1,16,15,4,2,0,0
22/06/2020,Villarreal,Sevilla,2,2,D,7,14,5,6,3,8,16,12,3,3,0,0
22/06/2020,Leganes,Granada,0,0,D,9,4,3,1,4,2,12,16,4,4,0,0
23/06/2020,Levante,Ath Madrid,0,1,A,12,12,0,7,10,4,12,14,4,2,0,0
23/06/2020,Valladolid,Getafe,1,1,D,6,15,2,1,7,8,12,19,5,2,0,0
23/06/2020,Barcelona,Ath Bilbao,1,0,H,18,6,4,0,6,2,10,16,2,1,0,0
24/06/2020,Alaves,Osasuna,0,1,A,5,7,0,1,7,3,12,14,2,3,0,0
24/06/2020,Sociedad,Celta,0,1,A,13,4,6,1,7,3,18,15,4,2,0,0
24/06/2020,Real Madrid,Mallorca,2,0,H,14,11,6,4,5,4,18,12,4,1,0,0
25/06/2020,Eibar,Valencia,1,0,H,14,7,5,0,10,8,12,7,4,2,0,1
25/06/2020,Betis,Espanol,1,0,H,13,9,6,2,6,5,18,18,4,4,0,0
26/06/2020,Sevilla,Valladolid,1,1,D,15,11,3,5,5,1,16,17,3,2,0,0
27/06/2020,Ath Bilbao,Mallorca,3,1,H,12,14,6,2,1,8,17,16,1,2,0,0
27/06/2020,Celta,Barcelona,2,2,D,10,18,6,2,3,8,19,10,3,4,0,0
27/06/2020,Osasuna,Leganes,2,1,H,6,21,5,7,2,4,12,15,1,1,0,0
27/06/2020,Ath Madrid,Alaves,2,1,H,14,6,4,2,3,1,13,14,3,2,0,0
28/06/2020,Levante,Betis,4,2,H,9,17,4,8,2,5,13,14,0,4,0,0
28/06/2020,Villarreal,Valencia,2,0,H,17,4,4,0,1,4,9,18,0,2,0,0
28/06/2020,Granada,Eibar,1,2,A,14,13,5,6,8,5,8,13,1,0,0,0
28/06/2020,Espanol,Real Madrid,0,1,A,8,14,5,6,0,5,18,12,1,1,0,0
29/06/2020,Getafe,Sociedad,2,1,H,11,5,4,1,5,4,22,11,6,3,0,0
30/06/2020,Mallorca,Celta,5,1,H,9,12,7,8,2,11,16,12,3,2,0,0
30/06/2020,Leganes,Sevilla,0,3,A,9,11,3,6,4,2,23,10,4,3,0,0
30/06/2020,Barcelona,Ath Madrid,2,2,D,12,10,5,3,3,1,11,15,3,5,0,0
01/07/2020,Alaves,Granada,0,2,A,11,7,4,4,6,2,18,17,3,2,0,0
01/07/2020,Valencia,Ath Bilbao,0,2,A,10,12,1,4,3,5,9,12,1,0,0,0
01/07/2020,Betis,Villarreal,0,2,A,9,15,1,6,1,5,10,16,4,1,1,0
01/07/2020,Valladolid,Levante,0,0,D,15,8,4,3,8,3,10,12,2,1,0,0
02/07/2020,Eibar,Osasuna,0,2,A,11,9,4,6,9,4,8,12,1,1,0,0
02/07/2020,Sociedad,Espanol,2,1,H,12,4,4,3,4,3,11,15,2,1,0,0
02/07/2020,Real Madrid,Getafe,1,0,H,8,10,4,3,6,5,15,22,5,5,0,0
03/07/2020,Ath Madrid,Mallorca,3,0,H,15,13,3,1,4,5,14,11,2,1,0,0
04/07/2020,Celta,Betis,1,1,D,5,10,1,3,2,8,20,18,5,4,0,0
04/07/2020,Valladolid,Alaves,1,0,H,5,7,3,0,1,3,13,17,0,0,0,0
04/07/2020,Granada,Valencia,2,2,D,17,4,4,3,7,3,18,14,2,2,0,0
05/07/2020,Ath Bilbao,Real Madrid,0,1,A,7,10,1,4,3,2,13,8,4,3,0,0
05/07/2020,Espanol,Leganes,0,1,A,7,4,2,2,0,3,14,22,4,3,1,0
05/07/2020,Osasuna,Getafe,0,0,D,6,6,2,1,2,2,17,18,5,4,0,0
05/07/2020,Villarreal,Barcelona,1,4,A,11,18,4,12,2,6,11,11,1,0,0,0
06/07/2020,Levante,Sociedad,1,1,D,9,8,4,3,4,2,17,12,3,2,0,0
06/07/2020,Sevilla,Eibar,1,0,H,8,19,3,3,11,8,11,16,2,1,0,0
07/07/2020,Valencia,Valladolid,2,1,H,10,11,4,5,5,2,9,5,3,0,0,0
07/07/2020,Celta,Ath Madrid,1,1,D,9,10,4,2,6,2,14,13,3,3,0,0
08/07/2020,Betis,Osasuna,3,0,H,14,8,8,2,5,8,9,17,1,5,0,0
08/07/2020,Getafe,Villarreal,1,3,A,5,6,2,3,1,3,19,10,4,1,0,1
08/07/2020,Barcelona,Espanol,1,0,H,9,11,2,2,6,5,8,12,0,2,1,1
09/07/2020,Eibar,Leganes,0,0,D,4,10,1,1,8,1,21,13,3,3,0,0
09/07/2020,Mallorca,Levante,2,0,H,15,14,5,2,1,5,11,20,3,1,0,0
09/07/2020,Ath Bilbao,Sevilla,1,2,A,13,20,4,7,4,7,18,9,3,2,0,0
10/07/2020,Sociedad,Granada,2,3,A,19,4,5,3,8,3,12,13,2,3,0,0
10/07/2020,Real Madrid,Alaves,2,0,H,18,10,8,4,3,2,5,17,0,1,0,0
11/07/2020,Osasuna,Celta,2,1,H,15,12,5,3,3,4,10,11,2,2,0,0
11/07/2020,Valladolid,Barcelona,0,1,A,13,9,4,6,4,5,15,13,2,2,0,0
11/07/2020,Ath Madrid,Betis,1,0,H,9,21,4,3,2,4,10,10,1,3,1,0
12/07/2020,Espanol,Eibar,0,2,A,14,11,3,6,7,2,13,14,2,2,0,0
12/07/2020,Levante,Ath Bilbao,1,2,A,5,12,1,5,2,6,10,15,0,1,0,0
12/07/2020,Leganes,Valencia,1,0,H,10,16,1,5,2,8,21,9,4,1,1,0
12/07/2020,Sevilla,Mallorca,2,0,H,14,14,5,5,5,5,14,7,3,2,0,0
13/07/2020,Alaves,Getafe,0,0,D,3,14,1,4,2,4,26,15,4,2,0,0
13/07/2020,Villarreal,Sociedad,1,2,A,9,11,3,6,2,10,12,11,2,2,0,0
13/07/2020,Granada,Real Madrid,1,2,A,13,11,4,5,4,3,18,18,2,2,0,0
16/07/2020,Eibar,Valladolid,3,1,H,13,17,7,8,3,12,19,13,4,0,0,0
16/07/2020,Ath Bilbao,Leganes,0,2,A,10,16,3,4,3,3,11,11,2,3,1,0
16/07/2020,Barcelona,Osasuna,1,2,A,19,9,3,5,10,2,7,14,4,1,0,1
16/07/2020,Betis,Alaves,1,2,A,14,9,7,5,6,5,14,18,6,4,1,1
16/07/2020,Celta,Levante,2,3,A,16,8,6,4,8,4,11,15,3,0,1,1
16/07/2020,Getafe,Ath Madrid,0,2,A,15,11,6,3,4,3,14,11,1,2,1,0
16/07/2020,Mallorca,Granada,1,2,A,18,14,5,6,5,6,14,18,7,5,2,0
16/07/2020,Real Madrid,Villarreal,2,1,H,12,8,7,4,4,2,13,13,3,2,0,0
16/07/2020,Sociedad,Sevilla,0,0,D,11,8,4,3,3,2,16,13,1,2,0,0
16/07/2020,Valencia,Espanol,1,0,H,9,18,3,6,4,4,9,18,2,4,1,0
19/07/2020,Alaves,Barcelona,0,5,A,8,16,0,8,2,1,17,15,0,0,0,0
19/07/2020,Valladolid,Betis,2,0,H,13,10,4,3,3,5,17,10,2,2,0,0
19/07/2020,Villarreal,Eibar,4,0,H,12,11,5,3,4,4,4,9,0,0,0,0
19/07/2020,Ath Madrid,Sociedad,1,1,D,6,10,3,4,2,3,16,9,1,2,0,0
19/07/2020,Espanol,Celta,0,0,D,8,9,1,3,1,4,10,11,2,3,0,0
19/07/2020,Granada,Ath Bilbao,4,0,H,11,11,6,3,2,3,10,11,1,2,0,0
19/07/2020,Leganes,Real Madrid,2,2,D,15,7,7,4,5,2,9,11,4,1,0,0
19/07/2020,Levante,Getafe,1,0,H,13,13,4,4,6,8,10,12,2,4,0,0
19/07/2020,Osasuna,Mallorca,2,2,D,12,12,5,4,3,5,17,10,2,0,0,0
19/07/2020,Sevilla,Valencia,1,0,H,16,8,4,2,4,7,11,6,0,1,0,0
12/09/2020,Eibar,Celta,0,0,D,8,6,1,3,3,3,17,13,4,4,1,0
12/09/2020,Granada,Ath Bilbao,2,0,H,4,9,2,2,1,2,8,10,3,4,0,0
12/09/2020,Cadiz,Osasuna,0,2,A,12,6,3,4,6,2,14,21,2,2,0,0
13/09/2020,Alaves,Betis,0,1,A,7,11,2,4,6,4,19,17,3,3,0,0
13/09/2020,Valladolid,Sociedad,1,1,D,8,8,3,2,5,3,15,17,4,1,0,0
13/09/2020,Villarreal,Huesca,1,1,D,15,10,4,3,6,6,10,22,1,1,0,0
13/09/2020,Valencia,Levante,4,2,H,14,19,8,8,3,4,9,14,1,3,0,0
19/09/2020,Villarreal,Eibar,2,1,H,14,12,8,4,4,3,5,12,1,1,0,0
19/09/2020,Getafe,Osasuna,1,0,H,7,10,1,3,4,1,19,13,4,2,0,0
19/09/2020,Celta,Valencia,2,1,H,23,9,6,3,6,6,12,13,3,1,0,0
20/09/2020,Huesca,Cadiz,0,2,A,4,6,0,4,2,1,18,23,3,3,0,0
20/09/2020,Betis,Valladolid,2,0,H,16,9,6,2,5,3,18,10,3,0,0,0
20/09/2020,Granada,Alaves,2,1,H,10,5,3,3,4,4,9,12,0,3,0,0
20/09/2020,Sociedad,Real Madrid,0,0,D,6,16,1,4,1,11,17,12,2,2,0,0
26/09/2020,Alaves,Getafe,0,0,D,9,11,0,4,1,5,13,13,2,2,0,0
26/09/2020,Valencia,Huesca,1,1,D,5,17,2,4,4,4,14,20,0,1,0,0
26/09/2020,Elche,Sociedad,0,3,A,5,27,2,7,2,11,11,12,3,1,0,0
26/09/2020,Betis,Real Madrid,2,3,A,15,11,5,4,8,3,9,10,5,2,1,0
27/09/2020,Osasuna,Levante,1,3,A,9,11,4,5,3,7,15,16,2,0,0,0
27/09/2020,Eibar,Ath Bilbao,1,2,A,7,9,1,5,5,4,15,12,1,0,0,0
27/09/2020,Ath Madrid,Granada,6,1,H,17,11,10,6,1,1,16,14,3,1,0,0
27/09/2020,Cadiz,Sevilla,1,3,A,12,14,5,5,6,5,9,14,4,2,0,0
27/09/2020,Valladolid,Celta,1,1,D,10,5,4,1,4,1,26,18,3,4,0,0
27/09/2020,Barcelona,Villarreal,4,0,H,17,5,9,1,8,4,9,10,0,1,0,0
29/09/2020,Sociedad,Valencia,0,1,A,11,9,3,5,9,3,16,15,1,5,0,0
29/09/2020,Getafe,Betis,3,0,H,8,10,4,2,1,4,15,17,4,4,0,1
30/09/2020,Huesca,Ath Madrid,0,0,D,9,16,3,2,5,7,13,10,1,0,0,0
30/09/2020,Villarreal,Alaves,3,1,H,10,8,6,3,2,0,11,13,0,2,0,0
30/09/2020,Eibar,Elche,0,1,A,12,5,4,2,3,2,9,14,2,2,0,0
30/09/2020,Real Madrid,Valladolid,1,0,H,15,11,5,5,4,7,11,7,2,1,0,0
01/10/2020,Ath Bilbao,Cadiz,0,1,A,13,3,4,1,5,2,15,16,3,5,0,2
01/10/2020,Sevilla,Levante,1,0,H,16,3,2,1,2,4,14,17,5,2,0,0
01/10/2020,Celta,Barcelona,0,3,A,10,6,3,3,3,7,22,10,5,5,0,1
03/10/2020,Valladolid,Eibar,1,2,A,9,11,3,5,3,4,11,21,2,3,0,1
03/10/2020,Ath Madrid,Villarreal,0,0,D,14,6,1,2,9,1,11,7,1,2,0,0
03/10/2020,Elche,Huesca,0,0,D,2,18,0,4,0,5,8,26,0,2,0,0
03/10/2020,Sociedad,Getafe,3,0,H,11,5,6,1,5,4,21,13,3,3,0,0
03/10/2020,Valencia,Betis,0,2,A,5,17,2,8,4,7,11,14,2,2,0,0
04/10/2020,Osasuna,Celta,2,0,H,14,9,5,3,6,5,19,10,3,3,0,0
04/10/2020,Alaves,Ath Bilbao,1,0,H,8,8,3,0,0,6,20,17,2,3,1,0
04/10/2020,Levante,Real Madrid,0,2,A,11,13,4,3,4,6,14,8,2,1,0,0
04/10/2020,Cadiz,Granada,1,1,D,14,13,4,5,2,5,16,16,2,2,0,0
04/10/2020,Barcelona,Sevilla,1,1,D,12,13,5,1,6,5,11,18,1,1,0,0
17/10/2020,Granada,Sevilla,1,0,H,13,8,3,3,5,1,16,11,4,4,0,1
17/10/2020,Celta,Ath Madrid,0,2,A,15,9,5,4,8,4,16,18,3,4,0,0
17/10/2020,Real Madrid,Cadiz,0,1,A,14,14,2,5,4,11,7,5,2,0,0,0
17/10/2020,Getafe,Barcelona,1,0,H,9,7,4,1,7,2,20,10,4,3,0,0
18/10/2020,Eibar,Osasuna,0,0,D,10,8,6,2,6,7,14,14,2,3,0,1
18/10/2020,Ath Bilbao,Levante,2,0,H,14,6,5,1,9,3,11,10,3,1,0,0
18/10/2020,Villarreal,Valencia,2,1,H,16,11,6,3,3,7,13,8,4,1,1,0
18/10/2020,Alaves,Elche,0,2,A,13,7,2,3,2,6,11,11,2,5,0,0
18/10/2020,Huesca,Valladolid,2,2,D,12,5,7,3,3,1,14,24,1,2,0,0
18/10/2020,Betis,Sociedad,0,3,A,7,8,1,5,6,2,11,18,2,1,0,0
23/10/2020,Elche,Valencia,2,1,H,3,14,2,4,0,7,15,8,3,2,0,0
24/10/2020,Barcelona,Real Madrid,1,3,A,10,15,4,9,7,7,11,13,3,2,0,0
24/10/2020,Osasuna,Ath Bilbao,1,0,H,7,13,2,5,2,5,18,10,3,2,0,0
24/10/2020,Sevilla,Eibar,0,1,A,21,3,3,1,13,3,11,12,0,3,0,0
24/10/2020,Ath Madrid,Betis,2,0,H,13,12,6,3,8,5,19,12,2,0,0,1
25/10/2020,Valladolid,Alaves,0,2,A,5,14,1,4,2,4,9,7,1,0,1,0
25/10/2020,Cadiz,Villarreal,0,0,D,5,7,0,2,0,5,15,7,2,2,0,0
25/10/2020,Getafe,Granada,0,1,A,10,5,1,2,6,1,19,23,4,2,0,0
25/10/2020,Sociedad,Huesca,4,1,H,13,6,6,4,4,5,12,11,2,1,0,0
26/10/2020,Levante,Celta,1,1,D,10,10,3,3,3,2,11,19,2,2,0,0
30/10/2020,Eibar,Cadiz,0,2,A,9,6,3,4,7,2,10,10,1,1,0,0
31/10/2020,Real Madrid,Huesca,4,1,H,13,9,6,2,6,3,16,9,0,2,0,0
31/10/2020,Ath Bilbao,Sevilla,2,1,H,16,7,5,3,6,1,17,19,5,5,0,0
31/10/2020,Osasuna,Ath Madrid,1,3,A,8,11,3,6,3,2,12,10,1,2,0,0
31/10/2020,Alaves,Barcelona,1,1,D,4,25,3,9,2,14,16,4,4,3,1,0
01/11/2020,Betis,Elche,3,1,H,17,4,10,2,1,1,13,12,2,1,0,0
01/11/2020,Celta,Sociedad,1,4,A,9,9,2,7,2,3,19,16,2,5,1,0
01/11/2020,Granada,Levante,1,1,D,5,19,2,4,2,8,7,14,2,3,1,0
01/11/2020,Valencia,Getafe,2,2,D,11,16,5,5,0,3,18,25,8,5,1,1
02/11/2020,Villarreal,Valladolid,2,0,H,11,11,5,1,6,4,13,13,1,3,0,0
06/11/2020,Elche,Celta,1,1,D,8,14,1,6,3,3,18,12,3,4,0,0
07/11/2020,Huesca,Eibar,1,1,D,14,8,6,3,4,3,16,30,2,0,0,0
07/11/2020,Barcelona,Betis,5,2,H,18,12,9,6,9,5,8,10,2,2,0,1
07/11/2020,Sevilla,Osasuna,1,0,H,9,10,1,2,3,0,11,19,2,3,0,0
07/11/2020,Ath Madrid,Cadiz,4,0,H,17,10,7,3,2,7,10,9,1,1,0,0
08/11/2020,Getafe,Villarreal,1,3,A,13,9,5,5,3,3,18,11,3,4,0,0
08/11/2020,Sociedad,Granada,2,0,H,22,2,9,1,15,0,8,11,2,1,1,0
08/11/2020,Levante,Alaves,1,1,D,18,6,5,2,12,1,12,16,1,6,0,1
08/11/2020,Valladolid,Ath Bilbao,2,1,H,7,17,4,2,2,11,23,11,4,2,0,0
08/11/2020,Valencia,Real Madrid,4,1,H,7,16,4,6,1,8,13,14,3,2,0,0
20/11/2020,Osasuna,Huesca,1,1,D,18,6,7,5,4,3,14,15,2,3,0,0
21/11/2020,Levante,Elche,1,1,D,13,11,5,5,5,4,15,11,1,4,0,0
21/11/2020,Villarreal,Real Madrid,1,1,D,13,6,1,1,4,2,16,14,1,2,0,0
21/11/2020,Sevilla,Celta,4,2,H,15,10,10,7,3,2,14,20,2,2,0,0
21/11/2020,Ath Madrid,Barcelona,1,0,H,9,13,2,4,8,8,12,6,4,0,0,0
22/11/2020,Eibar,Getafe,0,0,D,15,8,5,3,3,4,16,22,3,4,1,0
22/11/2020,Cadiz,Sociedad,0,1,A,2,14,0,4,1,6,14,14,2,1,0,0
22/11/2020,Granada,Valladolid,1,3,A,16,9,6,3,5,3,16,14,4,3,0,0
22/11/2020,Alaves,Valencia,2,2,D,13,13,3,5,4,5,21,16,1,1,0,0
23/11/2020,Ath Bilbao,Betis,4,0,H,14,7,9,1,6,3,16,8,0,0,0,0
27/11/2020,Valladolid,Levante,1,1,D,10,10,4,3,3,11,18,11,0,3,0,0
28/11/2020,Elche,Cadiz,1,1,D,4,7,3,2,1,9,16,15,6,2,1,0
28/11/2020,Valencia,Ath Madrid,0,1,A,5,14,2,6,2,7,12,15,2,5,0,0
28/11/2020,Huesca,Sevilla,0,1,A,5,16,1,4,1,10,14,9,4,3,0,0
28/11/2020,Real Madrid,Alaves,1,2,A,20,11,9,6,12,9,8,17,2,3,0,0
29/11/2020,Barcelona,Osasuna,4,0,H,20,10,11,5,5,3,8,12,1,0,0,0
29/11/2020,Getafe,Ath Bilbao,1,1,D,11,5,3,2,3,2,16,23,2,4,0,0
29/11/2020,Celta,Granada,3,1,H,17,9,8,2,8,0,14,13,4,3,1,0
29/11/2020,Sociedad,Villarreal,1,1,D,8,10,4,2,4,4,18,12,5,3,0,0
30/11/2020,Betis,Eibar,0,2,A,7,11,3,6,6,2,13,14,2,1,0,0
04/12/2020,Ath Bilbao,Celta,0,2,A,10,6,0,4,4,5,7,15,2,1,0,0
05/12/2020,Levante,Getafe,3,0,H,12,9,8,0,5,5,12,13,2,7,0,2
05/12/2020,Sevilla,Real Madrid,0,1,A,12,10,2,3,4,3,15,20,1,3,0,0
05/12/2020,Ath Madrid,Valladolid,2,0,H,15,13,4,3,4,4,10,10,4,2,0,0
05/12/2020,Cadiz,Barcelona,2,1,H,7,21,3,8,5,13,10,7,0,2,0,0
06/12/2020,Granada,Huesca,3,3,D,15,16,6,7,4,2,12,16,2,0,0,0
06/12/2020,Osasuna,Betis,0,2,A,10,12,0,5,2,5,16,12,3,2,0,0
06/12/2020,Villarreal,Elche,0,0,D,12,3,3,0,4,0,16,13,3,2,0,0
06/12/2020,Alaves,Sociedad,0,0,D,5,13,1,5,2,3,3,11,1,0,1,0
07/12/2020,Eibar,Valencia,0,0,D,19,6,3,4,8,0,15,10,3,2,0,0
11/12/2020,Valladolid,Osasuna,3,2,H,11,13,6,6,3,3,14,18,4,5,0,0
12/12/2020,Valencia,Ath Bilbao,2,2,D,11,13,2,5,0,10,19,16,2,6,0,0
12/12/2020,Getafe,Sevilla,0,1,A,8,8,2,0,5,3,14,13,2,3,0,0
12/12/2020,Huesca,Alaves,1,0,H,11,3,3,1,5,2,14,20,1,4,0,0
12/12/2020,Real Madrid,Ath Madrid,2,0,H,11,5,3,1,3,6,7,16,1,3,0,0
13/12/2020,Sociedad,Eibar,1,1,D,8,16,2,4,5,4,14,11,4,3,0,0
13/12/2020,Betis,Villarreal,1,1,D,11,7,5,2,4,8,13,14,2,3,0,0
13/12/2020,Elche,Granada,0,1,A,9,13,1,5,6,5,16,15,4,2,0,0
13/12/2020,Barcelona,Levante,1,0,H,24,7,13,3,12,4,4,15,2,1,0,0
14/12/2020,Celta,Cadiz,4,0,H,8,12,5,2,1,5,24,9,2,1,0,0
15/12/2020,Real Madrid,Ath Bilbao,3,1,H,18,10,5,4,6,6,8,9,1,3,0,1
16/12/2020,Barcelona,Sociedad,2,1,H,14,12,4,5,2,3,18,14,3,3,0,0
18/12/2020,Ath Bilbao,Huesca,2,0,H,10,6,3,1,5,5,9,16,0,3,0,1
19/12/2020,Ath Madrid,Elche,3,1,H,12,8,6,3,2,5,13,14,1,2,0,0
19/12/2020,Barcelona,Valencia,2,2,D,25,12,9,4,8,3,10,14,4,2,0,0
19/12/2020,Levante,Sociedad,2,1,H,13,15,5,5,3,4,19,14,2,1,0,0
19/12/2020,Osasuna,Villarreal,1,3,A,6,13,1,6,2,2,17,16,2,2,1,0
19/12/2020,Sevilla,Valladolid,1,1,D,14,12,3,5,7,7,14,10,3,4,0,0
20/12/2020,Celta,Alaves,2,0,H,11,8,3,2,3,5,18,12,2,2,0,0
20/12/2020,Granada,Betis,2,0,H,8,14,3,1,1,10,21,16,3,4,0,0
20/12/2020,Cadiz,Getafe,0,2,A,8,6,1,4,2,4,6,22,1,6,0,0
20/12/2020,Eibar,Real Madrid,1,3,A,10,11,3,5,4,4,11,7,1,0,0,0
22/12/2020,Elche,Osasuna,2,2,D,7,15,2,6,4,4,8,17,1,2,0,1
22/12/2020,Valencia,Sevilla,0,1,A,10,19,4,3,3,5,11,17,3,2,0,0
22/12/2020,Huesca,Levante,1,1,D,11,9,2,1,10,3,10,17,2,3,0,0
22/12/2020,Sociedad,Ath Madrid,0,2,A,6,8,1,3,5,5,20,17,3,3,0,0
22/12/2020,Valladolid,Barcelona,0,3,A,12,21,5,10,4,5,12,10,1,2,0,0
22/12/2020,Villarreal,Ath Bilbao,1,1,D,17,9,6,3,6,4,10,18,1,1,0,0
23/12/2020,Getafe,Celta,1,1,D,6,2,3,1,1,4,17,16,3,3,0,0
23/12/2020,Real Madrid,Granada,2,0,H,23,10,6,1,8,1,13,11,2,1,0,0
23/12/2020,Alaves,Eibar,2,1,H,13,8,3,4,2,7,10,14,4,2,0,0
23/12/2020,Betis,Cadiz,1,0,H,6,6,1,3,5,5,18,9,1,1,0,0
29/12/2020,Sevilla,Villarreal,2,0,H,10,6,3,2,4,7,13,14,1,4,0,0
29/12/2020,Barcelona,Eibar,1,1,D,16,9,5,3,5,7,6,15,0,2,0,0
29/12/2020,Cadiz,Valladolid,0,0,D,8,7,3,1,1,6,14,13,3,2,0,0
29/12/2020,Levante,Betis,4,3,H,10,19,5,7,3,6,9,14,3,2,1,0
30/12/2020,Granada,Valencia,2,1,H,24,16,5,6,6,6,16,15,4,4,1,2
30/12/2020,Ath Madrid,Getafe,1,0,H,10,10,3,2,5,2,7,12,2,3,0,0
30/12/2020,Celta,Huesca,2,1,H,15,17,6,6,0,5,19,8,2,0,0,0
30/12/2020,Elche,Real Madrid,1,1,D,6,14,3,6,2,3,8,18,1,4,0,0
31/12/2020,Ath Bilbao,Sociedad,0,1,A,4,13,0,3,2,4,23,18,5,4,0,0
31/12/2020,Osasuna,Alaves,1,1,D,8,15,3,1,5,4,12,9,3,4,1,0
02/01/2021,Villarreal,Levante,2,1,H,12,9,7,2,3,5,12,11,1,1,0,0
02/01/2021,Betis,Sevilla,1,1,D,16,6,3,2,2,1,15,18,5,2,0,0
02/01/2021,Getafe,Valladolid,0,1,A,11,8,4,2,5,9,13,13,3,2,0,0
02/01/2021,Real Madrid,Celta,2,0,H,9,6,2,1,1,5,14,14,4,2,0,0
03/01/2021,Ath Bilbao,Elche,1,0,H,13,5,2,2,5,4,15,13,2,1,0,0
03/01/2021,Alaves,Ath Madrid,1,2,A,4,8,1,4,1,5,14,12,0,2,1,0
03/01/2021,Eibar,Granada,2,0,H,15,6,7,3,4,2,10,9,2,1,0,0
03/01/2021,Sociedad,Osasuna,1,1,D,8,6,2,2,7,2,15,8,1,1,0,0
03/01/2021,Huesca,Barcelona,0,1,A,4,20,4,7,2,6,12,11,1,0,0,0
04/01/2021,Valencia,Cadiz,1,1,D,11,9,4,2,9,7,11,17,2,2,0,0
06/01/2021,Ath Bilbao,Barcelona,2,3,A,8,13,3,9,3,4,10,6,2,1,0,0
08/01/2021,Celta,Villarreal,0,4,A,8,15,3,6,3,4,15,18,1,0,0,0
09/01/2021,Sevilla,Sociedad,3,2,H,12,10,7,4,2,9,8,18,0,3,0,0
09/01/2021,Granada,Barcelona,0,4,A,8,13,4,4,4,1,16,3,2,3,1,0
09/01/2021,Osasuna,Real Madrid,0,0,D,8,9,2,1,2,4,9,3,0,0,0,0
10/01/2021,Levante,Eibar,2,1,H,4,17,2,4,4,9,12,8,2,0,0,0
10/01/2021,Cadiz,Alaves,3,1,H,10,5,7,2,4,1,17,10,1,4,0,1
10/01/2021,Valladolid,Valencia,0,1,A,11,17,4,6,0,4,14,14,2,3,0,0
11/01/2021,Elche,Getafe,1,3,A,7,14,4,7,1,7,14,16,4,2,1,0
11/01/2021,Huesca,Betis,0,2,A,10,15,3,5,3,6,12,13,2,2,0,1
12/01/2021,Granada,Osasuna,2,0,H,9,15,2,3,4,4,16,17,1,4,0,0
12/01/2021,Ath Madrid,Sevilla,2,0,H,5,13,4,2,3,12,14,11,2,0,0,0
19/01/2021,Cadiz,Levante,2,2,D,8,8,2,5,5,2,13,11,3,1,0,0
19/01/2021,Valladolid,Elche,2,2,D,13,9,2,3,4,5,14,19,1,3,1,0
19/01/2021,Alaves,Sevilla,1,2,A,12,7,3,3,3,2,15,14,3,3,0,0
20/01/2021,Getafe,Huesca,1,0,H,12,15,5,3,3,8,15,14,2,4,0,0
20/01/2021,Betis,Celta,2,1,H,12,10,4,3,5,6,13,15,2,3,0,0
20/01/2021,Villarreal,Granada,2,2,D,9,3,3,2,3,0,11,11,2,4,0,1
21/01/2021,Valencia,Osasuna,1,1,D,10,14,3,5,9,4,8,17,1,3,0,0
21/01/2021,Eibar,Ath Madrid,1,2,A,12,9,2,4,3,3,24,9,2,2,0,0
22/01/2021,Levante,Valladolid,2,2,D,11,7,3,3,8,2,16,12,0,1,0,0
23/01/2021,Huesca,Villarreal,0,0,D,5,8,1,2,1,2,9,15,3,1,0,0
23/01/2021,Sevilla,Cadiz,3,0,H,15,9,7,3,7,6,12,6,1,3,0,0
23/01/2021,Sociedad,Betis,2,2,D,12,7,6,4,8,3,14,13,2,2,0,0
23/01/2021,Alaves,Real Madrid,1,4,A,14,10,4,7,4,4,16,7,5,3,0,0
24/01/2021,Osasuna,Granada,3,1,H,7,12,4,1,1,5,15,15,5,4,1,0
24/01/2021,Elche,Barcelona,0,2,A,4,15,2,8,0,7,15,9,0,2,0,0
24/01/2021,Celta,Eibar,1,1,D,7,9,4,2,0,6,10,16,4,3,0,0
24/01/2021,Ath Madrid,Valencia,3,1,H,14,8,5,4,7,7,11,14,2,0,0,0
25/01/2021,Ath Bilbao,Getafe,5,1,H,11,6,8,2,4,4,13,18,4,4,0,0
29/01/2021,Valladolid,Huesca,1,3,A,14,11,4,5,6,7,12,12,2,2,0,0
30/01/2021,Eibar,Sevilla,0,2,A,17,7,6,4,6,2,10,12,4,3,0,0
30/01/2021,Real Madrid,Levante,1,2,A,8,14,2,8,3,7,9,20,1,2,1,0
30/01/2021,Valencia,Elche,1,0,H,14,10,4,1,4,10,18,15,1,7,0,0
30/01/2021,Villarreal,Sociedad,1,1,D,4,12,2,3,1,7,10,17,1,3,0,0
31/01/2021,Getafe,Alaves,0,0,D,5,5,1,1,5,2,20,17,3,3,0,0
31/01/2021,Cadiz,Ath Madrid,2,4,A,11,9,6,4,2,2,7,7,1,5,0,0
31/01/2021,Granada,Celta,0,0,D,10,7,5,1,6,5,16,19,2,4,0,0
31/01/2021,Barcelona,Ath Bilbao,2,1,H,12,7,6,2,7,3,12,20,2,3,0,0
01/02/2021,Betis,Osasuna,1,0,H,8,15,4,5,3,4,12,6,1,1,0,0
05/02/2021,Alaves,Valladolid,1,0,H,20,3,5,1,11,1,11,17,4,4,0,0
06/02/2021,Levante,Granada,2,2,D,11,11,7,5,6,2,12,13,1,3,0,0
06/02/2021,Huesca,Real Madrid,1,2,A,13,18,2,7,3,10,18,9,2,1,0,0
06/02/2021,Elche,Villarreal,2,2,D,8,9,2,4,4,2,17,5,1,2,0,0
06/02/2021,Sevilla,Getafe,3,0,H,17,5,5,1,3,1,10,11,1,4,0,1
07/02/2021,Sociedad,Cadiz,4,1,H,17,2,6,1,5,1,7,7,0,2,0,1
07/02/2021,Ath Bilbao,Valencia,1,1,D,11,15,2,2,6,6,10,8,2,1,0,0
07/02/2021,Osasuna,Eibar,2,1,H,12,12,4,3,2,1,10,11,0,0,0,0
07/02/2021,Betis,Barcelona,2,3,A,8,12,5,4,3,5,21,7,1,3,0,0
08/02/2021,Ath Madrid,Celta,2,2,D,9,7,2,2,1,4,12,17,2,2,0,0
09/02/2021,Real Madrid,Getafe,2,0,H,14,1,4,0,8,1,8,16,1,1,0,0
12/02/2021,Celta,Elche,3,1,H,9,7,6,2,3,6,11,15,3,2,0,0
13/02/2021,Granada,Ath Madrid,1,2,A,6,10,1,4,7,3,14,20,0,5,0,0
13/02/2021,Sevilla,Huesca,1,0,H,14,9,4,5,6,6,14,15,3,4,0,0
13/02/2021,Eibar,Valladolid,1,1,D,14,5,2,1,7,3,15,12,2,3,0,0
13/02/2021,Barcelona,Alaves,5,1,H,17,6,9,2,5,4,10,14,0,2,0,0
14/02/2021,Getafe,Sociedad,0,1,A,4,3,0,2,2,5,23,19,3,3,1,0
14/02/2021,Real Madrid,Valencia,2,0,H,16,4,7,1,6,1,13,12,0,3,0,0
14/02/2021,Levante,Osasuna,0,1,A,13,7,4,2,2,1,13,10,1,2,0,0
14/02/2021,Villarreal,Betis,1,2,A,9,15,5,4,7,3,19,13,3,2,0,0
15/02/2021,Cadiz,Ath Bilbao,0,4,A,11,13,2,8,5,8,15,13,3,2,0,0
17/02/2021,Levante,Ath Madrid,1,1,D,7,14,4,6,1,8,10,10,1,3,0,0
19/02/2021,Betis,Getafe,1,0,H,12,6,5,1,5,2,17,18,5,4,1,0
20/02/2021,Elche,Eibar,1,0,H,6,13,2,3,1,4,16,9,2,1,0,0
20/02/2021,Ath Madrid,Levante,0,2,A,28,6,11,1,12,2,10,15,2,3,0,0
20/02/2021,Valencia,Celta,2,0,H,10,5,3,2,6,1,9,19,2,3,0,1
20/02/2021,Valladolid,Real Madrid,0,1,A,9,10,5,2,4,5,13,11,4,2,0,0
21/02/2021,Barcelona,Cadiz,1,1,D,20,3,4,1,8,0,13,12,0,2,0,0
21/02/2021,Sociedad,Alaves,4,0,H,8,7,4,2,4,3,17,16,3,2,0,0
21/02/2021,Huesca,Granada,3,2,H,15,8,6,5,5,2,13,14,3,3,0,1
21/02/2021,Ath Bilbao,Villarreal,1,1,D,18,3,8,2,6,0,12,12,2,2,0,0
22/02/2021,Osasuna,Sevilla,0,2,A,6,10,0,5,3,5,14,15,2,2,0,0
24/02/2021,Barcelona,Elche,3,0,H,9,6,5,1,6,3,8,8,0,0,0,0
26/02/2021,Levante,Ath Bilbao,1,1,D,10,11,4,5,2,10,11,13,3,1,0,1
27/02/2021,Eibar,Huesca,1,1,D,17,4,3,1,6,2,19,11,2,2,0,0
27/02/2021,Sevilla,Barcelona,0,2,A,4,9,2,5,3,3,20,9,5,2,0,0
27/02/2021,Alaves,Osasuna,0,1,A,4,6,1,3,5,2,18,20,3,4,0,0
27/02/2021,Getafe,Valencia,3,0,H,15,5,4,0,3,6,21,12,5,2,0,1
28/02/2021,Celta,Valladolid,1,1,D,11,7,2,3,3,5,20,20,3,5,0,0
28/02/2021,Cadiz,Betis,0,1,A,5,9,3,4,3,7,9,13,1,2,0,0
28/02/2021,Granada,Elche,2,1,H,13,12,4,4,5,5,14,12,3,2,0,0
28/02/2021,Villarreal,Ath Madrid,0,2,A,19,6,6,5,10,2,15,19,2,3,0,0
01/03/2021,Real Madrid,Sociedad,1,1,D,21,6,2,2,13,4,5,10,0,1,0,0
05/03/2021,Valencia,Villarreal,2,1,H,25,10,4,5,5,3,12,10,4,3,0,0
06/03/2021,Valladolid,Getafe,2,1,H,4,9,3,2,1,6,16,19,2,2,0,1
06/03/2021,Elche,Sevilla,2,1,H,6,11,3,3,6,3,16,11,4,0,0,0
06/03/2021,Cadiz,Eibar,1,0,H,6,16,2,1,0,12,7,11,2,2,0,0
06/03/2021,Osasuna,Barcelona,0,2,A,10,13,3,6,3,4,4,12,0,2,0,0
07/03/2021,Huesca,Celta,3,4,A,19,10,7,7,6,3,12,21,0,2,0,0
07/03/2021,Ath Madrid,Real Madrid,1,1,D,11,18,5,8,1,6,19,9,5,1,0,0
07/03/2021,Sociedad,Levante,1,0,H,25,6,8,1,7,5,13,14,0,2,0,0
07/03/2021,Ath Bilbao,Granada,2,1,H,7,13,5,3,6,9,10,10,2,2,0,0
08/03/2021,Betis,Alaves,3,2,H,23,4,8,3,12,1,13,11,0,3,0,0
10/03/2021,Ath Madrid,Ath Bilbao,2,1,H,11,4,5,2,5,4,12,13,2,2,0,0
12/03/2021,Levante,Valencia,1,0,H,11,11,3,2,3,3,17,13,3,4,0,0
13/03/2021,Alaves,Cadiz,1,1,D,9,9,3,1,2,5,22,6,3,3,1,0
13/03/2021,Real Madrid,Elche,2,1,H,17,3,4,2,6,1,11,16,1,1,0,0
13/03/2021,Osasuna,Valladolid,0,0,D,14,12,2,2,7,3,12,9,2,3,0,0
13/03/2021,Getafe,Ath Madrid,0,0,D,11,15,2,7,3,11,9,17,1,4,1,0
14/03/2021,Celta,Ath Bilbao,0,0,D,13,6,3,1,1,3,20,13,3,1,0,0
14/03/2021,Granada,Sociedad,1,0,H,7,7,2,1,4,6,23,16,2,3,0,0
14/03/2021,Eibar,Villarreal,1,3,A,16,13,7,8,7,2,12,9,2,2,0,1
14/03/2021,Sevilla,Betis,1,0,H,9,13,3,3,3,6,12,14,3,5,0,0
15/03/2021,Barcelona,Huesca,4,1,H,12,8,5,4,7,3,8,13,0,2,0,0
17/03/2021,Sevilla,Elche,2,0,H,13,11,8,5,4,1,9,8,2,1,0,0
19/03/2021,Betis,Levante,2,0,H,15,7,6,1,4,1,14,10,2,0,0,0
20/03/2021,Ath Bilbao,Eibar,1,1,D,18,4,4,2,10,1,5,15,1,1,0,0
20/03/2021,Celta,Real Madrid,1,3,A,8,16,3,4,1,7,23,13,3,4,0,0
20/03/2021,Huesca,Osasuna,0,0,D,15,7,3,2,5,1,9,13,1,2,0,0
20/03/2021,Valladolid,Sevilla,1,1,D,3,12,2,4,2,8,17,10,3,1,0,0
21/03/2021,Getafe,Elche,1,1,D,12,6,5,2,4,8,17,21,3,7,0,0
21/03/2021,Valencia,Granada,2,1,H,18,15,9,3,3,4,11,11,0,3,0,0
21/03/2021,Villarreal,Cadiz,2,1,H,13,9,4,3,5,6,14,6,3,3,0,0
21/03/2021,Ath Madrid,Alaves,1,0,H,8,9,4,3,5,5,17,12,3,3,0,0
21/03/2021,Sociedad,Barcelona,1,6,A,10,14,5,10,1,1,11,12,3,2,0,0
02/04/2021,Levante,Huesca,0,2,A,13,6,3,2,8,2,15,7,2,2,0,0
03/04/2021,Granada,Villarreal,0,3,A,6,15,2,6,3,5,14,14,2,2,0,0
03/04/2021,Real Madrid,Eibar,2,0,H,21,10,8,4,6,9,6,8,0,2,0,0
03/04/2021,Osasuna,Getafe,0,0,D,4,6,1,2,2,4,23,18,2,3,0,0
04/04/2021,Alaves,Celta,1,3,A,17,8,7,6,6,2,9,21,4,5,0,1
04/04/2021,Elche,Betis,1,1,D,7,13,3,3,7,2,9,15,1,4,0,0
04/04/2021,Cadiz,Valencia,2,1,H,6,12,2,6,4,13,10,7,2,2,0,0
04/04/2021,Sevilla,Ath Madrid,1,0,H,18,9,5,4,3,2,13,11,2,4,0,0
05/04/2021,Barcelona,Valladolid,1,0,H,25,7,10,2,4,1,12,13,3,3,0,1
07/04/2021,Sociedad,Ath Bilbao,1,1,D,12,11,2,2,3,6,18,7,3,1,0,0
09/04/2021,Huesca,Elche,3,1,H,8,8,5,2,6,6,17,13,2,2,0,0
10/04/2021,Getafe,Cadiz,0,1,A,19,8,4,3,10,4,10,13,3,2,0,0
10/04/2021,Ath Bilbao,Alaves,0,0,D,11,9,4,0,6,6,13,15,2,2,0,0
10/04/2021,Eibar,Levante,0,1,A,10,6,4,1,6,3,9,7,3,2,0,0
10/04/2021,Real Madrid,Barcelona,2,1,H,14,18,3,4,5,6,16,10,3,4,1,0
11/04/2021,Villarreal,Osasuna,1,2,A,15,12,6,4,6,5,6,12,0,0,0,0
11/04/2021,Valencia,Sociedad,2,2,D,9,16,2,5,4,5,11,17,6,4,1,0
11/04/2021,Valladolid,Granada,1,2,A,7,12,3,6,2,4,14,15,4,2,0,0
11/04/2021,Betis,Ath Madrid,1,1,D,8,10,4,4,5,5,12,13,0,0,0,0
12/04/2021,Celta,Sevilla,3,4,A,12,13,5,6,5,2,18,15,3,2,0,0
18/04/2021,Osasuna,Elche,2,0,H,9,8,3,2,4,5,14,15,2,1,0,0
18/04/2021,Sociedad,Sevilla,1,2,A,5,15,2,7,7,3,20,15,3,2,0,0
18/04/2021,Alaves,Huesca,1,0,H,10,9,2,1,7,3,15,13,1,2,0,0
18/04/2021,Ath Madrid,Eibar,5,0,H,10,0,7,0,8,3,10,10,0,1,0,0
18/04/2021,Betis,Valencia,2,2,D,9,9,5,3,6,3,12,10,3,1,0,0
18/04/2021,Cadiz,Celta,0,0,D,5,11,2,4,4,7,6,13,0,1,0,0
18/04/2021,Getafe,Real Madrid,0,0,D,19,10,6,2,6,6,17,8,3,1,0,0
18/04/2021,Levante,Villarreal,1,5,A,12,14,3,7,4,5,9,7,2,1,0,0
21/04/2021,Levante,Sevilla,0,1,A,6,10,1,3,2,3,15,13,4,1,0,0
21/04/2021,Osasuna,Valencia,3,1,H,18,10,9,5,5,6,17,11,1,2,0,0
21/04/2021,Betis,Ath Bilbao,0,0,D,6,16,2,4,5,4,10,16,3,2,1,0
21/04/2021,Alaves,Villarreal,2,1,H,9,10,4,5,3,8,8,11,2,1,0,0
21/04/2021,Elche,Valladolid,1,1,D,9,12,3,4,4,6,23,11,5,3,0,0
21/04/2021,Cadiz,Real Madrid,0,3,A,14,14,3,4,7,3,13,21,4,3,0,0
22/04/2021,Ath Madrid,Huesca,2,0,H,18,5,12,2,8,1,9,11,2,0,0,0
22/04/2021,Granada,Eibar,4,1,H,8,16,4,3,4,7,13,10,1,1,0,0
22/04/2021,Sociedad,Celta,2,1,H,7,10,3,3,2,4,17,17,4,5,0,0
22/04/2021,Barcelona,Getafe,5,2,H,9,5,6,1,3,1,8,15,2,0,0,0
24/04/2021,Elche,Levante,1,0,H,8,6,3,1,4,2,10,14,3,4,0,0
24/04/2021,Valladolid,Cadiz,1,1,D,13,6,6,2,5,7,11,20,1,3,0,0
24/04/2021,Valencia,Alaves,1,1,D,9,6,2,2,7,2,17,16,4,0,0,1
24/04/2021,Real Madrid,Betis,0,0,D,17,6,5,2,8,2,17,13,1,2,0,0
25/04/2021,Huesca,Getafe,0,2,A,8,6,1,4,1,0,16,22,2,4,0,0
25/04/2021,Villarreal,Barcelona,1,2,A,10,15,4,5,6,1,16,10,2,3,1,0
25/04/2021,Celta,Osasuna,2,1,H,7,12,2,3,2,8,13,12,1,4,0,0
25/04/2021,Sevilla,Granada,2,1,H,10,4,4,2,5,5,11,14,2,3,0,0
25/04/2021,Ath Bilbao,Ath Madrid,2,1,H,11,14,3,3,4,11,20,7,4,2,0,0
26/04/2021,Eibar,Sociedad,0,1,A,14,5,5,2,2,3,8,20,5,1,0,0
28/04/2021,Ath Bilbao,Valladolid,2,2,D,13,14,7,4,5,7,8,13,1,1,0,0
29/04/2021,Barcelona,Granada,1,2,A,16,6,4,2,6,1,10,22,0,4,0,0
30/04/2021,Celta,Levante,2,0,H,8,10,5,2,1,5,12,13,2,2,0,0
01/05/2021,Eibar,Alaves,3,0,H,15,6,4,2,10,5,12,12,0,2,0,0
01/05/2021,Elche,Ath Madrid,0,1,A,6,11,1,4,3,2,20,16,3,3,0,0
01/05/2021,Huesca,Sociedad,1,0,H,10,7,3,3,2,7,14,11,2,2,0,0
01/05/2021,Real Madrid,Osasuna,2,0,H,22,3,6,2,7,0,9,12,0,2,0,0
02/05/2021,Valladolid,Betis,1,1,D,10,11,2,4,3,2,7,14,2,5,0,0
02/05/2021,Villarreal,Getafe,1,0,H,4,15,3,3,4,4,13,17,1,2,0,0
02/05/2021,Granada,Cadiz,0,1,A,9,8,2,4,6,5,12,10,7,2,1,0
02/05/2021,Valencia,Barcelona,2,3,A,9,14,4,7,2,1,12,14,2,1,0,0
03/05/2021,Sevilla,Ath Bilbao,0,1,A,18,8,3,2,6,2,13,15,1,0,0,0
07/05/2021,Sociedad,Elche,2,0,H,16,1,3,0,7,0,8,10,1,3,0,1
08/05/2021,Alaves,Levante,2,2,D,15,6,5,3,8,3,12,18,2,1,0,0
08/05/2021,Barcelona,Ath Madrid,0,0,D,12,11,7,6,5,7,13,26,3,3,0,0
08/05/2021,Cadiz,Huesca,2,1,H,11,13,1,5,3,3,14,13,4,0,0,0
08/05/2021,Ath Bilbao,Osasuna,2,2,D,13,13,3,4,10,4,4,10,1,2,0,0
09/05/2021,Getafe,Eibar,0,1,A,10,7,2,3,4,2,11,11,1,2,0,0
09/05/2021,Valencia,Valladolid,3,0,H,6,19,3,2,1,9,17,6,0,0,0,0
09/05/2021,Villarreal,Celta,2,4,A,16,11,7,6,5,3,11,16,3,3,2,1
09/05/2021,Real Madrid,Sevilla,2,2,D,16,7,6,3,7,3,8,8,1,2,0,0
10/05/2021,Betis,Granada,2,1,H,14,11,6,5,9,2,16,11,2,4,0,0
11/05/2021,Osasuna,Cadiz,3,2,H,14,10,4,4,3,5,15,12,2,2,0,0
11/05/2021,Elche,Alaves,0,2,A,11,9,4,2,7,5,21,15,2,4,0,0
11/05/2021,Levante,Barcelona,3,3,D,16,17,6,5,8,6,12,4,2,2,0,0
12/05/2021,Sevilla,Valencia,1,0,H,10,6,4,2,3,5,17,6,2,2,0,0
12/05/2021,Celta,Getafe,1,0,H,4,13,1,4,1,5,16,18,1,3,0,0
12/05/2021,Huesca,Ath Bilbao,1,0,H,18,4,6,3,5,0,9,14,0,1,0,0
12/05/2021,Ath Madrid,Sociedad,2,1,H,12,14,4,7,1,7,11,15,0,0,0,0
13/05/2021,Valladolid,Villarreal,0,2,A,11,9,2,3,3,6,15,14,3,1,0,0
13/05/2021,Eibar,Betis,1,1,D,14,9,4,4,5,4,12,8,3,1,0,0
13/05/2021,Granada,Real Madrid,1,4,A,10,16,5,7,2,3,15,9,3,3,0,0
16/05/2021,Alaves,Granada,4,2,H,14,5,9,2,6,1,7,11,2,4,0,0
16/05/2021,Ath Bilbao,Real Madrid,0,1,A,8,11,1,2,4,11,10,7,3,2,1,0
16/05/2021,Ath Madrid,Osasuna,2,1,H,26,5,9,2,8,0,2,13,1,2,0,0
16/05/2021,Barcelona,Celta,1,2,A,20,4,4,4,7,1,9,14,3,2,1,0
16/05/2021,Betis,Huesca,1,0,H,10,7,2,0,2,5,15,19,1,5,0,1
16/05/2021,Cadiz,Elche,1,3,A,7,20,3,5,1,8,13,15,3,4,0,0
16/05/2021,Getafe,Levante,2,1,H,9,5,3,1,3,4,15,11,5,0,1,0
16/05/2021,Sociedad,Valladolid,4,1,H,13,19,8,5,2,4,16,11,2,4,0,1
16/05/2021,Valencia,Eibar,4,1,H,9,20,5,8,2,10,5,7,0,0,0,0
16/05/2021,Villarreal,Sevilla,4,0,H,12,17,5,5,3,6,9,7,0,3,0,1
21/05/2021,Levante,Cadiz,2,2,D,17,6,4,2,7,0,17,8,0,2,0,0
22/05/2021,Celta,Betis,2,3,A,11,11,4,5,8,4,20,20,6,7,0,1
22/05/2021,Eibar,Barcelona,0,1,A,17,7,3,3,6,3,11,15,0,3,0,0
22/05/2021,Elche,Ath Bilbao,2,0,H,8,8,3,2,3,1,10,6,3,0,0,0
22/05/2021,Huesca,Valencia,0,0,D,23,11,8,4,9,3,17,15,2,1,0,0
22/05/2021,Osasuna,Sociedad,0,1,A,7,11,1,1,3,3,15,7,1,0,0,0
22/05/2021,Real Madrid,Villarreal,2,1,H,14,6,4,2,6,1,8,13,0,0,0,0
22/05/2021,Valladolid,Ath Madrid,1,2,A,10,14,4,3,4,6,11,11,4,6,0,0
23/05/2021,Granada,Getafe,0,0,D,9,11,3,2,6,3,16,13,4,2,0,0
23/05/2021,Sevilla,Alaves,1,0,H,11,11,2,2,6,4,11,8,1,0,0,0
13/08/2021,Valencia,Getafe,1,0,H,4,22,2,4,1,9,24,15,6,3,1,1
14/08/2021,Cadiz,Levante,1,1,D,7,12,2,3,2,4,10,16,1,5,0,0
14/08/2021,Mallorca,Betis,1,1,D,6,10,2,1,4,3,12,18,1,3,0,0
14/08/2021,Alaves,Real Madrid,1,4,A,11,19,4,7,0,4,14,10,1,2,0,0
14/08/2021,Osasuna,Espanol,0,0,D,14,10,1,3,4,6,18,12,3,3,0,0
15/08/2021,Celta,Ath Madrid,1,2,A,10,13,2,4,2,5,11,9,4,5,1,1
15/08/2021,Barcelona,Sociedad,4,2,H,13,11,8,3,5,3,11,18,2,4,0,0
15/08/2021,Sevilla,Vallecano,3,0,H,21,4,8,3,4,0,14,7,1,0,0,1
16/08/2021,Villarreal,Granada,0,0,D,14,6,4,1,6,2,19,21,5,1,1,0
16/08/2021,Elche,Ath Bilbao,0,0,D,8,9,2,3,6,8,13,19,2,2,0,0
20/08/2021,Betis,Cadiz,1,1,D,16,8,7,3,4,5,12,10,4,0,0,0
21/08/2021,Alaves,Mallorca,0,1,A,9,12,4,2,1,8,14,15,3,3,1,0
21/08/2021,Espanol,Villarreal,0,0,D,14,12,3,2,9,7,10,10,3,4,0,0
21/08/2021,Granada,Valencia,1,1,D,9,18,2,7,2,6,14,12,4,2,0,0
21/08/2021,Ath Bilbao,Barcelona,1,1,D,16,9,7,3,13,2,15,10,1,2,0,1
22/08/2021,Sociedad,Vallecano,1,0,H,13,9,8,1,5,4,19,15,3,4,0,0
22/08/2021,Ath Madrid,Elche,1,0,H,8,4,4,2,2,1,16,10,2,2,0,0
22/08/2021,Levante,Real Madrid,3,3,D,8,19,4,5,4,6,17,7,3,2,1,0
23/08/2021,Getafe,Sevilla,0,1,A,12,9,0,3,5,4,18,10,2,2,0,0
23/08/2021,Osasuna,Celta,0,0,D,15,4,7,0,1,2,19,8,4,3,0,0
27/08/2021,Mallorca,Espanol,1,0,H,12,8,6,3,3,2,16,17,4,3,0,1
27/08/2021,Valencia,Alaves,3,0,H,9,10,4,3,4,4,20,15,1,4,0,0
28/08/2021,Celta,Ath Bilbao,0,1,A,13,6,0,2,5,4,12,11,2,1,0,0
28/08/2021,Elche,Sevilla,1,1,D,7,18,4,5,5,3,6,9,2,0,0,0
28/08/2021,Sociedad,Levante,1,0,H,7,6,2,0,2,2,17,13,1,1,0,0
28/08/2021,Betis,Real Madrid,0,1,A,11,13,6,3,3,7,15,13,5,3,0,0
29/08/2021,Barcelona,Getafe,2,1,H,7,8,3,3,3,2,16,22,3,1,0,0
29/08/2021,Cadiz,Osasuna,2,3,A,7,14,3,4,4,11,9,6,4,0,0,0
29/08/2021,Vallecano,Granada,4,0,H,19,9,6,3,5,6,19,14,1,4,0,0
29/08/2021,Ath Madrid,Villarreal,2,2,D,24,2,5,2,16,0,11,6,4,2,0,0
11/09/2021,Levante,Vallecano,1,1,D,7,22,2,6,2,5,14,16,3,4,0,0
11/09/2021,Ath Bilbao,Mallorca,2,0,H,19,7,5,1,7,2,7,13,1,2,0,0
12/09/2021,Espanol,Ath Madrid,1,2,A,9,13,3,3,6,3,10,11,1,4,0,0
12/09/2021,Osasuna,Valencia,1,4,A,11,10,2,4,4,4,20,14,4,2,0,0
12/09/2021,Cadiz,Sociedad,0,2,A,6,16,1,4,2,8,10,9,4,0,1,0
12/09/2021,Real Madrid,Celta,5,2,H,15,11,11,4,7,3,8,16,2,3,0,0
13/09/2021,Getafe,Elche,0,1,A,10,8,1,3,8,2,6,14,2,3,0,0
13/09/2021,Granada,Betis,1,2,A,11,19,2,9,6,8,7,14,1,2,0,0
17/09/2021,Celta,Cadiz,1,2,A,14,7,4,3,7,1,8,8,3,3,0,0
18/09/2021,Vallecano,Getafe,3,0,H,11,13,5,3,5,3,20,16,6,7,0,0
18/09/2021,Ath Madrid,Ath Bilbao,0,0,D,14,6,2,0,5,5,10,13,6,2,1,0
18/09/2021,Elche,Levante,1,1,D,9,11,2,6,4,7,10,14,2,2,0,0
18/09/2021,Alaves,Osasuna,0,2,A,8,13,3,5,2,8,11,14,4,3,0,0
19/09/2021,Mallorca,Villarreal,0,0,D,10,11,1,3,3,1,11,16,2,3,0,0
19/09/2021,Sociedad,Sevilla,0,0,D,11,11,4,4,5,6,16,11,2,3,0,0
19/09/2021,Betis,Espanol,2,2,D,23,11,9,4,10,4,13,9,4,4,1,0
19/09/2021,Valencia,Real Madrid,1,2,A,12,18,4,10,2,5,14,14,1,5,0,0
20/09/2021,Barcelona,Granada,1,1,D,17,5,6,2,12,4,15,20,3,6,0,0
21/09/2021,Getafe,Ath Madrid,1,2,A,7,12,2,4,2,5,15,11,4,5,1,0
21/09/2021,Ath Bilbao,Vallecano,1,2,A,8,8,1,3,2,1,16,20,3,3,0,0
21/09/2021,Levante,Celta,0,2,A,6,4,2,2,2,4,16,12,3,2,0,0
22/09/2021,Espanol,Alaves,1,0,H,10,8,2,2,4,8,14,18,2,1,0,0
22/09/2021,Sevilla,Valencia,3,1,H,11,8,5,3,1,4,25,21,5,3,0,0
22/09/2021,Real Madrid,Mallorca,6,1,H,18,17,12,5,3,2,18,8,2,1,0,0
22/09/2021,Villarreal,Elche,4,1,H,14,9,9,3,8,7,16,11,1,2,0,0
23/09/2021,Granada,Sociedad,2,3,A,10,20,2,11,4,7,11,16,5,1,0,0
23/09/2021,Osasuna,Betis,1,3,A,11,16,3,9,4,7,18,10,2,0,0,0
23/09/2021,Cadiz,Barcelona,0,0,D,13,6,3,2,4,5,16,8,3,4,0,1
25/09/2021,Alaves,Ath Madrid,1,0,H,7,13,1,1,3,8,18,11,2,3,0,0
25/09/2021,Valencia,Ath Bilbao,1,1,D,13,12,6,4,4,5,14,17,5,2,1,0
25/09/2021,Sevilla,Espanol,2,0,H,12,13,5,2,4,8,10,8,4,0,1,0
25/09/2021,Real Madrid,Villarreal,0,0,D,15,6,2,2,6,3,10,12,1,2,0,0
26/09/2021,Mallorca,Osasuna,2,3,A,17,12,8,6,5,5,8,17,2,3,0,0
26/09/2021,Barcelona,Levante,3,0,H,20,6,12,2,11,1,11,16,1,3,0,0
26/09/2021,Sociedad,Elche,1,0,H,17,5,5,2,6,1,12,16,1,3,0,0
26/09/2021,Vallecano,Cadiz,3,1,H,13,6,6,1,4,3,11,11,2,4,0,0
26/09/2021,Betis,Getafe,2,0,H,20,8,5,3,3,3,12,19,1,3,0,0
27/09/2021,Celta,Granada,1,0,H,14,7,5,4,5,3,9,12,2,7,0,0
01/10/2021,Ath Bilbao,Alaves,1,0,H,16,17,5,5,13,9,16,12,3,2,0,0
02/10/2021,Osasuna,Vallecano,1,0,H,7,7,3,0,6,3,19,9,3,3,0,0
02/10/2021,Mallorca,Levante,1,0,H,9,6,7,2,8,3,18,25,4,4,0,0
02/10/2021,Cadiz,Valencia,0,0,D,2,16,1,4,1,3,16,11,3,4,0,0
02/10/2021,Ath Madrid,Barcelona,2,0,H,6,9,3,2,2,6,13,10,2,1,0,0
03/10/2021,Elche,Celta,1,0,H,12,10,5,1,7,4,14,19,4,3,0,0
03/10/2021,Espanol,Real Madrid,2,1,H,8,18,4,4,2,8,12,13,2,1,0,0
03/10/2021,Getafe,Sociedad,1,1,D,9,10,2,5,2,5,16,11,4,2,0,0
03/10/2021,Villarreal,Betis,2,0,H,11,10,5,3,4,6,14,9,2,4,0,0
03/10/2021,Granada,Sevilla,1,0,H,3,14,1,3,2,6,13,11,3,4,0,1
16/10/2021,Levante,Getafe,0,0,D,6,14,2,4,3,11,14,10,3,3,0,0
16/10/2021,Sociedad,Mallorca,1,0,H,10,7,2,1,2,6,11,21,3,3,1,0
17/10/2021,Vallecano,Elche,2,1,H,10,7,4,3,6,2,16,11,2,2,0,0
17/10/2021,Celta,Sevilla,0,1,A,14,8,3,2,5,4,13,9,2,3,0,0
17/10/2021,Villarreal,Osasuna,1,2,A,11,6,6,2,4,4,6,14,1,5,0,0
17/10/2021,Barcelona,Valencia,3,1,H,12,9,5,3,9,3,16,13,2,3,0,0
18/10/2021,Alaves,Betis,0,1,A,14,19,2,4,7,7,8,11,1,1,0,0
18/10/2021,Espanol,Cadiz,2,0,H,14,13,6,2,7,9,8,10,1,0,0,0
22/10/2021,Osasuna,Granada,1,1,D,17,9,6,4,4,1,15,11,1,3,1,0
23/10/2021,Valencia,Mallorca,2,2,D,20,9,6,4,5,0,15,19,4,5,0,2
23/10/2021,Cadiz,Alaves,0,2,A,23,8,4,4,14,3,11,14,0,2,0,0
23/10/2021,Elche,Espanol,2,2,D,12,20,7,7,3,7,15,9,3,1,0,0
23/10/2021,Ath Bilbao,Villarreal,2,1,H,14,11,7,3,9,2,7,12,0,3,0,0
24/10/2021,Sevilla,Levante,5,3,H,18,12,11,7,10,3,13,6,1,2,0,0
24/10/2021,Barcelona,Real Madrid,1,2,A,12,10,2,5,7,4,17,13,1,1,0,0
24/10/2021,Betis,Vallecano,3,2,H,11,14,5,3,4,4,12,12,1,2,0,0
24/10/2021,Ath Madrid,Sociedad,2,2,D,17,8,4,4,4,3,14,14,1,3,0,0
25/10/2021,Getafe,Celta,0,3,A,11,16,2,8,2,7,15,11,2,2,2,0
26/10/2021,Alaves,Elche,1,0,H,16,4,5,1,4,7,13,9,1,1,0,0
26/10/2021,Espanol,Ath Bilbao,1,1,D,14,23,3,7,8,12,7,12,1,2,1,0
26/10/2021,Villarreal,Cadiz,3,3,D,14,9,5,4,8,2,13,9,3,6,0,0
27/10/2021,Mallorca,Sevilla,1,1,D,11,10,4,3,4,2,16,14,3,6,1,0
27/10/2021,Vallecano,Barcelona,1,0,H,13,16,3,1,3,7,17,12,2,2,0,0
27/10/2021,Betis,Valencia,4,1,H,14,10,9,4,4,7,14,19,2,5,0,0
27/10/2021,Real Madrid,Osasuna,0,0,D,17,7,3,0,11,3,12,10,1,1,0,0
28/10/2021,Celta,Sociedad,0,2,A,14,11,6,4,7,6,12,11,1,0,0,0
28/10/2021,Granada,Getafe,1,1,D,18,6,3,4,5,0,10,15,1,4,0,0
28/10/2021,Levante,Ath Madrid,2,2,D,10,7,3,3,5,2,15,11,3,5,1,0
30/10/2021,Elche,Real Madrid,1,2,A,13,17,4,5,5,4,11,13,2,0,1,0
30/10/2021,Sevilla,Osasuna,2,0,H,16,10,4,3,4,5,17,10,2,2,0,0
30/10/2021,Valencia,Villarreal,2,0,H,9,11,3,1,7,6,19,17,2,4,0,0
30/10/2021,Barcelona,Alaves,1,1,D,16,3,5,2,9,0,11,11,0,2,0,0
31/10/2021,Cadiz,Mallorca,1,1,D,13,11,2,5,6,5,14,16,3,7,0,2
31/10/2021,Ath Madrid,Betis,3,0,H,18,8,9,1,13,0,11,12,0,0,0,0
31/10/2021,Getafe,Espanol,2,1,H,12,10,7,3,6,11,18,11,7,4,0,0
31/10/2021,Sociedad,Ath Bilbao,1,1,D,8,11,3,5,2,7,21,14,4,3,0,1
01/11/2021,Vallecano,Celta,0,0,D,11,10,5,4,4,7,13,14,2,5,0,0
01/11/2021,Levante,Granada,0,3,A,12,12,3,6,3,5,14,13,4,2,0,0
05/11/2021,Ath Bilbao,Cadiz,0,1,A,15,8,5,4,5,1,14,19,2,1,0,0
06/11/2021,Espanol,Granada,2,0,H,17,18,6,5,5,3,12,8,1,1,0,0
06/11/2021,Celta,Barcelona,3,3,D,18,10,4,6,3,1,18,18,3,6,0,0
06/11/2021,Alaves,Levante,2,1,H,10,12,3,7,1,3,21,17,3,3,0,0
06/11/2021,Real Madrid,Vallecano,2,1,H,15,19,7,7,4,5,8,14,1,2,0,0
07/11/2021,Villarreal,Getafe,1,0,H,10,5,4,2,6,4,12,13,1,1,0,0
07/11/2021,Valencia,Ath Madrid,3,3,D,11,13,5,7,9,0,12,17,2,2,0,0
07/11/2021,Mallorca,Elche,2,2,D,18,7,6,2,3,3,11,19,2,3,0,0
07/11/2021,Osasuna,Sociedad,0,2,A,6,9,2,4,5,2,11,12,0,2,0,0
07/11/2021,Betis,Sevilla,0,2,A,8,11,1,2,2,1,12,13,3,1,1,0
19/11/2021,Levante,Ath Bilbao,0,0,D,15,7,2,2,6,3,16,7,2,1,0,0
20/11/2021,Celta,Villarreal,1,1,D,12,18,3,6,3,5,14,17,1,1,0,0
20/11/2021,Sevilla,Alaves,2,2,D,16,8,6,3,5,2,14,17,4,4,0,0
20/11/2021,Ath Madrid,Osasuna,1,0,H,15,9,2,3,7,4,7,8,2,2,0,0
20/11/2021,Barcelona,Espanol,1,0,H,16,12,6,2,4,4,17,9,4,2,0,0
21/11/2021,Getafe,Cadiz,4,0,H,17,10,8,2,3,7,14,7,2,4,0,0
21/11/2021,Granada,Real Madrid,1,4,A,11,21,3,10,9,6,10,7,1,1,1,0
21/11/2021,Elche,Betis,0,3,A,14,9,4,4,10,1,12,14,1,2,0,1
21/11/2021,Sociedad,Valencia,0,0,D,9,8,2,3,2,4,11,16,4,7,1,0
22/11/2021,Vallecano,Mallorca,3,1,H,15,11,6,5,6,4,14,17,3,2,0,0
26/11/2021,Ath Bilbao,Granada,2,2,D,17,8,5,4,8,3,12,9,1,1,1,0
27/11/2021,Alaves,Celta,1,2,A,13,8,5,5,5,3,12,15,3,2,0,0
27/11/2021,Valencia,Vallecano,1,1,D,8,12,4,6,3,9,18,15,6,5,0,0
27/11/2021,Mallorca,Getafe,0,0,D,12,11,2,0,2,0,8,19,3,0,0,0
27/11/2021,Villarreal,Barcelona,1,3,A,14,12,2,6,4,4,19,14,2,2,0,0
28/11/2021,Betis,Levante,3,1,H,26,8,8,2,5,8,16,9,2,3,0,0
28/11/2021,Espanol,Sociedad,1,0,H,8,10,2,4,2,9,15,7,1,1,0,0
28/11/2021,Cadiz,Ath Madrid,1,4,A,8,17,0,7,4,8,13,11,2,0,0,0
28/11/2021,Real Madrid,Sevilla,2,1,H,14,11,4,6,0,4,10,9,3,3,0,0
29/11/2021,Osasuna,Elche,1,1,D,17,10,4,4,5,4,16,12,1,3,0,0
01/12/2021,Real Madrid,Ath Bilbao,1,0,H,17,18,7,2,7,6,12,13,2,3,0,0
03/12/2021,Granada,Alaves,2,1,H,9,14,2,2,3,5,17,15,2,2,0,0
04/12/2021,Sevilla,Villarreal,1,0,H,8,16,3,2,5,8,9,10,2,2,0,0
04/12/2021,Barcelona,Betis,0,1,A,12,8,3,2,6,1,17,12,1,2,0,0
04/12/2021,Ath Madrid,Mallorca,1,2,A,14,10,6,3,8,5,13,16,2,5,0,0
04/12/2021,Sociedad,Real Madrid,0,2,A,11,13,0,8,5,5,12,8,2,0,0,0
05/12/2021,Vallecano,Espanol,1,0,H,7,10,0,3,6,3,18,11,3,3,0,1
05/12/2021,Elche,Cadiz,3,1,H,8,15,3,6,3,3,16,15,7,3,0,0
05/12/2021,Levante,Osasuna,0,0,D,11,11,3,1,7,2,12,16,2,3,0,0
05/12/2021,Celta,Valencia,1,2,A,11,8,5,5,6,4,10,22,3,2,0,0
06/12/2021,Getafe,Ath Bilbao,0,0,D,17,9,5,3,5,3,14,14,2,1,0,0
10/12/2021,Mallorca,Celta,0,0,D,12,14,1,5,7,4,14,11,3,2,0,0
11/12/2021,Espanol,Levante,4,3,H,17,14,8,5,4,2,9,15,4,4,0,1
11/12/2021,Alaves,Getafe,1,1,D,9,11,1,2,1,1,18,15,4,4,1,0
11/12/2021,Valencia,Elche,2,1,H,21,8,8,4,8,1,15,12,3,2,0,0
11/12/2021,Ath Bilbao,Sevilla,0,1,A,13,6,2,1,9,2,17,10,4,3,0,0
12/12/2021,Villarreal,Vallecano,2,0,H,13,19,5,7,5,6,16,14,1,3,0,0
12/12/2021,Osasuna,Barcelona,2,2,D,8,10,3,2,6,5,16,16,5,4,0,0
12/12/2021,Betis,Sociedad,4,0,H,11,15,5,5,4,7,12,10,3,1,0,0
12/12/2021,Real Madrid,Ath Madrid,2,0,H,7,9,3,6,3,6,17,15,2,3,0,0
13/12/2021,Cadiz,Granada,1,1,D,13,16,3,5,8,1,14,10,5,0,1,0
17/12/2021,Celta,Espanol,3,1,H,12,6,5,3,3,3,13,5,2,1,0,0
18/12/2021,Vallecano,Alaves,2,0,H,20,6,5,4,5,5,12,19,1,2,0,0
18/12/2021,Sociedad,Villarreal,1,3,A,8,15,4,8,5,5,9,15,2,3,1,0
18/12/2021,Barcelona,Elche,3,2,H,19,5,8,3,5,0,13,17,1,3,0,0
18/12/2021,Sevilla,Ath Madrid,2,1,H,6,15,2,3,4,7,15,14,2,1,0,0
19/12/2021,Granada,Mallorca,4,1,H,15,8,6,5,4,2,12,15,3,2,0,0
19/12/2021,Ath Bilbao,Betis,3,2,H,9,16,6,8,5,6,7,12,1,3,0,0
19/12/2021,Getafe,Osasuna,1,0,H,18,11,4,2,4,3,14,8,3,1,0,0
19/12/2021,Real Madrid,Cadiz,0,0,D,36,4,9,0,13,2,9,10,1,1,0,0
20/12/2021,Levante,Valencia,3,4,A,15,15,9,8,6,4,21,11,3,4,0,0
21/12/2021,Villarreal,Alaves,5,2,H,24,4,10,2,6,2,16,14,0,2,0,0
21/12/2021,Sevilla,Barcelona,1,1,D,5,23,1,7,4,9,15,13,2,3,1,0
22/12/2021,Granada,Ath Madrid,2,1,H,6,15,4,3,2,7,17,7,4,1,0,0
22/12/2021,Ath Bilbao,Real Madrid,1,2,A,15,12,2,7,7,0,17,7,2,2,0,0
31/12/2021,Valencia,Espanol,1,2,A,12,15,2,4,7,5,19,14,7,3,1,0
02/01/2022,Getafe,Real Madrid,1,0,H,6,14,3,4,2,9,20,8,3,2,0,0
02/01/2022,Ath Madrid,Vallecano,2,0,H,15,5,5,0,8,2,14,12,3,0,0,0
02/01/2022,Elche,Granada,0,0,D,18,10,2,5,6,3,18,15,3,3,1,0
02/01/2022,Alaves,Sociedad,1,1,D,19,10,5,4,2,3,22,10,3,3,0,0
02/01/2022,Betis,Celta,0,2,A,18,7,7,5,3,3,15,11,1,2,0,0
02/01/2022,Mallorca,Barcelona,0,1,A,13,13,3,4,4,3,22,24,5,2,0,0
03/01/2022,Villarreal,Levante,5,0,H,17,7,7,3,6,5,12,9,3,2,0,0
03/01/2022,Osasuna,Ath Bilbao,1,3,A,15,17,4,5,4,5,12,7,5,2,1,0
03/01/2022,Cadiz,Sevilla,0,1,A,9,14,2,4,2,8,5,9,0,1,0,0
08/01/2022,Levante,Mallorca,2,0,H,16,15,8,8,5,5,20,11,3,1,1,0
08/01/2022,Sociedad,Celta,1,0,H,12,4,3,0,6,4,10,18,3,3,0,0
08/01/2022,Granada,Barcelona,1,1,D,14,13,4,1,3,2,9,21,2,5,0,1
08/01/2022,Real Madrid,Valencia,4,1,H,23,12,8,7,3,8,15,24,3,3,0,0
09/01/2022,Vallecano,Betis,1,1,D,17,9,7,5,6,4,18,13,1,3,0,1
09/01/2022,Sevilla,Getafe,1,0,H,10,4,1,2,5,2,8,20,1,3,0,0
09/01/2022,Alaves,Ath Bilbao,0,0,D,12,10,1,2,7,5,15,11,2,0,0,0
09/01/2022,Osasuna,Cadiz,2,0,H,15,6,5,1,5,7,13,13,2,2,0,0
09/01/2022,Villarreal,Ath Madrid,2,2,D,13,7,3,5,7,3,13,8,0,2,0,1
10/01/2022,Espanol,Elche,1,2,A,8,3,3,2,13,0,13,18,4,6,0,0
16/01/2022,Elche,Villarreal,1,0,H,5,9,2,4,3,8,12,15,4,3,0,0
18/01/2022,Betis,Alaves,4,0,H,18,9,5,2,8,3,14,14,2,0,0,0
18/01/2022,Cadiz,Espanol,2,2,D,10,14,4,7,3,2,14,9,5,1,0,0
19/01/2022,Celta,Osasuna,2,0,H,5,9,3,0,0,5,14,11,1,2,0,0
19/01/2022,Valencia,Sevilla,1,1,D,10,12,2,3,4,4,22,14,3,3,1,0
20/01/2022,Getafe,Granada,4,2,H,12,7,4,4,4,8,15,10,3,4,0,0
21/01/2022,Espanol,Betis,1,4,A,12,15,4,8,6,5,15,12,3,4,1,0
22/01/2022,Levante,Cadiz,0,2,A,15,8,8,2,8,2,15,16,4,6,0,0
22/01/2022,Villarreal,Mallorca,3,0,H,12,8,6,2,10,6,13,12,1,2,0,1
22/01/2022,Sevilla,Celta,2,2,D,16,6,5,4,7,0,11,16,1,4,0,0
22/01/2022,Ath Madrid,Valencia,3,2,H,16,7,6,3,5,4,13,22,5,6,0,0
23/01/2022,Granada,Osasuna,0,2,A,6,16,2,7,4,3,12,15,0,2,0,0
23/01/2022,Real Madrid,Elche,2,2,D,23,3,8,2,10,3,11,14,3,1,0,0
23/01/2022,Sociedad,Getafe,0,0,D,9,9,3,2,7,2,17,13,1,1,0,0
23/01/2022,Vallecano,Ath Bilbao,0,1,A,29,9,3,3,9,7,8,20,1,6,0,0
23/01/2022,Alaves,Barcelona,0,1,A,6,10,2,4,1,10,16,8,0,0,0,0
04/02/2022,Getafe,Levante,3,0,H,14,11,8,2,2,8,12,13,4,3,0,0
05/02/2022,Elche,Alaves,3,1,H,14,6,4,2,7,3,15,11,1,1,0,0
05/02/2022,Mallorca,Cadiz,2,1,H,17,12,5,5,6,4,14,15,2,4,0,0
05/02/2022,Celta,Vallecano,2,0,H,13,11,3,0,7,2,17,17,0,2,0,0
05/02/2022,Osasuna,Sevilla,0,0,D,9,9,3,4,1,1,13,7,1,1,0,0
06/02/2022,Valencia,Sociedad,0,0,D,14,8,3,2,9,9,17,14,4,2,0,0
06/02/2022,Barcelona,Ath Madrid,4,2,H,9,10,4,4,3,5,15,13,2,2,1,0
06/02/2022,Betis,Villarreal,0,2,A,9,9,3,3,6,6,19,14,2,3,0,0
06/02/2022,Real Madrid,Granada,1,0,H,24,7,11,3,9,2,9,11,2,1,0,0
07/02/2022,Ath Bilbao,Espanol,2,1,H,7,7,4,3,5,3,17,11,3,3,0,0
11/02/2022,Sevilla,Elche,2,0,H,14,7,6,1,5,4,13,14,1,5,0,0
12/02/2022,Cadiz,Celta,0,0,D,8,6,2,1,3,3,12,19,3,2,0,0
12/02/2022,Villarreal,Real Madrid,0,0,D,9,17,2,6,3,3,11,10,2,4,0,0
12/02/2022,Vallecano,Osasuna,0,3,A,10,12,3,5,4,5,11,16,2,1,0,0
12/02/2022,Ath Madrid,Getafe,4,3,H,11,10,7,4,5,4,18,17,3,4,1,0
13/02/2022,Alaves,Valencia,2,1,H,9,9,5,4,5,9,15,17,4,3,0,0
13/02/2022,Levante,Betis,2,4,A,12,19,4,11,5,7,13,8,1,2,1,0
13/02/2022,Sociedad,Granada,2,0,H,18,15,8,2,6,5,13,13,0,2,0,0
13/02/2022,Espanol,Barcelona,2,2,D,10,12,4,4,3,5,14,13,5,4,1,1
14/02/2022,Mallorca,Ath Bilbao,3,2,H,16,7,5,2,6,6,22,15,6,4,0,0
16/02/2022,Ath Madrid,Levante,0,1,A,10,8,1,5,5,3,9,19,3,4,0,0
18/02/2022,Elche,Vallecano,2,1,H,9,13,5,2,2,3,18,15,2,4,0,0
19/02/2022,Granada,Villarreal,1,4,A,20,15,5,7,9,2,15,10,3,6,0,0
19/02/2022,Osasuna,Ath Madrid,0,3,A,14,5,4,4,4,2,12,19,1,2,0,0
19/02/2022,Cadiz,Getafe,1,1,D,9,6,2,1,7,2,17,11,3,4,0,0
19/02/2022,Real Madrid,Alaves,3,0,H,22,7,9,2,7,1,6,11,1,1,0,0
20/02/2022,Espanol,Sevilla,1,1,D,11,7,4,2,3,7,14,14,4,5,0,1
20/02/2022,Valencia,Barcelona,1,4,A,11,6,5,6,8,3,22,16,3,4,0,0
20/02/2022,Betis,Mallorca,2,1,H,14,10,5,1,4,7,13,17,3,2,0,0
20/02/2022,Ath Bilbao,Sociedad,4,0,H,18,9,8,2,6,4,9,9,4,1,0,0
21/02/2022,Celta,Levante,1,1,D,8,13,4,3,2,5,15,16,3,5,0,0
25/02/2022,Levante,Elche,3,0,H,11,8,4,3,3,3,17,8,1,2,0,1
26/02/2022,Mallorca,Valencia,0,1,A,23,8,3,4,14,1,14,21,4,6,0,1
26/02/2022,Getafe,Alaves,2,2,D,12,7,3,3,6,1,7,24,2,4,1,0
26/02/2022,Vallecano,Real Madrid,0,1,A,19,13,5,6,5,9,20,5,5,3,0,0
26/02/2022,Ath Madrid,Celta,2,0,H,13,16,6,2,5,9,10,7,4,3,0,0
27/02/2022,Villarreal,Espanol,5,1,H,19,7,11,2,10,3,11,12,2,1,0,0
27/02/2022,Sevilla,Betis,2,1,H,12,10,3,2,4,4,13,16,6,3,0,0
27/02/2022,Sociedad,Osasuna,1,0,H,11,11,5,1,6,5,10,9,0,4,0,0
27/02/2022,Barcelona,Ath Bilbao,4,0,H,17,6,7,3,5,0,8,10,2,1,0,0
28/02/2022,Granada,Cadiz,0,0,D,6,12,1,4,0,4,12,17,3,3,1,0
02/03/2022,Mallorca,Sociedad,0,2,A,13,13,1,3,3,4,12,9,0,2,0,0
04/03/2022,Alaves,Sevilla,0,0,D,14,13,2,4,5,5,16,8,3,1,0,0
05/03/2022,Osasuna,Villarreal,1,0,H,12,10,3,1,6,8,12,6,1,0,0,0
05/03/2022,Espanol,Getafe,2,0,H,4,12,1,3,1,5,17,15,6,5,0,0
05/03/2022,Valencia,Granada,3,1,H,12,7,4,0,3,6,14,13,3,3,0,0
05/03/2022,Real Madrid,Sociedad,4,1,H,18,1,8,1,7,1,12,14,0,2,0,0
06/03/2022,Cadiz,Vallecano,2,0,H,13,14,7,3,5,6,23,15,5,3,0,0
06/03/2022,Elche,Barcelona,1,2,A,13,20,3,9,5,6,10,8,2,6,1,0
06/03/2022,Celta,Mallorca,4,3,H,16,12,8,3,4,5,17,9,5,4,1,0
06/03/2022,Betis,Ath Madrid,1,3,A,18,8,6,6,10,3,16,10,5,3,0,0
07/03/2022,Ath Bilbao,Levante,3,1,H,17,5,9,2,4,3,6,14,1,2,0,0
11/03/2022,Ath Madrid,Cadiz,2,1,H,6,14,5,3,0,4,23,14,4,1,1,0
12/03/2022,Levante,Espanol,1,1,D,14,6,3,1,8,2,17,10,4,4,0,0
12/03/2022,Granada,Elche,0,1,A,15,13,4,2,3,3,15,16,3,6,0,0
12/03/2022,Villarreal,Celta,1,0,H,10,12,3,2,5,6,12,14,1,1,0,0
12/03/2022,Getafe,Valencia,0,0,D,16,6,6,0,5,3,18,21,6,5,0,0
13/03/2022,Vallecano,Sevilla,1,1,D,10,3,2,2,5,6,16,15,0,1,0,0
13/03/2022,Betis,Ath Bilbao,1,0,H,8,11,5,2,5,6,17,12,4,5,1,0
13/03/2022,Sociedad,Alaves,1,0,H,15,13,6,4,6,4,15,12,1,1,0,0
13/03/2022,Barcelona,Osasuna,4,0,H,24,4,9,3,5,1,7,4,0,4,0,0
14/03/2022,Mallorca,Real Madrid,0,3,A,14,11,3,5,1,6,13,15,3,3,0,0
18/03/2022,Ath Bilbao,Getafe,1,1,D,22,7,11,2,8,2,15,13,4,5,0,2
19/03/2022,Alaves,Granada,2,3,A,11,12,6,3,6,2,12,10,4,6,0,1
19/03/2022,Elche,Valencia,0,1,A,8,8,2,3,4,2,19,14,3,3,1,0
19/03/2022,Osasuna,Levante,3,1,H,20,13,7,4,6,1,9,17,0,1,0,0
19/03/2022,Vallecano,Ath Madrid,0,1,A,15,11,3,3,3,6,15,12,0,0,0,1
20/03/2022,Espanol,Mallorca,1,0,H,12,9,3,3,6,6,14,12,3,3,0,0
20/03/2022,Cadiz,Villarreal,1,0,H,16,3,7,1,6,3,11,11,3,2,0,0
20/03/2022,Celta,Betis,0,0,D,9,7,3,1,2,2,12,12,1,2,0,0
20/03/2022,Sevilla,Sociedad,0,0,D,10,13,0,2,7,3,12,13,0,3,0,0
20/03/2022,Real Madrid,Barcelona,0,4,A,14,18,4,10,4,3,9,12,4,4,0,0
02/04/2022,Getafe,Mallorca,1,0,H,16,7,3,1,5,1,15,22,5,6,0,1
02/04/2022,Levante,Villarreal,2,0,H,13,13,4,2,1,8,16,13,4,2,0,0
02/04/2022,Celta,Real Madrid,1,2,A,10,12,4,6,9,3,16,12,3,0,0,0
02/04/2022,Ath Madrid,Alaves,4,1,H,14,7,8,1,8,2,10,13,1,0,0,0
03/04/2022,Ath Bilbao,Elche,2,1,H,16,6,6,2,7,4,14,16,2,4,0,0
03/04/2022,Betis,Osasuna,4,1,H,24,10,8,3,11,7,11,5,1,3,0,0
03/04/2022,Granada,Vallecano,2,2,D,17,10,9,4,5,4,14,14,4,5,0,1
03/04/2022,Valencia,Cadiz,0,0,D,5,4,1,3,4,3,11,18,3,6,0,1
03/04/2022,Barcelona,Sevilla,1,0,H,19,8,6,3,9,2,12,8,3,3,0,0
04/04/2022,Sociedad,Espanol,1,0,H,17,8,6,2,6,0,17,13,2,4,0,0
08/04/2022,Sevilla,Granada,4,2,H,16,15,8,5,14,3,7,7,2,2,0,0
09/04/2022,Cadiz,Betis,1,2,A,10,10,4,3,8,4,18,10,1,2,0,0
09/04/2022,Mallorca,Ath Madrid,1,0,H,10,9,3,1,1,6,14,11,1,4,0,0
09/04/2022,Villarreal,Ath Bilbao,1,1,D,11,12,5,6,7,2,17,15,2,3,0,0
09/04/2022,Real Madrid,Getafe,2,0,H,26,8,8,0,10,2,13,11,2,2,0,0
10/04/2022,Osasuna,Alaves,1,0,H,15,8,4,2,7,3,12,6,3,1,0,0
10/04/2022,Espanol,Celta,1,0,H,11,10,2,5,2,3,12,21,4,1,0,0
10/04/2022,Elche,Sociedad,1,2,A,10,17,1,6,8,9,15,12,3,3,0,0
10/04/2022,Levante,Barcelona,2,3,A,11,14,6,7,4,3,8,7,1,1,0,0
11/04/2022,Vallecano,Valencia,1,1,D,11,6,4,2,5,4,13,17,3,4,0,0
15/04/2022,Sociedad,Betis,0,0,D,9,9,2,2,8,1,17,7,4,4,1,0
16/04/2022,Elche,Mallorca,3,0,H,6,13,2,2,2,1,17,13,2,3,0,0
16/04/2022,Alaves,Vallecano,1,0,H,11,20,5,3,2,12,10,9,2,3,0,1
16/04/2022,Valencia,Osasuna,1,2,A,11,9,4,3,9,5,11,22,1,2,0,0
16/04/2022,Getafe,Villarreal,1,2,A,12,11,5,6,6,6,17,6,2,0,0,0
17/04/2022,Granada,Levante,1,4,A,16,17,4,8,13,2,10,9,5,2,1,0
17/04/2022,Ath Madrid,Espanol,2,1,H,10,11,3,5,6,3,18,12,5,5,1,0
17/04/2022,Ath Bilbao,Celta,0,2,A,10,6,2,4,5,4,13,15,2,2,0,0
17/04/2022,Sevilla,Real Madrid,2,3,A,7,15,2,6,0,3,11,9,3,4,0,0
18/04/2022,Barcelona,Cadiz,0,1,A,18,6,6,4,8,1,16,9,4,1,0,0
19/04/2022,Mallorca,Alaves,2,1,H,5,12,3,4,0,6,25,15,2,6,0,0
19/04/2022,Betis,Elche,0,1,A,18,9,3,1,2,3,9,14,2,3,1,0
19/04/2022,Villarreal,Valencia,2,0,H,12,5,5,1,3,2,14,12,2,3,0,0
20/04/2022,Ath Madrid,Granada,0,0,D,22,7,1,2,11,1,9,12,4,5,0,0
20/04/2022,Celta,Getafe,0,2,A,9,6,2,3,2,1,13,13,2,5,0,0
20/04/2022,Osasuna,Real Madrid,1,3,A,12,23,3,11,3,4,13,7,1,3,0,0
21/04/2022,Espanol,Vallecano,0,1,A,6,13,2,2,3,10,14,18,4,4,0,0
21/04/2022,Levante,Sevilla,2,3,A,15,13,6,6,10,4,9,12,1,5,0,0
21/04/2022,Cadiz,Ath Bilbao,2,3,A,27,9,8,7,4,1,9,15,3,5,0,1
21/04/2022,Sociedad,Barcelona,0,1,A,8,11,5,1,5,3,12,9,1,2,0,0
24/04/2022,Barcelona,Vallecano,0,1,A,18,3,5,1,9,1,10,1,4,6,0,0
29/04/2022,Sevilla,Cadiz,1,1,D,11,10,6,4,5,6,15,11,2,2,0,0
30/04/2022,Alaves,Villarreal,2,1,H,11,16,5,6,5,8,14,5,5,2,0,0
30/04/2022,Real Madrid,Espanol,4,0,H,11,20,5,6,6,8,11,6,2,0,0,0
30/04/2022,Valencia,Levante,1,1,D,6,24,1,6,1,7,11,21,4,3,1,0
30/04/2022,Ath Bilbao,Ath Madrid,2,0,H,11,9,4,3,5,3,18,15,3,3,0,0
01/05/2022,Elche,Osasuna,1,1,D,11,9,4,3,7,4,13,18,4,2,0,0
01/05/2022,Granada,Celta,1,1,D,15,13,6,6,5,4,11,13,1,3,0,0
01/05/2022,Vallecano,Sociedad,1,1,D,13,8,7,3,8,5,15,7,2,1,0,0
01/05/2022,Barcelona,Mallorca,2,1,H,17,6,5,2,5,2,13,12,2,3,0,0
02/05/2022,Getafe,Betis,0,0,D,13,9,2,4,2,4,13,13,1,1,0,0
06/05/2022,Levante,Sociedad,2,1,H,16,21,7,6,7,6,10,11,2,3,0,0
07/05/2022,Mallorca,Granada,2,6,A,18,14,8,7,5,5,11,13,3,2,0,0
07/05/2022,Ath Bilbao,Valencia,0,0,D,10,4,5,1,4,2,13,22,4,4,0,1
07/05/2022,Cadiz,Elche,3,0,H,17,4,7,2,8,1,18,13,1,0,0,1
07/05/2022,Celta,Alaves,4,0,H,15,3,7,1,7,1,7,7,1,3,0,1
07/05/2022,Betis,Barcelona,1,2,A,14,11,5,5,4,8,16,18,1,2,0,0
08/05/2022,Getafe,Vallecano,0,0,D,12,12,6,1,4,5,20,14,3,4,0,0
08/05/2022,Villarreal,Sevilla,1,1,D,14,7,6,2,4,2,14,15,3,0,0,0
08/05/2022,Espanol,Osasuna,1,1,D,12,12,3,5,6,6,6,15,1,3,0,0
08/05/2022,Ath Madrid,Real Madrid,1,0,H,16,15,2,6,4,6,17,7,2,4,0,0
10/05/2022,Valencia,Betis,0,3,A,19,9,5,5,7,3,17,11,1,3,0,0
10/05/2022,Granada,Ath Bilbao,1,0,H,12,8,2,1,2,7,20,11,4,2,0,1
10/05/2022,Barcelona,Celta,3,1,H,10,13,4,5,2,8,18,6,3,0,0,1
11/05/2022,Alaves,Espanol,2,1,H,27,5,9,3,12,3,11,15,3,3,0,1
11/05/2022,Osasuna,Getafe,1,1,D,12,6,1,0,7,2,10,17,2,4,0,1
11/05/2022,Sevilla,Mallorca,0,0,D,18,10,4,2,6,3,11,18,4,6,0,0
11/05/2022,Elche,Ath Madrid,0,2,A,9,11,0,6,6,3,16,7,2,2,0,0
12/05/2022,Sociedad,Cadiz,3,0,H,13,14,7,1,2,12,13,11,4,2,0,0
12/05/2022,Vallecano,Villarreal,1,5,A,17,11,3,8,9,3,13,10,5,2,0,0
12/05/2022,Real Madrid,Levante,6,0,H,27,16,16,1,6,6,8,6,2,1,0,0
14/05/2022,Espanol,Valencia,1,1,D,5,18,3,5,2,3,18,15,4,1,0,0
15/05/2022,Ath Bilbao,Osasuna,2,0,H,14,8,8,1,10,6,6,14,0,0,0,0
15/05/2022,Ath Madrid,Sevilla,1,1,D,12,8,3,4,4,5,14,18,2,5,0,0
15/05/2022,Betis,Granada,2,0,H,11,14,4,4,4,9,11,17,0,1,0,0
15/05/2022,Cadiz,Real Madrid,1,1,D,21,16,7,7,10,2,13,11,7,2,0,0
15/05/2022,Celta,Elche,1,0,H,14,10,5,1,7,5,11,12,2,2,0,0
15/05/2022,Getafe,Barcelona,0,0,D,9,5,3,1,5,5,9,8,1,2,0,0
15/05/2022,Levante,Alaves,3,1,H,15,6,5,2,3,4,19,10,8,6,0,0
15/05/2022,Mallorca,Vallecano,2,1,H,12,11,5,4,5,3,13,8,1,0,0,0
15/05/2022,Villarreal,Sociedad,1,2,A,10,11,4,6,4,3,12,16,4,2,0,0
20/05/2022,Real Madrid,Betis,0,0,D,17,11,3,2,8,5,7,12,0,0,0,0
20/05/2022,Vallecano,Levante,2,4,A,19,14,8,7,7,3,8,12,0,3,0,0
21/05/2022,Valencia,Celta,2,0,H,10,9,3,3,3,3,22,19,3,3,0,0
22/05/2022,Elche,Getafe,3,1,H,19,7,9,2,8,3,11,9,2,2,0,0
22/05/2022,Alaves,Cadiz,0,1,A,9,13,2,6,4,4,11,13,0,1,0,0
22/05/2022,Granada,Espanol,0,0,D,15,10,5,5,7,3,9,12,1,0,0,0
22/05/2022,Osasuna,Mallorca,0,2,A,11,14,1,6,5,7,8,14,2,2,0,0
22/05/2022,Barcelona,Villarreal,0,2,A,14,4,3,3,12,1,12,7,3,1,0,0
22/05/2022,Sevilla,Ath Bilbao,1,0,H,13,9,3,1,5,0,13,12,3,3,0,0
22/05/2022,Sociedad,Ath Madrid,1,2,A,12,6,3,5,3,2,16,11,4,2,0,0
12/08/2022,Osasuna,Sevilla,2,1,H,12,10,5,3,5,2,16,9,5,3,0,0
13/08/2022,Celta,Espanol,2,2,D,8,10,3,2,3,3,17,15,5,2,0,0
13/08/2022,Valladolid,Villarreal,0,3,A,12,10,6,4,4,5,6,10,1,0,0,0
13/08/2022,Barcelona,Vallecano,0,0,D,21,4,6,2,8,0,16,14,3,6,1,0
14/08/2022,Cadiz,Sociedad,0,1,A,7,15,2,7,3,6,9,20,4,2,0,0
14/08/2022,Valencia,Girona,1,0,H,17,5,2,1,4,4,18,14,2,3,1,0
14/08/2022,Almeria,Real Madrid,1,2,A,10,29,6,15,2,15,11,4,3,1,0,0
15/08/2022,Ath Bilbao,Mallorca,0,0,D,23,6,6,2,7,2,13,12,0,6,0,0
15/08/2022,Getafe,Ath Madrid,0,3,A,10,12,0,5,3,6,14,19,2,1,0,0
15/08/2022,Betis,Elche,3,0,H,17,4,8,2,8,4,10,18,3,6,0,1
19/08/2022,Espanol,Vallecano,0,2,A,13,8,1,3,9,2,12,17,2,5,1,1
19/08/2022,Sevilla,Valladolid,1,1,D,18,6,2,3,12,2,20,10,3,2,1,1
20/08/2022,Osasuna,Cadiz,2,0,H,16,9,3,2,2,2,11,13,2,5,0,1
20/08/2022,Mallorca,Betis,1,2,A,13,8,7,3,5,2,22,17,7,8,0,0
20/08/2022,Celta,Real Madrid,1,4,A,15,16,2,7,2,2,12,8,2,2,0,0
21/08/2022,Ath Bilbao,Valencia,1,0,H,12,10,2,0,6,3,11,15,5,2,0,0
21/08/2022,Ath Madrid,Villarreal,0,2,A,13,19,5,5,5,6,8,11,2,3,1,0
21/08/2022,Sociedad,Barcelona,1,4,A,10,15,5,7,3,6,16,9,2,1,0,0
22/08/2022,Elche,Almeria,1,1,D,13,12,3,7,6,5,12,16,1,4,0,1
22/08/2022,Girona,Getafe,3,1,H,12,7,6,3,5,2,16,18,3,6,0,1
26/08/2022,Girona,Celta,0,1,A,11,11,3,6,2,4,16,13,2,1,0,0
26/08/2022,Betis,Osasuna,1,0,H,7,12,1,2,2,4,9,21,0,3,1,0
27/08/2022,Elche,Sociedad,0,1,A,12,9,5,5,4,6,13,18,3,3,0,0
27/08/2022,Vallecano,Mallorca,0,2,A,15,9,0,4,7,3,11,18,1,3,0,0
27/08/2022,Almeria,Sevilla,2,1,H,11,13,5,5,5,2,18,11,5,8,0,0
28/08/2022,Getafe,Villarreal,0,0,D,8,11,2,6,1,4,11,19,1,5,0,0
28/08/2022,Barcelona,Valladolid,4,0,H,24,8,9,3,14,4,9,8,0,3,0,0
28/08/2022,Espanol,Real Madrid,1,3,A,15,19,4,6,7,7,15,12,0,0,1,0
29/08/2022,Cadiz,Ath Bilbao,0,4,A,9,20,3,8,0,6,18,4,2,1,0,0
29/08/2022,Valencia,Ath Madrid,0,1,A,12,13,2,7,6,2,15,17,4,3,0,0
02/09/2022,Celta,Cadiz,3,0,H,9,7,5,0,2,2,13,23,1,2,0,0
03/09/2022,Mallorca,Girona,1,1,D,10,10,4,4,6,3,23,9,4,2,0,0
03/09/2022,Real Madrid,Betis,2,1,H,22,8,4,4,9,2,8,12,0,1,0,0
03/09/2022,Sociedad,Ath Madrid,1,1,D,12,15,5,7,7,7,18,13,5,4,0,0
03/09/2022,Sevilla,Barcelona,0,3,A,9,18,4,7,4,4,15,14,2,4,0,0
04/09/2022,Osasuna,Vallecano,2,1,H,13,5,6,3,4,0,14,16,2,2,0,0
04/09/2022,Ath Bilbao,Espanol,0,1,A,17,9,2,2,4,2,12,12,3,2,0,0
04/09/2022,Villarreal,Elche,4,0,H,18,7,10,0,6,4,10,9,1,3,0,0
04/09/2022,Valencia,Getafe,5,1,H,24,7,9,4,9,1,11,21,3,6,1,1
05/09/2022,Valladolid,Almeria,1,0,H,14,12,6,1,2,8,11,20,1,6,0,0
09/09/2022,Girona,Valladolid,2,1,H,14,14,5,4,3,12,11,15,0,2,0,0
10/09/2022,Vallecano,Valencia,2,1,H,14,17,6,4,7,7,22,11,5,2,0,0
10/09/2022,Espanol,Sevilla,2,3,A,19,11,5,7,9,3,11,14,3,5,0,1
10/09/2022,Cadiz,Barcelona,0,4,A,6,16,0,8,5,6,12,13,1,2,0,0
10/09/2022,Ath Madrid,Celta,4,1,H,10,14,4,3,4,7,11,6,2,3,0,0
11/09/2022,Real Madrid,Mallorca,4,1,H,22,5,7,2,4,3,7,15,3,5,0,0
11/09/2022,Elche,Ath Bilbao,1,4,A,9,16,2,8,5,5,15,9,3,0,0,0
11/09/2022,Getafe,Sociedad,2,1,H,8,13,3,6,3,7,9,16,4,1,0,0
11/09/2022,Betis,Villarreal,1,0,H,16,14,5,3,9,8,11,14,1,1,0,0
12/09/2022,Almeria,Osasuna,0,1,A,7,15,2,4,5,10,4,9,0,2,0,0
16/09/2022,Valladolid,Cadiz,0,1,A,18,7,6,1,8,2,12,19,1,4,0,0
17/09/2022,Mallorca,Almeria,1,0,H,5,9,2,3,5,2,15,14,3,6,0,0
17/09/2022,Barcelona,Elche,3,0,H,25,1,9,1,6,0,11,9,2,2,0,1
17/09/2022,Valencia,Celta,3,0,H,14,6,7,2,5,4,18,23,3,2,0,1
17/09/2022,Ath Bilbao,Vallecano,3,2,H,14,11,7,2,2,7,13,13,1,2,0,0
18/09/2022,Osasuna,Getafe,0,2,A,12,10,4,4,8,1,15,15,7,3,1,1
18/09/2022,Villarreal,Sevilla,1,1,D,17,12,7,1,6,4,15,12,1,5,0,0
18/09/2022,Betis,Girona,2,1,H,9,8,3,3,2,4,9,8,0,3,0,0
18/09/2022,Sociedad,Espanol,2,1,H,14,14,6,4,4,2,18,8,3,0,0,0
18/09/2022,Ath Madrid,Real Madrid,1,2,A,12,6,5,3,8,1,15,16,4,2,1,0
30/09/2022,Ath Bilbao,Almeria,4,0,H,17,8,4,2,11,2,17,8,1,3,0,0
01/10/2022,Cadiz,Villarreal,0,0,D,10,14,2,6,6,5,13,8,2,3,1,0
01/10/2022,Getafe,Valladolid,2,3,A,14,14,6,7,4,2,23,13,2,4,0,0
01/10/2022,Sevilla,Ath Madrid,0,2,A,14,20,3,6,5,7,9,12,3,2,0,0
01/10/2022,Mallorca,Barcelona,0,1,A,13,11,3,3,5,5,9,13,2,4,0,0
02/10/2022,Espanol,Valencia,2,2,D,10,12,5,5,6,4,16,15,2,1,1,1
02/10/2022,Celta,Betis,1,0,H,11,9,4,4,5,3,26,3,4,3,0,1
02/10/2022,Girona,Sociedad,3,5,A,16,11,8,5,2,2,9,19,3,1,0,0
02/10/2022,Real Madrid,Osasuna,1,1,D,22,8,4,2,10,2,9,13,1,2,0,1
03/10/2022,Vallecano,Elche,2,1,H,15,5,6,2,13,3,5,19,1,8,0,0
07/10/2022,Osasuna,Valencia,1,2,A,11,15,2,7,7,5,11,19,3,6,2,1
08/10/2022,Almeria,Vallecano,3,1,H,10,12,4,4,7,6,22,12,4,2,1,0
08/10/2022,Ath Madrid,Girona,2,1,H,13,11,7,4,8,3,12,13,3,1,0,0
08/10/2022,Sevilla,Ath Bilbao,1,1,D,10,21,3,4,5,7,19,14,4,0,0,1
08/10/2022,Getafe,Real Madrid,0,1,A,9,19,2,4,4,4,10,5,0,0,0,0
09/10/2022,Valladolid,Betis,0,0,D,12,4,3,1,3,1,12,16,1,1,0,1
09/10/2022,Cadiz,Espanol,2,2,D,8,9,3,6,8,3,13,12,4,4,0,0
09/10/2022,Sociedad,Villarreal,1,0,H,17,5,5,1,9,3,21,18,5,3,0,0
09/10/2022,Barcelona,Celta,1,0,H,13,14,5,3,6,3,16,9,2,4,0,0
10/10/2022,Elche,Mallorca,1,1,D,7,11,2,4,5,7,12,17,4,5,1,1
14/10/2022,Vallecano,Getafe,0,0,D,16,6,3,3,4,1,13,17,2,3,0,0
15/10/2022,Girona,Cadiz,1,1,D,23,9,6,2,6,2,16,9,5,4,0,0
15/10/2022,Valencia,Elche,2,2,D,20,8,8,6,6,1,14,19,3,6,0,0
15/10/2022,Mallorca,Sevilla,0,1,A,9,4,5,1,1,3,17,15,2,3,0,0
15/10/2022,Ath Bilbao,Ath Madrid,0,1,A,13,3,3,1,6,1,14,17,0,6,0,0
16/10/2022,Celta,Sociedad,1,2,A,10,8,3,6,1,6,14,17,5,7,1,0
16/10/2022,Real Madrid,Barcelona,3,1,H,8,18,4,5,2,3,11,14,2,2,0,0
16/10/2022,Espanol,Valladolid,1,0,H,15,14,3,2,6,4,13,11,1,4,0,0
16/10/2022,Betis,Almeria,3,1,H,15,12,6,5,9,3,6,7,1,1,0,0
17/10/2022,Villarreal,Osasuna,2,0,H,12,14,9,3,8,4,14,23,2,6,0,0
18/10/2022,Sevilla,Valencia,1,1,D,18,13,5,5,11,6,11,26,4,7,1,0
18/10/2022,Getafe,Ath Bilbao,2,2,D,11,14,4,4,7,4,14,11,7,4,0,0
18/10/2022,Ath Madrid,Vallecano,1,1,D,12,14,4,4,3,4,11,11,3,0,0,0
19/10/2022,Cadiz,Betis,0,0,D,13,12,3,3,4,9,15,7,1,2,0,1
19/10/2022,Valladolid,Celta,4,1,H,9,22,7,5,3,7,12,11,1,1,0,0
19/10/2022,Sociedad,Mallorca,1,0,H,14,12,7,3,10,7,18,9,1,2,0,0
19/10/2022,Elche,Real Madrid,0,3,A,10,10,3,7,8,2,14,10,1,1,0,0
20/10/2022,Almeria,Girona,3,2,H,13,14,7,5,4,5,14,14,1,3,0,0
20/10/2022,Osasuna,Espanol,1,0,H,17,5,5,3,9,2,17,15,1,2,0,0
20/10/2022,Barcelona,Villarreal,3,0,H,16,5,5,1,8,0,18,11,0,1,0,0
22/10/2022,Vallecano,Cadiz,5,1,H,28,3,11,0,10,1,13,12,1,4,1,2
22/10/2022,Valladolid,Sociedad,1,0,H,9,20,2,2,4,10,19,14,2,3,0,0
22/10/2022,Valencia,Mallorca,1,2,A,13,10,3,5,5,3,14,19,3,5,0,0
22/10/2022,Real Madrid,Sevilla,3,1,H,18,9,6,2,4,3,9,12,1,4,0,0
23/10/2022,Espanol,Elche,2,2,D,13,9,5,4,5,3,13,10,2,3,0,0
23/10/2022,Betis,Ath Madrid,1,2,A,17,9,4,3,7,4,10,17,2,3,0,0
23/10/2022,Girona,Osasuna,1,1,D,7,9,1,2,3,5,11,11,2,3,0,0
23/10/2022,Villarreal,Almeria,2,1,H,11,15,5,4,10,4,7,8,4,1,1,0
23/10/2022,Barcelona,Ath Bilbao,4,0,H,10,5,7,3,1,2,7,13,2,2,0,0
24/10/2022,Celta,Getafe,1,1,D,17,4,5,1,10,0,10,13,1,1,0,0
28/10/2022,Mallorca,Espanol,1,1,D,12,7,5,2,4,4,15,9,4,1,0,0
29/10/2022,Almeria,Celta,3,1,H,19,8,5,3,6,4,10,7,4,0,0,1
29/10/2022,Cadiz,Ath Madrid,3,2,H,10,15,7,7,5,3,15,12,2,4,0,0
29/10/2022,Sevilla,Vallecano,0,1,A,10,15,4,5,6,6,9,20,6,1,0,0
29/10/2022,Valencia,Barcelona,0,1,A,3,13,2,2,3,10,13,7,4,5,0,0
30/10/2022,Osasuna,Valladolid,2,0,H,20,7,10,2,1,8,14,16,1,3,0,0
30/10/2022,Real Madrid,Girona,1,1,D,19,8,6,2,7,1,16,8,3,3,1,0
30/10/2022,Ath Bilbao,Villarreal,1,0,H,19,6,7,3,6,2,12,10,2,1,0,0
30/10/2022,Sociedad,Betis,0,2,A,14,10,7,4,5,3,22,16,4,4,0,0
31/10/2022,Elche,Getafe,0,1,A,12,8,5,3,6,2,12,11,0,3,0,1
04/11/2022,Girona,Ath Bilbao,2,1,H,19,11,10,7,7,1,11,11,1,1,0,0
05/11/2022,Getafe,Cadiz,0,0,D,13,15,2,4,5,5,15,16,5,2,2,1
05/11/2022,Valladolid,Elche,2,1,H,16,4,11,2,8,4,9,10,2,0,0,0
05/11/2022,Celta,Osasuna,1,2,A,13,8,5,4,2,3,12,20,1,5,0,0
05/11/2022,Barcelona,Almeria,2,0,H,27,4,13,1,9,1,14,13,2,1,0,0
06/11/2022,Ath Madrid,Espanol,1,1,D,27,6,7,2,12,2,13,10,3,5,0,1
06/11/2022,Sociedad,Valencia,1,1,D,9,14,4,3,1,11,11,12,2,0,1,0
06/11/2022,Villarreal,Mallorca,0,2,A,9,7,2,5,5,2,17,16,4,6,0,0
06/11/2022,Betis,Sevilla,1,1,D,9,22,4,6,1,4,6,20,4,5,2,1
07/11/2022,Vallecano,Real Madrid,3,2,H,15,16,7,2,4,5,22,11,4,5,0,0
08/11/2022,Elche,Girona,1,2,A,11,21,2,3,2,5,16,9,3,2,0,0
08/11/2022,Ath Bilbao,Valladolid,3,0,H,19,8,6,0,10,2,20,6,3,1,0,0
08/11/2022,Osasuna,Barcelona,1,2,A,15,9,3,3,2,5,15,6,4,4,0,2
09/11/2022,Almeria,Getafe,1,0,H,8,11,3,3,7,6,17,8,8,4,1,0
09/11/2022,Sevilla,Sociedad,1,2,A,6,17,3,9,2,1,9,12,2,2,2,0
09/11/2022,Espanol,Villarreal,0,1,A,14,10,6,3,4,7,11,6,1,3,0,0
09/11/2022,Mallorca,Ath Madrid,1,0,H,9,17,3,5,2,5,14,17,5,3,0,0
10/11/2022,Vallecano,Celta,0,0,D,10,11,3,3,5,3,19,16,7,1,0,0
10/11/2022,Valencia,Betis,3,0,H,15,5,7,1,5,5,12,9,1,3,0,1
10/11/2022,Real Madrid,Cadiz,2,1,H,18,10,5,5,7,1,12,16,3,3,0,0
29/12/2022,Girona,Vallecano,2,2,D,16,12,7,4,2,4,14,14,3,2,0,0
29/12/2022,Betis,Ath Bilbao,0,0,D,9,10,5,0,2,6,8,17,1,4,1,0
29/12/2022,Ath Madrid,Elche,2,0,H,18,5,4,1,3,5,14,20,3,4,1,2
30/12/2022,Getafe,Mallorca,2,0,H,14,3,6,0,4,2,10,19,0,1,0,0
30/12/2022,Cadiz,Almeria,1,1,D,12,18,6,9,3,2,7,14,2,0,0,0
30/12/2022,Celta,Sevilla,1,1,D,17,7,5,5,5,6,11,13,2,4,0,1
30/12/2022,Valladolid,Real Madrid,0,2,A,14,19,4,8,5,9,7,9,2,0,1,0
31/12/2022,Barcelona,Espanol,1,1,D,21,4,6,1,10,2,11,15,6,7,1,1
31/12/2022,Sociedad,Osasuna,2,0,H,9,11,2,3,3,2,10,15,1,1,0,0
31/12/2022,Villarreal,Valencia,2,1,H,14,13,8,4,5,2,12,16,1,3,0,0
06/01/2023,Elche,Celta,0,1,A,13,14,5,7,8,4,15,15,3,1,1,0
06/01/2023,Valencia,Cadiz,0,1,A,11,6,2,2,13,2,14,21,5,6,0,0
07/01/2023,Villarreal,Real Madrid,2,1,H,17,13,5,3,6,5,13,6,4,1,0,0
07/01/2023,Mallorca,Valladolid,1,0,H,13,9,4,1,6,2,14,17,2,3,0,0
07/01/2023,Espanol,Girona,2,2,D,12,12,6,5,5,2,13,16,3,2,0,0
08/01/2023,Almeria,Sociedad,0,2,A,6,9,1,6,4,2,13,14,1,0,0,0
08/01/2023,Vallecano,Betis,1,2,A,15,14,3,3,5,7,10,16,3,2,0,0
08/01/2023,Sevilla,Getafe,2,1,H,11,11,5,2,4,4,13,16,3,3,0,0
08/01/2023,Ath Madrid,Barcelona,0,1,A,20,10,5,2,7,4,8,16,2,3,1,1
09/01/2023,Ath Bilbao,Osasuna,0,0,D,17,3,3,1,14,1,8,13,0,1,0,0
13/01/2023,Celta,Villarreal,1,1,D,21,3,8,1,14,3,11,8,0,2,0,0
14/01/2023,Valladolid,Vallecano,0,1,A,9,13,2,6,4,8,17,18,2,2,0,0
14/01/2023,Girona,Sevilla,2,1,H,19,10,7,2,5,2,11,7,3,1,0,0
14/01/2023,Osasuna,Mallorca,1,0,H,15,6,4,2,3,1,15,19,2,3,0,0
14/01/2023,Sociedad,Ath Bilbao,3,1,H,11,6,5,2,4,2,20,15,5,1,0,1
15/01/2023,Getafe,Espanol,1,2,A,10,10,2,4,5,1,20,13,2,3,0,0
15/01/2023,Almeria,Ath Madrid,1,1,D,14,12,3,6,3,4,14,12,4,4,0,1
16/01/2023,Cadiz,Elche,1,1,D,16,12,3,5,3,6,11,21,3,2,0,0
20/01/2023,Mallorca,Celta,1,0,H,8,10,3,3,4,6,15,11,2,3,0,0
21/01/2023,Vallecano,Sociedad,0,2,A,14,12,2,7,3,4,11,11,0,0,0,0
21/01/2023,Espanol,Betis,1,0,H,8,13,2,4,7,4,18,8,3,2,0,0
21/01/2023,Ath Madrid,Valladolid,3,0,H,18,7,8,1,4,1,12,7,1,1,0,0
21/01/2023,Sevilla,Cadiz,1,0,H,17,4,9,1,8,1,15,14,1,4,0,1
22/01/2023,Villarreal,Girona,1,0,H,19,8,9,1,3,2,21,15,5,5,0,1
22/01/2023,Elche,Osasuna,1,1,D,13,8,4,4,7,2,19,9,2,1,0,0
22/01/2023,Barcelona,Getafe,1,0,H,8,7,4,3,4,2,11,6,1,2,0,0
22/01/2023,Ath Bilbao,Real Madrid,0,2,A,18,10,3,4,12,2,17,10,3,2,0,0
23/01/2023,Valencia,Almeria,2,2,D,16,14,6,3,6,2,8,8,2,1,0,0
27/01/2023,Almeria,Espanol,3,1,H,19,6,7,3,2,2,16,6,3,3,0,0
28/01/2023,Cadiz,Mallorca,2,0,H,11,9,4,2,6,2,13,12,2,2,0,0
28/01/2023,Girona,Barcelona,0,1,A,8,8,2,3,4,2,10,15,2,3,1,0
28/01/2023,Sevilla,Elche,3,0,H,22,6,8,1,5,2,7,8,1,3,0,1
28/01/2023,Getafe,Betis,0,1,A,6,13,1,2,6,1,25,12,4,2,0,0
29/01/2023,Valladolid,Valencia,1,0,H,13,15,6,2,4,7,14,15,3,1,0,0
29/01/2023,Osasuna,Ath Madrid,0,1,A,14,13,4,5,5,4,13,7,1,0,0,0
29/01/2023,Celta,Ath Bilbao,1,0,H,9,5,3,0,2,5,17,19,3,2,0,0
29/01/2023,Real Madrid,Sociedad,0,0,D,20,8,7,3,10,3,8,19,1,4,0,0
30/01/2023,Villarreal,Vallecano,0,1,A,12,11,3,3,5,4,11,18,2,3,0,0
01/02/2023,Betis,Barcelona,1,2,A,5,13,1,3,1,6,17,9,3,0,1,0
02/02/2023,Real Madrid,Valencia,2,0,H,19,4,7,0,6,6,12,17,3,1,0,1
03/02/2023,Ath Bilbao,Cadiz,4,1,H,17,15,9,3,0,3,14,12,2,1,1,0
04/02/2023,Espanol,Osasuna,1,1,D,9,9,4,3,4,3,9,17,3,5,1,1
04/02/2023,Elche,Villarreal,3,1,H,18,14,7,2,6,10,19,8,4,2,0,0
04/02/2023,Ath Madrid,Getafe,1,1,D,12,9,4,1,8,0,11,18,3,5,0,0
04/02/2023,Betis,Celta,3,4,A,15,9,7,7,5,5,11,13,2,3,1,0
05/02/2023,Mallorca,Real Madrid,1,0,H,4,20,1,1,1,12,29,14,5,5,0,0
05/02/2023,Girona,Valencia,1,0,H,20,8,8,4,8,4,11,10,1,4,0,0
05/02/2023,Sociedad,Valladolid,0,1,A,15,7,4,2,0,4,17,14,4,5,0,0
05/02/2023,Barcelona,Sevilla,3,0,H,16,3,7,1,8,3,8,10,0,2,0,0
06/02/2023,Vallecano,Almeria,2,0,H,15,14,11,5,3,7,16,9,3,3,0,0
10/02/2023,Cadiz,Girona,2,0,H,12,7,3,1,5,6,17,11,4,4,0,0
11/02/2023,Almeria,Betis,2,3,A,16,12,9,7,8,2,12,10,2,3,0,0
11/02/2023,Sevilla,Mallorca,2,0,H,15,6,6,0,8,2,9,14,5,2,0,0
11/02/2023,Valencia,Ath Bilbao,1,2,A,18,11,8,3,7,1,11,17,2,2,0,0
12/02/2023,Getafe,Vallecano,1,1,D,13,19,4,4,5,6,21,19,4,4,1,0
12/02/2023,Celta,Ath Madrid,0,1,A,14,10,3,2,7,5,10,13,2,2,0,1
12/02/2023,Valladolid,Osasuna,0,0,D,18,15,5,4,10,4,13,16,1,3,0,0
12/02/2023,Villarreal,Barcelona,0,1,A,11,7,2,4,6,2,22,18,4,4,0,0
13/02/2023,Espanol,Sociedad,2,3,A,10,11,6,5,4,3,9,17,4,1,1,0
15/02/2023,Real Madrid,Elche,4,0,H,26,7,13,0,6,4,5,13,1,3,0,0
17/02/2023,Girona,Almeria,6,2,H,14,16,8,4,1,7,10,8,1,1,0,0
18/02/2023,Sociedad,Celta,1,1,D,9,18,3,4,3,7,14,12,3,5,0,1
18/02/2023,Betis,Valladolid,2,1,H,16,17,10,3,4,6,18,15,3,5,0,0
18/02/2023,Mallorca,Villarreal,4,2,H,13,8,5,4,4,4,19,8,5,0,0,1
18/02/2023,Osasuna,Real Madrid,0,2,A,11,11,4,6,5,5,17,7,3,2,0,0
19/02/2023,Elche,Espanol,0,1,A,19,11,5,4,10,5,11,12,2,3,1,0
19/02/2023,Vallecano,Sevilla,1,1,D,18,7,5,2,7,3,15,6,4,1,0,0
19/02/2023,Ath Madrid,Ath Bilbao,1,0,H,17,8,5,2,6,5,7,13,2,3,0,0
19/02/2023,Barcelona,Cadiz,2,0,H,16,14,5,4,5,6,15,18,2,3,0,0
20/02/2023,Getafe,Valencia,1,0,H,15,8,6,3,4,5,11,8,6,1,0,0
24/02/2023,Elche,Betis,2,3,A,4,21,2,9,3,3,16,9,4,1,2,0
25/02/2023,Espanol,Mallorca,2,1,H,9,15,3,4,0,4,15,18,2,2,0,0
25/02/2023,Cadiz,Vallecano,1,0,H,5,11,3,2,4,6,19,19,3,4,0,1
25/02/2023,Real Madrid,Ath Madrid,1,1,D,18,7,7,2,7,4,10,8,3,3,0,1
25/02/2023,Valencia,Sociedad,1,0,H,8,11,3,3,7,8,13,12,6,3,0,0
26/02/2023,Ath Bilbao,Girona,2,3,A,17,8,3,4,11,3,17,8,5,5,0,0
26/02/2023,Celta,Valladolid,3,0,H,18,6,4,3,5,4,6,5,1,3,0,1
26/02/2023,Almeria,Barcelona,1,0,H,7,14,4,1,4,7,13,11,3,3,0,0
26/02/2023,Sevilla,Osasuna,2,3,A,22,11,8,4,10,2,10,15,4,2,1,0
27/02/2023,Villarreal,Getafe,2,1,H,11,8,5,3,6,6,9,13,0,1,0,0
03/03/2023,Sociedad,Cadiz,0,0,D,15,6,3,2,4,0,18,18,0,1,0,0
04/03/2023,Getafe,Girona,3,2,H,10,9,6,7,3,3,24,11,5,4,0,0
04/03/2023,Almeria,Villarreal,0,2,A,6,16,0,6,2,10,11,10,2,4,0,0
04/03/2023,Mallorca,Elche,0,1,A,14,15,3,6,6,7,17,14,3,3,0,0
04/03/2023,Ath Madrid,Sevilla,6,1,H,18,8,8,1,7,3,12,11,1,4,0,1
05/03/2023,Valladolid,Espanol,2,1,H,15,12,5,2,9,6,4,11,3,2,0,0
05/03/2023,Barcelona,Valencia,1,0,H,13,13,4,1,5,2,11,13,0,0,1,0
05/03/2023,Vallecano,Ath Bilbao,0,0,D,18,16,2,3,7,9,9,17,1,0,0,1
05/03/2023,Betis,Real Madrid,0,0,D,8,15,4,5,5,3,12,13,3,4,0,0
06/03/2023,Osasuna,Celta,0,0,D,10,6,5,0,6,4,12,12,0,2,0,0
10/03/2023,Cadiz,Getafe,2,2,D,11,16,4,10,2,6,13,16,4,5,1,1
11/03/2023,Real Madrid,Espanol,3,1,H,22,10,7,3,7,4,12,17,3,2,0,0
11/03/2023,Elche,Valladolid,1,1,D,24,5,10,1,10,3,19,11,4,6,0,2
11/03/2023,Celta,Vallecano,3,0,H,15,12,6,3,3,7,13,12,2,3,0,0
11/03/2023,Valencia,Osasuna,1,0,H,8,7,4,0,12,3,8,19,2,5,0,0
12/03/2023,Mallorca,Sociedad,1,1,D,8,8,2,2,3,2,19,20,2,2,0,1
12/03/2023,Sevilla,Almeria,2,1,H,27,13,5,5,6,4,8,11,4,4,0,0
12/03/2023,Villarreal,Betis,1,1,D,15,6,4,3,2,4,8,11,3,2,0,0
12/03/2023,Ath Bilbao,Barcelona,0,1,A,15,10,5,2,5,3,13,7,2,1,0,0
13/03/2023,Girona,Ath Madrid,0,1,A,6,14,4,4,1,3,6,12,2,3,0,0
17/03/2023,Valladolid,Ath Bilbao,1,3,A,15,15,3,6,2,9,9,14,2,2,0,0
18/03/2023,Almeria,Cadiz,1,1,D,17,10,5,4,5,2,12,12,1,4,0,0
18/03/2023,Vallecano,Girona,2,2,D,15,12,3,4,3,5,15,16,2,2,0,0
18/03/2023,Espanol,Celta,1,3,A,11,8,3,4,4,1,11,12,2,2,0,0
18/03/2023,Ath Madrid,Valencia,3,0,H,14,9,6,1,4,2,12,9,2,0,0,0
19/03/2023,Betis,Mallorca,1,0,H,10,5,3,1,4,4,8,15,1,2,0,0
19/03/2023,Osasuna,Villarreal,0,3,A,10,12,2,6,7,1,15,7,3,2,0,0
19/03/2023,Sociedad,Elche,2,0,H,17,4,4,3,5,3,16,16,2,1,0,0
19/03/2023,Getafe,Sevilla,2,0,H,15,11,4,4,4,1,22,10,4,2,0,0
19/03/2023,Barcelona,Real Madrid,2,1,H,17,11,7,3,8,1,12,13,4,3,0,0
31/03/2023,Mallorca,Osasuna,0,0,D,10,11,1,2,2,3,19,17,7,3,1,0
01/04/2023,Girona,Espanol,2,1,H,14,5,4,1,5,2,12,16,4,2,0,1
01/04/2023,Ath Bilbao,Getafe,0,0,D,17,9,3,1,13,3,8,9,0,0,0,0
01/04/2023,Cadiz,Sevilla,0,2,A,14,11,3,5,8,4,9,14,3,4,0,0
01/04/2023,Elche,Barcelona,0,4,A,15,12,2,6,11,3,11,11,0,3,0,0
02/04/2023,Celta,Almeria,2,2,D,21,8,5,3,4,1,13,12,3,5,0,0
02/04/2023,Real Madrid,Valladolid,6,0,H,30,12,17,2,9,1,17,11,0,1,0,0
02/04/2023,Villarreal,Sociedad,2,0,H,16,16,4,3,4,4,12,19,5,3,1,0
02/04/2023,Ath Madrid,Betis,1,0,H,13,6,7,2,5,1,20,11,1,2,0,0
03/04/2023,Valencia,Vallecano,1,1,D,18,7,4,2,13,3,15,16,2,3,0,0
07/04/2023,Sevilla,Celta,2,2,D,7,9,2,4,8,3,11,9,6,2,2,0
08/04/2023,Osasuna,Elche,2,1,H,22,7,6,1,9,2,15,7,1,3,0,0
08/04/2023,Espanol,Ath Bilbao,1,2,A,9,12,2,7,8,7,14,18,6,4,1,0
08/04/2023,Sociedad,Getafe,2,0,H,11,6,6,4,3,2,11,9,2,1,0,0
08/04/2023,Real Madrid,Villarreal,2,3,A,18,17,4,8,6,7,8,19,0,3,0,0
09/04/2023,Valladolid,Mallorca,3,3,D,10,14,6,6,1,2,13,20,3,5,0,0
09/04/2023,Betis,Cadiz,0,2,A,9,15,3,4,5,6,18,16,3,3,2,0
09/04/2023,Almeria,Valencia,2,1,H,10,11,4,4,3,7,11,11,3,2,0,0
09/04/2023,Vallecano,Ath Madrid,1,2,A,15,14,3,4,8,2,8,7,0,0,1,0
10/04/2023,Barcelona,Girona,0,0,D,18,5,3,0,12,2,14,14,0,2,0,0
14/04/2023,Vallecano,Osasuna,2,1,H,12,8,3,4,2,3,18,16,2,3,0,0
15/04/2023,Villarreal,Valladolid,1,2,A,22,14,7,7,8,5,9,18,1,6,0,0
15/04/2023,Ath Bilbao,Sociedad,2,0,H,13,13,5,4,5,2,16,14,5,2,0,0
15/04/2023,Betis,Espanol,3,1,H,15,13,8,4,4,13,9,13,2,2,0,0
15/04/2023,Cadiz,Real Madrid,0,2,A,12,35,3,11,2,9,12,7,1,0,0,0
16/04/2023,Girona,Elche,2,0,H,14,13,4,5,3,4,9,14,3,3,0,1
16/04/2023,Getafe,Barcelona,0,0,D,5,15,1,3,1,5,13,12,2,1,0,0
16/04/2023,Ath Madrid,Almeria,2,1,H,19,2,7,0,9,2,7,8,3,3,0,0
16/04/2023,Valencia,Sevilla,0,2,A,13,6,3,3,6,2,10,17,1,4,1,0
17/04/2023,Celta,Mallorca,0,1,A,12,8,3,2,7,5,10,19,2,1,1,0
21/04/2023,Espanol,Cadiz,0,0,D,14,11,5,2,6,3,8,22,4,2,0,0
22/04/2023,Osasuna,Betis,3,2,H,10,21,5,6,5,13,20,13,2,0,0,0
22/04/2023,Almeria,Ath Bilbao,1,2,A,12,14,4,3,3,4,8,20,2,4,0,0
22/04/2023,Sociedad,Vallecano,2,1,H,7,7,1,2,3,3,18,19,1,2,0,0
22/04/2023,Valladolid,Girona,1,0,H,15,12,6,6,5,7,14,9,1,1,0,0
22/04/2023,Real Madrid,Celta,2,0,H,17,12,5,2,8,3,10,10,1,2,0,0
23/04/2023,Elche,Valencia,0,2,A,7,5,1,3,11,6,12,6,3,1,0,0
23/04/2023,Barcelona,Ath Madrid,1,0,H,13,13,4,3,3,3,15,16,4,7,0,0
23/04/2023,Mallorca,Getafe,3,1,H,8,3,4,1,2,2,15,18,2,3,0,0
23/04/2023,Sevilla,Villarreal,2,1,H,17,17,4,5,5,3,12,10,1,2,0,0
25/04/2023,Cadiz,Osasuna,0,1,A,20,6,4,4,11,2,8,15,0,1,0,1
25/04/2023,Girona,Real Madrid,4,2,H,13,18,5,3,3,8,7,6,1,2,0,0
25/04/2023,Betis,Sociedad,0,0,D,10,10,1,3,2,4,13,23,1,3,0,0
26/04/2023,Ath Madrid,Mallorca,3,1,H,24,6,9,2,5,8,10,9,0,0,0,0
26/04/2023,Getafe,Almeria,1,2,A,21,23,9,11,4,6,15,9,2,2,1,0
26/04/2023,Celta,Elche,1,0,H,17,16,9,1,10,6,9,12,0,0,0,0
26/04/2023,Vallecano,Barcelona,2,1,H,9,10,6,5,3,9,10,14,1,4,0,0
27/04/2023,Valencia,Valladolid,2,1,H,18,8,5,2,6,2,16,17,0,4,0,0
27/04/2023,Villarreal,Espanol,4,2,H,31,13,13,4,9,2,14,10,2,4,0,1
27/04/2023,Ath Bilbao,Sevilla,0,1,A,7,4,2,1,8,2,7,11,3,3,0,0
28/04/2023,Osasuna,Sociedad,0,2,A,13,12,1,8,4,2,12,15,3,1,0,0
29/04/2023,Elche,Vallecano,4,0,H,18,14,9,3,3,8,13,16,1,2,0,1
29/04/2023,Real Madrid,Almeria,4,2,H,15,9,12,3,7,0,12,16,2,2,0,0
29/04/2023,Barcelona,Betis,4,0,H,15,4,8,1,10,0,10,9,0,2,0,1
30/04/2023,Cadiz,Valencia,2,1,H,8,16,4,4,5,6,14,10,6,2,0,0
30/04/2023,Villarreal,Celta,3,1,H,9,14,3,5,4,9,12,11,1,4,0,0
30/04/2023,Espanol,Getafe,1,0,H,17,7,8,2,6,3,12,23,3,5,0,0
30/04/2023,Valladolid,Ath Madrid,2,5,A,19,9,6,6,9,1,14,8,2,1,0,0
01/05/2023,Mallorca,Ath Bilbao,1,1,D,9,16,2,6,5,7,17,9,4,2,0,0
01/05/2023,Sevilla,Girona,0,2,A,23,9,5,3,6,1,14,11,1,1,0,0
02/05/2023,Almeria,Elche,2,1,H,10,14,4,1,7,13,8,9,2,2,0,0
02/05/2023,Barcelona,Osasuna,1,0,H,21,7,4,2,11,0,7,10,0,0,0,1
02/05/2023,Sociedad,Real Madrid,2,0,H,9,10,4,5,2,6,17,9,1,5,0,1
03/05/2023,Valencia,Villarreal,1,1,D,8,11,1,4,6,6,14,13,4,2,0,0
03/05/2023,Ath Madrid,Cadiz,5,1,H,18,2,8,1,5,2,12,9,3,2,0,0
03/05/2023,Getafe,Celta,1,0,H,14,7,4,1,1,5,21,14,7,5,0,1
04/05/2023,Girona,Mallorca,2,1,H,17,8,7,2,9,5,9,13,4,0,0,0
04/05/2023,Sevilla,Espanol,3,2,H,18,7,6,3,9,0,15,11,1,2,0,0
04/05/2023,Ath Bilbao,Betis,0,1,A,21,12,6,2,13,2,13,7,1,3,1,0
04/05/2023,Vallecano,Valladolid,2,1,H,16,7,6,4,3,4,18,15,0,0,0,0
12/05/2023,Mallorca,Cadiz,1,0,H,8,14,3,4,3,7,16,14,5,3,0,0
13/05/2023,Sociedad,Girona,2,2,D,18,13,6,6,7,4,22,13,5,3,0,1
13/05/2023,Osasuna,Almeria,3,1,H,18,8,7,3,4,1,7,7,0,0,0,0
13/05/2023,Villarreal,Ath Bilbao,5,1,H,17,11,11,5,7,5,11,13,4,3,0,0
13/05/2023,Real Madrid,Getafe,1,0,H,16,9,3,2,1,3,5,23,1,4,0,0
14/05/2023,Celta,Valencia,1,2,A,10,12,6,5,5,4,13,19,3,5,0,1
14/05/2023,Elche,Ath Madrid,1,0,H,15,13,4,4,3,5,16,3,2,0,0,0
14/05/2023,Valladolid,Sevilla,0,3,A,28,17,6,5,8,3,9,16,2,1,0,0
14/05/2023,Espanol,Barcelona,2,4,A,15,15,7,5,4,3,12,9,1,3,0,0
15/05/2023,Betis,Vallecano,3,1,H,11,16,5,4,6,5,11,9,3,2,0,1
19/05/2023,Cadiz,Valladolid,2,0,H,11,6,4,2,4,3,18,18,4,4,0,1
20/05/2023,Girona,Villarreal,1,2,A,9,10,3,5,3,1,16,11,2,1,0,0
20/05/2023,Ath Bilbao,Celta,2,1,H,10,8,3,3,8,5,17,12,4,1,0,0
20/05/2023,Almeria,Mallorca,3,0,H,12,7,3,3,4,6,11,15,1,2,0,0
20/05/2023,Getafe,Elche,1,1,D,9,13,5,4,5,6,19,11,3,1,0,0
20/05/2023,Barcelona,Sociedad,1,2,A,13,13,4,6,8,2,8,16,4,4,0,0
21/05/2023,Vallecano,Espanol,1,2,A,15,10,5,6,4,4,8,11,2,2,0,0
21/05/2023,Ath Madrid,Osasuna,3,0,H,15,12,5,2,8,10,6,11,0,2,0,0
21/05/2023,Valencia,Real Madrid,1,0,H,12,13,6,5,2,9,13,4,4,2,0,1
21/05/2023,Sevilla,Betis,0,0,D,10,5,4,0,4,3,14,11,2,2,0,1
23/05/2023,Celta,Girona,1,1,D,16,11,7,4,9,3,13,13,0,0,0,0
23/05/2023,Sociedad,Almeria,1,0,H,15,2,2,2,10,2,20,8,0,1,0,1
23/05/2023,Valladolid,Barcelona,3,1,H,8,16,4,6,2,6,13,9,1,0,0,0
24/05/2023,Elche,Sevilla,1,1,D,20,9,7,3,9,5,12,10,1,4,0,1
24/05/2023,Real Madrid,Vallecano,2,1,H,12,15,3,6,5,2,11,14,1,3,0,0
24/05/2023,Villarreal,Cadiz,2,0,H,13,16,7,8,7,6,14,8,1,2,0,0
24/05/2023,Betis,Getafe,0,1,A,11,9,4,2,2,5,8,12,2,5,1,0
24/05/2023,Espanol,Ath Madrid,3,3,D,26,16,13,7,16,1,6,9,2,3,0,0
25/05/2023,Mallorca,Valencia,1,0,H,4,15,3,5,2,4,15,12,4,2,0,0
25/05/2023,Osasuna,Ath Bilbao,2,0,H,9,10,3,5,3,6,17,13,3,3,0,0
27/05/2023,Sevilla,Real Madrid,1,2,A,11,6,1,3,1,1,23,10,2,4,1,0
28/05/2023,Almeria,Valladolid,0,0,D,23,8,7,2,2,4,11,16,0,4,0,0
28/05/2023,Ath Bilbao,Elche,0,1,A,27,6,8,2,19,3,7,10,1,1,0,0
28/05/2023,Ath Madrid,Sociedad,2,1,H,11,10,5,5,6,4,8,10,2,2,0,0
28/05/2023,Barcelona,Mallorca,3,0,H,28,3,9,1,14,3,4,9,0,0,0,1
28/05/2023,Cadiz,Celta,1,0,H,13,9,3,4,3,3,16,10,9,5,0,0
28/05/2023,Getafe,Osasuna,2,1,H,16,10,6,2,1,1,11,6,3,1,0,0
28/05/2023,Girona,Betis,1,2,A,9,18,3,7,8,5,14,12,0,1,0,0
28/05/2023,Valencia,Espanol,2,2,D,19,9,4,5,10,3,12,12,0,4,0,0
28/05/2023,Vallecano,Villarreal,2,1,H,15,7,4,2,4,6,9,9,3,5,0,0
04/06/2023,Mallorca,Vallecano,3,0,H,8,20,4,4,2,6,14,15,0,0,0,0
04/06/2023,Osasuna,Girona,2,1,H,14,11,7,6,5,2,12,9,1,5,0,0
04/06/2023,Real Madrid,Ath Bilbao,1,1,D,9,15,2,9,5,6,11,14,2,2,0,0
04/06/2023,Sociedad,Sevilla,2,1,H,17,9,6,4,5,2,10,13,0,1,0,0
04/06/2023,Villarreal,Ath Madrid,2,2,D,22,9,7,3,12,1,9,12,3,2,0,1
04/06/2023,Betis,Valencia,1,1,D,8,10,3,3,5,4,11,11,3,0,0,1
04/06/2023,Celta,Barcelona,2,1,H,12,9,9,2,2,4,13,9,2,2,0,0
04/06/2023,Elche,Cadiz,1,1,D,12,14,5,3,7,4,18,8,4,3,0,0
04/06/2023,Espanol,Almeria,3,3,D,12,11,8,4,7,6,11,12,2,3,0,0
04/06/2023,Valladolid,Getafe,0,0,D,15,4,0,1,6,1,9,25,1,3,0,0
11/08/2023,Almeria,Vallecano,0,2,A,19,10,5,4,8,3,16,25,1,3,0,0
11/08/2023,Sevilla,Valencia,1,2,A,9,10,3,3,8,1,15,17,3,2,1,0
12/08/2023,Sociedad,Girona,1,1,D,15,6,2,1,4,1,22,9,2,5,0,0
12/08/2023,Las Palmas,Mallorca,1,1,D,5,12,2,2,3,6,11,21,3,2,0,0
12/08/2023,Ath Bilbao,Real Madrid,0,2,A,7,14,1,8,7,5,18,6,3,1,0,0
13/08/2023,Celta,Osasuna,0,2,A,11,11,1,5,7,2,11,15,1,1,0,0
13/08/2023,Villarreal,Betis,1,2,A,18,12,5,5,9,4,13,17,1,3,0,0
13/08/2023,Getafe,Barcelona,0,0,D,5,14,2,4,3,4,20,11,8,2,1,1
14/08/2023,Cadiz,Alaves,1,0,H,12,10,3,2,2,4,19,15,3,2,1,0
14/08/2023,Ath Madrid,Granada,3,1,H,14,7,6,4,3,3,15,9,3,1,0,0
18/08/2023,Mallorca,Villarreal,0,1,A,8,15,1,3,6,5,12,11,2,4,0,0
18/08/2023,Valencia,Las Palmas,1,0,H,9,7,4,1,6,4,12,6,0,0,0,0
19/08/2023,Sociedad,Celta,1,1,D,11,17,2,6,9,7,12,12,2,1,0,0
19/08/2023,Almeria,Real Madrid,1,3,A,20,24,8,9,4,5,10,13,1,0,0,0
19/08/2023,Osasuna,Ath Bilbao,0,2,A,18,8,7,2,5,3,9,14,1,5,1,1
20/08/2023,Girona,Getafe,3,0,H,7,9,6,2,3,2,11,20,2,5,0,0
20/08/2023,Barcelona,Cadiz,2,0,H,23,10,10,1,10,2,9,22,4,3,0,0
20/08/2023,Betis,Ath Madrid,0,0,D,14,5,0,1,2,7,10,8,2,1,0,0
21/08/2023,Alaves,Sevilla,4,3,H,14,12,7,2,4,4,14,13,1,2,0,0
21/08/2023,Granada,Vallecano,0,2,A,14,17,7,9,5,6,14,11,2,1,1,0
25/08/2023,Las Palmas,Sociedad,0,0,D,11,8,5,1,5,7,7,29,1,4,0,0
25/08/2023,Celta,Real Madrid,0,1,A,13,10,4,3,3,5,19,14,2,3,0,0
26/08/2023,Cadiz,Almeria,1,1,D,11,5,3,2,7,3,16,22,0,5,1,1
26/08/2023,Granada,Mallorca,3,2,H,10,10,4,5,5,3,11,27,2,7,0,0
26/08/2023,Sevilla,Girona,1,2,A,21,8,4,3,6,6,11,18,2,1,0,0
27/08/2023,Villarreal,Barcelona,3,4,A,13,21,6,11,2,6,12,14,3,3,0,0
27/08/2023,Valencia,Osasuna,1,2,A,16,7,4,2,6,3,13,12,3,4,0,0
27/08/2023,Ath Bilbao,Betis,4,2,H,14,7,6,3,5,3,23,11,4,2,0,0
28/08/2023,Getafe,Alaves,1,0,H,15,16,4,2,4,5,13,15,1,2,0,0
28/08/2023,Vallecano,Ath Madrid,0,7,A,12,17,3,10,8,3,19,17,4,3,0,0
01/09/2023,Cadiz,Villarreal,3,1,H,18,7,4,3,7,3,21,15,5,4,0,1
01/09/2023,Almeria,Celta,2,3,A,16,14,5,8,6,5,9,9,1,1,0,0
02/09/2023,Sociedad,Granada,5,3,H,15,8,6,5,2,5,15,14,1,5,0,0
02/09/2023,Real Madrid,Getafe,2,1,H,26,6,12,2,11,1,12,16,2,6,0,0
02/09/2023,Alaves,Valencia,1,0,H,7,9,1,4,1,2,18,9,4,2,0,0
02/09/2023,Betis,Vallecano,1,0,H,14,15,5,6,2,3,22,20,3,5,0,0
03/09/2023,Girona,Las Palmas,1,0,H,11,10,6,5,3,5,15,10,3,3,0,0
03/09/2023,Mallorca,Ath Bilbao,0,0,D,8,11,2,3,3,5,12,17,0,1,0,0
03/09/2023,Osasuna,Barcelona,1,2,A,11,9,3,4,8,5,6,16,1,3,1,0
15/09/2023,Vallecano,Alaves,2,0,H,20,9,11,1,5,3,15,14,2,3,0,0
16/09/2023,Ath Bilbao,Cadiz,3,0,H,20,5,9,4,5,4,10,20,1,4,0,0
16/09/2023,Valencia,Ath Madrid,3,0,H,12,11,8,3,5,8,13,17,1,5,0,0
16/09/2023,Celta,Mallorca,0,1,A,16,7,4,4,10,1,9,15,1,3,0,0
16/09/2023,Barcelona,Betis,5,0,H,17,11,9,2,9,5,9,10,1,2,0,0
17/09/2023,Getafe,Osasuna,3,2,H,11,8,6,3,6,3,15,11,6,2,0,0
17/09/2023,Villarreal,Almeria,2,1,H,10,17,4,7,7,6,16,6,2,3,0,0
17/09/2023,Sevilla,Las Palmas,1,0,H,26,12,9,2,7,3,13,12,3,5,0,0
17/09/2023,Real Madrid,Sociedad,2,1,H,17,15,8,5,4,3,11,14,3,2,0,0
18/09/2023,Granada,Girona,2,4,A,12,13,5,7,4,5,13,21,3,3,0,0
22/09/2023,Alaves,Ath Bilbao,0,2,A,15,11,5,3,3,4,13,9,2,2,0,0
23/09/2023,Girona,Mallorca,5,3,H,23,15,10,5,6,5,10,12,1,5,0,0
23/09/2023,Osasuna,Sevilla,0,0,D,16,15,2,3,7,4,11,7,2,3,0,0
23/09/2023,Barcelona,Celta,3,2,H,15,13,6,7,2,3,10,11,2,1,0,0
23/09/2023,Almeria,Valencia,2,2,D,17,7,10,5,8,3,12,10,4,2,0,0
24/09/2023,Sociedad,Getafe,4,3,H,10,10,6,7,2,1,13,24,3,2,0,0
24/09/2023,Vallecano,Villarreal,1,1,D,11,13,6,6,2,8,20,18,2,3,0,1
24/09/2023,Betis,Cadiz,1,1,D,21,5,7,1,11,8,10,14,2,3,0,0
24/09/2023,Las Palmas,Granada,1,0,H,10,2,3,1,6,7,13,19,6,4,1,0
24/09/2023,Ath Madrid,Real Madrid,3,1,H,10,20,4,5,6,11,13,10,1,3,0,0
26/09/2023,Sevilla,Almeria,5,1,H,18,10,9,1,9,4,15,16,3,2,0,0
26/09/2023,Mallorca,Barcelona,2,2,D,10,10,5,4,7,2,19,7,4,1,1,0
27/09/2023,Ath Bilbao,Getafe,2,2,D,9,13,4,5,5,4,9,19,5,6,1,0
27/09/2023,Real Madrid,Las Palmas,2,0,H,21,16,9,2,7,2,7,9,0,1,0,0
27/09/2023,Villarreal,Girona,1,2,A,14,17,3,5,5,6,9,11,3,2,0,0
27/09/2023,Cadiz,Vallecano,0,0,D,9,9,2,4,1,2,16,13,5,6,0,1
27/09/2023,Valencia,Sociedad,0,1,A,9,2,2,1,0,2,14,17,4,7,1,0
28/09/2023,Celta,Alaves,1,1,D,8,21,0,11,2,8,9,11,5,3,1,0
28/09/2023,Granada,Betis,1,1,D,19,13,7,3,5,7,14,10,2,1,0,0
28/09/2023,Osasuna,Ath Madrid,0,2,A,13,4,2,3,7,2,14,4,3,3,1,1
29/09/2023,Barcelona,Sevilla,1,0,H,18,12,5,3,13,3,11,15,2,3,0,0
30/09/2023,Getafe,Villarreal,0,0,D,22,3,9,0,6,4,19,11,2,4,0,1
30/09/2023,Vallecano,Mallorca,2,2,D,19,9,5,4,5,0,12,20,2,5,0,0
30/09/2023,Girona,Real Madrid,0,3,A,13,14,3,7,1,4,13,14,2,2,0,1
30/09/2023,Sociedad,Ath Bilbao,3,0,H,8,18,5,3,5,7,20,9,2,2,0,0
01/10/2023,Almeria,Granada,3,3,D,17,19,5,4,1,5,18,14,2,1,0,0
01/10/2023,Alaves,Osasuna,0,2,A,17,10,3,3,4,2,13,13,2,3,1,0
01/10/2023,Ath Madrid,Cadiz,3,2,H,18,8,9,4,5,3,5,10,1,3,0,0
01/10/2023,Betis,Valencia,3,0,H,15,9,7,2,5,3,11,10,2,2,0,0
02/10/2023,Las Palmas,Celta,2,1,H,16,11,5,3,4,5,13,14,2,1,0,0
06/10/2023,Ath Bilbao,Almeria,3,0,H,23,4,9,1,6,2,11,7,2,0,0,0
07/10/2023,Cadiz,Girona,0,1,A,8,20,2,5,5,5,12,13,1,3,1,0
07/10/2023,Real Madrid,Osasuna,4,0,H,19,7,9,1,5,4,9,6,2,2,0,0
07/10/2023,Mallorca,Valencia,1,1,D,9,11,5,3,3,6,17,11,2,1,0,0
07/10/2023,Sevilla,Vallecano,2,2,D,22,7,6,4,12,2,16,19,5,2,0,0
08/10/2023,Villarreal,Las Palmas,1,2,A,9,8,4,5,7,2,17,7,4,4,0,0
08/10/2023,Ath Madrid,Sociedad,2,1,H,14,13,5,4,1,4,9,12,3,3,0,0
08/10/2023,Alaves,Betis,1,1,D,15,6,5,2,5,3,13,9,3,3,0,1
08/10/2023,Celta,Getafe,2,2,D,26,3,11,2,13,1,14,20,1,8,0,1
08/10/2023,Granada,Barcelona,2,2,D,7,22,2,10,1,11,12,7,4,1,0,0
20/10/2023,Osasuna,Granada,2,0,H,12,13,6,3,1,7,19,13,3,4,0,1
21/10/2023,Sociedad,Mallorca,1,0,H,14,18,6,7,2,5,14,16,3,3,0,0
21/10/2023,Getafe,Betis,1,1,D,14,13,4,3,4,8,17,11,5,2,0,0
21/10/2023,Sevilla,Real Madrid,1,1,D,17,14,7,5,4,6,13,6,5,2,0,0
21/10/2023,Celta,Ath Madrid,0,3,A,16,12,3,7,7,5,10,10,3,2,1,0
22/10/2023,Las Palmas,Vallecano,0,1,A,12,12,6,4,10,5,13,11,4,3,0,1
22/10/2023,Girona,Almeria,5,2,H,19,9,8,5,9,6,11,14,1,2,0,0
22/10/2023,Villarreal,Alaves,1,1,D,12,16,3,7,9,3,15,10,4,3,0,0
22/10/2023,Barcelona,Ath Bilbao,1,0,H,12,10,7,3,4,7,11,18,3,3,0,0
23/10/2023,Valencia,Cadiz,2,0,H,12,5,4,4,4,6,16,16,0,3,0,1
27/10/2023,Girona,Celta,1,0,H,12,4,2,2,10,1,15,12,3,2,0,0
28/10/2023,Almeria,Las Palmas,1,2,A,10,10,4,3,3,2,13,19,3,1,0,0
28/10/2023,Barcelona,Real Madrid,1,2,A,15,13,3,4,6,3,15,15,2,1,0,0
28/10/2023,Mallorca,Getafe,0,0,D,15,8,4,0,8,3,10,25,0,1,0,0
28/10/2023,Cadiz,Sevilla,2,2,D,10,20,5,10,2,4,17,12,6,4,0,0
29/10/2023,Betis,Osasuna,2,1,H,9,7,2,1,6,3,10,25,3,4,0,0
29/10/2023,Vallecano,Sociedad,2,2,D,16,15,7,3,4,5,17,16,3,2,0,0
29/10/2023,Ath Bilbao,Valencia,2,2,D,12,11,7,5,10,4,11,10,3,1,0,0
29/10/2023,Ath Madrid,Alaves,2,1,H,11,8,7,1,4,4,10,11,3,2,0,0
30/10/2023,Granada,Villarreal,2,3,A,18,6,8,5,4,1,14,15,0,4,0,0
03/11/2023,Las Palmas,Ath Madrid,2,1,H,9,13,3,5,3,4,12,9,0,3,0,0
04/11/2023,Osasuna,Girona,2,4,A,15,11,3,4,2,7,14,10,5,3,0,0
04/11/2023,Betis,Mallorca,2,0,H,22,8,3,1,6,1,13,16,1,4,0,1
04/11/2023,Celta,Sevilla,1,1,D,15,13,3,5,4,6,14,10,2,5,1,0
04/11/2023,Sociedad,Barcelona,0,1,A,13,12,6,4,8,3,16,8,3,3,0,0
05/11/2023,Alaves,Almeria,1,0,H,23,9,3,3,12,6,13,14,2,3,0,0
05/11/2023,Valencia,Granada,1,0,H,11,6,2,1,0,4,20,15,3,5,0,0
05/11/2023,Villarreal,Ath Bilbao,2,3,A,17,17,6,7,9,3,11,18,4,4,0,0
05/11/2023,Real Madrid,Vallecano,0,0,D,22,4,5,0,11,1,12,15,3,5,0,0
06/11/2023,Getafe,Cadiz,1,0,H,13,6,3,2,6,3,18,12,7,1,1,0
10/11/2023,Ath Bilbao,Celta,4,3,H,21,13,12,5,7,2,15,13,2,2,0,0
11/11/2023,Vallecano,Girona,1,2,A,22,19,9,7,8,3,15,13,1,2,0,0
11/11/2023,Almeria,Sociedad,1,3,A,7,18,2,6,5,5,18,19,2,2,0,0
11/11/2023,Granada,Getafe,1,1,D,12,10,6,6,3,5,14,9,4,2,0,0
11/11/2023,Osasuna,Las Palmas,1,1,D,11,6,3,1,8,3,25,10,1,1,0,0
11/11/2023,Real Madrid,Valencia,5,1,H,16,10,7,4,4,4,7,26,1,3,0,0
12/11/2023,Barcelona,Alaves,2,1,H,11,8,6,1,2,1,11,10,2,1,0,0
12/11/2023,Sevilla,Betis,1,1,D,13,14,4,6,9,5,18,14,1,1,0,0
12/11/2023,Ath Madrid,Villarreal,3,1,H,25,11,10,7,6,3,8,8,0,2,0,0
24/11/2023,Alaves,Granada,3,1,H,8,11,5,4,6,2,10,13,1,3,0,0
25/11/2023,Vallecano,Barcelona,1,1,D,10,15,4,4,1,4,23,13,3,4,0,0
25/11/2023,Valencia,Celta,0,0,D,8,13,0,1,5,7,13,7,3,2,0,0
25/11/2023,Getafe,Almeria,2,1,H,18,13,5,4,3,6,12,8,2,4,0,0
25/11/2023,Ath Madrid,Mallorca,1,0,H,20,8,3,1,7,3,8,19,0,0,0,0
26/11/2023,Villarreal,Osasuna,3,1,H,10,15,3,7,2,4,9,14,0,0,0,0
26/11/2023,Sociedad,Sevilla,2,1,H,11,8,8,2,4,4,22,8,2,1,0,2
26/11/2023,Cadiz,Real Madrid,0,3,A,13,14,4,5,4,4,16,16,3,3,0,0
26/11/2023,Betis,Las Palmas,1,0,H,12,15,6,4,7,6,7,12,1,2,0,0
27/11/2023,Girona,Ath Bilbao,1,1,D,12,13,2,6,2,6,8,16,1,1,0,0
29/11/2023,Mallorca,Cadiz,1,1,D,16,6,3,3,7,0,14,18,2,3,0,0
01/12/2023,Las Palmas,Getafe,2,0,H,11,12,6,4,4,4,11,9,0,5,0,1
02/12/2023,Girona,Valencia,2,1,H,9,9,5,3,3,2,6,7,2,3,0,0
02/12/2023,Ath Bilbao,Vallecano,4,0,H,9,11,4,3,7,2,15,11,1,2,0,0
02/12/2023,Real Madrid,Granada,2,0,H,11,1,4,0,6,0,10,12,2,1,0,0
02/12/2023,Osasuna,Sociedad,1,1,D,9,17,3,5,1,8,12,10,3,3,0,0
03/12/2023,Mallorca,Alaves,0,0,D,7,7,3,4,5,4,16,15,4,2,0,0
03/12/2023,Almeria,Betis,0,0,D,20,6,8,2,4,6,12,8,0,3,0,1
03/12/2023,Sevilla,Villarreal,1,1,D,18,5,4,4,8,4,6,16,3,2,0,0
03/12/2023,Barcelona,Ath Madrid,1,0,H,13,9,2,4,7,2,17,12,5,4,0,0
04/12/2023,Celta,Cadiz,1,1,D,26,2,7,1,12,1,14,18,1,6,0,1
08/12/2023,Getafe,Valencia,1,0,H,8,3,6,0,7,0,15,14,2,4,1,2
09/12/2023,Alaves,Las Palmas,0,1,A,19,9,5,2,12,3,13,13,3,4,0,0
09/12/2023,Betis,Real Madrid,1,1,D,14,12,6,2,8,6,14,7,2,1,0,0
09/12/2023,Villarreal,Sociedad,0,3,A,20,16,4,5,5,3,10,22,2,1,0,0
09/12/2023,Mallorca,Sevilla,1,0,H,6,19,3,5,4,12,15,6,2,2,0,0
10/12/2023,Ath Madrid,Almeria,2,1,H,13,19,4,5,3,15,13,11,1,0,0,0
10/12/2023,Cadiz,Osasuna,1,1,D,12,13,5,5,2,4,15,16,1,2,0,0
10/12/2023,Barcelona,Girona,2,4,A,31,15,11,7,8,3,7,10,1,2,0,0
11/12/2023,Granada,Ath Bilbao,1,1,D,7,19,4,4,1,8,9,11,0,2,0,0
11/12/2023,Vallecano,Celta,0,0,D,17,4,4,2,8,1,15,10,3,0,0,0
15/12/2023,Osasuna,Vallecano,1,0,H,10,9,4,3,9,1,20,13,2,3,0,0
16/12/2023,Celta,Granada,1,0,H,11,7,4,2,7,1,20,18,6,2,1,0
16/12/2023,Ath Bilbao,Ath Madrid,2,0,H,16,7,7,3,3,7,7,10,0,1,0,0
16/12/2023,Sevilla,Getafe,0,3,A,12,14,4,7,4,2,18,18,3,3,0,0
16/12/2023,Valencia,Barcelona,1,1,D,11,16,4,8,4,6,9,11,1,2,0,0
17/12/2023,Almeria,Mallorca,0,0,D,7,20,1,2,4,4,12,9,2,1,0,0
17/12/2023,Sociedad,Betis,0,0,D,12,12,4,3,3,7,12,12,3,4,0,0
17/12/2023,Las Palmas,Cadiz,1,1,D,7,13,2,5,4,6,9,12,1,3,0,0
17/12/2023,Real Madrid,Villarreal,4,1,H,22,3,9,1,11,0,14,12,2,3,0,0
18/12/2023,Girona,Alaves,3,0,H,9,12,4,2,3,2,9,7,0,1,0,0
19/12/2023,Vallecano,Valencia,0,1,A,7,8,1,3,8,1,16,18,1,5,0,1
19/12/2023,Ath Madrid,Getafe,3,3,D,8,29,4,9,1,12,7,14,3,3,1,0
19/12/2023,Granada,Sevilla,0,3,A,12,12,3,5,6,4,10,18,2,1,0,0
20/12/2023,Barcelona,Almeria,3,2,H,30,10,11,5,12,0,16,9,3,3,0,0
20/12/2023,Ath Bilbao,Las Palmas,1,0,H,19,5,10,1,5,2,12,11,1,3,0,0
20/12/2023,Villarreal,Celta,3,2,H,12,15,8,5,4,7,16,15,2,4,0,0
21/12/2023,Betis,Girona,1,1,D,21,12,4,4,7,6,6,9,2,2,0,0
21/12/2023,Cadiz,Sociedad,0,0,D,10,8,2,1,7,5,16,15,3,1,0,0
21/12/2023,Alaves,Real Madrid,0,1,A,8,9,2,4,3,3,18,13,3,1,0,1
21/12/2023,Mallorca,Osasuna,3,2,H,15,12,8,7,6,0,11,12,3,1,0,0
23/12/2023,Ath Madrid,Sevilla,1,0,H,12,8,4,2,6,5,12,19,7,3,1,0
02/01/2024,Getafe,Vallecano,0,2,A,5,12,0,8,2,3,16,16,6,3,2,0
02/01/2024,Sociedad,Alaves,1,1,D,16,7,6,2,6,4,9,17,4,4,1,0
02/01/2024,Valencia,Villarreal,3,1,H,11,8,8,4,4,3,12,15,2,5,0,0
03/01/2024,Granada,Cadiz,2,0,H,15,15,8,2,5,6,17,16,3,4,0,1
03/01/2024,Celta,Betis,2,1,H,19,14,6,3,8,7,10,12,0,2,0,0
03/01/2024,Real Madrid,Mallorca,1,0,H,17,7,5,0,5,4,5,15,2,3,0,0
03/01/2024,Girona,Ath Madrid,4,3,H,17,18,9,12,7,8,8,10,0,1,0,0
04/01/2024,Osasuna,Almeria,1,0,H,14,4,2,0,5,4,14,5,1,2,0,0
04/01/2024,Sevilla,Ath Bilbao,0,2,A,11,15,2,6,5,4,9,19,3,1,0,0
04/01/2024,Las Palmas,Barcelona,1,2,A,12,15,3,5,5,10,14,5,5,2,1,0
12/01/2024,Sevilla,Alaves,2,3,A,19,16,4,8,5,4,12,13,4,3,0,0
13/01/2024,Las Palmas,Villarreal,3,0,H,8,17,3,3,4,6,13,11,4,3,0,0
13/01/2024,Mallorca,Celta,1,1,D,17,6,6,2,10,1,18,18,4,1,0,0
13/01/2024,Ath Bilbao,Sociedad,2,1,H,10,9,3,1,5,5,16,21,1,4,0,0
13/01/2024,Betis,Granada,1,0,H,25,6,6,2,13,1,11,17,3,4,0,0
14/01/2024,Almeria,Girona,0,0,D,20,5,3,1,4,3,13,8,4,4,0,1
14/01/2024,Cadiz,Valencia,1,4,A,10,9,2,5,3,1,15,15,4,2,0,0
19/01/2024,Alaves,Cadiz,1,0,H,13,9,3,1,4,4,15,18,0,4,0,0
20/01/2024,Vallecano,Las Palmas,0,2,A,16,10,3,5,12,0,19,8,3,1,1,0
20/01/2024,Villarreal,Mallorca,1,1,D,18,8,5,2,4,6,13,11,2,2,1,0
20/01/2024,Valencia,Ath Bilbao,1,0,H,6,6,1,3,4,2,11,14,0,3,0,0
20/01/2024,Celta,Sociedad,0,1,A,6,6,2,2,6,3,12,18,1,2,0,0
21/01/2024,Osasuna,Getafe,3,2,H,13,10,7,7,1,4,14,16,4,4,0,0
21/01/2024,Real Madrid,Almeria,3,2,H,18,10,6,2,6,3,9,17,3,5,0,0
21/01/2024,Betis,Barcelona,2,4,A,14,11,5,4,3,4,12,9,1,2,0,0
21/01/2024,Girona,Sevilla,5,1,H,12,9,8,3,4,5,9,11,0,2,0,0
22/01/2024,Granada,Ath Madrid,0,1,A,17,10,2,5,6,2,11,16,2,2,1,0
26/01/2024,Almeria,Alaves,0,3,A,19,11,7,3,11,3,17,12,1,2,0,0
27/01/2024,Sociedad,Vallecano,0,0,D,6,5,3,0,2,2,16,14,2,4,0,0
27/01/2024,Las Palmas,Real Madrid,1,2,A,7,13,2,5,1,6,17,14,3,3,0,0
27/01/2024,Barcelona,Villarreal,3,5,A,22,9,10,6,10,0,8,13,3,4,0,0
27/01/2024,Mallorca,Betis,0,1,A,14,8,1,2,5,4,14,6,2,1,0,0
28/01/2024,Celta,Girona,0,1,A,10,15,5,6,5,7,13,11,1,1,0,0
28/01/2024,Cadiz,Ath Bilbao,0,0,D,9,8,2,0,6,8,13,14,4,2,0,0
28/01/2024,Sevilla,Osasuna,1,1,D,10,11,5,4,2,4,19,13,3,0,1,0
28/01/2024,Ath Madrid,Valencia,2,0,H,12,10,8,3,3,6,9,9,2,0,0,0
29/01/2024,Getafe,Granada,2,0,H,7,16,4,3,4,3,17,11,2,1,0,0
31/01/2024,Barcelona,Osasuna,1,0,H,16,9,4,1,6,6,9,12,1,2,0,1
31/01/2024,Ath Madrid,Vallecano,2,1,H,8,10,3,2,5,6,11,13,0,3,0,0
01/02/2024,Getafe,Real Madrid,0,2,A,10,16,2,9,2,6,16,5,1,2,0,0
02/02/2024,Ath Bilbao,Mallorca,4,0,H,13,6,6,2,6,2,17,15,0,1,0,0
03/02/2024,Valencia,Almeria,2,1,H,7,15,2,5,0,6,17,16,4,5,0,0
03/02/2024,Granada,Las Palmas,1,1,D,3,16,1,6,2,9,6,16,4,3,1,1
03/02/2024,Alaves,Barcelona,1,3,A,13,8,2,5,14,5,15,10,2,2,0,1
03/02/2024,Girona,Sociedad,0,0,D,11,11,3,2,3,4,8,19,2,3,0,0
04/02/2024,Villarreal,Cadiz,0,0,D,19,8,4,2,13,2,14,14,3,1,0,0
04/02/2024,Osasuna,Celta,0,3,A,18,6,1,5,9,1,10,10,2,0,0,0
04/02/2024,Betis,Getafe,1,1,D,9,11,3,2,3,5,9,19,7,4,0,0
04/02/2024,Real Madrid,Ath Madrid,1,1,D,17,10,4,5,2,8,6,15,0,5,0,0
05/02/2024,Vallecano,Sevilla,1,2,A,22,10,5,6,6,0,8,10,2,2,0,0
09/02/2024,Cadiz,Betis,0,2,A,14,13,5,5,5,3,12,10,1,1,0,0
10/02/2024,Alaves,Villarreal,1,1,D,17,12,4,4,10,9,7,11,0,2,0,0
10/02/2024,Sociedad,Osasuna,0,1,A,21,9,3,2,7,4,11,11,0,0,0,0
10/02/2024,Real Madrid,Girona,4,0,H,16,5,6,0,0,2,9,12,1,2,0,0
10/02/2024,Las Palmas,Valencia,2,0,H,8,7,3,1,5,0,9,9,2,0,0,0
11/02/2024,Getafe,Celta,3,2,H,11,9,4,4,0,4,16,13,1,2,0,0
11/02/2024,Mallorca,Vallecano,2,1,H,8,11,5,4,5,1,17,11,4,0,0,0
11/02/2024,Sevilla,Ath Madrid,1,0,H,10,16,6,5,2,7,8,5,2,1,0,0
11/02/2024,Barcelona,Granada,3,3,D,11,11,6,5,6,2,13,9,1,2,0,0
12/02/2024,Almeria,Ath Bilbao,0,0,D,10,12,4,4,4,10,17,15,4,1,1,0
16/02/2024,Villarreal,Getafe,1,1,D,20,11,7,2,8,3,13,13,0,1,0,0
17/02/2024,Ath Madrid,Las Palmas,5,0,H,13,11,7,2,3,5,19,9,2,2,0,0
17/02/2024,Osasuna,Cadiz,2,0,H,11,5,4,1,5,4,20,12,4,2,0,0
17/02/2024,Celta,Barcelona,1,2,A,13,14,4,4,2,5,11,13,2,4,0,0
17/02/2024,Valencia,Sevilla,0,0,D,14,1,4,1,7,2,5,8,0,1,0,0
18/02/2024,Vallecano,Real Madrid,1,1,D,8,11,3,4,4,10,17,7,4,3,0,1
18/02/2024,Granada,Almeria,1,1,D,19,13,7,3,10,4,13,22,2,3,0,0
18/02/2024,Mallorca,Sociedad,1,2,A,4,19,1,5,3,9,12,18,7,5,1,0
18/02/2024,Betis,Alaves,0,0,D,13,13,2,4,6,8,13,9,5,2,0,0
19/02/2024,Ath Bilbao,Girona,3,2,H,14,12,7,6,3,4,16,13,1,2,0,0
23/02/2024,Sociedad,Villarreal,1,3,A,21,6,8,4,13,2,15,14,3,4,0,0
24/02/2024,Barcelona,Getafe,4,0,H,17,10,9,4,5,8,12,18,1,4,0,0
24/02/2024,Alaves,Mallorca,1,1,D,9,15,1,8,3,3,7,15,0,2,0,0
24/02/2024,Almeria,Ath Madrid,2,2,D,9,18,4,9,2,7,13,12,1,1,0,0
25/02/2024,Cadiz,Celta,2,2,D,19,7,6,3,9,1,13,20,2,3,0,0
25/02/2024,Betis,Ath Bilbao,3,1,H,13,3,5,1,5,3,14,12,1,6,0,1
25/02/2024,Las Palmas,Osasuna,1,1,D,9,6,3,2,6,7,6,15,2,1,0,0
25/02/2024,Real Madrid,Sevilla,1,0,H,16,4,6,1,7,2,10,13,1,3,0,0
26/02/2024,Girona,Vallecano,3,0,H,14,7,8,1,2,2,13,16,3,5,0,1
01/03/2024,Celta,Almeria,1,0,H,15,3,6,0,7,0,8,14,1,2,0,1
02/03/2024,Sevilla,Sociedad,3,2,H,12,13,5,4,2,5,12,15,1,2,0,0
02/03/2024,Vallecano,Cadiz,1,1,D,9,16,5,5,4,9,14,17,1,1,0,0
02/03/2024,Getafe,Las Palmas,3,3,D,16,14,5,5,4,4,28,9,4,1,0,0
02/03/2024,Valencia,Real Madrid,2,2,D,12,10,5,5,2,2,18,11,2,3,0,1
03/03/2024,Villarreal,Granada,5,1,H,16,9,10,3,6,4,12,15,1,2,0,0
03/03/2024,Ath Madrid,Betis,2,1,H,17,12,12,6,4,6,9,12,1,2,0,0
03/03/2024,Mallorca,Girona,1,0,H,16,15,2,4,8,5,19,9,5,0,0,0
03/03/2024,Ath Bilbao,Barcelona,0,0,D,8,8,2,2,4,4,14,11,3,3,0,0
04/03/2024,Osasuna,Alaves,1,0,H,15,10,4,4,5,5,15,11,2,1,0,0
08/03/2024,Barcelona,Mallorca,1,0,H,20,9,6,3,4,1,9,14,1,1,0,0
09/03/2024,Valencia,Getafe,1,0,H,10,15,3,5,5,5,10,19,2,3,0,0
09/03/2024,Cadiz,Ath Madrid,2,0,H,7,8,3,4,3,1,20,15,4,5,0,0
09/03/2024,Granada,Sociedad,2,3,A,13,11,6,8,4,6,17,11,1,2,0,0
09/03/2024,Girona,Osasuna,2,0,H,11,7,6,1,5,7,10,16,3,3,0,0
10/03/2024,Alaves,Vallecano,1,0,H,12,9,4,3,7,5,13,10,2,2,0,0
10/03/2024,Las Palmas,Ath Bilbao,0,2,A,14,7,2,2,10,3,8,14,3,3,0,0
10/03/2024,Real Madrid,Celta,4,0,H,24,11,13,1,12,1,8,13,2,3,0,0
10/03/2024,Betis,Villarreal,2,3,A,13,6,4,4,11,4,12,17,3,4,1,1
11/03/2024,Almeria,Sevilla,2,2,D,14,19,4,6,1,8,6,11,2,2,0,0
15/03/2024,Sociedad,Cadiz,2,0,H,14,13,6,2,8,2,15,6,3,1,0,0
16/03/2024,Mallorca,Granada,1,0,H,18,8,8,3,10,2,17,9,2,0,0,0
16/03/2024,Osasuna,Real Madrid,2,4,A,9,17,4,9,5,7,18,9,3,2,0,0
16/03/2024,Getafe,Girona,1,0,H,11,13,3,3,2,5,16,13,4,4,0,0
16/03/2024,Ath Bilbao,Alaves,2,0,H,16,7,4,3,5,4,7,13,1,3,0,0
17/03/2024,Sevilla,Celta,1,2,A,11,18,4,5,3,8,13,6,4,0,0,0
17/03/2024,Las Palmas,Almeria,0,1,A,21,3,6,2,11,3,8,17,2,2,0,0
17/03/2024,Villarreal,Valencia,1,0,H,13,14,7,7,6,2,12,12,5,1,0,0
17/03/2024,Vallecano,Betis,2,0,H,8,11,4,1,4,8,22,16,4,4,0,0
17/03/2024,Ath Madrid,Barcelona,0,3,A,12,9,3,5,7,3,15,9,3,1,1,0
29/03/2024,Cadiz,Granada,1,0,H,13,10,5,2,5,2,17,14,2,4,0,0
30/03/2024,Getafe,Sevilla,0,1,A,18,10,5,3,7,3,11,15,4,5,0,0
30/03/2024,Almeria,Osasuna,0,3,A,12,6,5,4,6,1,12,14,3,2,0,0
30/03/2024,Valencia,Mallorca,0,0,D,14,11,5,3,3,3,8,11,0,2,0,0
30/03/2024,Barcelona,Las Palmas,1,0,H,14,8,2,0,6,1,11,9,5,1,0,1
31/03/2024,Celta,Vallecano,0,0,D,13,8,0,2,3,2,12,16,3,3,0,0
31/03/2024,Girona,Betis,3,2,H,9,7,5,4,5,4,13,14,3,4,0,0
31/03/2024,Alaves,Sociedad,0,1,A,3,12,0,3,3,8,10,15,2,2,0,0
31/03/2024,Real Madrid,Ath Bilbao,2,0,H,9,7,4,3,4,7,9,13,2,1,0,0
01/04/2024,Villarreal,Ath Madrid,1,2,A,11,14,2,8,3,3,14,22,3,3,0,0
04/04/2024,Granada,Valencia,0,1,A,13,6,3,2,5,4,20,15,3,1,0,0
12/04/2024,Betis,Celta,2,1,H,15,12,3,5,6,5,7,10,1,0,0,0
13/04/2024,Ath Madrid,Girona,3,1,H,17,12,4,5,2,0,18,12,3,2,0,0
13/04/2024,Vallecano,Getafe,0,0,D,11,7,2,0,3,0,17,19,4,6,0,0
13/04/2024,Mallorca,Real Madrid,0,1,A,6,16,2,9,4,2,18,7,2,1,0,0
13/04/2024,Cadiz,Barcelona,0,1,A,14,12,3,2,8,4,17,15,3,3,0,0
14/04/2024,Las Palmas,Sevilla,0,2,A,5,10,2,3,6,2,8,13,3,3,1,0
14/04/2024,Granada,Alaves,2,0,H,9,8,3,3,1,5,16,11,3,2,0,0
14/04/2024,Ath Bilbao,Villarreal,1,1,D,13,10,6,2,3,1,13,12,3,3,0,1
14/04/2024,Sociedad,Almeria,2,2,D,17,7,4,3,5,1,16,8,2,2,1,0
15/04/2024,Osasuna,Valencia,0,1,A,13,4,2,3,4,1,10,10,0,2,0,0
19/04/2024,Ath Bilbao,Granada,1,1,D,17,5,6,0,11,4,11,15,4,2,0,0
20/04/2024,Celta,Las Palmas,4,1,H,21,9,13,4,8,4,10,9,1,0,0,0
20/04/2024,Vallecano,Osasuna,2,1,H,17,6,6,2,5,1,9,15,4,1,0,0
20/04/2024,Valencia,Betis,1,2,A,8,12,5,6,7,6,18,10,2,3,0,0
20/04/2024,Girona,Cadiz,4,1,H,10,12,5,5,2,4,11,14,1,2,0,0
21/04/2024,Getafe,Sociedad,1,1,D,6,7,4,3,0,4,12,18,0,2,0,0
21/04/2024,Almeria,Villarreal,1,2,A,24,11,5,3,5,2,10,16,3,4,1,0
21/04/2024,Alaves,Ath Madrid,2,0,H,8,15,3,4,1,11,20,12,5,3,0,0
21/04/2024,Real Madrid,Barcelona,3,2,H,14,14,8,6,2,8,11,12,3,2,0,0
22/04/2024,Sevilla,Mallorca,2,1,H,11,8,4,6,4,4,10,8,0,2,0,0
26/04/2024,Sociedad,Real Madrid,0,1,A,9,5,3,3,11,3,13,11,3,4,0,0
27/04/2024,Las Palmas,Girona,0,2,A,10,6,5,3,4,2,12,10,1,3,0,0
27/04/2024,Almeria,Getafe,1,3,A,21,8,11,5,9,2,15,31,5,4,1,0
27/04/2024,Alaves,Celta,3,0,H,16,4,8,0,8,3,10,9,3,3,0,0
27/04/2024,Ath Madrid,Ath Bilbao,3,1,H,8,7,3,1,3,5,16,15,3,2,0,0
28/04/2024,Cadiz,Mallorca,1,1,D,10,9,2,2,3,1,14,21,3,2,0,0
28/04/2024,Granada,Osasuna,3,0,H,12,11,4,2,0,6,17,5,4,0,0,0
28/04/2024,Villarreal,Vallecano,3,0,H,15,20,7,4,3,6,15,8,2,1,0,0
28/04/2024,Betis,Sevilla,1,1,D,15,10,5,1,4,6,9,20,3,5,0,0
29/04/2024,Barcelona,Valencia,4,2,H,27,5,13,3,15,1,12,5,1,0,0,1
03/05/2024,Getafe,Ath Bilbao,0,2,A,34,7,9,2,10,6,6,9,0,2,0,2
04/05/2024,Sociedad,Las Palmas,2,0,H,9,7,4,1,7,2,12,11,2,1,0,0
04/05/2024,Real Madrid,Cadiz,3,0,H,19,7,9,2,7,4,6,12,0,1,0,0
04/05/2024,Girona,Barcelona,4,2,H,9,16,7,7,5,4,11,8,0,3,0,0
04/05/2024,Mallorca,Ath Madrid,0,1,A,7,9,4,4,6,2,12,7,2,0,0,0
05/05/2024,Osasuna,Betis,0,2,A,12,10,2,4,8,5,13,13,2,2,1,0
05/05/2024,Celta,Villarreal,3,2,H,23,11,7,3,2,1,11,5,4,0,0,1
05/05/2024,Valencia,Alaves,0,1,A,13,14,1,4,5,7,9,17,1,3,0,0
05/05/2024,Sevilla,Granada,3,0,H,11,8,5,3,5,4,15,13,2,2,0,0
05/05/2024,Vallecano,Almeria,0,1,A,27,7,10,2,9,2,17,15,3,2,0,0
10/05/2024,Alaves,Girona,2,2,D,14,15,8,5,5,3,13,6,3,2,0,0
11/05/2024,Mallorca,Las Palmas,1,0,H,7,7,2,1,2,2,18,10,6,2,0,0
11/05/2024,Villarreal,Sevilla,3,2,H,25,8,7,4,10,1,12,14,3,5,0,0
11/05/2024,Granada,Real Madrid,0,4,A,12,13,1,7,8,5,11,10,2,0,0,0
11/05/2024,Ath Bilbao,Osasuna,2,2,D,15,13,6,3,8,6,9,14,2,4,0,0
12/05/2024,Cadiz,Getafe,1,0,H,13,10,6,4,6,2,23,16,5,2,0,0
12/05/2024,Ath Madrid,Celta,1,0,H,21,6,8,2,4,7,7,9,1,1,0,0
12/05/2024,Valencia,Vallecano,0,0,D,13,12,5,1,6,3,14,21,1,2,0,0
12/05/2024,Betis,Almeria,3,2,H,14,14,7,7,3,5,9,10,0,2,0,0
13/05/2024,Barcelona,Sociedad,2,0,H,14,10,5,3,6,2,12,14,2,3,0,0
14/05/2024,Osasuna,Mallorca,1,1,D,10,10,4,4,2,4,12,11,0,1,0,0
14/05/2024,Real Madrid,Alaves,5,0,H,22,18,11,10,4,1,6,12,1,1,0,0
14/05/2024,Girona,Villarreal,0,1,A,22,11,5,3,5,1,3,14,1,5,0,1
15/05/2024,Sevilla,Cadiz,0,1,A,14,19,3,7,1,9,13,11,6,2,0,0
15/05/2024,Vallecano,Granada,2,1,H,18,10,9,1,6,6,12,17,4,3,1,0
15/05/2024,Celta,Ath Bilbao,2,1,H,10,7,4,2,2,3,15,14,2,0,0,0
15/05/2024,Getafe,Ath Madrid,0,3,A,8,7,3,3,6,3,17,7,4,3,0,0
16/05/2024,Las Palmas,Betis,2,2,D,16,6,9,4,4,8,9,12,2,1,0,0
16/05/2024,Almeria,Barcelona,0,2,A,12,16,3,7,4,7,9,11,0,1,0,0
16/05/2024,Sociedad,Valencia,1,0,H,10,7,5,3,3,3,11,13,0,2,0,0
18/05/2024,Alaves,Getafe,1,0,H,9,10,2,4,2,1,13,27,5,7,0,1
19/05/2024,Ath Bilbao,Sevilla,2,0,H,15,9,6,4,8,3,12,5,1,1,0,0
19/05/2024,Ath Madrid,Osasuna,1,4,A,15,15,2,6,7,5,12,9,2,2,0,0
19/05/2024,Barcelona,Vallecano,3,0,H,14,15,6,4,7,5,10,7,4,2,0,0
19/05/2024,Betis,Sociedad,0,2,A,18,5,9,2,6,2,12,18,3,4,0,0
19/05/2024,Cadiz,Las Palmas,0,0,D,10,9,3,1,5,3,13,12,3,1,1,0
19/05/2024,Granada,Celta,1,2,A,11,8,3,5,10,2,15,12,2,1,0,0
19/05/2024,Mallorca,Almeria,2,2,D,29,7,8,3,12,2,9,9,2,3,0,0
19/05/2024,Valencia,Girona,1,3,A,20,18,6,5,5,4,10,8,2,0,0,0
19/05/2024,Villarreal,Real Madrid,4,4,D,21,12,7,6,3,3,15,12,3,2,0,0
24/05/2024,Girona,Granada,7,0,H,16,10,9,2,4,2,6,13,3,5,0,1
25/05/2024,Osasuna,Villarreal,1,1,D,12,11,6,3,6,4,13,6,4,3,0,0
25/05/2024,Sociedad,Ath Madrid,0,2,A,14,10,4,4,8,4,19,15,3,5,0,1
25/05/2024,Almeria,Cadiz,6,1,H,27,12,12,4,1,4,4,9,2,2,0,0
25/05/2024,Vallecano,Ath Bilbao,0,1,A,17,7,4,1,8,2,6,13,1,1,0,0
25/05/2024,Real Madrid,Betis,0,0,D,13,11,5,3,4,5,8,11,2,1,0,0
26/05/2024,Getafe,Mallorca,1,2,A,16,9,6,4,3,4,12,10,0,2,0,0
26/05/2024,Celta,Valencia,2,2,D,9,12,4,1,2,2,17,18,0,0,0,0
26/05/2024,Las Palmas,Alaves,1,1,D,10,14,4,4,2,6,16,10,2,1,0,0
26/05/2024,Sevilla,Barcelona,1,2,A,15,11,6,6,6,5,11,9,2,1,0,0
15/08/2024,Ath Bilbao,Getafe,1,1,D,7,9,4,2,5,6,15,12,4,1,0,0
15/08/2024,Betis,Girona,1,1,D,19,13,4,2,4,4,11,7,2,0,0,0
16/08/2024,Celta,Alaves,2,1,H,6,10,4,2,3,3,8,23,3,2,0,0
16/08/2024,Las Palmas,Sevilla,2,2,D,13,16,5,5,6,3,12,13,0,0,0,0
17/08/2024,Osasuna,Leganes,1,1,D,16,10,5,4,6,4,14,12,3,2,0,0
17/08/2024,Valencia,Barcelona,1,2,A,6,18,1,8,3,8,11,13,2,3,0,0
18/08/2024,Sociedad,Vallecano,1,2,A,11,12,5,5,10,5,14,21,2,4,0,0
18/08/2024,Mallorca,Real Madrid,1,1,D,12,13,5,4,8,7,11,6,1,0,0,1
19/08/2024,Valladolid,Espanol,1,0,H,12,10,3,2,3,2,15,8,2,2,0,0
19/08/2024,Villarreal,Ath Madrid,2,2,D,8,10,3,5,2,3,6,10,1,3,0,0
23/08/2024,Celta,Valencia,3,1,H,7,13,5,5,4,7,9,11,3,0,0,0
23/08/2024,Sevilla,Villarreal,1,2,A,15,6,9,5,7,2,15,7,3,5,0,0
24/08/2024,Osasuna,Mallorca,1,0,H,15,11,5,2,5,4,10,8,2,1,0,0
24/08/2024,Barcelona,Ath Bilbao,2,1,H,13,9,5,2,5,6,11,16,4,5,0,0
24/08/2024,Espanol,Sociedad,0,1,A,13,8,3,4,7,4,14,18,2,2,0,0
24/08/2024,Getafe,Vallecano,0,0,D,12,3,0,1,3,2,16,18,1,2,0,0
25/08/2024,Real Madrid,Valladolid,3,0,H,17,8,9,2,5,5,10,15,1,1,0,0
25/08/2024,Leganes,Las Palmas,2,1,H,10,10,5,5,3,7,11,10,1,1,0,0
25/08/2024,Alaves,Betis,0,0,D,3,13,1,3,3,8,16,13,1,4,1,0
25/08/2024,Ath Madrid,Girona,3,0,H,11,13,6,5,1,9,11,10,1,3,0,0
26/08/2024,Villarreal,Celta,4,3,H,22,18,9,8,7,4,8,6,4,3,0,0
27/08/2024,Mallorca,Sevilla,0,0,D,12,16,4,7,5,9,15,10,0,1,0,1
27/08/2024,Vallecano,Barcelona,1,2,A,8,22,4,5,6,6,17,11,3,1,0,0
28/08/2024,Ath Bilbao,Valencia,1,0,H,13,2,4,0,5,3,14,9,1,3,0,0
28/08/2024,Valladolid,Leganes,0,0,D,12,8,2,1,4,4,13,19,1,5,0,0
28/08/2024,Ath Madrid,Espanol,0,0,D,24,8,7,1,9,3,6,9,0,2,0,0
28/08/2024,Sociedad,Alaves,1,2,A,8,12,1,5,8,6,16,12,4,4,1,0
29/08/2024,Girona,Osasuna,4,0,H,10,1,5,0,5,0,10,9,0,0,0,0
29/08/2024,Las Palmas,Real Madrid,1,1,D,7,25,3,8,2,6,16,13,0,2,0,0
31/08/2024,Barcelona,Valladolid,7,0,H,23,5,10,2,10,1,6,12,0,3,0,0
31/08/2024,Ath Bilbao,Ath Madrid,0,1,A,8,9,1,2,2,2,13,9,3,1,0,0
31/08/2024,Espanol,Vallecano,2,1,H,10,17,5,5,3,7,14,16,3,2,0,0
31/08/2024,Leganes,Mallorca,0,1,A,4,12,2,3,1,3,11,17,1,3,0,0
31/08/2024,Valencia,Villarreal,1,1,D,22,9,6,3,14,3,15,11,3,5,0,1
01/09/2024,Alaves,Las Palmas,2,0,H,15,12,5,7,6,5,13,9,3,0,0,0
01/09/2024,Osasuna,Celta,3,2,H,10,12,4,3,6,3,19,10,2,0,0,1
01/09/2024,Sevilla,Girona,0,2,A,16,11,5,4,7,5,6,14,3,2,0,0
01/09/2024,Getafe,Sociedad,0,0,D,16,1,1,0,4,1,14,16,1,1,0,0
01/09/2024,Real Madrid,Betis,2,0,H,20,12,8,2,7,3,8,16,2,0,0,0
13/09/2024,Betis,Leganes,2,0,H,14,3,5,0,11,1,11,18,1,2,0,0
14/09/2024,Mallorca,Villarreal,1,2,A,10,21,5,4,7,6,11,10,3,3,1,0
14/09/2024,Espanol,Alaves,3,2,H,9,19,4,6,0,5,17,14,2,3,0,0
14/09/2024,Sevilla,Getafe,1,0,H,10,15,4,4,3,4,19,15,3,4,1,0
14/09/2024,Sociedad,Real Madrid,0,2,A,11,16,2,7,6,6,12,9,4,1,0,0
15/09/2024,Celta,Valladolid,3,1,H,14,6,7,1,5,3,14,15,3,5,0,1
15/09/2024,Girona,Barcelona,1,4,A,9,20,4,9,1,6,13,4,3,2,0,1
15/09/2024,Las Palmas,Ath Bilbao,2,3,A,15,9,6,4,9,3,8,12,1,2,0,1
15/09/2024,Ath Madrid,Valencia,3,0,H,14,5,5,1,7,3,10,8,1,2,0,0
16/09/2024,Vallecano,Osasuna,3,1,H,17,5,6,2,7,4,12,15,3,2,0,0
17/09/2024,Mallorca,Sociedad,1,0,H,10,13,4,4,5,5,5,10,1,1,0,0
18/09/2024,Betis,Getafe,2,1,H,18,15,8,5,8,4,10,20,3,5,0,0
19/09/2024,Leganes,Ath Bilbao,0,2,A,14,10,3,4,4,7,12,11,3,0,0,0
20/09/2024,Alaves,Sevilla,2,1,H,10,8,4,2,3,5,11,16,1,4,0,0
21/09/2024,Valladolid,Sociedad,0,0,D,15,14,2,4,5,7,15,12,4,4,0,0
21/09/2024,Osasuna,Las Palmas,2,1,H,13,11,2,4,2,4,14,11,2,5,0,0
21/09/2024,Valencia,Girona,2,0,H,7,8,2,3,5,4,13,10,3,2,0,0
21/09/2024,Real Madrid,Espanol,4,1,H,31,10,14,2,9,4,7,5,4,3,0,0
22/09/2024,Getafe,Leganes,1,1,D,12,6,3,3,6,2,16,17,3,2,0,0
22/09/2024,Ath Bilbao,Celta,3,1,H,10,11,7,4,3,6,16,11,3,2,0,0
22/09/2024,Villarreal,Barcelona,1,5,A,13,17,4,10,7,3,12,12,6,1,0,0
22/09/2024,Vallecano,Ath Madrid,1,1,D,15,10,3,5,3,4,9,12,0,0,0,0
23/09/2024,Betis,Mallorca,1,2,A,14,6,6,6,6,3,12,12,3,2,0,0
24/09/2024,Sevilla,Valladolid,2,1,H,22,8,5,2,6,4,14,12,5,4,1,0
24/09/2024,Valencia,Osasuna,0,0,D,10,9,2,2,10,5,6,11,2,3,0,0
24/09/2024,Real Madrid,Alaves,3,2,H,10,12,4,3,4,4,7,10,4,0,0,0
25/09/2024,Girona,Vallecano,0,0,D,11,2,0,0,4,3,8,16,3,4,0,0
25/09/2024,Barcelona,Getafe,1,0,H,16,7,4,1,7,5,4,14,1,1,0,0
26/09/2024,Espanol,Villarreal,1,2,A,11,15,2,4,4,1,12,14,5,3,0,0
26/09/2024,Las Palmas,Betis,1,1,D,8,14,2,5,1,4,21,10,4,2,0,0
26/09/2024,Celta,Ath Madrid,0,1,A,9,7,4,2,2,3,10,7,2,2,0,0
27/09/2024,Valladolid,Mallorca,1,2,A,11,14,1,6,7,4,15,9,3,2,0,0
28/09/2024,Getafe,Alaves,2,0,H,14,9,8,1,2,2,17,24,3,6,0,0
28/09/2024,Vallecano,Leganes,1,1,D,15,13,6,3,5,5,12,7,2,1,0,0
28/09/2024,Sociedad,Valencia,3,0,H,11,9,6,4,6,4,7,12,0,0,0,0
28/09/2024,Osasuna,Barcelona,4,2,H,11,12,6,5,5,8,13,3,2,2,0,0
29/09/2024,Celta,Girona,1,1,D,12,9,2,4,4,4,9,14,1,0,0,0
29/09/2024,Ath Bilbao,Sevilla,1,1,D,13,13,3,4,4,7,6,7,0,3,1,0
29/09/2024,Betis,Espanol,1,0,H,20,8,12,1,8,4,14,20,2,4,0,0
29/09/2024,Ath Madrid,Real Madrid,1,1,D,12,12,4,4,5,5,11,11,3,1,1,0
30/09/2024,Villarreal,Las Palmas,3,1,H,17,7,7,3,3,2,14,10,0,3,0,0
04/10/2024,Leganes,Valencia,0,0,D,8,6,0,1,1,2,15,14,2,2,0,0
05/10/2024,Espanol,Mallorca,2,1,H,8,11,3,4,4,6,14,19,1,5,0,0
05/10/2024,Getafe,Osasuna,1,1,D,11,6,3,2,4,2,17,10,2,4,0,0
05/10/2024,Las Palmas,Celta,0,1,A,24,8,5,1,11,2,9,13,3,8,0,2
05/10/2024,Valladolid,Vallecano,1,2,A,13,17,5,3,5,13,13,18,4,2,0,0
05/10/2024,Real Madrid,Villarreal,2,0,H,11,10,2,1,2,5,7,11,0,1,0,0
06/10/2024,Girona,Ath Bilbao,2,1,H,14,13,6,4,6,1,12,13,4,3,0,1
06/10/2024,Alaves,Barcelona,0,3,A,11,14,2,8,11,3,13,8,2,2,0,0
06/10/2024,Sevilla,Betis,1,0,H,14,11,5,3,4,1,15,15,6,3,1,0
06/10/2024,Sociedad,Ath Madrid,1,1,D,16,4,8,1,5,1,10,9,0,2,0,0
18/10/2024,Alaves,Valladolid,2,3,A,10,12,4,4,5,6,15,14,6,2,1,0
19/10/2024,Ath Bilbao,Espanol,4,1,H,10,5,6,2,5,5,15,22,2,3,0,0
19/10/2024,Osasuna,Betis,1,2,A,19,11,6,7,10,2,12,8,2,1,0,1
19/10/2024,Girona,Sociedad,0,1,A,8,14,3,4,6,6,10,12,2,1,0,0
19/10/2024,Celta,Real Madrid,1,2,A,13,10,5,3,6,2,16,13,2,1,0,0
20/10/2024,Mallorca,Vallecano,1,0,H,19,10,5,2,9,2,9,13,1,1,0,0
20/10/2024,Ath Madrid,Leganes,3,1,H,24,5,9,2,8,2,14,8,5,1,0,0
20/10/2024,Villarreal,Getafe,1,1,D,10,21,4,4,5,5,18,21,4,3,0,0
20/10/2024,Barcelona,Sevilla,5,1,H,21,7,9,1,5,5,6,14,1,2,0,0
21/10/2024,Valencia,Las Palmas,2,3,A,14,11,7,6,11,2,12,12,4,9,1,0
25/10/2024,Espanol,Sevilla,0,2,A,16,6,1,3,13,2,14,9,2,0,0,0
26/10/2024,Valladolid,Villarreal,1,2,A,7,21,3,9,4,6,16,13,4,3,0,0
26/10/2024,Vallecano,Alaves,1,0,H,16,15,4,7,6,2,8,14,2,4,1,0
26/10/2024,Las Palmas,Girona,1,0,H,12,8,3,3,3,5,12,14,4,5,0,1
26/10/2024,Real Madrid,Barcelona,0,4,A,9,15,4,7,10,3,15,17,2,5,0,0
27/10/2024,Leganes,Celta,3,0,H,7,18,4,5,4,2,15,17,2,2,0,0
27/10/2024,Getafe,Valencia,1,1,D,15,2,4,1,8,2,20,20,3,7,0,0
27/10/2024,Betis,Ath Madrid,1,0,H,24,10,3,3,3,10,8,4,3,2,0,0
27/10/2024,Sociedad,Osasuna,0,2,A,19,10,9,4,14,4,7,14,3,4,0,0
28/10/2024,Mallorca,Ath Bilbao,0,0,D,4,20,1,1,1,14,9,12,5,1,1,0
01/11/2024,Alaves,Mallorca,1,0,H,13,7,3,2,7,2,19,12,3,2,0,0
02/11/2024,Osasuna,Valladolid,1,0,H,20,7,4,4,7,2,21,12,1,5,0,0
02/11/2024,Girona,Leganes,4,3,H,15,8,6,5,6,1,17,15,2,4,0,0
03/11/2024,Ath Madrid,Las Palmas,2,0,H,15,1,3,1,9,1,13,13,1,1,0,0
03/11/2024,Barcelona,Espanol,3,1,H,14,10,9,3,9,5,13,14,0,3,0,0
03/11/2024,Sevilla,Sociedad,0,2,A,8,9,0,3,5,9,6,17,2,1,0,0
03/11/2024,Ath Bilbao,Betis,1,1,D,17,7,8,4,6,2,9,8,0,0,0,0
04/11/2024,Celta,Getafe,1,0,H,10,10,3,2,0,2,12,11,1,4,0,1
08/11/2024,Vallecano,Las Palmas,1,3,A,35,11,7,3,12,4,9,13,1,3,0,0
09/11/2024,Real Madrid,Osasuna,4,0,H,18,2,8,0,11,3,9,16,0,2,0,0
09/11/2024,Villarreal,Alaves,3,0,H,13,9,3,3,7,2,17,21,1,3,0,0
09/11/2024,Leganes,Sevilla,1,0,H,8,13,4,2,0,6,7,10,2,1,0,1
10/11/2024,Betis,Celta,2,2,D,19,3,6,2,2,0,12,8,3,0,0,0
10/11/2024,Mallorca,Ath Madrid,0,1,A,12,9,6,2,7,2,10,16,1,3,0,0
10/11/2024,Getafe,Girona,0,1,A,8,3,0,2,5,2,25,16,3,3,0,0
10/11/2024,Valladolid,Ath Bilbao,1,1,D,6,17,3,1,5,5,12,12,4,4,0,0
10/11/2024,Sociedad,Barcelona,1,0,H,14,11,6,0,7,6,17,6,3,1,0,0
22/11/2024,Getafe,Valladolid,2,0,H,12,6,5,3,3,2,15,15,3,2,0,0
23/11/2024,Valencia,Betis,4,2,H,11,7,5,3,2,4,10,16,4,2,0,0
23/11/2024,Ath Madrid,Alaves,2,1,H,11,4,8,1,5,0,18,19,3,3,0,0
23/11/2024,Girona,Espanol,4,1,H,12,9,5,1,6,3,4,19,0,3,0,0
23/11/2024,Las Palmas,Mallorca,2,3,A,14,10,3,3,4,3,10,18,4,2,0,1
23/11/2024,Celta,Barcelona,2,2,D,15,9,8,4,5,1,13,9,5,5,0,1
24/11/2024,Osasuna,Villarreal,2,2,D,4,17,3,7,0,8,12,13,6,5,0,0
24/11/2024,Sevilla,Vallecano,1,0,H,11,9,3,1,8,3,14,14,2,5,0,1
24/11/2024,Leganes,Real Madrid,0,3,A,4,16,0,9,2,4,17,11,2,0,0,0
24/11/2024,Ath Bilbao,Sociedad,1,0,H,12,6,4,1,4,4,18,9,3,4,0,0
29/11/2024,Mallorca,Valencia,2,1,H,9,7,3,1,3,6,9,14,0,0,0,0
30/11/2024,Barcelona,Las Palmas,1,2,A,27,5,8,3,7,0,7,11,0,0,0,0
30/11/2024,Alaves,Leganes,1,1,D,18,6,7,3,13,8,15,15,1,4,0,0
30/11/2024,Espanol,Celta,3,1,H,9,16,5,2,2,5,13,7,2,2,0,0
30/11/2024,Valladolid,Ath Madrid,0,5,A,9,13,1,9,3,5,6,11,1,2,0,0
01/12/2024,Villarreal,Girona,2,2,D,13,13,4,6,1,5,8,13,2,6,0,0
01/12/2024,Real Madrid,Getafe,2,0,H,13,8,4,3,5,3,7,26,2,6,0,0
01/12/2024,Vallecano,Ath Bilbao,1,2,A,7,12,4,7,1,7,14,8,3,0,0,0
01/12/2024,Sociedad,Betis,2,0,H,2,7,1,2,0,4,28,10,3,2,0,0
02/12/2024,Sevilla,Osasuna,1,1,D,12,7,5,3,5,1,11,15,1,1,0,0
03/12/2024,Mallorca,Barcelona,1,5,A,6,20,1,9,2,5,13,13,4,3,0,0
04/12/2024,Ath Bilbao,Real Madrid,2,1,H,9,10,3,5,5,2,21,9,3,3,0,0
06/12/2024,Celta,Mallorca,2,0,H,12,9,5,4,3,3,9,12,1,0,0,1
07/12/2024,Las Palmas,Valladolid,2,1,H,11,9,5,2,3,3,17,13,4,3,0,0
07/12/2024,Betis,Barcelona,2,2,D,12,9,6,3,6,4,15,14,1,2,0,0
07/12/2024,Valencia,Vallecano,0,1,A,14,6,6,1,9,4,5,12,2,2,0,0
07/12/2024,Girona,Real Madrid,0,3,A,10,10,4,7,6,3,6,7,3,2,0,0
08/12/2024,Leganes,Sociedad,0,3,A,11,15,2,5,5,3,12,15,2,2,0,0
08/12/2024,Ath Bilbao,Villarreal,2,0,H,12,11,4,1,3,3,15,10,2,1,0,0
08/12/2024,Osasuna,Alaves,2,2,D,16,6,8,3,8,3,13,14,4,3,0,0
08/12/2024,Ath Madrid,Sevilla,4,3,H,14,4,9,3,5,3,11,8,4,3,0,0
09/12/2024,Getafe,Espanol,1,0,H,15,9,6,1,3,3,14,15,3,6,0,0
13/12/2024,Valladolid,Valencia,1,0,H,2,14,1,2,1,7,10,10,4,3,1,0
14/12/2024,Espanol,Osasuna,0,0,D,9,6,3,0,5,4,13,13,3,1,0,0
14/12/2024,Mallorca,Girona,2,1,H,8,13,2,1,2,4,10,14,5,2,1,0
14/12/2024,Sevilla,Celta,1,0,H,8,10,3,2,3,4,12,9,7,3,0,0
14/12/2024,Vallecano,Real Madrid,3,3,D,14,13,5,6,4,3,18,8,4,2,0,0
15/12/2024,Ath Madrid,Getafe,1,0,H,11,7,3,1,8,3,13,15,3,1,0,0
15/12/2024,Alaves,Ath Bilbao,1,1,D,6,9,3,2,2,4,14,17,2,2,0,0
15/12/2024,Sociedad,Las Palmas,0,0,D,15,9,4,3,8,6,17,12,2,3,0,0
15/12/2024,Villarreal,Betis,1,2,A,17,10,4,4,5,5,19,10,5,2,0,1
15/12/2024,Barcelona,Leganes,0,1,A,20,6,4,4,8,2,5,13,0,2,0,0
18/12/2024,Espanol,Valencia,1,1,D,10,14,3,4,4,7,13,11,1,0,0,0
18/12/2024,Villarreal,Vallecano,1,1,D,14,18,5,3,7,7,10,15,4,3,1,0
20/12/2024,Girona,Valladolid,3,0,H,23,1,7,1,9,1,13,7,3,1,0,0
21/12/2024,Getafe,Mallorca,0,1,A,18,9,5,2,3,0,19,13,4,3,0,0
21/12/2024,Celta,Sociedad,2,0,H,11,7,7,1,5,7,19,13,3,5,0,0
21/12/2024,Osasuna,Ath Bilbao,1,2,A,6,13,3,8,4,4,10,13,0,1,0,0
21/12/2024,Barcelona,Ath Madrid,1,2,A,19,5,7,4,11,3,11,8,0,3,0,0
22/12/2024,Valencia,Alaves,2,2,D,8,11,3,3,5,4,20,15,2,1,0,0
22/12/2024,Real Madrid,Sevilla,4,2,H,16,10,8,5,6,6,5,14,1,2,0,0
22/12/2024,Las Palmas,Espanol,1,0,H,10,9,4,2,2,2,9,16,4,2,0,0
22/12/2024,Leganes,Villarreal,2,5,A,5,18,3,9,1,5,17,15,1,2,2,0
22/12/2024,Betis,Vallecano,1,1,D,14,10,5,4,5,5,9,14,0,4,0,0
03/01/2025,Valencia,Real Madrid,1,2,A,8,17,5,5,2,5,16,9,2,3,0,1
10/01/2025,Vallecano,Celta,2,1,H,8,23,5,7,3,3,18,9,2,3,0,1
11/01/2025,Alaves,Girona,0,1,A,11,3,2,1,6,3,16,11,1,4,0,0
11/01/2025,Valladolid,Betis,1,0,H,12,14,1,3,1,8,21,10,2,4,0,0
11/01/2025,Espanol,Leganes,1,1,D,15,14,5,6,8,4,15,19,2,2,0,1
11/01/2025,Sevilla,Valencia,1,1,D,15,5,5,1,10,1,16,8,1,2,0,0
12/01/2025,Las Palmas,Getafe,1,2,A,15,12,7,3,4,5,14,17,2,3,0,0
12/01/2025,Ath Madrid,Osasuna,1,0,H,9,6,5,1,4,0,8,14,2,0,0,0
13/01/2025,Sociedad,Villarreal,1,0,H,6,15,3,5,3,7,17,6,4,2,0,0
17/01/2025,Espanol,Valladolid,2,1,H,12,11,4,4,1,7,13,16,2,2,0,0
18/01/2025,Girona,Sevilla,1,2,A,7,14,4,6,7,4,6,15,0,4,0,0
18/01/2025,Leganes,Ath Madrid,1,0,H,9,19,3,4,2,9,16,6,1,3,0,0
18/01/2025,Betis,Alaves,1,3,A,7,9,2,5,2,3,12,24,4,5,1,0
18/01/2025,Getafe,Barcelona,1,1,D,10,21,4,5,2,10,9,9,3,2,0,0
19/01/2025,Celta,Ath Bilbao,1,2,A,3,14,1,6,3,4,14,6,0,0,0,0
19/01/2025,Real Madrid,Las Palmas,4,1,H,26,6,13,2,8,2,11,13,0,1,0,1
19/01/2025,Osasuna,Vallecano,1,1,D,12,8,3,3,6,3,9,13,3,2,0,0
19/01/2025,Valencia,Sociedad,1,0,H,7,9,2,3,4,7,10,12,3,4,0,0
20/01/2025,Villarreal,Mallorca,4,0,H,14,9,7,2,6,5,9,12,1,3,0,0
24/01/2025,Las Palmas,Osasuna,1,1,D,16,16,7,4,4,2,14,17,7,8,1,0
25/01/2025,Mallorca,Betis,0,1,A,16,8,3,3,4,4,12,18,2,2,1,0
25/01/2025,Ath Madrid,Villarreal,1,1,D,20,11,8,1,5,6,10,14,4,2,0,0
25/01/2025,Sevilla,Espanol,1,1,D,25,6,4,1,5,1,13,14,1,4,0,0
25/01/2025,Valladolid,Real Madrid,0,3,A,6,20,2,4,1,7,11,12,3,3,1,0
26/01/2025,Vallecano,Girona,2,1,H,17,12,7,5,4,1,19,9,3,1,0,0
26/01/2025,Sociedad,Getafe,0,3,A,13,13,4,4,5,2,11,15,3,6,0,0
26/01/2025,Ath Bilbao,Leganes,0,0,D,29,5,3,2,16,1,10,8,1,1,0,0
26/01/2025,Barcelona,Valencia,7,1,H,22,7,11,2,14,4,10,12,0,1,0,0
27/01/2025,Alaves,Celta,1,1,D,3,5,1,2,3,4,15,14,2,3,0,0
31/01/2025,Leganes,Vallecano,0,1,A,5,19,1,3,2,9,7,19,2,4,1,0
01/02/2025,Getafe,Sevilla,0,0,D,7,13,1,1,6,5,15,12,4,6,0,0
01/02/2025,Villarreal,Valladolid,5,1,H,22,8,8,2,3,6,9,14,1,2,0,0
01/02/2025,Ath Madrid,Mallorca,2,0,H,17,10,5,1,10,4,9,14,2,3,0,0
01/02/2025,Espanol,Real Madrid,1,0,H,5,21,2,7,1,8,14,3,2,0,0,0
02/02/2025,Barcelona,Alaves,1,0,H,11,3,4,0,5,2,8,20,5,2,0,0
02/02/2025,Valencia,Celta,2,1,H,8,3,5,2,5,2,9,17,1,2,0,0
02/02/2025,Osasuna,Sociedad,2,1,H,11,13,4,3,3,5,10,8,3,3,0,0
02/02/2025,Betis,Ath Bilbao,2,2,D,10,12,6,4,3,7,10,20,3,1,0,0
03/02/2025,Girona,Las Palmas,2,1,H,12,10,4,2,11,3,12,12,2,2,0,0
07/02/2025,Vallecano,Valladolid,1,0,H,20,8,6,3,4,2,11,15,2,2,0,0
08/02/2025,Celta,Betis,3,2,H,14,12,6,5,4,7,11,11,3,5,0,0
08/02/2025,Ath Bilbao,Girona,3,0,H,23,3,8,1,11,2,7,12,0,4,0,0
08/02/2025,Las Palmas,Villarreal,1,2,A,20,9,4,4,6,5,12,12,6,3,0,0
08/02/2025,Real Madrid,Ath Madrid,1,1,D,23,10,9,1,6,1,14,13,1,3,0,0
09/02/2025,Alaves,Getafe,0,1,A,12,4,4,3,8,3,16,16,2,6,0,0
09/02/2025,Valencia,Leganes,2,0,H,18,12,4,4,9,3,14,9,1,1,0,0
09/02/2025,Sociedad,Espanol,2,1,H,13,4,3,1,6,0,11,17,1,2,0,0
09/02/2025,Sevilla,Barcelona,1,4,A,8,10,4,6,5,6,14,6,5,2,0,1
10/02/2025,Mallorca,Osasuna,1,1,D,10,19,2,4,7,11,7,11,1,4,0,0
14/02/2025,Girona,Getafe,1,2,A,14,10,4,6,3,3,11,23,2,3,1,0
15/02/2025,Leganes,Alaves,3,3,D,8,16,3,7,3,2,18,15,4,5,1,0
15/02/2025,Osasuna,Real Madrid,1,1,D,11,17,4,6,6,2,16,7,3,1,0,1
15/02/2025,Ath Madrid,Celta,1,1,D,9,11,3,4,2,7,8,18,3,5,1,0
15/02/2025,Villarreal,Valencia,1,1,D,13,12,4,3,4,5,6,17,0,5,0,0
16/02/2025,Espanol,Ath Bilbao,1,1,D,12,14,4,4,2,7,12,8,1,1,0,0
16/02/2025,Valladolid,Sevilla,0,4,A,7,11,2,6,3,2,11,10,4,2,0,0
16/02/2025,Mallorca,Las Palmas,3,1,H,14,9,5,4,3,5,7,13,1,4,0,0
16/02/2025,Betis,Sociedad,3,0,H,24,5,8,1,5,5,9,15,0,2,0,2
17/02/2025,Barcelona,Vallecano,1,0,H,14,9,5,4,4,5,11,9,2,3,0,0
21/02/2025,Celta,Osasuna,1,0,H,12,18,5,1,5,4,11,13,1,0,0,0
22/02/2025,Alaves,Espanol,0,1,A,15,9,5,2,7,0,13,17,2,2,0,0
22/02/2025,Vallecano,Villarreal,0,1,A,10,10,5,5,3,5,15,12,1,4,1,0
22/02/2025,Valencia,Ath Madrid,0,3,A,18,11,2,3,7,0,18,16,1,3,0,0
22/02/2025,Las Palmas,Barcelona,0,2,A,10,15,2,5,5,3,13,4,1,1,0,0
23/02/2025,Ath Bilbao,Valladolid,7,1,H,29,5,16,3,4,4,10,5,2,3,0,1
23/02/2025,Real Madrid,Girona,2,0,H,22,6,5,2,11,5,1,7,0,2,0,0
23/02/2025,Getafe,Betis,1,2,A,10,13,4,6,2,5,17,20,3,0,1,1
23/02/2025,Sociedad,Leganes,3,0,H,12,8,5,2,3,3,13,13,3,3,0,0
24/02/2025,Sevilla,Mallorca,1,1,D,19,13,4,2,4,4,11,12,1,3,0,0
28/02/2025,Valladolid,Las Palmas,1,1,D,23,4,7,3,13,4,11,8,2,1,0,1
01/03/2025,Girona,Celta,2,2,D,9,10,6,6,4,2,8,17,0,0,0,0
01/03/2025,Vallecano,Sevilla,1,1,D,20,10,8,5,6,6,14,9,1,0,0,0
01/03/2025,Betis,Real Madrid,2,1,H,18,9,3,2,9,2,17,12,3,4,0,0
01/03/2025,Ath Madrid,Ath Bilbao,1,0,H,12,15,4,3,6,2,7,8,2,3,0,0
02/03/2025,Leganes,Getafe,1,0,H,5,9,1,0,2,6,15,15,1,1,0,0
02/03/2025,Barcelona,Sociedad,4,0,H,33,0,10,0,12,0,15,6,0,0,0,1
02/03/2025,Mallorca,Alaves,1,1,D,15,19,4,7,3,9,20,14,0,2,0,0
02/03/2025,Osasuna,Valencia,3,3,D,12,12,5,5,3,3,10,7,2,1,0,0
08/03/2025,Celta,Leganes,2,1,H,7,12,4,6,2,5,10,9,3,2,0,0
08/03/2025,Alaves,Villarreal,1,0,H,5,24,3,2,1,6,11,13,3,1,2,0
08/03/2025,Valencia,Valladolid,2,1,H,17,11,4,4,5,4,11,10,1,3,0,0
09/03/2025,Getafe,Ath Madrid,2,1,H,11,4,3,2,4,4,10,14,6,2,0,1
09/03/2025,Real Madrid,Vallecano,2,1,H,10,20,5,6,4,6,12,17,3,1,0,0
09/03/2025,Ath Bilbao,Mallorca,1,1,D,8,9,2,2,3,3,6,13,1,3,0,0
09/03/2025,Betis,Las Palmas,1,0,H,14,8,6,1,11,1,12,14,2,8,0,1
09/03/2025,Sociedad,Sevilla,0,1,A,7,9,2,4,6,3,14,12,2,1,0,0
10/03/2025,Espanol,Girona,1,1,D,7,18,4,4,4,9,11,13,3,3,0,0
14/03/2025,Las Palmas,Alaves,2,2,D,14,9,7,3,4,5,10,22,5,5,0,0
15/03/2025,Valladolid,Celta,0,1,A,5,10,2,1,3,4,9,15,3,3,0,0
15/03/2025,Mallorca,Espanol,2,1,H,20,2,7,0,6,2,10,12,0,2,0,0
15/03/2025,Villarreal,Real Madrid,1,2,A,23,9,10,5,11,4,17,3,2,1,0,0
15/03/2025,Girona,Valencia,1,1,D,14,12,4,2,9,4,12,5,2,1,0,0
16/03/2025,Leganes,Betis,2,3,A,10,21,4,6,3,7,16,5,2,1,0,0
16/03/2025,Sevilla,Ath Bilbao,0,1,A,11,9,4,4,4,6,13,12,4,2,0,0
16/03/2025,Osasuna,Getafe,1,2,A,12,7,4,4,3,2,19,15,2,3,0,1
16/03/2025,Vallecano,Sociedad,2,2,D,10,8,5,4,4,4,16,9,3,2,0,0
16/03/2025,Ath Madrid,Barcelona,2,4,A,7,13,2,6,6,6,10,11,1,3,0,0
27/03/2025,Barcelona,Osasuna,3,0,H,19,4,5,0,8,4,7,14,1,3,0,0
29/03/2025,Sociedad,Valladolid,2,1,H,12,12,2,5,3,6,20,10,2,3,0,0
29/03/2025,Espanol,Ath Madrid,1,1,D,8,13,1,2,4,3,12,14,2,1,0,0
29/03/2025,Alaves,Vallecano,0,2,A,12,11,4,5,8,5,14,12,3,5,0,0
29/03/2025,Real Madrid,Leganes,3,2,H,24,10,10,4,8,3,9,13,1,4,0,0
30/03/2025,Getafe,Villarreal,1,2,A,11,9,4,3,3,1,16,21,1,4,0,0
30/03/2025,Barcelona,Girona,4,1,H,21,4,9,2,10,2,8,11,0,1,0,0
30/03/2025,Ath Bilbao,Osasuna,0,0,D,11,5,5,2,3,4,12,12,1,1,0,0
30/03/2025,Valencia,Mallorca,1,0,H,8,8,2,2,4,5,16,15,5,5,0,0
30/03/2025,Betis,Sevilla,2,1,H,11,6,3,2,2,2,10,22,4,4,0,0
31/03/2025,Celta,Las Palmas,1,1,D,19,4,7,2,4,2,17,5,3,0,0,0
04/04/2025,Vallecano,Espanol,0,4,A,16,15,5,7,8,4,8,10,2,2,0,0
05/04/2025,Girona,Alaves,0,1,A,11,14,6,3,1,5,9,16,1,4,0,0
05/04/2025,Real Madrid,Valencia,1,2,A,21,10,9,2,9,4,10,13,0,4,0,0
05/04/2025,Mallorca,Celta,1,2,A,7,10,2,4,4,2,9,11,3,0,0,0
05/04/2025,Barcelona,Betis,1,1,D,13,6,5,2,9,3,16,12,2,1,0,0
06/04/2025,Las Palmas,Sociedad,1,3,A,13,13,5,8,5,4,7,10,0,2,0,0
06/04/2025,Sevilla,Ath Madrid,1,2,A,11,13,6,5,7,7,14,12,1,4,0,0
06/04/2025,Valladolid,Getafe,0,4,A,5,16,0,9,3,4,11,17,3,1,1,0
06/04/2025,Villarreal,Ath Bilbao,0,0,D,12,11,4,2,6,5,9,13,0,1,1,0
07/04/2025,Leganes,Osasuna,1,1,D,13,14,7,6,4,8,18,14,3,3,0,0
11/04/2025,Valencia,Sevilla,1,0,H,8,12,6,5,3,3,10,18,3,2,0,0
12/04/2025,Sociedad,Mallorca,0,2,A,15,7,4,3,8,2,11,12,3,1,0,0
12/04/2025,Getafe,Las Palmas,1,3,A,11,10,6,5,3,2,14,15,0,2,1,0
12/04/2025,Celta,Espanol,0,2,A,16,5,6,3,13,5,14,10,2,2,0,0
12/04/2025,Leganes,Barcelona,0,1,A,6,12,1,3,4,8,10,4,2,1,0,0
13/04/2025,Osasuna,Girona,2,1,H,13,18,6,8,4,4,17,15,2,0,0,0
13/04/2025,Alaves,Real Madrid,0,1,A,13,11,6,4,4,4,21,12,4,4,1,1
13/04/2025,Betis,Villarreal,1,2,A,24,8,5,2,5,5,4,13,0,4,0,0
13/04/2025,Ath Bilbao,Vallecano,3,1,H,13,11,4,3,7,1,12,7,4,3,0,0
14/04/2025,Ath Madrid,Valladolid,4,2,H,24,6,9,3,5,1,11,8,1,1,0,0
18/04/2025,Espanol,Getafe,1,0,H,9,9,3,4,6,8,12,15,0,2,0,1
19/04/2025,Vallecano,Valencia,1,1,D,11,10,4,3,5,2,18,13,3,1,0,0
19/04/2025,Barcelona,Celta,4,3,H,18,11,6,8,4,1,10,13,2,2,0,0
19/04/2025,Mallorca,Leganes,0,0,D,11,15,1,1,4,4,17,15,2,1,0,0
19/04/2025,Las Palmas,Ath Madrid,1,0,H,8,7,2,2,4,4,13,13,3,1,0,0
20/04/2025,Valladolid,Osasuna,2,3,A,12,11,5,6,5,2,12,17,2,0,0,0
20/04/2025,Villarreal,Sociedad,2,2,D,20,4,5,4,10,4,12,12,5,1,0,0
20/04/2025,Sevilla,Alaves,1,1,D,10,11,2,3,3,6,10,11,2,2,0,0
20/04/2025,Real Madrid,Ath Bilbao,1,0,H,22,3,7,1,14,1,7,15,1,2,0,0
21/04/2025,Girona,Betis,1,3,A,11,17,5,9,8,9,13,11,3,2,0,0
22/04/2025,Valencia,Espanol,1,1,D,16,8,7,3,6,4,7,7,2,1,0,0
22/04/2025,Barcelona,Mallorca,1,0,H,40,4,13,0,13,2,10,7,0,1,0,0
23/04/2025,Ath Bilbao,Las Palmas,1,0,H,13,10,4,2,3,3,13,9,1,3,0,0
23/04/2025,Celta,Villarreal,3,0,H,21,4,9,1,6,3,16,10,2,1,0,1
23/04/2025,Alaves,Sociedad,1,0,H,10,6,1,0,6,6,17,17,4,5,0,0
23/04/2025,Getafe,Real Madrid,0,1,A,20,14,6,7,4,4,15,7,3,1,0,0
24/04/2025,Leganes,Girona,1,1,D,7,8,1,3,4,5,16,18,4,2,1,0
24/04/2025,Osasuna,Sevilla,1,0,H,9,12,2,3,4,4,14,13,4,2,0,1
24/04/2025,Ath Madrid,Vallecano,3,0,H,10,12,5,5,6,3,8,15,0,2,0,0
24/04/2025,Betis,Valladolid,5,1,H,16,10,6,5,4,4,7,7,1,0,0,0
27/04/2025,Villarreal,Espanol,1,0,H,14,12,5,1,8,6,19,11,4,0,0,0
02/05/2025,Vallecano,Getafe,1,0,H,13,12,8,1,7,3,12,13,3,2,0,1
03/05/2025,Alaves,Ath Madrid,0,0,D,8,9,2,2,3,5,18,13,3,2,0,0
03/05/2025,Villarreal,Osasuna,4,2,H,15,11,5,4,2,8,10,18,4,1,0,0
03/05/2025,Las Palmas,Valencia,2,3,A,15,10,3,5,9,5,12,6,1,1,0,0
03/05/2025,Valladolid,Barcelona,1,2,A,5,24,4,7,4,8,12,15,3,2,0,0
04/05/2025,Real Madrid,Celta,3,2,H,17,14,6,7,4,6,5,11,2,1,0,0
04/05/2025,Sevilla,Leganes,2,2,D,25,9,7,3,8,2,17,12,4,5,0,0
04/05/2025,Espanol,Betis,1,2,A,11,20,5,10,3,7,16,10,2,0,0,0
04/05/2025,Sociedad,Ath Bilbao,0,0,D,12,3,3,1,7,3,18,13,1,2,0,0
05/05/2025,Girona,Mallorca,1,0,H,13,9,6,1,5,2,11,14,0,2,0,0
09/05/2025,Las Palmas,Vallecano,0,1,A,11,16,2,5,8,8,8,9,2,3,0,0
10/05/2025,Valencia,Getafe,3,0,H,10,10,6,3,2,6,17,20,3,5,0,0
10/05/2025,Celta,Sevilla,3,2,H,8,19,4,10,3,6,11,16,0,2,1,0
10/05/2025,Girona,Villarreal,0,1,A,7,14,0,5,5,3,13,10,2,3,0,0
10/05/2025,Mallorca,Valladolid,2,1,H,12,16,4,7,5,10,16,12,2,1,0,0
10/05/2025,Ath Madrid,Sociedad,4,0,H,13,6,7,1,3,3,7,12,0,1,0,0
11/05/2025,Leganes,Espanol,3,2,H,13,12,5,6,3,8,14,18,2,2,0,0
11/05/2025,Barcelona,Real Madrid,4,3,H,23,9,9,5,10,2,17,15,4,3,0,0
11/05/2025,Ath Bilbao,Alaves,1,0,H,11,4,3,1,9,2,17,12,1,1,0,0
11/05/2025,Betis,Osasuna,1,1,D,10,16,5,5,6,7,8,12,3,2,0,0
13/05/2025,Valladolid,Girona,0,1,A,11,13,4,5,6,4,5,19,0,0,0,0
13/05/2025,Sociedad,Celta,0,1,A,15,6,5,2,14,1,18,11,3,1,0,0
13/05/2025,Sevilla,Las Palmas,1,0,H,10,14,3,3,4,2,22,15,6,6,0,0
14/05/2025,Alaves,Valencia,1,0,H,11,10,5,3,9,4,16,10,4,3,0,0
14/05/2025,Villarreal,Leganes,3,0,H,17,23,7,6,3,6,5,11,1,1,0,0
14/05/2025,Real Madrid,Mallorca,2,1,H,39,4,13,2,26,0,6,15,0,3,0,0
15/05/2025,Vallecano,Betis,2,2,D,20,10,6,3,10,7,8,18,1,3,0,0
15/05/2025,Osasuna,Ath Madrid,2,0,H,9,9,3,5,3,5,12,11,1,1,0,0
15/05/2025,Espanol,Barcelona,0,2,A,9,12,1,4,3,3,8,10,2,2,1,0
15/05/2025,Getafe,Ath Bilbao,0,2,A,11,9,1,2,2,5,10,7,1,0,0,0
18/05/2025,Ath Madrid,Betis,4,1,H,20,12,11,7,7,4,12,9,1,1,0,0
18/05/2025,Barcelona,Villarreal,2,3,A,24,7,9,3,11,3,14,9,2,0,0,0
18/05/2025,Celta,Vallecano,1,2,A,24,7,7,2,9,2,10,17,2,3,0,0
18/05/2025,Las Palmas,Leganes,0,1,A,12,11,3,4,9,2,15,12,2,2,0,0
18/05/2025,Mallorca,Getafe,1,2,A,7,10,1,4,3,4,14,9,2,2,0,0
18/05/2025,Osasuna,Espanol,2,0,H,16,16,3,6,8,6,11,5,1,1,0,0
18/05/2025,Sevilla,Real Madrid,0,2,A,6,16,1,6,1,7,7,9,0,1,2,0
18/05/2025,Sociedad,Girona,3,2,H,15,9,9,5,9,2,10,9,1,3,0,0
18/05/2025,Valencia,Ath Bilbao,0,1,A,6,10,2,4,5,3,10,16,3,1,0,0
18/05/2025,Valladolid,Alaves,0,1,A,7,14,1,4,5,9,12,24,0,2,0,0
23/05/2025,Betis,Valencia,1,1,D,14,9,4,2,3,2,8,12,1,2,0,0
24/05/2025,Real Madrid,Sociedad,2,0,H,16,9,8,1,11,4,5,7,0,0,0,0
24/05/2025,Espanol,Las Palmas,2,0,H,8,10,3,4,3,6,12,11,3,2,0,0
24/05/2025,Leganes,Valladolid,3,0,H,16,6,6,2,3,4,11,16,0,1,0,0
24/05/2025,Alaves,Osasuna,1,1,D,14,19,5,5,5,9,15,6,2,2,0,0
24/05/2025,Getafe,Celta,1,2,A,6,15,1,8,2,6,13,10,3,4,1,0
24/05/2025,Vallecano,Mallorca,0,0,D,27,9,8,2,11,2,9,14,2,2,0,0
25/05/2025,Girona,Ath Madrid,0,4,A,2,19,1,11,1,8,13,11,0,1,0,0
25/05/2025,Villarreal,Sevilla,4,2,H,12,17,7,6,3,5,8,14,0,1,0,0
25/05/2025,Ath Bilbao,Barcelona,0,3,A,10,13,1,4,2,6,21,10,1,0,0,0
15/08/2025,Girona,Vallecano,1,3,A,7,16,2,5,2,4,8,17,0,1,1,0
15/08/2025,Villarreal,Oviedo,2,0,H,25,5,10,4,10,1,10,8,1,2,0,1
16/08/2025,Mallorca,Barcelona,0,3,A,4,24,1,8,3,6,8,17,4,1,2,0
16/08/2025,Alaves,Levante,2,1,H,15,7,4,3,10,1,15,13,0,1,0,0
16/08/2025,Valencia,Sociedad,1,1,D,18,13,2,3,8,7,5,11,1,2,0,0
17/08/2025,Celta,Getafe,0,2,A,11,10,3,3,9,3,15,17,3,2,0,0
17/08/2025,Ath Bilbao,Sevilla,3,2,H,14,12,3,6,10,1,8,12,0,2,0,0
17/08/2025,Espanol,Ath Madrid,2,1,H,10,15,5,4,1,3,14,11,3,3,0,0
18/08/2025,Elche,Betis,1,1,D,6,12,2,4,1,3,14,13,0,1,0,0
19/08/2025,Real Madrid,Osasuna,1,0,H,18,2,5,0,7,0,10,12,1,0,0,1
22/08/2025,Betis,Alaves,1,0,H,16,11,5,5,5,2,10,17,2,3,0,0
23/08/2025,Mallorca,Celta,1,1,D,12,8,4,2,3,4,12,12,3,3,0,0
23/08/2025,Ath Madrid,Elche,1,1,D,13,6,6,2,10,2,14,7,0,3,0,0
23/08/2025,Levante,Barcelona,2,3,A,8,26,5,10,0,11,10,8,3,1,0,0
24/08/2025,Osasuna,Valencia,1,0,H,16,4,4,1,3,4,14,13,2,1,0,1
24/08/2025,Sociedad,Espanol,2,2,D,15,14,7,3,5,2,16,18,2,2,0,0
24/08/2025,Villarreal,Girona,5,0,H,19,5,7,2,8,1,8,9,1,2,0,0
24/08/2025,Oviedo,Real Madrid,0,3,A,6,26,3,10,1,9,8,7,2,1,0,0
25/08/2025,Ath Bilbao,Vallecano,1,0,H,11,6,4,1,3,6,13,13,0,4,0,0
25/08/2025,Sevilla,Getafe,1,2,A,12,9,3,6,5,3,10,24,2,2,0,0
27/08/2025,Celta,Betis,1,1,D,14,7,5,2,10,4,13,11,1,2,0,0
29/08/2025,Elche,Levante,2,0,H,16,11,5,1,4,2,14,17,1,2,0,0
29/08/2025,Valencia,Getafe,3,0,H,7,11,4,1,8,6,18,7,2,0,0,0
30/08/2025,Alaves,Ath Madrid,1,1,D,5,15,2,6,1,6,10,17,2,3,0,0
30/08/2025,Oviedo,Sociedad,1,0,H,8,18,1,6,1,10,7,18,2,1,0,0
30/08/2025,Girona,Sevilla,0,2,A,20,13,5,4,11,3,5,14,0,2,0,0
30/08/2025,Real Madrid,Mallorca,2,1,H,17,9,7,5,4,5,12,7,2,0,0,0
31/08/2025,Celta,Villarreal,1,1,D,10,8,2,3,1,5,11,8,1,1,0,0
31/08/2025,Betis,Ath Bilbao,1,2,A,9,15,2,6,4,10,9,16,1,4,0,1
31/08/2025,Espanol,Osasuna,1,0,H,10,10,4,3,2,3,13,14,2,3,0,0
31/08/2025,Vallecano,Barcelona,1,1,D,12,12,6,3,9,4,16,8,4,1,0,0
12/09/2025,Sevilla,Elche,2,2,D,7,5,3,2,2,2,23,19,4,3,0,0
13/09/2025,Getafe,Oviedo,2,0,H,10,5,3,1,4,3,12,18,2,5,0,1
13/09/2025,Sociedad,Real Madrid,1,2,A,23,16,4,6,12,4,17,7,2,1,0,1
13/09/2025,Ath Bilbao,Alaves,0,1,A,12,4,3,2,6,6,17,21,4,3,0,0
13/09/2025,Ath Madrid,Villarreal,2,0,H,8,8,3,1,8,3,12,15,2,4,0,0
14/09/2025,Celta,Girona,1,1,D,21,13,7,8,10,3,7,9,0,3,0,0
14/09/2025,Levante,Betis,2,2,D,5,28,2,9,4,12,16,11,3,2,0,0
14/09/2025,Osasuna,Vallecano,2,0,H,9,19,7,6,3,6,13,7,3,2,0,0
14/09/2025,Barcelona,Valencia,6,0,H,24,2,10,1,5,4,9,8,0,1,0,0
15/09/2025,Espanol,Mallorca,3,2,H,9,24,3,10,3,9,9,16,2,1,1,0
19/09/2025,Betis,Sociedad,3,1,H,21,11,6,5,3,5,7,20,3,7,0,0
20/09/2025,Girona,Levante,0,4,A,7,14,1,7,5,4,11,17,4,3,2,0
20/09/2025,Real Madrid,Espanol,2,0,H,16,8,5,1,5,3,10,20,2,0,0,0
20/09/2025,Alaves,Sevilla,1,2,A,8,9,5,3,4,4,20,19,1,7,0,0
20/09/2025,Villarreal,Osasuna,2,1,H,26,6,8,3,7,0,10,11,2,3,0,1
20/09/2025,Valencia,Ath Bilbao,2,0,H,13,11,5,5,5,6,13,6,1,1,0,1
21/09/2025,Vallecano,Celta,1,1,D,15,9,5,5,5,7,8,10,1,1,0,0
21/09/2025,Mallorca,Ath Madrid,1,1,D,8,12,3,7,3,6,14,6,0,0,0,1
21/09/2025,Elche,Oviedo,1,0,H,15,12,5,4,3,3,9,18,2,2,0,0
21/09/2025,Barcelona,Getafe,3,0,H,16,3,7,2,3,2,9,15,2,4,0,0
23/09/2025,Ath Bilbao,Girona,1,1,D,17,6,5,3,8,1,19,15,0,2,0,0
23/09/2025,Espanol,Valencia,2,2,D,21,5,10,2,8,3,9,9,1,4,0,0
23/09/2025,Levante,Real Madrid,1,4,A,11,24,2,10,1,7,17,9,1,1,0,0
23/09/2025,Sevilla,Villarreal,1,2,A,16,12,2,5,3,3,17,14,2,3,0,0
24/09/2025,Getafe,Alaves,1,1,D,7,10,1,4,2,7,14,20,2,3,0,0
24/09/2025,Ath Madrid,Vallecano,3,2,H,20,9,8,3,8,6,6,12,3,4,0,0
24/09/2025,Sociedad,Mallorca,1,0,H,17,7,4,3,11,2,13,15,2,2,0,0
25/09/2025,Osasuna,Elche,1,1,D,9,12,2,4,2,3,19,13,2,2,0,0
25/09/2025,Oviedo,Barcelona,1,3,A,7,22,3,10,6,9,10,6,1,0,0,0
26/09/2025,Girona,Espanol,0,0,D,12,20,3,5,8,4,9,11,0,1,0,0
27/09/2025,Getafe,Levante,1,1,D,11,11,4,3,6,2,15,16,4,3,0,0
27/09/2025,Ath Madrid,Real Madrid,5,2,H,13,6,7,2,7,2,17,14,5,4,0,0
27/09/2025,Mallorca,Alaves,1,0,H,12,12,3,3,4,8,14,18,2,3,0,0
27/09/2025,Villarreal,Ath Bilbao,1,0,H,14,16,5,4,6,5,13,11,2,0,0,0
28/09/2025,Vallecano,Sevilla,0,1,A,18,4,6,1,12,4,12,15,3,2,1,0
28/09/2025,Elche,Celta,2,1,H,17,8,8,2,7,2,12,20,3,3,0,0
28/09/2025,Barcelona,Sociedad,2,1,H,22,7,12,2,12,1,6,12,1,2,0,0
28/09/2025,Betis,Osasuna,2,0,H,12,12,6,1,5,5,6,7,0,1,0,0
30/09/2025,Valencia,Oviedo,1,2,A,16,10,5,4,5,4,14,12,1,4,0,1
03/10/2025,Osasuna,Getafe,2,1,H,7,6,3,2,1,6,11,14,1,4,0,0
04/10/2025,Oviedo,Levante,0,2,A,13,14,2,5,9,3,10,10,2,2,0,0
04/10/2025,Girona,Valencia,2,1,H,4,19,4,6,0,7,13,12,5,1,2,0
04/10/2025,Ath Bilbao,Mallorca,2,1,H,18,7,5,2,7,2,16,13,5,6,0,1
04/10/2025,Real Madrid,Villarreal,3,1,H,26,9,7,2,4,0,9,14,2,4,0,1
05/10/2025,Alaves,Elche,3,1,H,25,6,5,3,14,4,13,9,3,1,0,1
05/10/2025,Sevilla,Barcelona,4,1,H,13,17,5,8,7,6,18,9,7,5,0,0
05/10/2025,Espanol,Betis,1,2,A,14,12,5,3,10,5,16,4,2,6,0,0
05/10/2025,Sociedad,Vallecano,0,1,A,10,7,3,2,7,5,13,21,1,2,0,0
05/10/2025,Celta,Ath Madrid,1,1,D,18,6,4,1,6,3,7,10,1,3,0,1
17/10/2025,Oviedo,Espanol,0,2,A,13,19,4,10,3,5,9,8,2,1,0,0
18/10/2025,Sevilla,Mallorca,1,3,A,13,7,4,6,9,2,16,13,2,1,0,0
18/10/2025,Barcelona,Girona,2,1,H,27,11,9,4,11,5,10,7,1,2,0,0
18/10/2025,Villarreal,Betis,2,2,D,7,16,3,3,5,6,13,10,1,1,0,0
18/10/2025,Ath Madrid,Osasuna,1,0,H,18,9,9,2,4,2,10,11,1,3,0,0
19/10/2025,Elche,Ath Bilbao,0,0,D,15,4,5,1,6,2,14,20,2,3,0,0
19/10/2025,Celta,Sociedad,1,1,D,4,17,1,7,1,10,10,20,4,3,1,0
19/10/2025,Levante,Vallecano,0,3,A,17,10,4,5,11,4,6,18,0,1,0,0
19/10/2025,Getafe,Real Madrid,0,1,A,7,23,1,10,1,4,27,11,4,1,2,0
20/10/2025,Alaves,Valencia,0,0,D,13,5,3,2,7,0,13,20,1,2,0,0
24/10/2025,Sociedad,Sevilla,2,1,H,5,6,3,1,1,9,19,14,1,3,0,0
25/10/2025,Girona,Oviedo,3,3,D,8,10,6,5,11,4,13,16,4,3,0,0
25/10/2025,Espanol,Elche,1,0,H,16,13,7,4,4,2,14,15,4,2,0,0
25/10/2025,Ath Bilbao,Getafe,0,1,A,7,8,4,3,1,5,15,14,1,3,0,0
25/10/2025,Valencia,Villarreal,0,2,A,15,12,3,5,7,5,13,14,2,4,0,0
26/10/2025,Mallorca,Levante,1,1,D,20,13,4,5,5,4,8,13,3,2,0,0
26/10/2025,Real Madrid,Barcelona,2,1,H,23,15,10,6,12,4,12,9,5,5,1,1
26/10/2025,Osasuna,Celta,2,3,A,17,11,7,5,6,2,10,13,3,4,0,0
26/10/2025,Vallecano,Alaves,1,0,H,15,12,5,2,7,5,13,11,1,3,0,0
27/10/2025,Betis,Ath Madrid,0,2,A,17,9,5,4,2,5,9,18,2,1,0,0
31/10/2025,Getafe,Girona,2,1,H,12,8,4,4,8,3,17,15,1,1,0,0
01/11/2025,Villarreal,Vallecano,4,0,H,16,13,7,3,3,5,7,11,1,1,0,0
01/11/2025,Ath Madrid,Sevilla,3,0,H,15,10,6,2,9,4,9,12,0,3,0,0
01/11/2025,Sociedad,Ath Bilbao,3,2,H,9,11,5,4,6,2,20,8,2,3,0,0
01/11/2025,Real Madrid,Valencia,4,0,H,21,4,11,1,7,1,14,7,1,1,0,0
02/11/2025,Levante,Celta,1,2,A,9,20,3,6,4,4,10,12,2,3,1,0
02/11/2025,Alaves,Espanol,2,1,H,13,18,4,2,1,6,14,12,4,2,1,0
02/11/2025,Barcelona,Elche,3,1,H,17,9,5,3,6,3,12,16,0,1,0,0
02/11/2025,Betis,Mallorca,3,0,H,15,14,8,1,4,5,9,8,0,3,0,0
03/11/2025,Oviedo,Osasuna,0,0,D,8,11,2,5,4,2,17,17,3,1,0,0
07/11/2025,Elche,Sociedad,1,1,D,12,13,3,5,1,3,14,15,1,3,0,0
08/11/2025,Girona,Alaves,1,0,H,10,14,2,5,6,1,9,15,0,3,0,0
08/11/2025,Sevilla,Osasuna,1,0,H,10,9,4,3,5,6,21,13,5,3,0,0
08/11/2025,Ath Madrid,Levante,3,1,H,25,6,10,3,21,4,5,6,3,1,0,0
08/11/2025,Espanol,Villarreal,0,2,A,14,9,3,3,4,2,9,9,0,2,0,0
09/11/2025,Ath Bilbao,Oviedo,1,0,H,21,5,7,2,7,4,12,8,1,1,0,0
09/11/2025,Vallecano,Real Madrid,0,0,D,13,21,2,5,5,8,17,7,3,2,0,0
09/11/2025,Mallorca,Getafe,1,0,H,6,14,4,3,1,14,15,8,0,2,0,0
09/11/2025,Valencia,Betis,1,1,D,17,9,4,2,7,2,13,10,3,3,0,0
09/11/2025,Celta,Barcelona,2,4,A,5,21,3,9,2,5,13,10,1,5,0,1
21/11/2025,Valencia,Levante,1,0,H,14,8,3,1,7,0,16,15,4,3,0,0
22/11/2025,Alaves,Celta,0,1,A,5,7,2,4,4,2,21,15,2,2,0,0
22/11/2025,Barcelona,Ath Bilbao,4,0,H,19,13,7,2,5,7,9,9,0,2,0,1
22/11/2025,Osasuna,Sociedad,1,3,A,14,19,4,9,3,3,13,7,3,2,1,0
22/11/2025,Villarreal,Mallorca,2,1,H,14,9,7,3,3,1,17,8,2,2,0,0
23/11/2025,Oviedo,Vallecano,0,0,D,8,11,3,3,5,6,11,13,1,2,1,1
23/11/2025,Betis,Girona,1,1,D,23,11,7,4,8,0,10,16,3,4,1,0
23/11/2025,Getafe,Ath Madrid,0,1,A,9,13,1,6,6,7,9,17,2,3,0,0
23/11/2025,Elche,Real Madrid,2,2,D,15,20,6,7,2,8,10,8,4,0,1,0
24/11/2025,Espanol,Sevilla,2,1,H,8,22,5,6,4,13,18,7,4,1,0,0
28/11/2025,Getafe,Elche,1,0,H,15,9,6,4,3,5,18,11,2,2,0,0
29/11/2025,Mallorca,Osasuna,2,2,D,7,14,4,2,2,8,10,15,3,4,0,0
29/11/2025,Barcelona,Alaves,3,1,H,18,9,6,2,5,4,10,17,2,3,0,0
29/11/2025,Levante,Ath Bilbao,0,2,A,11,14,4,4,4,2,11,19,3,2,0,0
29/11/2025,Ath Madrid,Oviedo,2,0,H,14,12,8,1,7,2,5,8,0,1,0,0
30/11/2025,Sociedad,Villarreal,2,3,A,18,10,7,5,8,2,15,18,3,7,0,0
30/11/2025,Sevilla,Betis,0,2,A,9,9,3,4,6,4,14,22,2,3,1,0
30/11/2025,Celta,Espanol,0,1,A,11,9,4,2,4,3,12,15,1,2,0,0
30/11/2025,Girona,Real Madrid,1,1,D,10,25,4,4,2,5,9,13,3,0,0,0
01/12/2025,Vallecano,Valencia,1,1,D,19,10,7,2,10,5,11,9,1,1,0,0
02/12/2025,Barcelona,Ath Madrid,3,1,H,19,7,6,2,5,4,12,9,1,1,0,0
03/12/2025,Ath Bilbao,Real Madrid,0,3,A,9,13,4,8,5,7,15,4,2,0,0,0
05/12/2025,Oviedo,Mallorca,0,0,D,15,13,3,6,8,5,14,12,2,1,2,0
06/12/2025,Villarreal,Getafe,2,0,H,10,6,5,0,5,3,19,15,2,4,0,1
06/12/2025,Alaves,Sociedad,1,0,H,14,10,3,1,5,8,20,16,2,2,0,0
06/12/2025,Betis,Barcelona,3,5,A,17,16,5,8,7,7,14,9,5,2,0,0
06/12/2025,Ath Bilbao,Ath Madrid,1,0,H,14,7,3,3,5,6,9,12,3,2,0,0
07/12/2025,Elche,Girona,3,0,H,11,8,6,4,2,2,18,13,0,3,0,0
07/12/2025,Valencia,Sevilla,1,1,D,11,4,3,1,2,2,12,18,3,6,0,0
07/12/2025,Espanol,Vallecano,1,0,H,9,6,2,2,6,2,19,22,4,8,1,1
07/12/2025,Real Madrid,Celta,0,2,A,23,7,7,5,8,1,6,12,6,1,3,0
08/12/2025,Osasuna,Levante,2,0,H,14,11,6,5,3,3,15,7,2,2,0,0
12/12/2025,Sociedad,Girona,1,2,A,9,14,4,3,4,3,20,5,1,2,0,0
13/12/2025,Ath Madrid,Valencia,2,1,H,10,13,6,2,5,7,13,11,3,1,0,0
13/12/2025,Mallorca,Elche,3,1,H,15,9,8,0,1,1,13,13,3,0,0,0
13/12/2025,Barcelona,Osasuna,2,0,H,24,3,7,2,14,1,5,8,0,3,0,0
13/12/2025,Getafe,Espanol,0,1,A,11,6,1,4,6,4,18,17,5,1,0,0
14/12/2025,Sevilla,Oviedo,4,0,H,13,5,7,1,5,3,11,12,1,2,0,1
14/12/2025,Celta,Ath Bilbao,2,0,H,5,14,2,2,1,4,11,13,3,2,0,0
14/12/2025,Alaves,Real Madrid,1,2,A,6,13,2,6,5,7,12,13,3,1,0,0
15/12/2025,Vallecano,Betis,0,0,D,23,13,7,6,8,3,10,7,4,1,0,0
19/12/2025,Valencia,Mallorca,1,1,D,17,4,2,2,12,3,10,12,2,3,0,0
20/12/2025,Oviedo,Celta,0,0,D,10,6,3,2,4,3,14,7,2,1,0,0
20/12/2025,Levante,Sociedad,1,1,D,13,18,3,6,7,10,16,13,6,2,0,0
20/12/2025,Osasuna,Alaves,3,0,H,16,7,7,3,9,0,16,11,2,2,0,0
20/12/2025,Real Madrid,Sevilla,2,0,H,18,14,8,5,6,5,13,19,2,5,0,1
21/12/2025,Girona,Ath Madrid,0,3,A,9,14,2,6,3,4,7,14,2,0,0,0
21/12/2025,Villarreal,Barcelona,0,2,A,14,19,5,5,5,10,10,8,1,1,1,0
21/12/2025,Elche,Vallecano,4,0,H,18,18,6,8,4,5,15,11,2,3,0,0
21/12/2025,Betis,Getafe,4,0,H,19,15,8,3,7,5,13,12,0,1,0,0
22/12/2025,Ath Bilbao,Espanol,1,2,A,17,10,7,5,8,4,10,9,5,2,0,0
02/01/2026,Vallecano,Getafe,1,1,D,13,12,4,4,3,2,13,10,3,4,0,0
03/01/2026,Celta,Valencia,4,1,H,12,16,6,5,2,4,10,9,1,3,0,0
03/01/2026,Osasuna,Ath Bilbao,1,1,D,11,16,4,6,1,9,12,19,3,3,0,0
03/01/2026,Elche,Villarreal,1,3,A,15,12,2,4,6,2,8,11,3,3,0,0
03/01/2026,Espanol,Barcelona,0,2,A,14,15,7,6,5,7,10,14,1,0,0,0
04/01/2026,Sevilla,Levante,0,3,A,15,6,7,4,5,1,16,10,3,4,0,0
04/01/2026,Real Madrid,Betis,5,1,H,19,13,9,5,5,8,10,12,1,1,0,0
04/01/2026,Alaves,Oviedo,1,1,D,18,18,7,6,6,7,11,20,3,3,1,1
04/01/2026,Mallorca,Girona,1,2,A,9,9,2,4,3,6,10,14,2,1,0,0
04/01/2026,Sociedad,Ath Madrid,1,1,D,18,10,8,2,6,6,11,13,3,2,0,0
09/01/2026,Getafe,Sociedad,1,2,A,6,12,3,5,2,4,17,17,2,1,0,0
10/01/2026,Oviedo,Betis,1,1,D,13,15,3,6,5,2,15,8,3,1,0,0
10/01/2026,Villarreal,Alaves,3,1,H,11,16,4,5,1,6,10,14,0,2,0,0
10/01/2026,Girona,Osasuna,1,0,H,8,13,4,1,2,1,14,13,2,6,1,0
10/01/2026,Valencia,Elche,1,1,D,16,5,4,1,8,6,14,14,2,3,0,0
11/01/2026,Vallecano,Mallorca,2,1,H,14,9,5,2,6,5,14,14,1,5,1,0
11/01/2026,Levante,Espanol,1,1,D,8,19,2,3,4,3,10,9,0,1,0,0
12/01/2026,Sevilla,Celta,0,1,A,7,9,2,7,6,1,16,16,3,3,0,0
16/01/2026,Espanol,Girona,0,2,A,14,7,2,4,5,4,17,17,5,5,0,0
17/01/2026,Real Madrid,Levante,2,0,H,26,10,11,0,8,0,12,14,2,1,0,0
17/01/2026,Mallorca,Ath Bilbao,3,2,H,18,21,9,11,3,7,10,10,1,5,0,2
17/01/2026,Osasuna,Oviedo,3,2,H,16,13,5,5,3,6,14,15,1,4,1,0
17/01/2026,Betis,Villarreal,2,0,H,15,9,6,3,2,3,14,13,3,2,0,1
18/01/2026,Getafe,Valencia,0,1,A,14,7,3,1,9,3,8,18,2,3,0,1
18/01/2026,Ath Madrid,Alaves,1,0,H,23,8,6,0,6,6,13,5,1,1,0,0
18/01/2026,Celta,Vallecano,3,0,H,11,14,7,3,5,7,7,14,4,3,0,1
18/01/2026,Sociedad,Barcelona,2,1,H,8,25,6,9,6,8,13,8,3,3,1,0
19/01/2026,Elche,Sevilla,2,2,D,10,25,5,8,9,7,11,12,3,1,0,0
23/01/2026,Levante,Elche,3,2,H,26,6,6,3,9,1,13,13,2,3,0,0
24/01/2026,Vallecano,Osasuna,1,3,A,11,14,4,5,4,3,12,15,2,2,0,0
24/01/2026,Valencia,Espanol,3,2,H,10,16,5,6,2,7,13,10,1,5,0,0
24/01/2026,Sevilla,Ath Bilbao,2,1,H,10,15,7,3,5,5,16,12,2,1,0,0
24/01/2026,Villarreal,Real Madrid,0,2,A,8,14,1,4,6,6,19,10,3,1,0,0
25/01/2026,Ath Madrid,Mallorca,3,0,H,17,6,8,1,10,3,10,7,2,1,0,0
25/01/2026,Barcelona,Oviedo,3,0,H,15,12,7,3,10,1,8,21,1,2,0,0
25/01/2026,Sociedad,Celta,3,1,H,10,17,4,4,2,9,7,13,1,1,1,0
25/01/2026,Alaves,Betis,2,1,H,17,18,9,4,6,4,17,11,1,1,0,0
26/01/2026,Girona,Getafe,1,1,D,12,8,4,2,3,4,13,15,5,3,0,0
30/01/2026,Espanol,Alaves,1,2,A,10,11,3,7,4,2,15,15,0,1,0,0
31/01/2026,Oviedo,Girona,1,0,H,8,9,4,1,4,4,12,16,1,1,0,0
31/01/2026,Osasuna,Villarreal,2,2,D,15,5,5,4,6,2,15,7,2,2,0,0
31/01/2026,Levante,Ath Madrid,0,0,D,10,10,2,4,4,7,11,12,2,1,0,0
31/01/2026,Elche,Barcelona,1,3,A,9,30,3,8,2,8,15,9,2,1,0,0
01/02/2026,Real Madrid,Vallecano,2,1,H,16,11,6,4,9,4,6,18,2,8,0,2
01/02/2026,Betis,Valencia,2,1,H,14,15,2,4,3,5,15,13,0,4,0,0
01/02/2026,Getafe,Celta,0,0,D,9,5,2,1,5,3,16,14,1,2,0,0
01/02/2026,Ath Bilbao,Sociedad,1,1,D,19,9,4,6,6,3,14,14,4,2,0,1
02/02/2026,Mallorca,Sevilla,4,1,H,11,15,7,5,4,8,16,8,1,1,0,0
06/02/2026,Celta,Osasuna,1,2,A,18,8,4,2,7,3,9,14,2,2,0,0
07/02/2026,Barcelona,Mallorca,3,0,H,24,9,7,4,12,3,7,9,0,0,0,0
07/02/2026,Sociedad,Elche,3,1,H,11,11,3,5,2,4,14,8,0,4,0,0
08/02/2026,Alaves,Getafe,0,2,A,13,17,5,5,6,3,20,20,2,5,0,0
08/02/2026,Ath Bilbao,Levante,4,2,H,22,6,7,3,4,3,17,10,2,1,0,1
08/02/2026,Sevilla,Girona,1,1,D,11,15,3,6,5,7,16,13,3,3,0,0
08/02/2026,Ath Madrid,Betis,0,1,A,10,8,5,4,7,3,12,3,3,1,0,0
08/02/2026,Valencia,Real Madrid,0,2,A,7,11,0,6,5,8,10,13,1,1,0,0
09/02/2026,Villarreal,Espanol,4,1,H,10,9,3,2,5,8,18,11,3,3,0,0
13/02/2026,Elche,Osasuna,0,0,D,17,6,5,2,10,3,13,18,2,4,0,0
14/02/2026,Espanol,Celta,2,2,D,9,14,3,5,2,2,9,11,1,0,0,0
14/02/2026,Getafe,Villarreal,2,1,H,5,8,2,2,3,4,21,17,2,3,0,0
14/02/2026,Sevilla,Alaves,1,1,D,4,12,2,1,0,3,16,13,5,0,2,0
14/02/2026,Real Madrid,Sociedad,4,1,H,11,13,5,3,4,6,10,9,1,1,0,0
15/02/2026,Oviedo,Ath Bilbao,1,2,A,7,13,1,4,2,3,8,20,2,3,0,0
15/02/2026,Vallecano,Ath Madrid,3,0,H,13,9,9,3,4,8,10,13,1,3,0,0
15/02/2026,Levante,Valencia,0,2,A,9,5,1,2,3,2,11,10,3,2,1,0
15/02/2026,Mallorca,Betis,1,2,A,14,17,3,8,7,3,16,10,4,3,0,0
16/02/2026,Girona,Barcelona,2,1,H,13,27,9,4,3,7,10,6,1,2,1,0
18/02/2026,Levante,Villarreal,0,1,A,16,15,4,6,3,2,13,20,3,4,0,0
20/02/2026,Ath Bilbao,Elche,2,1,H,18,2,8,2,4,1,18,9,3,3,0,0
21/02/2026,Sociedad,Oviedo,3,3,D,15,14,8,6,7,6,13,16,2,1,0,0
21/02/2026,Betis,Vallecano,1,1,D,14,12,3,3,3,5,14,13,4,3,0,0
21/02/2026,Osasuna,Real Madrid,2,1,H,13,15,2,5,3,7,19,10,2,4,0,0
21/02/2026,Ath Madrid,Espanol,4,2,H,18,8,9,2,5,3,8,10,0,1,0,0
22/02/2026,Getafe,Sevilla,0,1,A,6,6,3,1,2,2,5,18,1,1,1,0
22/02/2026,Barcelona,Levante,3,0,H,22,5,9,2,13,6,12,10,2,1,0,0
22/02/2026,Celta,Mallorca,2,0,H,20,1,7,0,7,2,11,10,1,5,0,0
22/02/2026,Villarreal,Valencia,2,1,H,12,8,5,3,5,4,7,16,2,4,0,0
23/02/2026,Alaves,Girona,2,2,D,17,10,6,5,7,6,18,6,2,2,0,0
27/02/2026,Levante,Alaves,2,0,H,22,17,5,7,10,6,14,16,1,6,0,1
28/02/2026,Vallecano,Ath Bilbao,1,1,D,15,8,7,2,5,4,8,17,2,3,0,0
28/02/2026,Barcelona,Villarreal,4,1,H,19,6,8,1,3,2,11,9,2,1,0,0
28/02/2026,Mallorca,Sociedad,0,1,A,6,12,1,2,3,7,6,22,0,2,0,0
28/02/2026,Oviedo,Ath Madrid,0,1,A,16,12,6,1,8,3,12,6,2,2,0,0
01/03/2026,Elche,Espanol,2,2,D,17,9,9,4,3,1,14,23,1,6,0,1
01/03/2026,Valencia,Osasuna,1,0,H,14,8,1,0,5,4,14,13,3,3,0,0
01/03/2026,Betis,Sevilla,2,2,D,9,14,2,6,4,3,12,15,3,3,0,0
01/03/2026,Girona,Celta,1,2,A,15,7,7,5,10,6,9,8,2,2,0,0
02/03/2026,Real Madrid,Getafe,0,1,A,18,9,7,3,10,2,11,17,4,6,1,1
04/03/2026,Vallecano,Oviedo,3,0,H,19,8,7,2,12,2,10,10,0,2,0,0
06/03/2026,Celta,Real Madrid,1,2,A,8,14,4,3,1,6,4,12,1,2,0,0
07/03/2026,Osasuna,Mallorca,2,2,D,22,8,5,4,8,0,11,12,2,5,1,1
07/03/2026,Levante,Girona,1,1,D,14,22,4,5,2,3,15,9,2,2,1,0
07/03/2026,Ath Madrid,Sociedad,3,2,H,24,7,9,3,8,1,6,10,1,1,0,0
07/03/2026,Ath Bilbao,Barcelona,0,1,A,10,7,3,2,2,4,11,9,2,1,0,0
08/03/2026,Villarreal,Elche,2,1,H,16,13,7,6,4,6,11,16,1,2,0,0
08/03/2026,Getafe,Betis,2,0,H,9,14,5,5,3,8,19,8,3,2,0,0
08/03/2026,Sevilla,Vallecano,1,1,D,11,9,2,2,6,2,13,15,1,3,0,0
08/03/2026,Valencia,Alaves,3,2,H,19,10,8,4,10,2,9,17,1,6,0,2
09/03/2026,Espanol,Oviedo,1,1,D,28,6,9,3,8,0,19,13,3,2,0,0
13/03/2026,Alaves,Villarreal,1,1,D,8,10,0,4,5,2,19,11,4,1,0,0
14/03/2026,Girona,Ath Bilbao,3,0,H,14,20,6,9,2,9,8,16,0,2,0,0
14/03/2026,Ath Madrid,Getafe,1,0,H,16,7,5,3,10,3,11,11,3,3,0,1
14/03/2026,Oviedo,Valencia,1,0,H,11,13,6,2,4,7,12,11,3,2,0,0
14/03/2026,Real Madrid,Elche,4,1,H,14,11,6,1,5,4,11,21,1,3,0,0
15/03/2026,Mallorca,Espanol,2,1,H,26,10,12,2,5,6,11,14,3,3,0,1
15/03/2026,Barcelona,Sevilla,5,2,H,13,8,8,4,3,4,5,14,0,1,0,0
15/03/2026,Betis,Celta,1,1,D,19,7,6,3,3,4,11,16,2,3,0,0
15/03/2026,Sociedad,Osasuna,3,1,H,14,13,6,5,3,5,16,11,3,0,0,0
16/03/2026,Vallecano,Levante,1,1,D,18,19,4,5,5,6,10,13,3,5,1,0
20/03/2026,Villarreal,Sociedad,3,1,H,21,11,10,4,4,5,10,11,0,2,0,0
21/03/2026,Elche,Mallorca,2,1,H,13,11,4,4,2,2,12,11,2,2,0,0
21/03/2026,Espanol,Getafe,1,2,A,15,10,5,5,12,9,14,20,2,7,0,0
21/03/2026,Levante,Oviedo,4,2,H,20,10,8,2,3,1,17,18,2,3,0,0
21/03/2026,Osasuna,Girona,1,0,H,19,5,11,0,6,2,18,7,2,1,0,0
21/03/2026,Sevilla,Valencia,0,2,A,13,9,2,4,1,3,13,6,2,1,0,0
22/03/2026,Barcelona,Vallecano,1,0,H,15,8,4,4,6,9,12,11,3,4,0,0
22/03/2026,Celta,Alaves,3,4,A,12,14,5,6,4,1,13,16,2,2,0,0
22/03/2026,Ath Bilbao,Betis,2,1,H,11,11,6,3,6,5,10,6,1,1,0,0
22/03/2026,Real Madrid,Ath Madrid,3,2,H,17,13,10,7,4,1,2,15,1,4,1,0
03/04/2026,Vallecano,Elche,1,0,H,21,9,5,4,9,4,17,9,0,4,0,1
04/04/2026,Sociedad,Levante,2,0,H,18,8,5,4,11,5,11,15,2,3,0,0
04/04/2026,Mallorca,Real Madrid,2,1,H,6,15,2,6,6,4,16,13,3,2,0,0
04/04/2026,Betis,Espanol,0,0,D,19,8,6,1,4,3,12,18,1,3,0,0
04/04/2026,Ath Madrid,Barcelona,1,2,A,6,22,2,8,1,9,15,11,6,2,1,0
05/04/2026,Getafe,Ath Bilbao,2,0,H,10,5,6,0,4,3,11,11,3,1,0,0
05/04/2026,Valencia,Celta,2,3,A,13,9,4,5,6,0,14,21,1,3,0,0
05/04/2026,Oviedo,Sevilla,1,0,H,7,9,4,0,5,9,11,12,5,3,0,1
05/04/2026,Alaves,Osasuna,2,2,D,18,8,6,5,7,1,7,17,2,5,0,0
06/04/2026,Girona,Villarreal,1,0,H,10,9,2,0,7,4,8,9,2,2,0,0
10/04/2026,Real Madrid,Girona,1,1,D,22,10,9,2,10,1,9,13,2,1,0,0
11/04/2026,Sociedad,Alaves,3,3,D,12,12,4,2,9,5,11,18,2,4,1,0
11/04/2026,Elche,Valencia,1,0,H,8,22,2,8,5,9,15,18,1,1,0,0
11/04/2026,Barcelona,Espanol,4,1,H,20,10,10,2,7,5,10,18,3,6,0,0
11/04/2026,Sevilla,Ath Madrid,2,1,H,11,13,2,2,6,6,7,12,4,4,0,0
12/04/2026,Osasuna,Betis,1,1,D,12,8,4,3,6,3,14,12,3,4,0,0
12/04/2026,Mallorca,Vallecano,3,0,H,12,17,4,3,6,7,13,11,1,4,0,0
12/04/2026,Celta,Oviedo,0,3,A,9,8,6,5,4,1,9,13,1,2,0,0
12/04/2026,Ath Bilbao,Villarreal,1,2,A,18,12,6,6,15,3,15,8,2,3,0,0
13/04/2026,Levante,Getafe,1,0,H,22,5,4,1,8,2,12,24,2,7,0,1
21/04/2026,Ath Bilbao,Osasuna,1,0,H,7,8,2,3,5,4,12,11,3,2,1,0
21/04/2026,Mallorca,Valencia,1,1,D,20,10,8,3,7,4,9,12,0,2,0,0
21/04/2026,Girona,Betis,2,3,A,9,7,2,3,3,1,11,18,1,3,0,0
21/04/2026,Real Madrid,Alaves,2,1,H,24,19,8,5,9,6,14,12,1,1,0,0
22/04/2026,Elche,Ath Madrid,3,2,H,14,6,6,3,13,3,11,12,2,2,0,1
22/04/2026,Sociedad,Getafe,0,1,A,13,5,4,0,6,3,13,22,4,5,0,0
22/04/2026,Barcelona,Celta,1,0,H,10,6,3,3,5,3,13,10,1,1,0,0
23/04/2026,Levante,Sevilla,2,0,H,8,7,3,0,3,6,17,16,3,4,0,0
23/04/2026,Vallecano,Espanol,1,0,H,17,15,6,4,6,5,12,15,2,4,0,0
23/04/2026,Oviedo,Villarreal,1,1,D,16,7,4,3,7,0,9,11,1,1,0,0
