Date,HomeTeam,AwayTeam,FTHG,FTAG,FTR,HS,AS,HST,AST,HC,AC,HF,AF,HY,AY,HR,AR
16/08/14,Arsenal,Crystal Palace,2.0,1.0,H,14.0,4.0,6.0,2.0,9.0,3.0,13.0,19.0,2.0,2.0,0.0,1.0
16/08/14,Leicester,Everton,2.0,2.0,D,11.0,13.0,3.0,3.0,3.0,6.0,16.0,10.0,1.0,1.0,0.0,0.0
16/08/14,Man United,Swansea,1.0,2.0,A,14.0,5.0,5.0,4.0,4.0,0.0,14.0,20.0,2.0,4.0,0.0,0.0
16/08/14,QPR,Hull,0.0,1.0,A,19.0,11.0,6.0,4.0,8.0,9.0,10.0,10.0,1.0,2.0,0.0,0.0
16/08/14,Stoke,Aston Villa,0.0,1.0,A,12.0,7.0,2.0,2.0,2.0,8.0,14.0,9.0,0.0,3.0,0.0,0.0
16/08/14,West Brom,Sunderland,2.0,2.0,D,10.0,7.0,5.0,2.0,6.0,3.0,18.0,9.0,3.0,1.0,0.0,0.0
16/08/14,West Ham,Tottenham,0.0,1.0,A,18.0,10.0,4.0,4.0,8.0,5.0,12.0,10.0,1.0,0.0,1.0,1.0
17/08/14,Liverpool,Southampton,2.0,1.0,H,12.0,12.0,5.0,6.0,2.0,6.0,8.0,11.0,1.0,2.0,0.0,0.0
17/08/14,Newcastle,Man City,0.0,2.0,A,12.0,13.0,0.0,5.0,3.0,3.0,8.0,11.0,1.0,5.0,0.0,0.0
18/08/14,Burnley,Chelsea,1.0,3.0,A,9.0,11.0,2.0,3.0,4.0,3.0,6.0,7.0,1.0,1.0,0.0,0.0
23/08/14,Aston Villa,Newcastle,0.0,0.0,D,9.0,11.0,0.0,4.0,7.0,7.0,11.0,8.0,4.0,0.0,0.0,1.0
23/08/14,Chelsea,Leicester,2.0,0.0,H,27.0,6.0,10.0,4.0,8.0,7.0,11.0,11.0,0.0,1.0,0.0,0.0
23/08/14,Crystal Palace,West Ham,1.0,3.0,A,9.0,17.0,4.0,8.0,6.0,9.0,14.0,11.0,1.0,3.0,0.0,0.0
23/08/14,Everton,Arsenal,2.0,2.0,D,8.0,13.0,2.0,3.0,3.0,3.0,10.0,18.0,1.0,4.0,0.0,0.0
23/08/14,Southampton,West Brom,0.0,0.0,D,8.0,8.0,2.0,2.0,1.0,5.0,14.0,15.0,1.0,2.0,0.0,0.0
23/08/14,Swansea,Burnley,1.0,0.0,H,10.0,12.0,5.0,1.0,2.0,3.0,14.0,13.0,2.0,1.0,0.0,0.0
24/08/14,Hull,Stoke,1.0,1.0,D,9.0,19.0,2.0,3.0,4.0,5.0,10.0,10.0,1.0,3.0,1.0,0.0
24/08/14,Sunderland,Man United,1.0,1.0,D,11.0,10.0,3.0,3.0,4.0,4.0,10.0,15.0,0.0,2.0,0.0,0.0
24/08/14,Tottenham,QPR,4.0,0.0,H,18.0,9.0,5.0,1.0,7.0,6.0,12.0,6.0,0.0,1.0,0.0,0.0
25/08/14,Man City,Liverpool,3.0,1.0,H,9.0,11.0,4.0,3.0,6.0,7.0,13.0,7.0,1.0,1.0,0.0,0.0
30/08/14,Burnley,Man United,0.0,0.0,D,9.0,7.0,3.0,2.0,3.0,6.0,10.0,14.0,2.0,2.0,0.0,0.0
30/08/14,Everton,Chelsea,3.0,6.0,A,17.0,12.0,7.0,8.0,8.0,2.0,7.0,16.0,1.0,3.0,0.0,0.0
30/08/14,Man City,Stoke,0.0,1.0,A,16.0,7.0,2.0,2.0,11.0,4.0,14.0,5.0,2.0,1.0,0.0,0.0
30/08/14,Newcastle,Crystal Palace,3.0,3.0,D,18.0,12.0,4.0,7.0,11.0,4.0,12.0,19.0,1.0,3.0,0.0,0.0
30/08/14,QPR,Sunderland,1.0,0.0,H,18.0,16.0,5.0,6.0,4.0,6.0,8.0,9.0,1.0,2.0,0.0,0.0
30/08/14,Swansea,West Brom,3.0,0.0,H,15.0,16.0,8.0,2.0,0.0,7.0,10.0,8.0,1.0,2.0,0.0,0.0
30/08/14,West Ham,Southampton,1.0,3.0,A,4.0,18.0,2.0,8.0,2.0,9.0,11.0,13.0,2.0,1.0,0.0,0.0
31/08/14,Aston Villa,Hull,2.0,1.0,H,11.0,9.0,4.0,3.0,3.0,7.0,9.0,10.0,1.0,4.0,0.0,0.0
31/08/14,Leicester,Arsenal,1.0,1.0,D,9.0,24.0,3.0,6.0,5.0,10.0,14.0,6.0,3.0,1.0,0.0,0.0
31/08/14,Tottenham,Liverpool,0.0,3.0,A,7.0,17.0,1.0,8.0,7.0,3.0,14.0,11.0,0.0,4.0,0.0,0.0
13/09/14,Arsenal,Man City,2.0,2.0,D,15.0,15.0,6.0,8.0,0.0,3.0,11.0,15.0,3.0,4.0,0.0,0.0
13/09/14,Chelsea,Swansea,4.0,2.0,H,29.0,11.0,9.0,2.0,7.0,4.0,12.0,11.0,0.0,3.0,0.0,0.0
13/09/14,Crystal Palace,Burnley,0.0,0.0,D,14.0,11.0,3.0,3.0,5.0,5.0,12.0,10.0,2.0,3.0,0.0,0.0
13/09/14,Liverpool,Aston Villa,0.0,1.0,A,18.0,5.0,1.0,1.0,7.0,6.0,9.0,10.0,2.0,1.0,0.0,0.0
13/09/14,Southampton,Newcastle,4.0,0.0,H,10.0,9.0,7.0,4.0,5.0,5.0,15.0,7.0,0.0,2.0,0.0,0.0
13/09/14,Stoke,Leicester,0.0,1.0,A,24.0,8.0,4.0,1.0,13.0,3.0,8.0,15.0,3.0,0.0,0.0,0.0
13/09/14,Sunderland,Tottenham,2.0,2.0,D,6.0,15.0,1.0,6.0,5.0,5.0,10.0,13.0,5.0,1.0,0.0,0.0
13/09/14,West Brom,Everton,0.0,2.0,A,11.0,11.0,1.0,4.0,9.0,1.0,12.0,8.0,2.0,3.0,0.0,0.0
14/09/14,Man United,QPR,4.0,0.0,H,19.0,9.0,9.0,2.0,3.0,1.0,11.0,8.0,1.0,0.0,0.0,0.0
15/09/14,Hull,West Ham,2.0,2.0,D,11.0,16.0,6.0,4.0,3.0,10.0,12.0,7.0,3.0,1.0,0.0,0.0
20/09/14,Aston Villa,Arsenal,0.0,3.0,A,6.0,9.0,2.0,3.0,5.0,5.0,11.0,9.0,1.0,3.0,0.0,0.0
20/09/14,Burnley,Sunderland,0.0,0.0,D,17.0,14.0,6.0,6.0,5.0,1.0,14.0,14.0,1.0,2.0,0.0,0.0
20/09/14,Newcastle,Hull,2.0,2.0,D,25.0,10.0,7.0,3.0,4.0,2.0,11.0,11.0,4.0,2.0,0.0,0.0
20/09/14,QPR,Stoke,2.0,2.0,D,21.0,8.0,5.0,4.0,10.0,1.0,6.0,15.0,2.0,4.0,0.0,0.0
20/09/14,Swansea,Southampton,0.0,1.0,A,5.0,11.0,2.0,4.0,2.0,4.0,11.0,15.0,0.0,4.0,1.0,0.0
20/09/14,West Ham,Liverpool,3.0,1.0,H,13.0,11.0,7.0,5.0,7.0,5.0,16.0,11.0,4.0,1.0,0.0,0.0
21/09/14,Everton,Crystal Palace,2.0,3.0,A,17.0,10.0,6.0,3.0,7.0,1.0,8.0,13.0,2.0,2.0,0.0,0.0
21/09/14,Leicester,Man United,5.0,3.0,H,15.0,16.0,5.0,5.0,2.0,4.0,11.0,9.0,1.0,1.0,0.0,1.0
21/09/14,Man City,Chelsea,1.0,1.0,D,16.0,6.0,4.0,2.0,14.0,2.0,16.0,12.0,3.0,4.0,1.0,0.0
21/09/14,Tottenham,West Brom,0.0,1.0,A,7.0,10.0,1.0,4.0,9.0,7.0,12.0,7.0,2.0,2.0,0.0,0.0
27/09/14,Arsenal,Tottenham,1.0,1.0,D,16.0,6.0,6.0,4.0,15.0,5.0,7.0,16.0,3.0,6.0,0.0,0.0
27/09/14,Chelsea,Aston Villa,3.0,0.0,H,17.0,7.0,8.0,1.0,9.0,2.0,11.0,9.0,2.0,2.0,0.0,0.0
27/09/14,Crystal Palace,Leicester,2.0,0.0,H,16.0,7.0,6.0,1.0,6.0,6.0,14.0,9.0,0.0,2.0,0.0,0.0
27/09/14,Hull,Man City,2.0,4.0,A,10.0,20.0,5.0,6.0,3.0,8.0,10.0,6.0,0.0,2.0,0.0,0.0
27/09/14,Liverpool,Everton,1.0,1.0,D,24.0,11.0,8.0,5.0,8.0,2.0,8.0,9.0,2.0,1.0,0.0,0.0
27/09/14,Man United,West Ham,2.0,1.0,H,8.0,13.0,3.0,4.0,7.0,10.0,10.0,12.0,1.0,3.0,1.0,0.0
27/09/14,Southampton,QPR,2.0,1.0,H,19.0,10.0,9.0,2.0,6.0,3.0,12.0,11.0,2.0,1.0,0.0,0.0
27/09/14,Sunderland,Swansea,0.0,0.0,D,15.0,7.0,3.0,1.0,10.0,1.0,13.0,15.0,2.0,1.0,0.0,1.0
28/09/14,West Brom,Burnley,4.0,0.0,H,20.0,10.0,6.0,2.0,10.0,2.0,7.0,9.0,1.0,2.0,0.0,0.0
29/09/14,Stoke,Newcastle,1.0,0.0,H,12.0,16.0,3.0,1.0,2.0,10.0,20.0,15.0,1.0,2.0,0.0,0.0
04/10/14,Aston Villa,Man City,0.0,2.0,A,6.0,27.0,1.0,7.0,0.0,7.0,4.0,6.0,0.0,1.0,0.0,0.0
04/10/14,Hull,Crystal Palace,2.0,0.0,H,15.0,11.0,2.0,2.0,6.0,7.0,6.0,14.0,1.0,2.0,0.0,0.0
04/10/14,Leicester,Burnley,2.0,2.0,D,15.0,10.0,6.0,4.0,9.0,3.0,16.0,12.0,2.0,2.0,0.0,0.0
04/10/14,Liverpool,West Brom,2.0,1.0,H,19.0,8.0,7.0,4.0,5.0,5.0,12.0,15.0,2.0,2.0,0.0,0.0
04/10/14,Sunderland,Stoke,3.0,1.0,H,8.0,11.0,3.0,5.0,7.0,4.0,10.0,17.0,3.0,4.0,0.0,0.0
04/10/14,Swansea,Newcastle,2.0,2.0,D,11.0,9.0,5.0,4.0,3.0,1.0,11.0,15.0,1.0,3.0,0.0,0.0
05/10/14,Chelsea,Arsenal,2.0,0.0,H,5.0,10.0,3.0,0.0,2.0,2.0,14.0,10.0,4.0,3.0,0.0,0.0
05/10/14,Man United,Everton,2.0,1.0,H,15.0,10.0,4.0,6.0,11.0,6.0,18.0,11.0,4.0,3.0,0.0,0.0
05/10/14,Tottenham,Southampton,1.0,0.0,H,9.0,7.0,4.0,3.0,10.0,5.0,15.0,9.0,2.0,1.0,0.0,0.0
05/10/14,West Ham,QPR,2.0,0.0,H,11.0,10.0,3.0,3.0,7.0,5.0,10.0,11.0,2.0,2.0,0.0,0.0
18/10/14,Arsenal,Hull,2.0,2.0,D,25.0,4.0,9.0,4.0,10.0,0.0,9.0,13.0,2.0,2.0,0.0,0.0
18/10/14,Burnley,West Ham,1.0,3.0,A,17.0,22.0,3.0,6.0,5.0,7.0,3.0,10.0,0.0,1.0,0.0,0.0
18/10/14,Crystal Palace,Chelsea,1.0,2.0,A,7.0,14.0,4.0,5.0,3.0,2.0,13.0,7.0,1.0,1.0,1.0,1.0
18/10/14,Everton,Aston Villa,3.0,0.0,H,15.0,10.0,6.0,2.0,3.0,4.0,11.0,16.0,2.0,2.0,0.0,0.0
18/10/14,Man City,Tottenham,4.0,1.0,H,20.0,19.0,12.0,7.0,3.0,4.0,11.0,9.0,1.0,2.0,0.0,1.0
18/10/14,Newcastle,Leicester,1.0,0.0,H,19.0,7.0,6.0,2.0,10.0,7.0,13.0,15.0,0.0,3.0,0.0,0.0
18/10/14,Southampton,Sunderland,8.0,0.0,H,20.0,12.0,11.0,1.0,5.0,6.0,11.0,8.0,1.0,3.0,0.0,0.0
19/10/14,QPR,Liverpool,2.0,3.0,A,15.0,15.0,6.0,5.0,7.0,2.0,10.0,15.0,2.0,3.0,0.0,0.0
19/10/14,Stoke,Swansea,2.0,1.0,H,17.0,13.0,3.0,5.0,3.0,5.0,17.0,7.0,4.0,1.0,0.0,0.0
20/10/14,West Brom,Man United,2.0,2.0,D,8.0,22.0,2.0,7.0,0.0,11.0,6.0,8.0,1.0,2.0,0.0,0.0
25/10/14,Liverpool,Hull,0.0,0.0,D,17.0,6.0,4.0,3.0,14.0,1.0,12.0,17.0,3.0,2.0,0.0,0.0
25/10/14,Southampton,Stoke,1.0,0.0,H,20.0,8.0,2.0,1.0,6.0,3.0,10.0,12.0,0.0,2.0,0.0,0.0
25/10/14,Sunderland,Arsenal,0.0,2.0,A,11.0,15.0,3.0,5.0,3.0,3.0,11.0,9.0,3.0,3.0,0.0,0.0
25/10/14,Swansea,Leicester,2.0,0.0,H,7.0,9.0,3.0,4.0,2.0,2.0,7.0,10.0,0.0,0.0,0.0,0.0
25/10/14,West Brom,Crystal Palace,2.0,2.0,D,17.0,8.0,4.0,6.0,6.0,3.0,14.0,8.0,3.0,1.0,0.0,0.0
25/10/14,West Ham,Man City,2.0,1.0,H,12.0,21.0,4.0,5.0,4.0,8.0,12.0,14.0,2.0,1.0,0.0,0.0
26/10/14,Burnley,Everton,1.0,3.0,A,14.0,15.0,3.0,6.0,5.0,4.0,12.0,7.0,4.0,2.0,0.0,0.0
26/10/14,Man United,Chelsea,1.0,1.0,D,19.0,9.0,7.0,4.0,4.0,7.0,13.0,14.0,3.0,5.0,0.0,1.0
26/10/14,Tottenham,Newcastle,1.0,2.0,A,17.0,8.0,2.0,2.0,10.0,2.0,9.0,12.0,2.0,4.0,0.0,0.0
27/10/14,QPR,Aston Villa,2.0,0.0,H,11.0,15.0,4.0,6.0,2.0,4.0,11.0,14.0,0.0,2.0,0.0,0.0
01/11/14,Arsenal,Burnley,3.0,0.0,H,32.0,6.0,13.0,2.0,18.0,1.0,5.0,9.0,0.0,1.0,0.0,0.0
01/11/14,Chelsea,QPR,2.0,1.0,H,18.0,7.0,8.0,1.0,13.0,2.0,8.0,12.0,0.0,0.0,0.0,0.0
01/11/14,Everton,Swansea,0.0,0.0,D,17.0,8.0,3.0,0.0,11.0,0.0,10.0,15.0,2.0,3.0,0.0,1.0
01/11/14,Hull,Southampton,0.0,1.0,A,8.0,10.0,1.0,3.0,7.0,4.0,6.0,9.0,1.0,0.0,0.0,0.0
01/11/14,Leicester,West Brom,0.0,1.0,A,14.0,8.0,5.0,3.0,8.0,3.0,5.0,12.0,0.0,1.0,0.0,0.0
01/11/14,Newcastle,Liverpool,1.0,0.0,H,14.0,6.0,3.0,3.0,7.0,2.0,13.0,8.0,4.0,3.0,0.0,0.0
01/11/14,Stoke,West Ham,2.0,2.0,D,21.0,10.0,6.0,2.0,9.0,2.0,14.0,13.0,1.0,1.0,0.0,0.0
02/11/14,Aston Villa,Tottenham,1.0,2.0,A,12.0,18.0,1.0,7.0,3.0,9.0,12.0,11.0,3.0,3.0,1.0,0.0
02/11/14,Man City,Man United,1.0,0.0,H,16.0,9.0,6.0,2.0,7.0,4.0,15.0,9.0,3.0,1.0,0.0,1.0
03/11/14,Crystal Palace,Sunderland,1.0,3.0,A,9.0,8.0,1.0,7.0,11.0,2.0,12.0,19.0,0.0,3.0,1.0,0.0
08/11/14,Burnley,Hull,1.0,0.0,H,14.0,12.0,3.0,1.0,7.0,1.0,17.0,17.0,6.0,4.0,0.0,0.0
08/11/14,Liverpool,Chelsea,1.0,2.0,A,12.0,15.0,4.0,5.0,5.0,7.0,9.0,12.0,2.0,5.0,0.0,0.0
08/11/14,Man United,Crystal Palace,1.0,0.0,H,23.0,6.0,5.0,1.0,11.0,4.0,8.0,12.0,1.0,3.0,0.0,0.0
08/11/14,QPR,Man City,2.0,2.0,D,17.0,23.0,4.0,6.0,7.0,7.0,9.0,10.0,4.0,2.0,0.0,0.0
08/11/14,Southampton,Leicester,2.0,0.0,H,18.0,5.0,6.0,0.0,13.0,4.0,10.0,12.0,2.0,2.0,0.0,0.0
08/11/14,West Ham,Aston Villa,0.0,0.0,D,21.0,12.0,5.0,4.0,13.0,2.0,9.0,10.0,0.0,3.0,0.0,0.0
09/11/14,Sunderland,Everton,1.0,1.0,D,10.0,16.0,3.0,7.0,5.0,4.0,11.0,13.0,1.0,2.0,0.0,0.0
09/11/14,Swansea,Arsenal,2.0,1.0,H,11.0,12.0,5.0,4.0,6.0,10.0,10.0,16.0,5.0,5.0,0.0,0.0
09/11/14,Tottenham,Stoke,1.0,2.0,A,14.0,11.0,4.0,4.0,5.0,5.0,20.0,13.0,3.0,2.0,1.0,0.0
09/11/14,West Brom,Newcastle,0.0,2.0,A,10.0,8.0,2.0,3.0,7.0,4.0,12.0,6.0,0.0,0.0,0.0,0.0
22/11/14,Arsenal,Man United,1.0,2.0,A,23.0,12.0,9.0,2.0,11.0,5.0,12.0,8.0,2.0,1.0,0.0,0.0
22/11/14,Chelsea,West Brom,2.0,0.0,H,21.0,5.0,8.0,1.0,15.0,0.0,7.0,9.0,1.0,0.0,0.0,1.0
22/11/14,Everton,West Ham,2.0,1.0,H,14.0,14.0,4.0,3.0,1.0,5.0,10.0,13.0,2.0,3.0,0.0,0.0
22/11/14,Leicester,Sunderland,0.0,0.0,D,13.0,10.0,4.0,5.0,6.0,9.0,18.0,12.0,2.0,3.0,0.0,0.0
22/11/14,Man City,Swansea,2.0,1.0,H,23.0,8.0,10.0,3.0,7.0,3.0,13.0,9.0,2.0,1.0,0.0,0.0
22/11/14,Newcastle,QPR,1.0,0.0,H,14.0,13.0,6.0,4.0,16.0,7.0,12.0,15.0,2.0,3.0,0.0,0.0
22/11/14,Stoke,Burnley,1.0,2.0,A,25.0,5.0,4.0,4.0,14.0,0.0,10.0,9.0,2.0,2.0,0.0,0.0
23/11/14,Crystal Palace,Liverpool,3.0,1.0,H,15.0,12.0,5.0,1.0,4.0,3.0,21.0,10.0,1.0,2.0,0.0,0.0
23/11/14,Hull,Tottenham,1.0,2.0,A,10.0,23.0,2.0,6.0,3.0,9.0,15.0,9.0,3.0,1.0,1.0,0.0
24/11/14,Aston Villa,Southampton,1.0,1.0,D,7.0,15.0,1.0,4.0,2.0,8.0,15.0,17.0,1.0,2.0,0.0,0.0
29/11/14,Burnley,Aston Villa,1.0,1.0,D,11.0,18.0,4.0,7.0,1.0,5.0,8.0,8.0,3.0,4.0,0.0,0.0
29/11/14,Liverpool,Stoke,1.0,0.0,H,16.0,13.0,3.0,4.0,5.0,5.0,11.0,9.0,0.0,3.0,0.0,0.0
29/11/14,Man United,Hull,3.0,0.0,H,12.0,4.0,6.0,2.0,7.0,0.0,12.0,12.0,2.0,2.0,0.0,0.0
29/11/14,QPR,Leicester,3.0,2.0,H,32.0,19.0,6.0,5.0,11.0,5.0,8.0,17.0,3.0,2.0,0.0,0.0
29/11/14,Sunderland,Chelsea,0.0,0.0,D,12.0,24.0,3.0,6.0,2.0,8.0,13.0,10.0,3.0,2.0,0.0,0.0
29/11/14,Swansea,Crystal Palace,1.0,1.0,D,18.0,11.0,4.0,5.0,4.0,6.0,6.0,12.0,0.0,2.0,0.0,0.0
29/11/14,West Brom,Arsenal,0.0,1.0,A,9.0,17.0,1.0,5.0,4.0,4.0,9.0,10.0,2.0,1.0,0.0,0.0
29/11/14,West Ham,Newcastle,1.0,0.0,H,12.0,7.0,3.0,1.0,6.0,2.0,9.0,16.0,3.0,2.0,0.0,1.0
30/11/14,Southampton,Man City,0.0,3.0,A,13.0,15.0,4.0,6.0,8.0,6.0,10.0,13.0,1.0,2.0,0.0,1.0
30/11/14,Tottenham,Everton,2.0,1.0,H,13.0,10.0,6.0,5.0,3.0,4.0,15.0,5.0,5.0,1.0,0.0,0.0
02/12/14,Burnley,Newcastle,1.0,1.0,D,12.0,11.0,2.0,4.0,2.0,5.0,12.0,12.0,2.0,2.0,0.0,0.0
02/12/14,Crystal Palace,Aston Villa,0.0,1.0,A,17.0,5.0,5.0,3.0,8.0,2.0,16.0,15.0,2.0,2.0,0.0,0.0
02/12/14,Leicester,Liverpool,1.0,3.0,A,20.0,11.0,4.0,3.0,7.0,4.0,11.0,10.0,1.0,2.0,1.0,0.0
02/12/14,Man United,Stoke,2.0,1.0,H,10.0,5.0,3.0,4.0,2.0,2.0,8.0,13.0,2.0,4.0,0.0,0.0
02/12/14,Swansea,QPR,2.0,0.0,H,18.0,5.0,7.0,1.0,9.0,2.0,8.0,12.0,2.0,2.0,0.0,0.0
02/12/14,West Brom,West Ham,1.0,2.0,A,23.0,11.0,5.0,6.0,7.0,3.0,11.0,17.0,2.0,1.0,0.0,0.0
03/12/14,Arsenal,Southampton,1.0,0.0,H,19.0,6.0,8.0,1.0,9.0,4.0,7.0,14.0,0.0,2.0,0.0,0.0
03/12/14,Chelsea,Tottenham,3.0,0.0,H,12.0,10.0,8.0,2.0,1.0,6.0,9.0,9.0,1.0,1.0,0.0,0.0
03/12/14,Everton,Hull,1.0,1.0,D,13.0,8.0,5.0,1.0,6.0,4.0,8.0,12.0,1.0,1.0,0.0,0.0
03/12/14,Sunderland,Man City,1.0,4.0,A,8.0,15.0,2.0,4.0,2.0,0.0,9.0,8.0,1.0,1.0,0.0,0.0
06/12/14,Hull,West Brom,0.0,0.0,D,12.0,6.0,2.0,3.0,3.0,2.0,10.0,16.0,1.0,1.0,0.0,0.0
06/12/14,Liverpool,Sunderland,0.0,0.0,D,15.0,7.0,2.0,1.0,5.0,7.0,12.0,15.0,1.0,3.0,0.0,0.0
06/12/14,Man City,Everton,1.0,0.0,H,19.0,9.0,3.0,2.0,11.0,7.0,8.0,11.0,3.0,3.0,0.0,0.0
06/12/14,Newcastle,Chelsea,2.0,1.0,H,9.0,26.0,3.0,8.0,1.0,10.0,8.0,6.0,2.0,3.0,1.0,0.0
06/12/14,QPR,Burnley,2.0,0.0,H,11.0,15.0,6.0,3.0,3.0,11.0,12.0,12.0,1.0,1.0,1.0,0.0
06/12/14,Stoke,Arsenal,3.0,2.0,H,13.0,15.0,4.0,6.0,3.0,9.0,17.0,14.0,3.0,2.0,0.0,1.0
06/12/14,Tottenham,Crystal Palace,0.0,0.0,D,14.0,16.0,3.0,4.0,2.0,12.0,11.0,10.0,1.0,0.0,0.0,0.0
07/12/14,Aston Villa,Leicester,2.0,1.0,H,16.0,10.0,7.0,4.0,5.0,5.0,9.0,14.0,4.0,4.0,0.0,1.0
07/12/14,West Ham,Swansea,3.0,1.0,H,15.0,11.0,7.0,2.0,7.0,4.0,11.0,18.0,0.0,1.0,0.0,1.0
08/12/14,Southampton,Man United,1.0,2.0,A,15.0,3.0,4.0,2.0,5.0,1.0,12.0,9.0,2.0,1.0,0.0,0.0
13/12/14,Arsenal,Newcastle,4.0,1.0,H,17.0,10.0,4.0,4.0,9.0,6.0,14.0,15.0,2.0,2.0,0.0,0.0
13/12/14,Burnley,Southampton,1.0,0.0,H,7.0,15.0,2.0,4.0,2.0,5.0,15.0,11.0,1.0,3.0,0.0,0.0
13/12/14,Chelsea,Hull,2.0,0.0,H,12.0,8.0,3.0,0.0,5.0,4.0,13.0,13.0,3.0,3.0,0.0,1.0
13/12/14,Crystal Palace,Stoke,1.0,1.0,D,10.0,7.0,3.0,3.0,9.0,8.0,12.0,11.0,2.0,0.0,0.0,0.0
13/12/14,Leicester,Man City,0.0,1.0,A,7.0,9.0,1.0,4.0,8.0,2.0,15.0,13.0,0.0,2.0,0.0,0.0
13/12/14,Sunderland,West Ham,1.0,1.0,D,13.0,19.0,4.0,8.0,6.0,8.0,11.0,18.0,2.0,2.0,0.0,0.0
13/12/14,West Brom,Aston Villa,1.0,0.0,H,13.0,7.0,5.0,2.0,4.0,2.0,17.0,12.0,4.0,2.0,0.0,1.0
14/12/14,Man United,Liverpool,3.0,0.0,H,11.0,19.0,6.0,9.0,2.0,7.0,13.0,14.0,4.0,3.0,0.0,0.0
14/12/14,Swansea,Tottenham,1.0,2.0,A,15.0,10.0,3.0,4.0,7.0,9.0,7.0,17.0,3.0,4.0,0.0,0.0
15/12/14,Everton,QPR,3.0,1.0,H,13.0,17.0,5.0,4.0,1.0,8.0,11.0,12.0,1.0,1.0,0.0,0.0
20/12/14,Aston Villa,Man United,1.0,1.0,D,10.0,16.0,4.0,9.0,3.0,9.0,9.0,10.0,1.0,1.0,1.0,0.0
20/12/14,Hull,Swansea,0.0,1.0,A,11.0,13.0,3.0,3.0,4.0,5.0,14.0,16.0,2.0,2.0,0.0,0.0
20/12/14,Man City,Crystal Palace,3.0,0.0,H,15.0,6.0,3.0,1.0,8.0,6.0,17.0,5.0,2.0,1.0,0.0,0.0
20/12/14,QPR,West Brom,3.0,2.0,H,17.0,16.0,7.0,6.0,5.0,11.0,16.0,8.0,1.0,0.0,0.0,0.0
20/12/14,Southampton,Everton,3.0,0.0,H,11.0,13.0,3.0,4.0,4.0,6.0,11.0,10.0,1.0,1.0,0.0,0.0
20/12/14,Tottenham,Burnley,2.0,1.0,H,23.0,9.0,6.0,5.0,9.0,6.0,9.0,8.0,1.0,0.0,0.0,0.0
20/12/14,West Ham,Leicester,2.0,0.0,H,10.0,10.0,2.0,4.0,9.0,4.0,8.0,17.0,0.0,3.0,0.0,0.0
21/12/14,Liverpool,Arsenal,2.0,2.0,D,27.0,7.0,10.0,3.0,10.0,6.0,6.0,14.0,0.0,3.0,1.0,0.0
21/12/14,Newcastle,Sunderland,0.0,1.0,A,15.0,16.0,7.0,3.0,7.0,1.0,15.0,15.0,4.0,4.0,0.0,0.0
22/12/14,Stoke,Chelsea,0.0,2.0,A,13.0,15.0,2.0,6.0,6.0,5.0,11.0,4.0,3.0,0.0,0.0,0.0
26/12/14,Arsenal,QPR,2.0,1.0,H,15.0,16.0,5.0,2.0,6.0,2.0,6.0,15.0,1.0,4.0,1.0,0.0
26/12/14,Burnley,Liverpool,0.0,1.0,A,16.0,10.0,0.0,3.0,8.0,2.0,7.0,5.0,0.0,1.0,0.0,0.0
26/12/14,Chelsea,West Ham,2.0,0.0,H,28.0,6.0,9.0,0.0,8.0,6.0,8.0,14.0,0.0,3.0,0.0,0.0
26/12/14,Crystal Palace,Southampton,1.0,3.0,A,11.0,13.0,4.0,6.0,8.0,4.0,15.0,10.0,1.0,0.0,0.0,0.0
26/12/14,Everton,Stoke,0.0,1.0,A,16.0,12.0,5.0,2.0,9.0,3.0,9.0,15.0,2.0,3.0,0.0,0.0
26/12/14,Leicester,Tottenham,1.0,2.0,A,22.0,8.0,6.0,3.0,11.0,1.0,10.0,14.0,1.0,2.0,0.0,0.0
26/12/14,Man United,Newcastle,3.0,1.0,H,9.0,8.0,4.0,4.0,4.0,5.0,16.0,9.0,1.0,2.0,0.0,0.0
26/12/14,Sunderland,Hull,1.0,3.0,A,12.0,13.0,3.0,5.0,10.0,4.0,12.0,6.0,4.0,2.0,0.0,0.0
26/12/14,Swansea,Aston Villa,1.0,0.0,H,7.0,11.0,2.0,3.0,4.0,0.0,17.0,12.0,1.0,4.0,0.0,0.0
26/12/14,West Brom,Man City,1.0,3.0,A,18.0,9.0,6.0,5.0,10.0,6.0,5.0,9.0,0.0,1.0,0.0,0.0
28/12/14,Aston Villa,Sunderland,0.0,0.0,D,14.0,15.0,3.0,3.0,4.0,4.0,4.0,11.0,1.0,4.0,1.0,0.0
28/12/14,Hull,Leicester,0.0,1.0,A,18.0,4.0,5.0,2.0,7.0,1.0,12.0,12.0,0.0,1.0,1.0,1.0
28/12/14,Man City,Burnley,2.0,2.0,D,17.0,12.0,6.0,3.0,10.0,3.0,18.0,9.0,4.0,1.0,0.0,0.0
28/12/14,Newcastle,Everton,3.0,2.0,H,13.0,9.0,6.0,2.0,8.0,3.0,13.0,8.0,2.0,2.0,0.0,0.0
28/12/14,QPR,Crystal Palace,0.0,0.0,D,11.0,10.0,3.0,3.0,9.0,4.0,11.0,17.0,2.0,1.0,0.0,0.0
28/12/14,Southampton,Chelsea,1.0,1.0,D,9.0,7.0,1.0,1.0,4.0,6.0,23.0,14.0,2.0,2.0,1.0,0.0
28/12/14,Stoke,West Brom,2.0,0.0,H,13.0,15.0,3.0,4.0,5.0,3.0,11.0,14.0,0.0,2.0,0.0,0.0
28/12/14,Tottenham,Man United,0.0,0.0,D,9.0,9.0,4.0,5.0,3.0,6.0,11.0,19.0,2.0,4.0,0.0,0.0
28/12/14,West Ham,Arsenal,1.0,2.0,A,14.0,21.0,4.0,7.0,7.0,8.0,12.0,13.0,3.0,3.0,0.0,0.0
29/12/14,Liverpool,Swansea,4.0,1.0,H,21.0,11.0,11.0,4.0,6.0,3.0,8.0,5.0,1.0,0.0,0.0,0.0
01/01/15,Aston Villa,Crystal Palace,0.0,0.0,D,14.0,6.0,3.0,0.0,5.0,2.0,11.0,12.0,1.0,1.0,0.0,0.0
01/01/15,Hull,Everton,2.0,0.0,H,14.0,9.0,5.0,3.0,4.0,8.0,16.0,15.0,2.0,3.0,0.0,1.0
01/01/15,Liverpool,Leicester,2.0,2.0,D,18.0,16.0,6.0,3.0,4.0,5.0,13.0,10.0,2.0,2.0,0.0,0.0
01/01/15,Man City,Sunderland,3.0,2.0,H,32.0,4.0,12.0,4.0,10.0,4.0,14.0,7.0,2.0,3.0,0.0,0.0
01/01/15,Newcastle,Burnley,3.0,3.0,D,10.0,15.0,4.0,4.0,5.0,5.0,12.0,13.0,2.0,4.0,0.0,0.0
01/01/15,QPR,Swansea,1.0,1.0,D,24.0,25.0,6.0,6.0,4.0,9.0,22.0,5.0,4.0,0.0,0.0,1.0
01/01/15,Southampton,Arsenal,2.0,0.0,H,13.0,11.0,6.0,6.0,2.0,7.0,14.0,7.0,2.0,1.0,0.0,0.0
01/01/15,Stoke,Man United,1.0,1.0,D,11.0,6.0,2.0,2.0,11.0,7.0,8.0,12.0,0.0,0.0,0.0,0.0
01/01/15,Tottenham,Chelsea,5.0,3.0,H,11.0,19.0,8.0,7.0,5.0,3.0,14.0,10.0,3.0,1.0,0.0,0.0
01/01/15,West Ham,West Brom,1.0,1.0,D,8.0,14.0,3.0,3.0,0.0,1.0,6.0,13.0,1.0,0.0,0.0,0.0
10/01/15,Burnley,QPR,2.0,1.0,H,18.0,17.0,7.0,7.0,10.0,6.0,14.0,9.0,2.0,2.0,0.0,0.0
10/01/15,Chelsea,Newcastle,2.0,0.0,H,9.0,11.0,5.0,5.0,7.0,4.0,13.0,13.0,2.0,3.0,0.0,0.0
10/01/15,Crystal Palace,Tottenham,2.0,1.0,H,21.0,9.0,7.0,5.0,4.0,6.0,9.0,14.0,5.0,3.0,0.0,0.0
10/01/15,Everton,Man City,1.0,1.0,D,11.0,18.0,4.0,2.0,4.0,9.0,9.0,10.0,1.0,2.0,0.0,0.0
10/01/15,Leicester,Aston Villa,1.0,0.0,H,11.0,12.0,3.0,1.0,6.0,6.0,18.0,6.0,1.0,1.0,1.0,1.0
10/01/15,Sunderland,Liverpool,0.0,1.0,A,5.0,21.0,1.0,4.0,6.0,6.0,12.0,11.0,1.0,4.0,1.0,0.0
10/01/15,Swansea,West Ham,1.0,1.0,D,19.0,11.0,3.0,5.0,4.0,5.0,9.0,7.0,0.0,1.0,0.0,0.0
10/01/15,West Brom,Hull,1.0,0.0,H,9.0,12.0,3.0,2.0,5.0,2.0,5.0,13.0,1.0,0.0,0.0,0.0
11/01/15,Arsenal,Stoke,3.0,0.0,H,14.0,7.0,6.0,2.0,9.0,1.0,11.0,11.0,0.0,3.0,0.0,0.0
11/01/15,Man United,Southampton,0.0,1.0,A,10.0,9.0,0.0,1.0,3.0,5.0,9.0,10.0,2.0,3.0,0.0,0.0
17/01/15,Aston Villa,Liverpool,0.0,2.0,A,15.0,12.0,4.0,5.0,9.0,5.0,13.0,11.0,1.0,1.0,0.0,0.0
17/01/15,Burnley,Crystal Palace,2.0,3.0,A,7.0,11.0,4.0,4.0,5.0,7.0,10.0,20.0,1.0,3.0,0.0,0.0
17/01/15,Leicester,Stoke,0.0,1.0,A,7.0,13.0,3.0,3.0,6.0,5.0,9.0,6.0,1.0,0.0,0.0,0.0
17/01/15,Newcastle,Southampton,1.0,2.0,A,16.0,5.0,3.0,3.0,9.0,0.0,9.0,8.0,0.0,2.0,0.0,0.0
17/01/15,QPR,Man United,0.0,2.0,A,18.0,12.0,4.0,7.0,3.0,3.0,12.0,10.0,3.0,2.0,0.0,0.0
17/01/15,Swansea,Chelsea,0.0,5.0,A,11.0,21.0,0.0,11.0,1.0,2.0,9.0,13.0,0.0,0.0,0.0,0.0
17/01/15,Tottenham,Sunderland,2.0,1.0,H,25.0,8.0,8.0,4.0,6.0,6.0,14.0,8.0,1.0,2.0,0.0,0.0
18/01/15,Man City,Arsenal,0.0,2.0,A,12.0,9.0,4.0,3.0,16.0,3.0,12.0,5.0,3.0,3.0,0.0,0.0
18/01/15,West Ham,Hull,3.0,0.0,H,17.0,9.0,6.0,3.0,4.0,7.0,5.0,14.0,1.0,3.0,0.0,0.0
19/01/15,Everton,West Brom,0.0,0.0,D,17.0,5.0,4.0,0.0,8.0,1.0,11.0,12.0,3.0,2.0,0.0,0.0
31/01/15,Chelsea,Man City,1.0,1.0,D,3.0,10.0,2.0,5.0,1.0,4.0,12.0,14.0,0.0,2.0,0.0,0.0
31/01/15,Crystal Palace,Everton,0.0,1.0,A,13.0,14.0,3.0,2.0,6.0,1.0,12.0,14.0,0.0,3.0,0.0,0.0
31/01/15,Hull,Newcastle,0.0,3.0,A,13.0,12.0,8.0,5.0,3.0,3.0,15.0,13.0,4.0,1.0,0.0,0.0
31/01/15,Liverpool,West Ham,2.0,0.0,H,21.0,7.0,7.0,2.0,5.0,7.0,12.0,12.0,1.0,1.0,0.0,0.0
31/01/15,Man United,Leicester,3.0,1.0,H,12.0,4.0,5.0,1.0,4.0,3.0,8.0,12.0,0.0,1.0,0.0,0.0
31/01/15,Stoke,QPR,3.0,1.0,H,15.0,14.0,3.0,4.0,3.0,5.0,11.0,12.0,2.0,2.0,0.0,0.0
31/01/15,Sunderland,Burnley,2.0,0.0,H,8.0,13.0,3.0,4.0,6.0,3.0,12.0,12.0,3.0,1.0,0.0,0.0
31/01/15,West Brom,Tottenham,0.0,3.0,A,13.0,14.0,4.0,4.0,6.0,3.0,8.0,13.0,2.0,1.0,0.0,0.0
01/02/15,Arsenal,Aston Villa,5.0,0.0,H,13.0,9.0,8.0,2.0,7.0,7.0,6.0,10.0,0.0,2.0,0.0,0.0
01/02/15,Southampton,Swansea,0.0,1.0,A,15.0,6.0,6.0,1.0,9.0,0.0,11.0,9.0,1.0,1.0,1.0,0.0
07/02/15,Aston Villa,Chelsea,1.0,2.0,A,8.0,12.0,1.0,5.0,7.0,7.0,8.0,7.0,3.0,2.0,0.0,0.0
07/02/15,Everton,Liverpool,0.0,0.0,D,6.0,17.0,1.0,6.0,3.0,6.0,11.0,7.0,4.0,1.0,0.0,0.0
07/02/15,Leicester,Crystal Palace,0.0,1.0,A,19.0,14.0,5.0,2.0,8.0,6.0,15.0,6.0,4.0,1.0,0.0,0.0
07/02/15,Man City,Hull,1.0,1.0,D,18.0,7.0,5.0,3.0,13.0,1.0,9.0,8.0,2.0,4.0,0.0,0.0
07/02/15,QPR,Southampton,0.0,1.0,A,12.0,16.0,3.0,5.0,3.0,4.0,13.0,16.0,2.0,2.0,0.0,0.0
07/02/15,Swansea,Sunderland,1.0,1.0,D,16.0,4.0,7.0,1.0,7.0,1.0,11.0,13.0,3.0,4.0,0.0,0.0
07/02/15,Tottenham,Arsenal,2.0,1.0,H,23.0,7.0,8.0,3.0,10.0,3.0,8.0,12.0,3.0,5.0,0.0,0.0
08/02/15,Burnley,West Brom,2.0,2.0,D,12.0,12.0,5.0,5.0,5.0,6.0,10.0,15.0,0.0,4.0,0.0,0.0
08/02/15,Newcastle,Stoke,1.0,1.0,D,9.0,7.0,3.0,3.0,5.0,8.0,14.0,17.0,2.0,4.0,0.0,0.0
08/02/15,West Ham,Man United,1.0,1.0,D,13.0,18.0,6.0,6.0,9.0,9.0,7.0,13.0,2.0,2.0,0.0,1.0
10/02/15,Arsenal,Leicester,2.0,1.0,H,17.0,11.0,7.0,4.0,6.0,6.0,13.0,14.0,2.0,2.0,0.0,0.0
10/02/15,Hull,Aston Villa,2.0,0.0,H,10.0,11.0,4.0,4.0,3.0,7.0,16.0,11.0,1.0,2.0,0.0,0.0
10/02/15,Liverpool,Tottenham,3.0,2.0,H,16.0,14.0,7.0,5.0,5.0,7.0,13.0,17.0,3.0,6.0,0.0,0.0
10/02/15,Sunderland,QPR,0.0,2.0,A,16.0,19.0,5.0,4.0,8.0,4.0,8.0,12.0,2.0,3.0,0.0,0.0
11/02/15,Chelsea,Everton,1.0,0.0,H,21.0,7.0,7.0,4.0,10.0,2.0,8.0,13.0,3.0,3.0,0.0,1.0
11/02/15,Crystal Palace,Newcastle,1.0,1.0,D,7.0,5.0,3.0,1.0,5.0,2.0,10.0,11.0,1.0,2.0,0.0,0.0
11/02/15,Man United,Burnley,3.0,1.0,H,11.0,13.0,7.0,3.0,5.0,8.0,15.0,8.0,4.0,3.0,0.0,0.0
11/02/15,Southampton,West Ham,0.0,0.0,D,21.0,4.0,7.0,1.0,8.0,2.0,12.0,11.0,2.0,1.0,0.0,1.0
11/02/15,Stoke,Man City,1.0,4.0,A,17.0,14.0,5.0,8.0,3.0,2.0,6.0,11.0,1.0,2.0,0.0,0.0
11/02/15,West Brom,Swansea,2.0,0.0,H,11.0,10.0,4.0,3.0,5.0,4.0,11.0,12.0,2.0,1.0,0.0,0.0
21/02/15,Aston Villa,Stoke,1.0,2.0,A,3.0,11.0,2.0,6.0,11.0,3.0,11.0,14.0,1.0,3.0,1.0,0.0
21/02/15,Chelsea,Burnley,1.0,1.0,D,14.0,10.0,5.0,5.0,7.0,7.0,9.0,9.0,1.0,2.0,1.0,0.0
21/02/15,Crystal Palace,Arsenal,1.0,2.0,A,22.0,12.0,3.0,4.0,10.0,1.0,15.0,14.0,1.0,3.0,0.0,0.0
21/02/15,Hull,QPR,2.0,1.0,H,16.0,8.0,6.0,3.0,5.0,7.0,18.0,16.0,0.0,4.0,0.0,1.0
21/02/15,Man City,Newcastle,5.0,0.0,H,16.0,8.0,9.0,1.0,7.0,3.0,9.0,8.0,3.0,2.0,0.0,0.0
21/02/15,Sunderland,West Brom,0.0,0.0,D,13.0,5.0,2.0,1.0,11.0,2.0,11.0,12.0,1.0,2.0,0.0,0.0
21/02/15,Swansea,Man United,2.0,1.0,H,11.0,18.0,6.0,3.0,4.0,10.0,6.0,15.0,2.0,4.0,0.0,0.0
22/02/15,Everton,Leicester,2.0,2.0,D,18.0,15.0,3.0,4.0,4.0,7.0,7.0,6.0,0.0,1.0,0.0,0.0
22/02/15,Southampton,Liverpool,0.0,2.0,A,13.0,6.0,5.0,4.0,6.0,1.0,11.0,14.0,2.0,3.0,0.0,0.0
22/02/15,Tottenham,West Ham,2.0,2.0,D,27.0,12.0,8.0,5.0,7.0,9.0,6.0,12.0,0.0,2.0,0.0,0.0
28/02/15,Burnley,Swansea,0.0,1.0,A,13.0,8.0,6.0,2.0,6.0,4.0,14.0,8.0,0.0,0.0,0.0,0.0
28/02/15,Man United,Sunderland,2.0,0.0,H,30.0,5.0,10.0,3.0,13.0,1.0,6.0,11.0,1.0,1.0,0.0,1.0
28/02/15,Newcastle,Aston Villa,1.0,0.0,H,14.0,13.0,5.0,3.0,9.0,5.0,6.0,16.0,1.0,5.0,0.0,0.0
28/02/15,Stoke,Hull,1.0,0.0,H,17.0,1.0,2.0,0.0,5.0,2.0,9.0,10.0,2.0,2.0,0.0,0.0
28/02/15,West Brom,Southampton,1.0,0.0,H,7.0,12.0,3.0,2.0,2.0,3.0,10.0,17.0,2.0,1.0,0.0,0.0
28/02/15,West Ham,Crystal Palace,1.0,3.0,A,22.0,12.0,5.0,5.0,11.0,7.0,12.0,19.0,2.0,2.0,0.0,1.0
01/03/15,Arsenal,Everton,2.0,0.0,H,17.0,8.0,4.0,2.0,8.0,9.0,12.0,5.0,2.0,0.0,0.0,0.0
01/03/15,Liverpool,Man City,2.0,1.0,H,11.0,8.0,5.0,1.0,3.0,0.0,8.0,16.0,1.0,3.0,0.0,0.0
03/03/15,Aston Villa,West Brom,2.0,1.0,H,16.0,3.0,8.0,1.0,0.0,3.0,15.0,13.0,2.0,4.0,0.0,0.0
03/03/15,Hull,Sunderland,1.0,1.0,D,15.0,9.0,5.0,3.0,6.0,4.0,9.0,15.0,2.0,6.0,0.0,0.0
03/03/15,Southampton,Crystal Palace,1.0,0.0,H,23.0,9.0,3.0,3.0,10.0,2.0,11.0,10.0,0.0,2.0,0.0,0.0
04/03/15,Liverpool,Burnley,2.0,0.0,H,20.0,9.0,8.0,1.0,6.0,5.0,8.0,14.0,0.0,1.0,0.0,0.0
04/03/15,Man City,Leicester,2.0,0.0,H,22.0,6.0,9.0,2.0,10.0,3.0,11.0,3.0,0.0,1.0,0.0,0.0
04/03/15,Newcastle,Man United,0.0,1.0,A,9.0,11.0,2.0,5.0,4.0,1.0,6.0,14.0,1.0,2.0,0.0,0.0
04/03/15,QPR,Arsenal,1.0,2.0,A,10.0,20.0,3.0,9.0,1.0,6.0,10.0,8.0,2.0,1.0,0.0,0.0
04/03/15,Stoke,Everton,2.0,0.0,H,11.0,10.0,3.0,5.0,5.0,6.0,11.0,14.0,2.0,2.0,0.0,0.0
04/03/15,Tottenham,Swansea,3.0,2.0,H,20.0,10.0,7.0,5.0,6.0,4.0,14.0,7.0,1.0,0.0,0.0,0.0
04/03/15,West Ham,Chelsea,0.0,1.0,A,18.0,12.0,5.0,3.0,5.0,4.0,10.0,10.0,3.0,4.0,0.0,0.0
07/03/15,QPR,Tottenham,1.0,2.0,A,17.0,13.0,6.0,6.0,3.0,5.0,15.0,12.0,1.0,2.0,0.0,0.0
14/03/15,Arsenal,West Ham,3.0,0.0,H,19.0,7.0,9.0,1.0,7.0,5.0,10.0,9.0,1.0,1.0,0.0,0.0
14/03/15,Burnley,Man City,1.0,0.0,H,10.0,21.0,4.0,5.0,2.0,6.0,6.0,9.0,2.0,1.0,0.0,0.0
14/03/15,Crystal Palace,QPR,3.0,1.0,H,15.0,11.0,4.0,4.0,6.0,3.0,17.0,16.0,1.0,3.0,0.0,0.0
14/03/15,Leicester,Hull,0.0,0.0,D,15.0,12.0,3.0,5.0,7.0,5.0,10.0,15.0,0.0,4.0,0.0,1.0
14/03/15,Sunderland,Aston Villa,0.0,4.0,A,12.0,14.0,2.0,8.0,2.0,5.0,10.0,9.0,1.0,1.0,0.0,0.0
14/03/15,West Brom,Stoke,1.0,0.0,H,14.0,9.0,5.0,2.0,7.0,5.0,7.0,16.0,1.0,2.0,0.0,0.0
15/03/15,Chelsea,Southampton,1.0,1.0,D,22.0,12.0,7.0,5.0,9.0,2.0,10.0,11.0,3.0,3.0,0.0,0.0
15/03/15,Everton,Newcastle,3.0,0.0,H,15.0,12.0,9.0,4.0,3.0,4.0,11.0,9.0,1.0,2.0,0.0,1.0
15/03/15,Man United,Tottenham,3.0,0.0,H,11.0,5.0,3.0,1.0,4.0,2.0,12.0,10.0,1.0,1.0,0.0,0.0
16/03/15,Swansea,Liverpool,0.0,1.0,A,10.0,16.0,3.0,5.0,4.0,5.0,13.0,16.0,0.0,3.0,0.0,0.0
21/03/15,Aston Villa,Swansea,0.0,1.0,A,12.0,9.0,3.0,6.0,4.0,9.0,13.0,9.0,0.0,0.0,0.0,0.0
21/03/15,Man City,West Brom,3.0,0.0,H,43.0,3.0,16.0,0.0,9.0,2.0,6.0,5.0,0.0,0.0,0.0,1.0
21/03/15,Newcastle,Arsenal,1.0,2.0,A,16.0,7.0,4.0,3.0,9.0,4.0,11.0,7.0,0.0,0.0,0.0,0.0
21/03/15,Southampton,Burnley,2.0,0.0,H,20.0,15.0,3.0,3.0,10.0,5.0,10.0,7.0,0.0,0.0,0.0,0.0
21/03/15,Stoke,Crystal Palace,1.0,2.0,A,17.0,12.0,4.0,3.0,8.0,4.0,15.0,14.0,3.0,4.0,0.0,0.0
21/03/15,Tottenham,Leicester,4.0,3.0,H,10.0,14.0,4.0,5.0,4.0,4.0,8.0,9.0,2.0,1.0,0.0,0.0
21/03/15,West Ham,Sunderland,1.0,0.0,H,15.0,7.0,4.0,3.0,6.0,4.0,14.0,11.0,0.0,1.0,0.0,0.0
22/03/15,Hull,Chelsea,2.0,3.0,A,19.0,8.0,8.0,3.0,6.0,6.0,14.0,11.0,0.0,2.0,0.0,0.0
22/03/15,Liverpool,Man United,1.0,2.0,A,7.0,6.0,1.0,4.0,2.0,3.0,14.0,17.0,2.0,2.0,1.0,0.0
22/03/15,QPR,Everton,1.0,2.0,A,14.0,8.0,1.0,3.0,1.0,3.0,11.0,12.0,2.0,1.0,0.0,0.0
04/04/15,Arsenal,Liverpool,4.0,1.0,H,16.0,13.0,10.0,2.0,6.0,5.0,7.0,9.0,1.0,0.0,0.0,1.0
04/04/15,Chelsea,Stoke,2.0,1.0,H,19.0,7.0,10.0,2.0,9.0,0.0,5.0,22.0,1.0,6.0,0.0,0.0
04/04/15,Everton,Southampton,1.0,0.0,H,11.0,11.0,1.0,2.0,4.0,10.0,12.0,17.0,0.0,1.0,0.0,0.0
04/04/15,Leicester,West Ham,2.0,1.0,H,20.0,14.0,7.0,7.0,7.0,6.0,12.0,10.0,0.0,3.0,0.0,0.0
04/04/15,Man United,Aston Villa,3.0,1.0,H,19.0,4.0,7.0,2.0,10.0,2.0,15.0,12.0,0.0,1.0,0.0,0.0
04/04/15,Swansea,Hull,3.0,1.0,H,9.0,10.0,4.0,1.0,4.0,7.0,11.0,14.0,1.0,5.0,0.0,1.0
04/04/15,West Brom,QPR,1.0,4.0,A,21.0,12.0,6.0,7.0,2.0,4.0,6.0,15.0,2.0,3.0,1.0,0.0
05/04/15,Burnley,Tottenham,0.0,0.0,D,15.0,12.0,4.0,2.0,5.0,3.0,9.0,5.0,2.0,0.0,0.0,0.0
05/04/15,Sunderland,Newcastle,1.0,0.0,H,16.0,10.0,4.0,1.0,8.0,4.0,14.0,18.0,5.0,2.0,0.0,0.0
06/04/15,Crystal Palace,Man City,2.0,1.0,H,5.0,22.0,3.0,4.0,4.0,13.0,11.0,11.0,2.0,1.0,0.0,0.0
07/04/15,Aston Villa,QPR,3.0,3.0,D,21.0,11.0,7.0,5.0,7.0,3.0,8.0,12.0,0.0,4.0,0.0,0.0
11/04/15,Burnley,Arsenal,0.0,1.0,A,8.0,17.0,4.0,5.0,1.0,6.0,15.0,7.0,2.0,0.0,0.0,0.0
11/04/15,Southampton,Hull,2.0,0.0,H,9.0,15.0,4.0,4.0,2.0,5.0,7.0,11.0,2.0,0.0,0.0,0.0
11/04/15,Sunderland,Crystal Palace,1.0,4.0,A,12.0,14.0,3.0,5.0,8.0,4.0,15.0,17.0,2.0,2.0,0.0,0.0
11/04/15,Swansea,Everton,1.0,1.0,D,11.0,12.0,3.0,8.0,3.0,6.0,18.0,12.0,3.0,3.0,0.0,0.0
11/04/15,Tottenham,Aston Villa,0.0,1.0,A,14.0,10.0,3.0,3.0,9.0,6.0,11.0,12.0,3.0,2.0,0.0,1.0
11/04/15,West Brom,Leicester,2.0,3.0,A,8.0,12.0,5.0,4.0,4.0,6.0,15.0,15.0,2.0,2.0,0.0,0.0
11/04/15,West Ham,Stoke,1.0,1.0,D,11.0,18.0,3.0,2.0,4.0,10.0,17.0,13.0,3.0,1.0,0.0,0.0
12/04/15,Man United,Man City,4.0,2.0,H,11.0,10.0,7.0,3.0,1.0,5.0,9.0,16.0,0.0,3.0,0.0,0.0
12/04/15,QPR,Chelsea,0.0,1.0,A,15.0,9.0,4.0,1.0,5.0,6.0,12.0,6.0,2.0,1.0,0.0,0.0
13/04/15,Liverpool,Newcastle,2.0,0.0,H,14.0,10.0,6.0,3.0,6.0,6.0,8.0,17.0,2.0,0.0,0.0,1.0
18/04/15,Chelsea,Man United,1.0,0.0,H,7.0,15.0,2.0,2.0,3.0,7.0,13.0,11.0,7.0,1.0,0.0,0.0
18/04/15,Crystal Palace,West Brom,0.0,2.0,A,19.0,8.0,4.0,4.0,7.0,6.0,17.0,17.0,3.0,3.0,0.0,0.0
18/04/15,Everton,Burnley,1.0,0.0,H,21.0,10.0,8.0,1.0,5.0,6.0,12.0,15.0,1.0,2.0,0.0,1.0
18/04/15,Leicester,Swansea,2.0,0.0,H,18.0,10.0,6.0,6.0,6.0,3.0,6.0,5.0,0.0,2.0,0.0,0.0
18/04/15,Stoke,Southampton,2.0,1.0,H,15.0,12.0,2.0,6.0,2.0,5.0,17.0,17.0,0.0,4.0,0.0,0.0
19/04/15,Man City,West Ham,2.0,0.0,H,18.0,9.0,3.0,3.0,6.0,3.0,10.0,6.0,2.0,2.0,0.0,0.0
19/04/15,Newcastle,Tottenham,1.0,3.0,A,11.0,14.0,5.0,8.0,4.0,3.0,11.0,13.0,2.0,4.0,0.0,0.0
25/04/15,Burnley,Leicester,0.0,1.0,A,12.0,8.0,4.0,4.0,6.0,4.0,16.0,16.0,3.0,0.0,0.0,0.0
25/04/15,Crystal Palace,Hull,0.0,2.0,A,7.0,21.0,3.0,7.0,0.0,9.0,15.0,10.0,0.0,0.0,0.0,0.0
25/04/15,Man City,Aston Villa,3.0,2.0,H,11.0,13.0,4.0,4.0,7.0,6.0,13.0,11.0,1.0,2.0,0.0,0.0
25/04/15,Newcastle,Swansea,2.0,3.0,A,12.0,11.0,4.0,6.0,9.0,6.0,14.0,9.0,1.0,2.0,0.0,0.0
25/04/15,QPR,West Ham,0.0,0.0,D,18.0,8.0,7.0,2.0,6.0,6.0,14.0,12.0,1.0,0.0,0.0,0.0
25/04/15,Southampton,Tottenham,2.0,2.0,D,13.0,7.0,4.0,2.0,8.0,3.0,9.0,10.0,1.0,3.0,0.0,0.0
25/04/15,Stoke,Sunderland,1.0,1.0,D,23.0,15.0,8.0,5.0,9.0,8.0,14.0,15.0,2.0,3.0,0.0,0.0
25/04/15,West Brom,Liverpool,0.0,0.0,D,10.0,22.0,4.0,5.0,2.0,4.0,12.0,11.0,1.0,0.0,0.0,0.0
26/04/15,Arsenal,Chelsea,0.0,0.0,D,12.0,7.0,1.0,3.0,6.0,2.0,17.0,11.0,4.0,3.0,0.0,0.0
26/04/15,Everton,Man United,3.0,0.0,H,9.0,17.0,7.0,4.0,7.0,7.0,6.0,10.0,0.0,2.0,0.0,0.0
28/04/15,Hull,Liverpool,1.0,0.0,H,7.0,12.0,4.0,9.0,7.0,7.0,10.0,10.0,2.0,0.0,0.0,0.0
29/04/15,Leicester,Chelsea,1.0,3.0,A,8.0,11.0,2.0,4.0,2.0,6.0,10.0,1.0,1.0,0.0,0.0,0.0
02/05/15,Aston Villa,Everton,3.0,2.0,H,11.0,9.0,4.0,5.0,5.0,3.0,13.0,12.0,2.0,1.0,0.0,0.0
02/05/15,Leicester,Newcastle,3.0,0.0,H,19.0,12.0,7.0,3.0,10.0,7.0,10.0,13.0,1.0,2.0,0.0,2.0
02/05/15,Liverpool,QPR,2.0,1.0,H,25.0,10.0,8.0,2.0,9.0,6.0,9.0,18.0,2.0,3.0,0.0,1.0
02/05/15,Man United,West Brom,0.0,1.0,A,26.0,6.0,9.0,3.0,9.0,3.0,10.0,11.0,1.0,0.0,0.0,0.0
02/05/15,Sunderland,Southampton,2.0,1.0,H,12.0,11.0,6.0,2.0,1.0,1.0,12.0,13.0,2.0,2.0,0.0,1.0
02/05/15,Swansea,Stoke,2.0,0.0,H,16.0,9.0,4.0,3.0,6.0,2.0,9.0,18.0,1.0,2.0,0.0,1.0
02/05/15,West Ham,Burnley,1.0,0.0,H,29.0,8.0,7.0,2.0,13.0,3.0,11.0,7.0,3.0,2.0,0.0,1.0
03/05/15,Chelsea,Crystal Palace,1.0,0.0,H,17.0,8.0,7.0,1.0,3.0,6.0,12.0,13.0,2.0,2.0,0.0,0.0
03/05/15,Tottenham,Man City,0.0,1.0,A,21.0,15.0,5.0,4.0,8.0,7.0,6.0,11.0,3.0,4.0,0.0,0.0
04/05/15,Hull,Arsenal,1.0,3.0,A,8.0,22.0,1.0,9.0,0.0,5.0,8.0,11.0,2.0,0.0,0.0,0.0
09/05/15,Aston Villa,West Ham,1.0,0.0,H,15.0,5.0,5.0,1.0,2.0,6.0,6.0,13.0,1.0,1.0,0.0,0.0
09/05/15,Crystal Palace,Man United,1.0,2.0,A,13.0,13.0,4.0,4.0,7.0,6.0,13.0,12.0,0.0,1.0,0.0,0.0
09/05/15,Everton,Sunderland,0.0,2.0,A,22.0,10.0,4.0,3.0,15.0,1.0,10.0,9.0,2.0,3.0,0.0,0.0
09/05/15,Hull,Burnley,0.0,1.0,A,21.0,8.0,3.0,2.0,9.0,3.0,16.0,12.0,1.0,1.0,0.0,0.0
09/05/15,Leicester,Southampton,2.0,0.0,H,10.0,10.0,3.0,3.0,4.0,8.0,12.0,10.0,1.0,0.0,0.0,0.0
09/05/15,Newcastle,West Brom,1.0,1.0,D,15.0,8.0,5.0,3.0,7.0,2.0,11.0,17.0,2.0,3.0,0.0,0.0
09/05/15,Stoke,Tottenham,3.0,0.0,H,17.0,9.0,9.0,3.0,6.0,8.0,14.0,12.0,0.0,0.0,0.0,1.0
10/05/15,Chelsea,Liverpool,1.0,1.0,D,8.0,15.0,3.0,4.0,6.0,4.0,13.0,11.0,4.0,3.0,0.0,0.0
10/05/15,Man City,QPR,6.0,0.0,H,23.0,9.0,11.0,3.0,7.0,4.0,12.0,7.0,0.0,1.0,0.0,0.0
11/05/15,Arsenal,Swansea,0.0,1.0,A,23.0,8.0,9.0,3.0,6.0,1.0,7.0,10.0,0.0,1.0,0.0,0.0
16/05/15,Burnley,Stoke,0.0,0.0,D,11.0,11.0,4.0,3.0,7.0,6.0,14.0,9.0,1.0,2.0,0.0,0.0
16/05/15,Liverpool,Crystal Palace,1.0,3.0,A,18.0,15.0,3.0,6.0,4.0,5.0,10.0,17.0,2.0,3.0,0.0,0.0
16/05/15,QPR,Newcastle,2.0,1.0,H,8.0,22.0,4.0,8.0,3.0,12.0,12.0,8.0,2.0,0.0,0.0,0.0
16/05/15,Southampton,Aston Villa,6.0,1.0,H,18.0,9.0,11.0,4.0,6.0,3.0,19.0,7.0,1.0,1.0,0.0,0.0
16/05/15,Sunderland,Leicester,0.0,0.0,D,13.0,11.0,3.0,0.0,8.0,9.0,14.0,15.0,4.0,1.0,0.0,0.0
16/05/15,Tottenham,Hull,2.0,0.0,H,10.0,14.0,3.0,2.0,6.0,8.0,10.0,6.0,3.0,1.0,0.0,0.0
16/05/15,West Ham,Everton,1.0,2.0,A,13.0,21.0,3.0,5.0,7.0,8.0,12.0,14.0,1.0,4.0,0.0,0.0
17/05/15,Man United,Arsenal,1.0,1.0,D,12.0,5.0,4.0,3.0,5.0,5.0,16.0,8.0,1.0,0.0,0.0,0.0
17/05/15,Swansea,Man City,2.0,4.0,A,13.0,22.0,9.0,11.0,11.0,7.0,8.0,8.0,0.0,3.0,0.0,0.0
18/05/15,West Brom,Chelsea,3.0,0.0,H,9.0,12.0,5.0,3.0,3.0,4.0,12.0,11.0,3.0,2.0,0.0,1.0
20/05/15,Arsenal,Sunderland,0.0,0.0,D,28.0,7.0,8.0,3.0,5.0,2.0,6.0,8.0,1.0,0.0,0.0,0.0
24/05/15,Arsenal,West Brom,4.0,1.0,H,24.0,14.0,13.0,5.0,7.0,3.0,6.0,7.0,1.0,0.0,0.0,0.0
24/05/15,Aston Villa,Burnley,0.0,1.0,A,16.0,6.0,5.0,3.0,7.0,2.0,9.0,6.0,1.0,2.0,0.0,0.0
24/05/15,Chelsea,Sunderland,3.0,1.0,H,24.0,17.0,8.0,9.0,11.0,3.0,12.0,8.0,2.0,1.0,0.0,0.0
24/05/15,Crystal Palace,Swansea,1.0,0.0,H,13.0,5.0,7.0,2.0,7.0,3.0,22.0,13.0,3.0,0.0,0.0,0.0
24/05/15,Everton,Tottenham,0.0,1.0,A,9.0,16.0,1.0,3.0,3.0,5.0,12.0,8.0,1.0,2.0,0.0,0.0
24/05/15,Hull,Man United,0.0,0.0,D,16.0,7.0,6.0,1.0,8.0,1.0,12.0,15.0,2.0,2.0,0.0,1.0
24/05/15,Leicester,QPR,5.0,1.0,H,22.0,18.0,7.0,2.0,5.0,6.0,7.0,6.0,0.0,0.0,0.0,0.0
24/05/15,Man City,Southampton,2.0,0.0,H,15.0,13.0,6.0,4.0,8.0,4.0,13.0,8.0,1.0,1.0,0.0,0.0
24/05/15,Newcastle,West Ham,2.0,0.0,H,17.0,4.0,4.0,1.0,2.0,3.0,9.0,9.0,2.0,1.0,0.0,0.0
24/05/15,Stoke,Liverpool,6.0,1.0,H,15.0,13.0,9.0,4.0,3.0,9.0,13.0,4.0,4.0,2.0,0.0,0.0
08/08/2015,Bournemouth,Aston Villa,0.0,1.0,A,11.0,7.0,2.0,3.0,6.0,3.0,13.0,13.0,3.0,4.0,0.0,0.0
08/08/2015,Chelsea,Swansea,2.0,2.0,D,11.0,18.0,3.0,10.0,4.0,8.0,15.0,16.0,1.0,3.0,1.0,0.0
08/08/2015,Everton,Watford,2.0,2.0,D,10.0,11.0,5.0,5.0,8.0,2.0,7.0,13.0,1.0,2.0,0.0,0.0
08/08/2015,Leicester,Sunderland,4.0,2.0,H,19.0,10.0,8.0,5.0,6.0,3.0,13.0,17.0,2.0,4.0,0.0,0.0
08/08/2015,Man United,Tottenham,1.0,0.0,H,9.0,9.0,1.0,4.0,1.0,2.0,12.0,12.0,2.0,3.0,0.0,0.0
08/08/2015,Norwich,Crystal Palace,1.0,3.0,A,17.0,11.0,6.0,7.0,1.0,4.0,14.0,20.0,1.0,0.0,0.0,0.0
09/08/2015,Arsenal,West Ham,0.0,2.0,A,22.0,8.0,6.0,4.0,5.0,4.0,12.0,9.0,1.0,3.0,0.0,0.0
09/08/2015,Newcastle,Southampton,2.0,2.0,D,9.0,15.0,4.0,5.0,6.0,6.0,9.0,12.0,2.0,4.0,0.0,0.0
09/08/2015,Stoke,Liverpool,0.0,1.0,A,7.0,8.0,1.0,3.0,3.0,5.0,9.0,16.0,2.0,4.0,0.0,0.0
10/08/2015,West Brom,Man City,0.0,3.0,A,9.0,19.0,2.0,7.0,6.0,6.0,12.0,9.0,4.0,1.0,0.0,0.0
14/08/2015,Aston Villa,Man United,0.0,1.0,A,5.0,9.0,1.0,2.0,3.0,5.0,14.0,10.0,2.0,2.0,0.0,0.0
15/08/2015,Southampton,Everton,0.0,3.0,A,17.0,10.0,4.0,4.0,9.0,9.0,11.0,10.0,4.0,2.0,0.0,0.0
15/08/2015,Sunderland,Norwich,1.0,3.0,A,6.0,19.0,2.0,6.0,6.0,6.0,7.0,7.0,1.0,2.0,0.0,0.0
15/08/2015,Swansea,Newcastle,2.0,0.0,H,19.0,4.0,6.0,2.0,4.0,4.0,11.0,8.0,2.0,1.0,0.0,1.0
15/08/2015,Tottenham,Stoke,2.0,2.0,D,13.0,16.0,7.0,7.0,4.0,3.0,15.0,11.0,2.0,2.0,0.0,0.0
15/08/2015,Watford,West Brom,0.0,0.0,D,16.0,6.0,5.0,0.0,2.0,4.0,13.0,10.0,1.0,2.0,0.0,0.0
15/08/2015,West Ham,Leicester,1.0,2.0,A,10.0,11.0,3.0,6.0,8.0,4.0,11.0,12.0,1.0,3.0,1.0,0.0
16/08/2015,Crystal Palace,Arsenal,1.0,2.0,A,11.0,20.0,4.0,7.0,6.0,6.0,14.0,12.0,1.0,1.0,0.0,0.0
16/08/2015,Man City,Chelsea,3.0,0.0,H,18.0,10.0,8.0,3.0,5.0,1.0,19.0,13.0,4.0,2.0,0.0,0.0
17/08/2015,Liverpool,Bournemouth,1.0,0.0,H,18.0,13.0,2.0,2.0,6.0,8.0,11.0,18.0,1.0,4.0,0.0,0.0
22/08/2015,Crystal Palace,Aston Villa,2.0,1.0,H,16.0,11.0,6.0,2.0,6.0,4.0,12.0,15.0,3.0,3.0,0.0,0.0
22/08/2015,Leicester,Tottenham,1.0,1.0,D,13.0,19.0,2.0,6.0,2.0,7.0,7.0,14.0,1.0,4.0,0.0,0.0
22/08/2015,Man United,Newcastle,0.0,0.0,D,20.0,7.0,8.0,0.0,11.0,5.0,15.0,11.0,2.0,2.0,0.0,0.0
22/08/2015,Norwich,Stoke,1.0,1.0,D,21.0,6.0,7.0,1.0,9.0,0.0,16.0,5.0,4.0,1.0,0.0,0.0
22/08/2015,Sunderland,Swansea,1.0,1.0,D,10.0,20.0,2.0,9.0,3.0,4.0,16.0,9.0,4.0,2.0,0.0,0.0
22/08/2015,West Ham,Bournemouth,3.0,4.0,A,10.0,15.0,4.0,7.0,5.0,4.0,8.0,11.0,0.0,0.0,1.0,0.0
23/08/2015,Everton,Man City,0.0,2.0,A,10.0,16.0,1.0,9.0,8.0,7.0,5.0,7.0,0.0,3.0,0.0,0.0
23/08/2015,Watford,Southampton,0.0,0.0,D,13.0,14.0,0.0,5.0,5.0,2.0,10.0,11.0,0.0,2.0,0.0,0.0
23/08/2015,West Brom,Chelsea,2.0,3.0,A,15.0,15.0,6.0,5.0,8.0,7.0,9.0,12.0,2.0,1.0,0.0,1.0
24/08/2015,Arsenal,Liverpool,0.0,0.0,D,19.0,15.0,5.0,8.0,7.0,8.0,2.0,13.0,1.0,4.0,0.0,0.0
29/08/2015,Aston Villa,Sunderland,2.0,2.0,D,21.0,7.0,6.0,3.0,5.0,4.0,10.0,14.0,2.0,1.0,0.0,0.0
29/08/2015,Bournemouth,Leicester,1.0,1.0,D,5.0,4.0,2.0,2.0,4.0,4.0,9.0,19.0,2.0,4.0,0.0,0.0
29/08/2015,Chelsea,Crystal Palace,1.0,2.0,A,26.0,13.0,9.0,6.0,7.0,7.0,9.0,15.0,1.0,1.0,0.0,0.0
29/08/2015,Liverpool,West Ham,0.0,3.0,A,13.0,12.0,1.0,5.0,5.0,7.0,17.0,11.0,3.0,1.0,1.0,1.0
29/08/2015,Man City,Watford,2.0,0.0,H,18.0,7.0,5.0,0.0,9.0,3.0,9.0,12.0,1.0,2.0,0.0,0.0
29/08/2015,Newcastle,Arsenal,0.0,1.0,A,1.0,22.0,0.0,9.0,0.0,9.0,15.0,8.0,6.0,1.0,1.0,0.0
29/08/2015,Stoke,West Brom,0.0,1.0,A,13.0,15.0,5.0,5.0,6.0,5.0,4.0,9.0,1.0,4.0,2.0,0.0
29/08/2015,Tottenham,Everton,0.0,0.0,D,20.0,8.0,6.0,3.0,6.0,2.0,20.0,9.0,4.0,1.0,0.0,0.0
30/08/2015,Southampton,Norwich,3.0,0.0,H,23.0,6.0,8.0,1.0,6.0,4.0,4.0,12.0,0.0,0.0,0.0,1.0
30/08/2015,Swansea,Man United,2.0,1.0,H,9.0,11.0,4.0,4.0,0.0,1.0,6.0,15.0,2.0,2.0,0.0,0.0
12/09/2015,Arsenal,Stoke,2.0,0.0,H,29.0,9.0,12.0,4.0,13.0,1.0,6.0,13.0,1.0,1.0,0.0,0.0
12/09/2015,Crystal Palace,Man City,0.0,1.0,A,10.0,21.0,2.0,7.0,4.0,4.0,13.0,13.0,2.0,3.0,0.0,0.0
12/09/2015,Everton,Chelsea,3.0,1.0,H,14.0,15.0,9.0,2.0,7.0,14.0,12.0,12.0,2.0,2.0,0.0,0.0
12/09/2015,Man United,Liverpool,3.0,1.0,H,9.0,8.0,3.0,4.0,4.0,4.0,6.0,11.0,1.0,2.0,0.0,0.0
12/09/2015,Norwich,Bournemouth,3.0,1.0,H,12.0,7.0,4.0,2.0,4.0,4.0,10.0,11.0,2.0,3.0,0.0,0.0
12/09/2015,Watford,Swansea,1.0,0.0,H,17.0,8.0,6.0,3.0,1.0,3.0,11.0,14.0,1.0,1.0,1.0,0.0
12/09/2015,West Brom,Southampton,0.0,0.0,D,8.0,14.0,1.0,4.0,4.0,5.0,5.0,5.0,1.0,0.0,0.0,0.0
13/09/2015,Leicester,Aston Villa,3.0,2.0,H,21.0,11.0,6.0,4.0,4.0,5.0,8.0,13.0,2.0,1.0,0.0,0.0
13/09/2015,Sunderland,Tottenham,0.0,1.0,A,12.0,15.0,2.0,4.0,6.0,8.0,11.0,12.0,2.0,1.0,0.0,0.0
14/09/2015,West Ham,Newcastle,2.0,0.0,H,17.0,14.0,3.0,4.0,6.0,7.0,8.0,11.0,0.0,2.0,0.0,0.0
19/09/2015,Aston Villa,West Brom,0.0,1.0,A,13.0,11.0,3.0,6.0,2.0,7.0,10.0,11.0,2.0,3.0,0.0,0.0
19/09/2015,Bournemouth,Sunderland,2.0,0.0,H,15.0,9.0,5.0,2.0,7.0,3.0,14.0,15.0,2.0,4.0,0.0,1.0
19/09/2015,Chelsea,Arsenal,2.0,0.0,H,22.0,9.0,7.0,2.0,5.0,5.0,12.0,11.0,3.0,1.0,0.0,2.0
19/09/2015,Man City,West Ham,1.0,2.0,A,27.0,6.0,8.0,3.0,16.0,3.0,10.0,7.0,1.0,2.0,0.0,0.0
19/09/2015,Newcastle,Watford,1.0,2.0,A,15.0,13.0,5.0,4.0,5.0,5.0,8.0,12.0,1.0,2.0,0.0,0.0
19/09/2015,Stoke,Leicester,2.0,2.0,D,11.0,12.0,4.0,5.0,3.0,4.0,7.0,12.0,1.0,4.0,0.0,0.0
19/09/2015,Swansea,Everton,0.0,0.0,D,12.0,17.0,3.0,2.0,2.0,4.0,12.0,11.0,2.0,2.0,0.0,1.0
20/09/2015,Liverpool,Norwich,1.0,1.0,D,23.0,7.0,7.0,2.0,6.0,2.0,4.0,13.0,1.0,2.0,0.0,0.0
20/09/2015,Southampton,Man United,2.0,3.0,A,15.0,10.0,8.0,3.0,5.0,5.0,6.0,13.0,2.0,0.0,0.0,0.0
20/09/2015,Tottenham,Crystal Palace,1.0,0.0,H,22.0,12.0,6.0,4.0,6.0,5.0,9.0,11.0,1.0,2.0,0.0,0.0
26/09/2015,Leicester,Arsenal,2.0,5.0,A,16.0,26.0,7.0,12.0,6.0,5.0,9.0,12.0,1.0,1.0,0.0,0.0
26/09/2015,Liverpool,Aston Villa,3.0,2.0,H,21.0,10.0,12.0,4.0,11.0,1.0,8.0,13.0,0.0,0.0,0.0,0.0
26/09/2015,Man United,Sunderland,3.0,0.0,H,12.0,9.0,7.0,4.0,5.0,2.0,12.0,17.0,0.0,3.0,0.0,0.0
26/09/2015,Newcastle,Chelsea,2.0,2.0,D,11.0,16.0,5.0,4.0,4.0,6.0,12.0,15.0,1.0,2.0,0.0,0.0
26/09/2015,Southampton,Swansea,3.0,1.0,H,18.0,11.0,7.0,4.0,4.0,3.0,18.0,14.0,3.0,1.0,0.0,0.0
26/09/2015,Stoke,Bournemouth,2.0,1.0,H,8.0,11.0,5.0,6.0,3.0,7.0,13.0,11.0,1.0,0.0,0.0,0.0
26/09/2015,Tottenham,Man City,4.0,1.0,H,15.0,22.0,8.0,8.0,5.0,9.0,17.0,6.0,5.0,1.0,0.0,0.0
26/09/2015,West Ham,Norwich,2.0,2.0,D,19.0,16.0,7.0,7.0,7.0,5.0,7.0,17.0,0.0,0.0,0.0,0.0
27/09/2015,Watford,Crystal Palace,0.0,1.0,A,15.0,16.0,2.0,3.0,6.0,4.0,17.0,22.0,4.0,4.0,0.0,0.0
28/09/2015,West Brom,Everton,2.0,3.0,A,9.0,12.0,4.0,4.0,6.0,4.0,9.0,8.0,0.0,3.0,0.0,0.0
03/10/2015,Aston Villa,Stoke,0.0,1.0,A,13.0,12.0,2.0,5.0,9.0,5.0,12.0,12.0,1.0,0.0,0.0,0.0
03/10/2015,Bournemouth,Watford,1.0,1.0,D,12.0,11.0,6.0,2.0,5.0,3.0,8.0,13.0,1.0,1.0,0.0,0.0
03/10/2015,Chelsea,Southampton,1.0,3.0,A,10.0,13.0,3.0,5.0,4.0,6.0,14.0,14.0,2.0,5.0,0.0,0.0
03/10/2015,Crystal Palace,West Brom,2.0,0.0,H,21.0,7.0,8.0,2.0,8.0,3.0,14.0,13.0,3.0,3.0,0.0,0.0
03/10/2015,Man City,Newcastle,6.0,1.0,H,23.0,6.0,11.0,4.0,6.0,3.0,13.0,8.0,3.0,1.0,0.0,0.0
03/10/2015,Norwich,Leicester,1.0,2.0,A,17.0,16.0,2.0,5.0,16.0,8.0,4.0,4.0,0.0,1.0,0.0,0.0
03/10/2015,Sunderland,West Ham,2.0,2.0,D,12.0,20.0,3.0,6.0,1.0,8.0,14.0,11.0,2.0,4.0,1.0,0.0
04/10/2015,Arsenal,Man United,3.0,0.0,H,12.0,9.0,5.0,5.0,3.0,6.0,8.0,17.0,1.0,3.0,0.0,0.0
04/10/2015,Everton,Liverpool,1.0,1.0,D,14.0,13.0,4.0,4.0,5.0,11.0,10.0,19.0,3.0,3.0,0.0,0.0
04/10/2015,Swansea,Tottenham,2.0,2.0,D,11.0,19.0,2.0,11.0,5.0,6.0,8.0,19.0,1.0,4.0,0.0,0.0
17/10/2015,Chelsea,Aston Villa,2.0,0.0,H,9.0,8.0,3.0,1.0,4.0,4.0,22.0,17.0,1.0,3.0,0.0,0.0
17/10/2015,Crystal Palace,West Ham,1.0,3.0,A,6.0,24.0,1.0,4.0,1.0,9.0,9.0,11.0,1.0,3.0,1.0,0.0
17/10/2015,Everton,Man United,0.0,3.0,A,12.0,10.0,3.0,7.0,5.0,3.0,12.0,14.0,2.0,2.0,0.0,0.0
17/10/2015,Man City,Bournemouth,5.0,1.0,H,15.0,5.0,11.0,1.0,1.0,7.0,11.0,5.0,2.0,1.0,0.0,0.0
17/10/2015,Southampton,Leicester,2.0,2.0,D,14.0,26.0,6.0,7.0,6.0,7.0,16.0,10.0,2.0,0.0,0.0,0.0
17/10/2015,Tottenham,Liverpool,0.0,0.0,D,13.0,12.0,4.0,3.0,8.0,6.0,15.0,11.0,1.0,2.0,0.0,0.0
17/10/2015,Watford,Arsenal,0.0,3.0,A,8.0,17.0,1.0,6.0,3.0,9.0,11.0,12.0,2.0,1.0,0.0,0.0
17/10/2015,West Brom,Sunderland,1.0,0.0,H,8.0,9.0,1.0,2.0,1.0,5.0,12.0,13.0,2.0,2.0,0.0,0.0
18/10/2015,Newcastle,Norwich,6.0,2.0,H,11.0,18.0,6.0,6.0,3.0,7.0,10.0,10.0,1.0,1.0,0.0,0.0
19/10/2015,Swansea,Stoke,0.0,1.0,A,14.0,9.0,2.0,2.0,1.0,2.0,6.0,14.0,2.0,2.0,0.0,0.0
24/10/2015,Arsenal,Everton,2.0,1.0,H,20.0,10.0,5.0,5.0,7.0,5.0,11.0,14.0,2.0,0.0,0.0,1.0
24/10/2015,Aston Villa,Swansea,1.0,2.0,A,9.0,11.0,3.0,4.0,4.0,6.0,10.0,8.0,2.0,3.0,0.0,0.0
24/10/2015,Leicester,Crystal Palace,1.0,0.0,H,12.0,9.0,3.0,4.0,3.0,2.0,7.0,11.0,3.0,1.0,0.0,0.0
24/10/2015,Norwich,West Brom,0.0,1.0,A,16.0,7.0,3.0,4.0,13.0,3.0,11.0,6.0,1.0,2.0,0.0,0.0
24/10/2015,Stoke,Watford,0.0,2.0,A,12.0,13.0,1.0,3.0,11.0,5.0,10.0,18.0,3.0,1.0,0.0,0.0
24/10/2015,West Ham,Chelsea,2.0,1.0,H,12.0,8.0,5.0,4.0,7.0,4.0,10.0,12.0,1.0,5.0,0.0,1.0
25/10/2015,Bournemouth,Tottenham,1.0,5.0,A,11.0,14.0,3.0,9.0,4.0,5.0,8.0,15.0,0.0,1.0,0.0,0.0
25/10/2015,Liverpool,Southampton,1.0,1.0,D,15.0,8.0,2.0,3.0,10.0,7.0,8.0,11.0,1.0,0.0,0.0,1.0
25/10/2015,Man United,Man City,0.0,0.0,D,6.0,6.0,1.0,1.0,6.0,4.0,17.0,13.0,2.0,2.0,0.0,0.0
25/10/2015,Sunderland,Newcastle,3.0,0.0,H,9.0,21.0,3.0,8.0,1.0,10.0,12.0,10.0,0.0,2.0,0.0,1.0
31/10/2015,Chelsea,Liverpool,1.0,3.0,A,8.0,16.0,2.0,7.0,1.0,7.0,9.0,21.0,1.0,4.0,0.0,0.0
31/10/2015,Crystal Palace,Man United,0.0,0.0,D,10.0,5.0,5.0,1.0,7.0,3.0,12.0,15.0,3.0,3.0,0.0,0.0
31/10/2015,Man City,Norwich,2.0,1.0,H,21.0,5.0,5.0,3.0,12.0,4.0,4.0,13.0,2.0,2.0,0.0,1.0
31/10/2015,Newcastle,Stoke,0.0,0.0,D,15.0,9.0,6.0,2.0,11.0,4.0,6.0,16.0,1.0,3.0,0.0,0.0
31/10/2015,Swansea,Arsenal,0.0,3.0,A,8.0,15.0,3.0,5.0,4.0,4.0,12.0,7.0,2.0,0.0,0.0,0.0
31/10/2015,Watford,West Ham,2.0,0.0,H,20.0,8.0,5.0,3.0,7.0,2.0,16.0,12.0,3.0,0.0,0.0,1.0
31/10/2015,West Brom,Leicester,2.0,3.0,A,14.0,13.0,6.0,5.0,6.0,4.0,3.0,11.0,0.0,2.0,0.0,0.0
01/11/2015,Everton,Sunderland,6.0,2.0,H,15.0,17.0,8.0,9.0,6.0,1.0,6.0,5.0,3.0,2.0,0.0,0.0
01/11/2015,Southampton,Bournemouth,2.0,0.0,H,11.0,16.0,2.0,2.0,4.0,6.0,5.0,5.0,0.0,2.0,1.0,0.0
02/11/2015,Tottenham,Aston Villa,3.0,1.0,H,17.0,13.0,6.0,2.0,4.0,3.0,6.0,15.0,0.0,3.0,0.0,0.0
07/11/2015,Bournemouth,Newcastle,0.0,1.0,A,20.0,2.0,5.0,1.0,16.0,0.0,9.0,11.0,2.0,2.0,0.0,0.0
07/11/2015,Leicester,Watford,2.0,1.0,H,12.0,8.0,6.0,4.0,4.0,2.0,10.0,10.0,0.0,1.0,0.0,0.0
07/11/2015,Man United,West Brom,2.0,0.0,H,13.0,4.0,3.0,0.0,5.0,1.0,11.0,10.0,1.0,3.0,0.0,1.0
07/11/2015,Norwich,Swansea,1.0,0.0,H,9.0,8.0,5.0,0.0,5.0,2.0,12.0,7.0,1.0,0.0,0.0,0.0
07/11/2015,Stoke,Chelsea,1.0,0.0,H,8.0,19.0,2.0,4.0,1.0,9.0,13.0,10.0,3.0,1.0,0.0,0.0
07/11/2015,Sunderland,Southampton,0.0,1.0,A,9.0,11.0,3.0,4.0,10.0,11.0,3.0,7.0,1.0,3.0,0.0,0.0
07/11/2015,West Ham,Everton,1.0,1.0,D,16.0,13.0,5.0,4.0,3.0,5.0,11.0,12.0,1.0,2.0,0.0,0.0
08/11/2015,Arsenal,Tottenham,1.0,1.0,D,10.0,14.0,4.0,4.0,7.0,6.0,12.0,17.0,0.0,1.0,0.0,0.0
08/11/2015,Aston Villa,Man City,0.0,0.0,D,3.0,13.0,0.0,3.0,3.0,8.0,7.0,7.0,1.0,1.0,0.0,0.0
08/11/2015,Liverpool,Crystal Palace,1.0,2.0,A,22.0,9.0,4.0,4.0,14.0,6.0,7.0,6.0,1.0,2.0,0.0,0.0
21/11/2015,Chelsea,Norwich,1.0,0.0,H,21.0,4.0,7.0,2.0,6.0,5.0,4.0,12.0,1.0,4.0,0.0,0.0
21/11/2015,Everton,Aston Villa,4.0,0.0,H,16.0,10.0,9.0,3.0,2.0,3.0,6.0,9.0,0.0,0.0,0.0,0.0
21/11/2015,Man City,Liverpool,1.0,4.0,A,11.0,14.0,3.0,9.0,11.0,5.0,5.0,13.0,0.0,3.0,0.0,0.0
21/11/2015,Newcastle,Leicester,0.0,3.0,A,9.0,18.0,1.0,7.0,4.0,9.0,9.0,12.0,4.0,1.0,0.0,0.0
21/11/2015,Southampton,Stoke,0.0,1.0,A,16.0,16.0,1.0,4.0,7.0,3.0,8.0,8.0,2.0,0.0,0.0,0.0
21/11/2015,Swansea,Bournemouth,2.0,2.0,D,11.0,16.0,4.0,4.0,4.0,5.0,7.0,9.0,3.0,2.0,0.0,0.0
21/11/2015,Watford,Man United,1.0,2.0,A,10.0,13.0,5.0,6.0,4.0,10.0,6.0,12.0,1.0,2.0,0.0,0.0
21/11/2015,West Brom,Arsenal,2.0,1.0,H,4.0,11.0,1.0,3.0,3.0,5.0,14.0,10.0,3.0,2.0,0.0,0.0
22/11/2015,Tottenham,West Ham,4.0,1.0,H,22.0,10.0,12.0,4.0,7.0,6.0,13.0,9.0,2.0,2.0,0.0,0.0
23/11/2015,Crystal Palace,Sunderland,0.0,1.0,A,19.0,12.0,7.0,4.0,11.0,2.0,18.0,11.0,1.0,3.0,0.0,0.0
28/11/2015,Aston Villa,Watford,2.0,3.0,A,12.0,14.0,6.0,6.0,10.0,10.0,6.0,13.0,2.0,3.0,0.0,0.0
28/11/2015,Bournemouth,Everton,3.0,3.0,D,19.0,11.0,10.0,6.0,10.0,5.0,6.0,6.0,2.0,0.0,0.0,0.0
28/11/2015,Crystal Palace,Newcastle,5.0,1.0,H,19.0,7.0,8.0,2.0,7.0,5.0,7.0,13.0,1.0,1.0,0.0,0.0
28/11/2015,Leicester,Man United,1.0,1.0,D,7.0,10.0,3.0,2.0,1.0,8.0,5.0,7.0,0.0,1.0,0.0,0.0
28/11/2015,Man City,Southampton,3.0,1.0,H,16.0,12.0,9.0,8.0,6.0,4.0,14.0,11.0,2.0,1.0,0.0,0.0
28/11/2015,Sunderland,Stoke,2.0,0.0,H,18.0,7.0,5.0,3.0,9.0,5.0,4.0,10.0,0.0,2.0,0.0,1.0
29/11/2015,Liverpool,Swansea,1.0,0.0,H,10.0,8.0,2.0,0.0,8.0,7.0,12.0,6.0,3.0,1.0,0.0,0.0
29/11/2015,Norwich,Arsenal,1.0,1.0,D,7.0,12.0,2.0,3.0,3.0,6.0,8.0,6.0,1.0,1.0,0.0,0.0
29/11/2015,Tottenham,Chelsea,0.0,0.0,D,9.0,5.0,4.0,1.0,4.0,4.0,14.0,9.0,4.0,2.0,0.0,0.0
29/11/2015,West Ham,West Brom,1.0,1.0,D,17.0,7.0,6.0,3.0,5.0,2.0,15.0,16.0,0.0,2.0,0.0,0.0
05/12/2015,Arsenal,Sunderland,3.0,1.0,H,16.0,11.0,7.0,4.0,3.0,2.0,7.0,11.0,1.0,1.0,0.0,0.0
05/12/2015,Chelsea,Bournemouth,0.0,1.0,A,19.0,15.0,6.0,5.0,11.0,4.0,10.0,13.0,2.0,1.0,0.0,0.0
05/12/2015,Man United,West Ham,0.0,0.0,D,21.0,9.0,1.0,2.0,6.0,2.0,9.0,13.0,1.0,0.0,0.0,0.0
05/12/2015,Southampton,Aston Villa,1.0,1.0,D,23.0,9.0,5.0,2.0,10.0,4.0,4.0,9.0,1.0,2.0,0.0,0.0
05/12/2015,Stoke,Man City,2.0,0.0,H,7.0,11.0,4.0,4.0,1.0,6.0,9.0,10.0,0.0,1.0,0.0,0.0
05/12/2015,Swansea,Leicester,0.0,3.0,A,10.0,16.0,2.0,5.0,3.0,8.0,3.0,19.0,2.0,3.0,0.0,0.0
05/12/2015,Watford,Norwich,2.0,0.0,H,14.0,6.0,7.0,1.0,4.0,1.0,11.0,10.0,3.0,3.0,0.0,0.0
05/12/2015,West Brom,Tottenham,1.0,1.0,D,11.0,9.0,4.0,3.0,3.0,6.0,13.0,10.0,3.0,2.0,0.0,0.0
06/12/2015,Newcastle,Liverpool,2.0,0.0,H,6.0,10.0,1.0,1.0,2.0,7.0,6.0,10.0,3.0,1.0,0.0,0.0
07/12/2015,Everton,Crystal Palace,1.0,1.0,D,19.0,14.0,4.0,5.0,13.0,6.0,4.0,11.0,1.0,2.0,0.0,0.0
12/12/2015,Bournemouth,Man United,2.0,1.0,H,11.0,11.0,5.0,5.0,5.0,7.0,12.0,12.0,2.0,1.0,0.0,0.0
12/12/2015,Crystal Palace,Southampton,1.0,0.0,H,12.0,15.0,5.0,3.0,8.0,5.0,11.0,13.0,0.0,0.0,0.0,0.0
12/12/2015,Man City,Swansea,2.0,1.0,H,13.0,13.0,5.0,7.0,5.0,5.0,13.0,15.0,3.0,1.0,0.0,0.0
12/12/2015,Norwich,Everton,1.0,1.0,D,9.0,15.0,2.0,3.0,5.0,4.0,9.0,6.0,1.0,0.0,0.0,0.0
12/12/2015,Sunderland,Watford,0.0,1.0,A,14.0,13.0,2.0,6.0,8.0,3.0,6.0,9.0,1.0,0.0,0.0,0.0
12/12/2015,West Ham,Stoke,0.0,0.0,D,22.0,12.0,9.0,3.0,11.0,7.0,7.0,9.0,1.0,2.0,0.0,0.0
13/12/2015,Aston Villa,Arsenal,0.0,2.0,A,18.0,8.0,2.0,4.0,5.0,5.0,8.0,7.0,0.0,0.0,0.0,0.0
13/12/2015,Liverpool,West Brom,2.0,2.0,D,28.0,4.0,8.0,2.0,4.0,4.0,7.0,10.0,0.0,0.0,0.0,0.0
13/12/2015,Tottenham,Newcastle,1.0,2.0,A,20.0,8.0,8.0,4.0,6.0,2.0,13.0,14.0,2.0,2.0,0.0,0.0
14/12/2015,Leicester,Chelsea,2.0,1.0,H,9.0,11.0,5.0,5.0,1.0,8.0,16.0,8.0,2.0,0.0,0.0,0.0
19/12/2015,Chelsea,Sunderland,3.0,1.0,H,17.0,11.0,7.0,3.0,2.0,2.0,12.0,12.0,1.0,3.0,0.0,0.0
19/12/2015,Everton,Leicester,2.0,3.0,A,13.0,10.0,5.0,5.0,10.0,2.0,6.0,14.0,2.0,1.0,0.0,0.0
19/12/2015,Man United,Norwich,1.0,2.0,A,11.0,6.0,2.0,4.0,11.0,0.0,4.0,10.0,0.0,2.0,0.0,0.0
19/12/2015,Newcastle,Aston Villa,1.0,1.0,D,8.0,10.0,4.0,7.0,3.0,7.0,9.0,14.0,1.0,3.0,0.0,0.0
19/12/2015,Southampton,Tottenham,0.0,2.0,A,11.0,13.0,4.0,6.0,4.0,7.0,18.0,9.0,1.0,1.0,0.0,0.0
19/12/2015,Stoke,Crystal Palace,1.0,2.0,A,26.0,12.0,5.0,3.0,7.0,3.0,6.0,12.0,2.0,0.0,0.0,0.0
19/12/2015,West Brom,Bournemouth,1.0,2.0,A,6.0,16.0,2.0,7.0,4.0,8.0,12.0,9.0,2.0,1.0,2.0,0.0
20/12/2015,Swansea,West Ham,0.0,0.0,D,21.0,11.0,2.0,2.0,8.0,9.0,6.0,9.0,0.0,1.0,0.0,0.0
20/12/2015,Watford,Liverpool,3.0,0.0,H,6.0,12.0,5.0,4.0,7.0,9.0,6.0,9.0,1.0,0.0,0.0,0.0
21/12/2015,Arsenal,Man City,2.0,1.0,H,8.0,20.0,5.0,6.0,4.0,8.0,5.0,16.0,0.0,2.0,0.0,0.0
26/12/2015,Aston Villa,West Ham,1.0,1.0,D,15.0,10.0,8.0,4.0,9.0,6.0,14.0,13.0,3.0,3.0,0.0,0.0
26/12/2015,Bournemouth,Crystal Palace,0.0,0.0,D,10.0,8.0,4.0,0.0,8.0,9.0,10.0,13.0,1.0,0.0,0.0,0.0
26/12/2015,Chelsea,Watford,2.0,2.0,D,17.0,12.0,2.0,3.0,9.0,4.0,7.0,15.0,1.0,4.0,0.0,0.0
26/12/2015,Liverpool,Leicester,1.0,0.0,H,25.0,7.0,4.0,3.0,7.0,6.0,11.0,8.0,2.0,1.0,0.0,0.0
26/12/2015,Man City,Sunderland,4.0,1.0,H,19.0,11.0,9.0,3.0,5.0,1.0,10.0,11.0,1.0,1.0,0.0,0.0
26/12/2015,Newcastle,Everton,0.0,1.0,A,10.0,20.0,1.0,7.0,1.0,7.0,16.0,12.0,2.0,2.0,0.0,0.0
26/12/2015,Southampton,Arsenal,4.0,0.0,H,15.0,7.0,5.0,4.0,3.0,4.0,10.0,9.0,1.0,0.0,0.0,0.0
26/12/2015,Stoke,Man United,2.0,0.0,H,13.0,11.0,3.0,6.0,1.0,12.0,13.0,16.0,1.0,2.0,0.0,0.0
26/12/2015,Swansea,West Brom,1.0,0.0,H,7.0,9.0,2.0,3.0,0.0,7.0,10.0,13.0,1.0,3.0,0.0,0.0
26/12/2015,Tottenham,Norwich,3.0,0.0,H,15.0,11.0,10.0,3.0,9.0,4.0,4.0,13.0,1.0,2.0,0.0,0.0
28/12/2015,Arsenal,Bournemouth,2.0,0.0,H,13.0,10.0,6.0,3.0,9.0,3.0,7.0,8.0,2.0,0.0,0.0,0.0
28/12/2015,Crystal Palace,Swansea,0.0,0.0,D,10.0,5.0,2.0,3.0,7.0,4.0,11.0,16.0,3.0,2.0,0.0,0.0
28/12/2015,Everton,Stoke,3.0,4.0,A,15.0,8.0,3.0,5.0,6.0,2.0,10.0,12.0,2.0,1.0,0.0,0.0
28/12/2015,Man United,Chelsea,0.0,0.0,D,12.0,8.0,2.0,3.0,5.0,3.0,16.0,6.0,4.0,2.0,0.0,0.0
28/12/2015,Norwich,Aston Villa,2.0,0.0,H,9.0,6.0,4.0,3.0,3.0,7.0,10.0,21.0,2.0,5.0,0.0,0.0
28/12/2015,Watford,Tottenham,1.0,2.0,A,9.0,10.0,1.0,3.0,5.0,3.0,11.0,13.0,4.0,2.0,1.0,0.0
28/12/2015,West Brom,Newcastle,1.0,0.0,H,22.0,7.0,5.0,2.0,18.0,6.0,7.0,13.0,0.0,0.0,0.0,0.0
28/12/2015,West Ham,Southampton,2.0,1.0,H,13.0,15.0,5.0,4.0,4.0,7.0,6.0,12.0,1.0,3.0,0.0,0.0
29/12/2015,Leicester,Man City,0.0,0.0,D,11.0,21.0,4.0,5.0,1.0,13.0,11.0,8.0,1.0,3.0,0.0,0.0
30/12/2015,Sunderland,Liverpool,0.0,1.0,A,8.0,17.0,3.0,6.0,6.0,4.0,8.0,16.0,1.0,3.0,0.0,0.0
02/01/2016,Arsenal,Newcastle,1.0,0.0,H,16.0,15.0,3.0,6.0,7.0,4.0,10.0,9.0,2.0,2.0,0.0,0.0
02/01/2016,Leicester,Bournemouth,0.0,0.0,D,16.0,9.0,2.0,0.0,7.0,1.0,9.0,5.0,1.0,1.0,0.0,1.0
02/01/2016,Man United,Swansea,2.0,1.0,H,19.0,9.0,6.0,4.0,4.0,2.0,14.0,10.0,2.0,1.0,0.0,0.0
02/01/2016,Norwich,Southampton,1.0,0.0,H,10.0,10.0,1.0,4.0,4.0,9.0,9.0,7.0,1.0,0.0,0.0,1.0
02/01/2016,Sunderland,Aston Villa,3.0,1.0,H,13.0,8.0,6.0,3.0,3.0,3.0,8.0,13.0,3.0,4.0,0.0,0.0
02/01/2016,Watford,Man City,1.0,2.0,A,11.0,16.0,3.0,5.0,4.0,5.0,6.0,10.0,1.0,0.0,0.0,0.0
02/01/2016,West Brom,Stoke,2.0,1.0,H,16.0,10.0,5.0,3.0,4.0,6.0,7.0,15.0,1.0,1.0,0.0,1.0
02/01/2016,West Ham,Liverpool,2.0,0.0,H,18.0,23.0,10.0,2.0,3.0,9.0,11.0,8.0,1.0,1.0,0.0,0.0
03/01/2016,Crystal Palace,Chelsea,0.0,3.0,A,8.0,10.0,4.0,4.0,5.0,7.0,12.0,15.0,3.0,0.0,0.0,0.0
03/01/2016,Everton,Tottenham,1.0,1.0,D,12.0,19.0,3.0,4.0,4.0,4.0,8.0,11.0,1.0,2.0,0.0,0.0
12/01/2016,Aston Villa,Crystal Palace,1.0,0.0,H,13.0,9.0,3.0,1.0,9.0,0.0,15.0,9.0,2.0,1.0,0.0,0.0
12/01/2016,Bournemouth,West Ham,1.0,3.0,A,11.0,10.0,4.0,5.0,4.0,7.0,8.0,5.0,1.0,1.0,0.0,0.0
12/01/2016,Newcastle,Man United,3.0,3.0,D,14.0,12.0,6.0,4.0,5.0,3.0,10.0,12.0,1.0,3.0,0.0,0.0
13/01/2016,Chelsea,West Brom,2.0,2.0,D,14.0,13.0,2.0,6.0,7.0,7.0,13.0,8.0,3.0,3.0,0.0,0.0
13/01/2016,Liverpool,Arsenal,3.0,3.0,D,22.0,14.0,6.0,5.0,9.0,3.0,9.0,7.0,2.0,0.0,0.0,0.0
13/01/2016,Man City,Everton,0.0,0.0,D,22.0,7.0,5.0,2.0,12.0,5.0,5.0,6.0,0.0,1.0,0.0,0.0
13/01/2016,Southampton,Watford,2.0,0.0,H,15.0,4.0,7.0,1.0,8.0,1.0,9.0,11.0,1.0,2.0,0.0,0.0
13/01/2016,Stoke,Norwich,3.0,1.0,H,14.0,5.0,4.0,2.0,7.0,3.0,5.0,8.0,0.0,1.0,0.0,1.0
13/01/2016,Swansea,Sunderland,2.0,4.0,A,10.0,7.0,5.0,5.0,8.0,6.0,9.0,12.0,2.0,0.0,1.0,0.0
13/01/2016,Tottenham,Leicester,0.0,1.0,A,21.0,10.0,5.0,2.0,16.0,8.0,13.0,10.0,1.0,0.0,0.0,0.0
16/01/2016,Aston Villa,Leicester,1.0,1.0,D,14.0,12.0,5.0,5.0,3.0,4.0,13.0,15.0,3.0,2.0,0.0,0.0
16/01/2016,Bournemouth,Norwich,3.0,0.0,H,15.0,10.0,8.0,3.0,5.0,3.0,8.0,13.0,1.0,1.0,0.0,0.0
16/01/2016,Chelsea,Everton,3.0,3.0,D,14.0,9.0,7.0,4.0,6.0,4.0,12.0,5.0,1.0,1.0,0.0,0.0
16/01/2016,Man City,Crystal Palace,4.0,0.0,H,17.0,9.0,4.0,3.0,5.0,6.0,10.0,11.0,0.0,2.0,0.0,0.0
16/01/2016,Newcastle,West Ham,2.0,1.0,H,23.0,10.0,10.0,3.0,3.0,3.0,9.0,4.0,1.0,0.0,0.0,0.0
16/01/2016,Southampton,West Brom,3.0,0.0,H,9.0,9.0,5.0,0.0,1.0,3.0,10.0,11.0,0.0,0.0,0.0,0.0
16/01/2016,Tottenham,Sunderland,4.0,1.0,H,26.0,5.0,11.0,2.0,11.0,3.0,8.0,13.0,0.0,2.0,0.0,0.0
17/01/2016,Liverpool,Man United,0.0,1.0,A,19.0,7.0,4.0,1.0,5.0,4.0,6.0,18.0,0.0,2.0,0.0,0.0
17/01/2016,Stoke,Arsenal,0.0,0.0,D,14.0,8.0,6.0,3.0,6.0,6.0,16.0,10.0,0.0,0.0,0.0,0.0
18/01/2016,Swansea,Watford,1.0,0.0,H,10.0,13.0,2.0,2.0,6.0,3.0,8.0,11.0,2.0,2.0,0.0,0.0
23/01/2016,Crystal Palace,Tottenham,1.0,3.0,A,11.0,24.0,3.0,11.0,3.0,10.0,11.0,12.0,2.0,2.0,0.0,0.0
23/01/2016,Leicester,Stoke,3.0,0.0,H,15.0,3.0,5.0,2.0,8.0,4.0,10.0,13.0,0.0,1.0,0.0,0.0
23/01/2016,Man United,Southampton,0.0,1.0,A,8.0,7.0,1.0,2.0,4.0,4.0,11.0,8.0,0.0,0.0,0.0,0.0
23/01/2016,Norwich,Liverpool,4.0,5.0,A,6.0,13.0,5.0,7.0,3.0,3.0,10.0,14.0,0.0,1.0,0.0,0.0
23/01/2016,Sunderland,Bournemouth,1.0,1.0,D,10.0,15.0,5.0,5.0,3.0,4.0,5.0,9.0,1.0,1.0,0.0,0.0
23/01/2016,Watford,Newcastle,2.0,1.0,H,13.0,11.0,5.0,2.0,2.0,7.0,10.0,12.0,2.0,1.0,0.0,0.0
23/01/2016,West Brom,Aston Villa,0.0,0.0,D,4.0,15.0,0.0,4.0,2.0,6.0,7.0,13.0,0.0,1.0,0.0,0.0
23/01/2016,West Ham,Man City,2.0,2.0,D,10.0,16.0,3.0,3.0,5.0,2.0,11.0,15.0,2.0,3.0,0.0,0.0
24/01/2016,Arsenal,Chelsea,0.0,1.0,A,9.0,12.0,1.0,6.0,6.0,7.0,14.0,13.0,1.0,3.0,1.0,0.0
24/01/2016,Everton,Swansea,1.0,2.0,A,20.0,7.0,2.0,5.0,7.0,1.0,5.0,12.0,0.0,3.0,0.0,0.0
02/02/2016,Arsenal,Southampton,0.0,0.0,D,21.0,14.0,11.0,3.0,13.0,3.0,11.0,19.0,2.0,1.0,0.0,0.0
02/02/2016,Crystal Palace,Bournemouth,1.0,2.0,A,14.0,8.0,3.0,4.0,5.0,3.0,11.0,15.0,3.0,4.0,0.0,0.0
02/02/2016,Leicester,Liverpool,2.0,0.0,H,13.0,14.0,6.0,2.0,3.0,12.0,6.0,7.0,0.0,1.0,0.0,0.0
02/02/2016,Man United,Stoke,3.0,0.0,H,15.0,10.0,5.0,0.0,2.0,5.0,13.0,13.0,2.0,1.0,0.0,0.0
02/02/2016,Norwich,Tottenham,0.0,3.0,A,10.0,17.0,2.0,6.0,6.0,8.0,8.0,9.0,2.0,2.0,0.0,0.0
02/02/2016,Sunderland,Man City,0.0,1.0,A,11.0,6.0,2.0,2.0,8.0,4.0,6.0,15.0,1.0,4.0,0.0,0.0
02/02/2016,West Brom,Swansea,1.0,1.0,D,17.0,18.0,7.0,4.0,7.0,7.0,12.0,13.0,0.0,0.0,0.0,0.0
02/02/2016,West Ham,Aston Villa,2.0,0.0,H,25.0,6.0,6.0,2.0,5.0,5.0,9.0,11.0,3.0,0.0,0.0,1.0
03/02/2016,Everton,Newcastle,3.0,0.0,H,18.0,7.0,7.0,3.0,3.0,3.0,8.0,15.0,1.0,2.0,0.0,1.0
03/02/2016,Watford,Chelsea,0.0,0.0,D,12.0,12.0,3.0,4.0,7.0,7.0,10.0,13.0,2.0,1.0,0.0,0.0
06/02/2016,Aston Villa,Norwich,2.0,0.0,H,10.0,12.0,3.0,4.0,2.0,11.0,10.0,11.0,0.0,2.0,0.0,0.0
06/02/2016,Liverpool,Sunderland,2.0,2.0,D,16.0,7.0,5.0,2.0,7.0,2.0,4.0,12.0,1.0,1.0,0.0,0.0
06/02/2016,Man City,Leicester,1.0,3.0,A,22.0,14.0,4.0,7.0,11.0,4.0,9.0,15.0,2.0,2.0,0.0,0.0
06/02/2016,Newcastle,West Brom,1.0,0.0,H,19.0,7.0,7.0,0.0,8.0,4.0,12.0,12.0,0.0,3.0,0.0,0.0
06/02/2016,Southampton,West Ham,1.0,0.0,H,8.0,18.0,2.0,2.0,4.0,5.0,17.0,10.0,1.0,2.0,1.0,0.0
06/02/2016,Stoke,Everton,0.0,3.0,A,11.0,14.0,3.0,6.0,6.0,4.0,11.0,8.0,1.0,0.0,0.0,0.0
06/02/2016,Swansea,Crystal Palace,1.0,1.0,D,19.0,12.0,3.0,2.0,9.0,5.0,11.0,14.0,1.0,2.0,0.0,0.0
06/02/2016,Tottenham,Watford,1.0,0.0,H,26.0,3.0,9.0,0.0,15.0,1.0,12.0,9.0,0.0,1.0,0.0,0.0
07/02/2016,Bournemouth,Arsenal,0.0,2.0,A,17.0,10.0,4.0,5.0,7.0,3.0,6.0,8.0,0.0,1.0,0.0,0.0
07/02/2016,Chelsea,Man United,1.0,1.0,D,16.0,17.0,5.0,7.0,10.0,11.0,6.0,9.0,0.0,3.0,0.0,0.0
13/02/2016,Bournemouth,Stoke,1.0,3.0,A,11.0,11.0,2.0,6.0,9.0,2.0,7.0,18.0,4.0,2.0,0.0,0.0
13/02/2016,Chelsea,Newcastle,5.0,1.0,H,15.0,10.0,5.0,4.0,8.0,3.0,16.0,14.0,0.0,1.0,1.0,0.0
13/02/2016,Crystal Palace,Watford,1.0,2.0,A,14.0,10.0,7.0,3.0,8.0,5.0,11.0,16.0,0.0,2.0,0.0,0.0
13/02/2016,Everton,West Brom,0.0,1.0,A,34.0,5.0,6.0,1.0,14.0,1.0,9.0,12.0,1.0,3.0,0.0,0.0
13/02/2016,Norwich,West Ham,2.0,2.0,D,13.0,11.0,3.0,6.0,3.0,3.0,16.0,11.0,2.0,2.0,0.0,0.0
13/02/2016,Sunderland,Man United,2.0,1.0,H,21.0,12.0,5.0,6.0,6.0,8.0,7.0,15.0,2.0,3.0,0.0,0.0
13/02/2016,Swansea,Southampton,0.0,1.0,A,13.0,13.0,2.0,5.0,5.0,4.0,10.0,12.0,0.0,3.0,0.0,0.0
14/02/2016,Arsenal,Leicester,2.0,1.0,H,24.0,7.0,6.0,3.0,11.0,1.0,9.0,10.0,4.0,3.0,0.0,1.0
14/02/2016,Aston Villa,Liverpool,0.0,6.0,A,6.0,11.0,1.0,9.0,0.0,6.0,10.0,9.0,3.0,1.0,0.0,0.0
14/02/2016,Man City,Tottenham,1.0,2.0,A,19.0,6.0,4.0,3.0,7.0,1.0,12.0,17.0,1.0,3.0,0.0,0.0
27/02/2016,Leicester,Norwich,1.0,0.0,H,13.0,9.0,3.0,1.0,3.0,4.0,9.0,11.0,0.0,2.0,0.0,0.0
27/02/2016,Southampton,Chelsea,1.0,2.0,A,7.0,16.0,2.0,4.0,7.0,8.0,10.0,11.0,3.0,1.0,0.0,0.0
27/02/2016,Stoke,Aston Villa,2.0,1.0,H,11.0,5.0,3.0,1.0,11.0,0.0,7.0,15.0,0.0,3.0,0.0,0.0
27/02/2016,Watford,Bournemouth,0.0,0.0,D,14.0,11.0,1.0,3.0,4.0,5.0,14.0,17.0,3.0,1.0,0.0,0.0
27/02/2016,West Brom,Crystal Palace,3.0,2.0,H,11.0,15.0,5.0,2.0,3.0,6.0,14.0,16.0,2.0,2.0,0.0,0.0
27/02/2016,West Ham,Sunderland,1.0,0.0,H,9.0,13.0,3.0,4.0,5.0,6.0,11.0,9.0,1.0,0.0,0.0,0.0
28/02/2016,Tottenham,Swansea,2.0,1.0,H,34.0,10.0,14.0,4.0,7.0,7.0,11.0,14.0,2.0,3.0,0.0,0.0
28/02/2016,Man United,Arsenal,3.0,2.0,H,7.0,13.0,5.0,5.0,2.0,3.0,21.0,15.0,4.0,3.0,0.0,0.0
01/03/2016,Aston Villa,Everton,1.0,3.0,A,14.0,10.0,5.0,7.0,9.0,8.0,8.0,7.0,3.0,1.0,0.0,0.0
01/03/2016,Bournemouth,Southampton,2.0,0.0,H,9.0,6.0,4.0,1.0,10.0,2.0,11.0,18.0,0.0,0.0,0.0,0.0
01/03/2016,Leicester,West Brom,2.0,2.0,D,22.0,11.0,5.0,3.0,11.0,3.0,10.0,8.0,0.0,2.0,0.0,0.0
01/03/2016,Norwich,Chelsea,1.0,2.0,A,13.0,10.0,2.0,2.0,4.0,4.0,17.0,5.0,3.0,2.0,0.0,0.0
01/03/2016,Sunderland,Crystal Palace,2.0,2.0,D,17.0,13.0,6.0,5.0,4.0,5.0,11.0,14.0,1.0,1.0,0.0,0.0
02/03/2016,Arsenal,Swansea,1.0,2.0,A,18.0,11.0,4.0,2.0,7.0,3.0,8.0,11.0,0.0,2.0,0.0,0.0
02/03/2016,Liverpool,Man City,3.0,0.0,H,11.0,4.0,7.0,2.0,3.0,2.0,14.0,14.0,0.0,1.0,0.0,0.0
02/03/2016,Man United,Watford,1.0,0.0,H,14.0,13.0,3.0,3.0,9.0,7.0,7.0,17.0,1.0,2.0,0.0,0.0
02/03/2016,Stoke,Newcastle,1.0,0.0,H,9.0,5.0,2.0,3.0,5.0,2.0,11.0,6.0,1.0,0.0,0.0,0.0
02/03/2016,West Ham,Tottenham,1.0,0.0,H,14.0,9.0,3.0,2.0,6.0,3.0,10.0,11.0,0.0,3.0,0.0,0.0
05/03/2016,Chelsea,Stoke,1.0,1.0,D,20.0,16.0,7.0,5.0,8.0,4.0,9.0,10.0,1.0,2.0,0.0,0.0
05/03/2016,Everton,West Ham,2.0,3.0,A,15.0,17.0,8.0,5.0,9.0,6.0,12.0,13.0,2.0,3.0,1.0,0.0
05/03/2016,Man City,Aston Villa,4.0,0.0,H,22.0,2.0,9.0,1.0,9.0,1.0,10.0,10.0,0.0,1.0,0.0,0.0
05/03/2016,Newcastle,Bournemouth,1.0,3.0,A,14.0,16.0,3.0,5.0,5.0,4.0,13.0,8.0,1.0,3.0,0.0,0.0
05/03/2016,Southampton,Sunderland,1.0,1.0,D,16.0,11.0,5.0,3.0,12.0,2.0,9.0,9.0,2.0,1.0,1.0,0.0
05/03/2016,Swansea,Norwich,1.0,0.0,H,10.0,8.0,3.0,3.0,5.0,0.0,14.0,15.0,2.0,5.0,0.0,0.0
05/03/2016,Tottenham,Arsenal,2.0,2.0,D,26.0,10.0,11.0,4.0,9.0,2.0,9.0,10.0,2.0,2.0,0.0,1.0
05/03/2016,Watford,Leicester,0.0,1.0,A,11.0,14.0,4.0,7.0,3.0,8.0,10.0,11.0,2.0,2.0,0.0,0.0
06/03/2016,Crystal Palace,Liverpool,1.0,2.0,A,14.0,19.0,4.0,5.0,6.0,6.0,12.0,16.0,1.0,2.0,0.0,1.0
06/03/2016,West Brom,Man United,1.0,0.0,H,9.0,7.0,2.0,1.0,4.0,5.0,8.0,7.0,1.0,0.0,0.0,1.0
12/03/2016,Bournemouth,Swansea,3.0,2.0,H,12.0,12.0,4.0,4.0,5.0,3.0,12.0,11.0,1.0,0.0,0.0,0.0
12/03/2016,Norwich,Man City,0.0,0.0,D,5.0,15.0,0.0,3.0,3.0,8.0,15.0,10.0,3.0,1.0,0.0,0.0
12/03/2016,Stoke,Southampton,1.0,2.0,A,13.0,11.0,2.0,4.0,1.0,4.0,13.0,12.0,1.0,2.0,0.0,1.0
13/03/2016,Aston Villa,Tottenham,0.0,2.0,A,11.0,19.0,2.0,8.0,5.0,8.0,6.0,6.0,0.0,0.0,0.0,0.0
14/03/2016,Leicester,Newcastle,1.0,0.0,H,10.0,13.0,1.0,2.0,8.0,4.0,4.0,9.0,0.0,0.0,0.0,0.0
19/03/2016,Chelsea,West Ham,2.0,2.0,D,22.0,13.0,5.0,6.0,10.0,9.0,13.0,14.0,3.0,5.0,0.0,0.0
19/03/2016,Crystal Palace,Leicester,0.0,1.0,A,12.0,8.0,4.0,3.0,10.0,7.0,9.0,13.0,1.0,1.0,0.0,0.0
19/03/2016,Everton,Arsenal,0.0,2.0,A,8.0,11.0,2.0,3.0,7.0,5.0,7.0,10.0,0.0,0.0,0.0,0.0
19/03/2016,Swansea,Aston Villa,1.0,0.0,H,10.0,12.0,1.0,2.0,4.0,6.0,9.0,10.0,3.0,2.0,0.0,0.0
19/03/2016,Watford,Stoke,1.0,2.0,A,9.0,9.0,4.0,6.0,9.0,2.0,10.0,14.0,3.0,1.0,0.0,0.0
19/03/2016,West Brom,Norwich,0.0,1.0,A,10.0,7.0,0.0,1.0,4.0,3.0,8.0,13.0,1.0,2.0,0.0,0.0
20/03/2016,Man City,Man United,0.0,1.0,A,26.0,5.0,2.0,3.0,11.0,5.0,9.0,12.0,1.0,1.0,0.0,0.0
20/03/2016,Newcastle,Sunderland,1.0,1.0,D,17.0,14.0,8.0,4.0,2.0,5.0,14.0,7.0,4.0,1.0,0.0,0.0
20/03/2016,Southampton,Liverpool,3.0,2.0,H,16.0,18.0,5.0,9.0,3.0,5.0,10.0,13.0,1.0,3.0,0.0,0.0
20/03/2016,Tottenham,Bournemouth,3.0,0.0,H,17.0,2.0,8.0,0.0,4.0,5.0,11.0,6.0,0.0,1.0,0.0,0.0
02/04/2016,Arsenal,Watford,4.0,0.0,H,19.0,6.0,12.0,2.0,8.0,3.0,7.0,10.0,1.0,1.0,0.0,0.0
02/04/2016,Aston Villa,Chelsea,0.0,4.0,A,15.0,11.0,4.0,8.0,7.0,2.0,12.0,8.0,4.0,1.0,1.0,0.0
02/04/2016,Bournemouth,Man City,0.0,4.0,A,11.0,15.0,2.0,7.0,4.0,4.0,9.0,8.0,0.0,1.0,0.0,0.0
02/04/2016,Liverpool,Tottenham,1.0,1.0,D,15.0,18.0,7.0,5.0,12.0,9.0,11.0,11.0,2.0,0.0,0.0,0.0
02/04/2016,Norwich,Newcastle,3.0,2.0,H,13.0,13.0,6.0,5.0,6.0,5.0,6.0,11.0,0.0,0.0,0.0,0.0
02/04/2016,Stoke,Swansea,2.0,2.0,D,12.0,12.0,5.0,3.0,5.0,5.0,6.0,16.0,0.0,1.0,0.0,0.0
02/04/2016,Sunderland,West Brom,0.0,0.0,D,22.0,3.0,7.0,0.0,9.0,3.0,11.0,13.0,1.0,1.0,0.0,0.0
02/04/2016,West Ham,Crystal Palace,2.0,2.0,D,18.0,12.0,6.0,5.0,4.0,5.0,12.0,19.0,2.0,2.0,1.0,0.0
03/04/2016,Leicester,Southampton,1.0,0.0,H,11.0,10.0,4.0,2.0,7.0,8.0,12.0,13.0,2.0,2.0,0.0,0.0
03/04/2016,Man United,Everton,1.0,0.0,H,10.0,7.0,2.0,1.0,5.0,5.0,15.0,6.0,2.0,0.0,0.0,0.0
09/04/2016,Aston Villa,Bournemouth,1.0,2.0,A,6.0,12.0,1.0,3.0,3.0,8.0,13.0,11.0,2.0,2.0,0.0,0.0
09/04/2016,Crystal Palace,Norwich,1.0,0.0,H,13.0,13.0,6.0,4.0,10.0,4.0,13.0,10.0,2.0,1.0,0.0,0.0
09/04/2016,Man City,West Brom,2.0,1.0,H,13.0,13.0,4.0,2.0,8.0,8.0,10.0,7.0,0.0,1.0,0.0,0.0
09/04/2016,Southampton,Newcastle,3.0,1.0,H,20.0,5.0,6.0,3.0,11.0,2.0,8.0,7.0,0.0,0.0,0.0,0.0
09/04/2016,Swansea,Chelsea,1.0,0.0,H,12.0,8.0,6.0,2.0,1.0,9.0,15.0,13.0,5.0,4.0,0.0,0.0
09/04/2016,Watford,Everton,1.0,1.0,D,13.0,12.0,5.0,7.0,7.0,6.0,13.0,10.0,2.0,1.0,0.0,0.0
09/04/2016,West Ham,Arsenal,3.0,3.0,D,19.0,11.0,7.0,6.0,7.0,4.0,11.0,8.0,2.0,0.0,0.0,0.0
10/04/2016,Liverpool,Stoke,4.0,1.0,H,14.0,10.0,6.0,3.0,6.0,3.0,14.0,14.0,0.0,2.0,0.0,0.0
10/04/2016,Sunderland,Leicester,0.0,2.0,A,15.0,17.0,1.0,7.0,1.0,7.0,9.0,9.0,1.0,1.0,0.0,0.0
10/04/2016,Tottenham,Man United,3.0,0.0,H,16.0,5.0,8.0,1.0,2.0,7.0,10.0,10.0,3.0,3.0,0.0,0.0
13/04/2016,Crystal Palace,Everton,0.0,0.0,D,18.0,9.0,6.0,5.0,10.0,7.0,7.0,9.0,0.0,1.0,0.0,1.0
16/04/2016,Chelsea,Man City,0.0,3.0,A,11.0,11.0,4.0,8.0,11.0,3.0,12.0,15.0,2.0,3.0,1.0,0.0
16/04/2016,Everton,Southampton,1.0,1.0,D,7.0,18.0,2.0,4.0,3.0,10.0,8.0,14.0,1.0,1.0,0.0,0.0
16/04/2016,Man United,Aston Villa,1.0,0.0,H,13.0,7.0,4.0,1.0,14.0,3.0,9.0,10.0,0.0,1.0,0.0,0.0
16/04/2016,Newcastle,Swansea,3.0,0.0,H,12.0,11.0,7.0,1.0,3.0,7.0,13.0,9.0,2.0,1.0,0.0,0.0
16/04/2016,Norwich,Sunderland,0.0,3.0,A,19.0,8.0,6.0,3.0,14.0,0.0,7.0,11.0,2.0,2.0,0.0,0.0
16/04/2016,West Brom,Watford,0.0,1.0,A,16.0,11.0,4.0,4.0,9.0,3.0,11.0,17.0,0.0,3.0,0.0,0.0
17/04/2016,Arsenal,Crystal Palace,1.0,1.0,D,21.0,7.0,6.0,2.0,10.0,5.0,7.0,13.0,0.0,2.0,0.0,0.0
17/04/2016,Bournemouth,Liverpool,1.0,2.0,A,18.0,19.0,5.0,6.0,5.0,4.0,9.0,9.0,0.0,0.0,0.0,0.0
17/04/2016,Leicester,West Ham,2.0,2.0,D,6.0,19.0,2.0,4.0,0.0,5.0,14.0,14.0,1.0,3.0,1.0,0.0
18/04/2016,Stoke,Tottenham,0.0,4.0,A,12.0,23.0,2.0,6.0,5.0,3.0,12.0,12.0,2.0,0.0,0.0,0.0
19/04/2016,Newcastle,Man City,1.0,1.0,D,5.0,9.0,3.0,5.0,5.0,3.0,13.0,8.0,3.0,2.0,0.0,0.0
20/04/2016,Liverpool,Everton,4.0,0.0,H,37.0,3.0,13.0,0.0,9.0,1.0,8.0,11.0,1.0,1.0,0.0,1.0
20/04/2016,Man United,Crystal Palace,2.0,0.0,H,16.0,5.0,10.0,0.0,10.0,2.0,13.0,7.0,1.0,2.0,0.0,0.0
20/04/2016,West Ham,Watford,3.0,1.0,H,18.0,7.0,7.0,4.0,4.0,2.0,11.0,17.0,0.0,2.0,0.0,1.0
21/04/2016,Arsenal,West Brom,2.0,0.0,H,16.0,8.0,7.0,1.0,2.0,6.0,14.0,14.0,0.0,1.0,0.0,0.0
23/04/2016,Aston Villa,Southampton,2.0,4.0,A,16.0,17.0,7.0,7.0,6.0,11.0,8.0,9.0,2.0,0.0,0.0,0.0
23/04/2016,Bournemouth,Chelsea,1.0,4.0,A,13.0,16.0,4.0,4.0,10.0,7.0,11.0,4.0,1.0,0.0,0.0,0.0
23/04/2016,Liverpool,Newcastle,2.0,2.0,D,13.0,6.0,4.0,3.0,5.0,4.0,8.0,17.0,1.0,1.0,0.0,0.0
23/04/2016,Man City,Stoke,4.0,0.0,H,11.0,14.0,6.0,2.0,9.0,4.0,8.0,8.0,0.0,0.0,0.0,0.0
24/04/2016,Leicester,Swansea,4.0,0.0,H,18.0,9.0,9.0,1.0,4.0,6.0,15.0,10.0,1.0,2.0,0.0,0.0
24/04/2016,Sunderland,Arsenal,0.0,0.0,D,12.0,20.0,3.0,7.0,7.0,7.0,10.0,8.0,2.0,4.0,0.0,0.0
25/04/2016,Tottenham,West Brom,1.0,1.0,D,19.0,16.0,2.0,3.0,9.0,7.0,8.0,13.0,0.0,1.0,0.0,0.0
30/04/2016,Arsenal,Norwich,1.0,0.0,H,14.0,12.0,3.0,3.0,7.0,3.0,8.0,7.0,1.0,0.0,0.0,0.0
30/04/2016,Everton,Bournemouth,2.0,1.0,H,12.0,16.0,5.0,2.0,3.0,5.0,4.0,8.0,1.0,0.0,0.0,0.0
30/04/2016,Newcastle,Crystal Palace,1.0,0.0,H,10.0,9.0,4.0,3.0,4.0,8.0,11.0,12.0,2.0,0.0,0.0,0.0
30/04/2016,Stoke,Sunderland,1.0,1.0,D,11.0,14.0,3.0,5.0,2.0,8.0,13.0,13.0,2.0,2.0,0.0,0.0
30/04/2016,Watford,Aston Villa,3.0,2.0,H,18.0,7.0,6.0,2.0,8.0,4.0,14.0,10.0,2.0,3.0,0.0,1.0
30/04/2016,West Brom,West Ham,0.0,3.0,A,15.0,8.0,5.0,4.0,8.0,6.0,14.0,7.0,0.0,0.0,0.0,0.0
01/05/2016,Man United,Leicester,1.0,1.0,D,21.0,14.0,6.0,3.0,6.0,5.0,16.0,10.0,3.0,0.0,0.0,1.0
01/05/2016,Southampton,Man City,4.0,2.0,H,14.0,6.0,7.0,5.0,8.0,2.0,12.0,9.0,2.0,1.0,0.0,0.0
01/05/2016,Swansea,Liverpool,3.0,1.0,H,18.0,11.0,9.0,3.0,4.0,7.0,12.0,13.0,2.0,2.0,0.0,1.0
02/05/2016,Chelsea,Tottenham,2.0,2.0,D,13.0,16.0,5.0,5.0,7.0,8.0,9.0,20.0,3.0,9.0,0.0,0.0
07/05/2016,Aston Villa,Newcastle,0.0,0.0,D,2.0,9.0,0.0,3.0,0.0,5.0,8.0,13.0,1.0,1.0,0.0,0.0
07/05/2016,Bournemouth,West Brom,1.0,1.0,D,12.0,12.0,4.0,4.0,5.0,3.0,5.0,8.0,2.0,1.0,0.0,0.0
07/05/2016,Crystal Palace,Stoke,2.0,1.0,H,17.0,12.0,4.0,3.0,4.0,3.0,8.0,18.0,2.0,3.0,0.0,0.0
07/05/2016,Leicester,Everton,3.0,1.0,H,32.0,9.0,8.0,5.0,12.0,4.0,4.0,12.0,0.0,3.0,0.0,0.0
07/05/2016,Norwich,Man United,0.0,1.0,A,8.0,15.0,2.0,2.0,1.0,6.0,11.0,10.0,1.0,0.0,0.0,0.0
07/05/2016,Sunderland,Chelsea,3.0,2.0,H,15.0,9.0,4.0,8.0,3.0,3.0,11.0,9.0,4.0,1.0,0.0,1.0
07/05/2016,West Ham,Swansea,1.0,4.0,A,25.0,13.0,7.0,6.0,13.0,3.0,11.0,8.0,3.0,0.0,0.0,0.0
08/05/2016,Liverpool,Watford,2.0,0.0,H,19.0,14.0,5.0,3.0,8.0,8.0,10.0,15.0,1.0,2.0,0.0,0.0
08/05/2016,Man City,Arsenal,2.0,2.0,D,14.0,5.0,3.0,2.0,7.0,2.0,16.0,10.0,2.0,1.0,0.0,0.0
08/05/2016,Tottenham,Southampton,1.0,2.0,A,20.0,10.0,6.0,2.0,10.0,2.0,8.0,16.0,0.0,3.0,0.0,0.0
10/05/2016,West Ham,Man United,3.0,2.0,H,20.0,3.0,6.0,2.0,6.0,2.0,6.0,18.0,1.0,3.0,0.0,0.0
11/05/2016,Liverpool,Chelsea,1.0,1.0,D,28.0,13.0,9.0,7.0,7.0,3.0,11.0,12.0,3.0,1.0,0.0,0.0
11/05/2016,Norwich,Watford,4.0,2.0,H,18.0,12.0,6.0,7.0,5.0,1.0,8.0,12.0,2.0,3.0,0.0,0.0
11/05/2016,Sunderland,Everton,3.0,0.0,H,14.0,17.0,8.0,6.0,5.0,5.0,15.0,7.0,1.0,0.0,0.0,0.0
15/05/2016,Arsenal,Aston Villa,4.0,0.0,H,16.0,5.0,7.0,2.0,5.0,4.0,12.0,6.0,0.0,1.0,0.0,0.0
15/05/2016,Chelsea,Leicester,1.0,1.0,D,17.0,18.0,4.0,5.0,7.0,6.0,4.0,12.0,0.0,0.0,0.0,0.0
15/05/2016,Everton,Norwich,3.0,0.0,H,15.0,10.0,8.0,2.0,4.0,11.0,7.0,11.0,0.0,0.0,0.0,0.0
15/05/2016,Newcastle,Tottenham,5.0,1.0,H,19.0,17.0,10.0,5.0,3.0,8.0,7.0,6.0,1.0,2.0,1.0,0.0
15/05/2016,Southampton,Crystal Palace,4.0,1.0,H,18.0,16.0,5.0,4.0,2.0,5.0,7.0,14.0,1.0,2.0,0.0,0.0
15/05/2016,Stoke,West Ham,2.0,1.0,H,7.0,20.0,4.0,7.0,4.0,10.0,8.0,12.0,3.0,1.0,0.0,0.0
15/05/2016,Swansea,Man City,1.0,1.0,D,4.0,18.0,1.0,5.0,4.0,4.0,4.0,19.0,1.0,3.0,0.0,0.0
15/05/2016,Watford,Sunderland,2.0,2.0,D,21.0,6.0,6.0,4.0,7.0,4.0,11.0,10.0,1.0,0.0,0.0,0.0
15/05/2016,West Brom,Liverpool,1.0,1.0,D,13.0,7.0,1.0,3.0,7.0,5.0,11.0,14.0,3.0,1.0,0.0,0.0
17/05/2016,Man United,Bournemouth,3.0,1.0,H,12.0,7.0,5.0,0.0,7.0,1.0,9.0,8.0,1.0,0.0,0.0,0.0
13/08/16,Burnley,Swansea,0.0,1.0,A,10.0,17.0,3.0,9.0,7.0,4.0,10.0,14.0,3.0,2.0,0.0,0.0
13/08/16,Crystal Palace,West Brom,0.0,1.0,A,14.0,13.0,4.0,3.0,3.0,6.0,12.0,15.0,2.0,2.0,0.0,0.0
13/08/16,Everton,Tottenham,1.0,1.0,D,12.0,13.0,6.0,4.0,5.0,6.0,10.0,14.0,0.0,0.0,0.0,0.0
13/08/16,Hull,Leicester,2.0,1.0,H,14.0,18.0,5.0,5.0,5.0,3.0,8.0,17.0,2.0,2.0,0.0,0.0
13/08/16,Man City,Sunderland,2.0,1.0,H,16.0,7.0,4.0,3.0,9.0,6.0,11.0,14.0,1.0,2.0,0.0,0.0
13/08/16,Middlesbrough,Stoke,1.0,1.0,D,12.0,12.0,2.0,1.0,9.0,6.0,18.0,14.0,3.0,5.0,0.0,0.0
13/08/16,Southampton,Watford,1.0,1.0,D,24.0,5.0,6.0,1.0,6.0,2.0,8.0,12.0,1.0,2.0,0.0,1.0
14/08/16,Arsenal,Liverpool,3.0,4.0,A,9.0,16.0,5.0,7.0,5.0,4.0,13.0,17.0,3.0,3.0,0.0,0.0
14/08/16,Bournemouth,Man United,1.0,3.0,A,9.0,11.0,3.0,7.0,4.0,2.0,7.0,10.0,0.0,1.0,0.0,0.0
15/08/16,Chelsea,West Ham,2.0,1.0,H,16.0,7.0,6.0,3.0,7.0,1.0,16.0,16.0,5.0,2.0,0.0,0.0
19/08/16,Man United,Southampton,2.0,0.0,H,12.0,13.0,5.0,1.0,4.0,0.0,11.0,8.0,0.0,0.0,0.0,0.0
20/08/16,Burnley,Liverpool,2.0,0.0,H,3.0,26.0,2.0,5.0,1.0,12.0,14.0,5.0,0.0,1.0,0.0,0.0
20/08/16,Leicester,Arsenal,0.0,0.0,D,8.0,13.0,1.0,4.0,2.0,7.0,11.0,7.0,1.0,2.0,0.0,0.0
20/08/16,Stoke,Man City,1.0,4.0,A,8.0,12.0,3.0,6.0,7.0,7.0,12.0,13.0,3.0,4.0,0.0,0.0
20/08/16,Swansea,Hull,0.0,2.0,A,13.0,12.0,3.0,4.0,8.0,3.0,7.0,10.0,0.0,0.0,0.0,0.0
20/08/16,Tottenham,Crystal Palace,1.0,0.0,H,20.0,10.0,5.0,2.0,10.0,4.0,19.0,9.0,3.0,3.0,0.0,0.0
20/08/16,Watford,Chelsea,1.0,2.0,A,6.0,13.0,2.0,4.0,0.0,5.0,20.0,10.0,4.0,3.0,0.0,0.0
20/08/16,West Brom,Everton,1.0,2.0,A,11.0,13.0,4.0,7.0,7.0,4.0,16.0,10.0,3.0,1.0,0.0,0.0
21/08/16,Sunderland,Middlesbrough,1.0,2.0,A,18.0,8.0,5.0,3.0,8.0,1.0,11.0,14.0,1.0,1.0,0.0,0.0
21/08/16,West Ham,Bournemouth,1.0,0.0,H,15.0,8.0,2.0,5.0,1.0,6.0,15.0,15.0,3.0,1.0,0.0,1.0
27/08/16,Chelsea,Burnley,3.0,0.0,H,22.0,6.0,10.0,0.0,9.0,5.0,6.0,9.0,2.0,2.0,0.0,0.0
27/08/16,Crystal Palace,Bournemouth,1.0,1.0,D,24.0,10.0,5.0,3.0,10.0,4.0,15.0,10.0,2.0,1.0,0.0,0.0
27/08/16,Everton,Stoke,1.0,0.0,H,21.0,8.0,9.0,1.0,9.0,2.0,14.0,11.0,2.0,1.0,0.0,0.0
27/08/16,Hull,Man United,0.0,1.0,A,8.0,29.0,2.0,9.0,1.0,6.0,9.0,6.0,2.0,3.0,0.0,0.0
27/08/16,Leicester,Swansea,2.0,1.0,H,13.0,9.0,6.0,3.0,4.0,6.0,14.0,10.0,2.0,2.0,0.0,0.0
27/08/16,Southampton,Sunderland,1.0,1.0,D,16.0,5.0,7.0,2.0,5.0,5.0,15.0,8.0,2.0,2.0,0.0,0.0
27/08/16,Tottenham,Liverpool,1.0,1.0,D,11.0,13.0,4.0,3.0,5.0,5.0,11.0,17.0,3.0,5.0,0.0,0.0
27/08/16,Watford,Arsenal,1.0,3.0,A,14.0,10.0,6.0,7.0,3.0,2.0,18.0,15.0,6.0,1.0,0.0,0.0
28/08/16,Man City,West Ham,3.0,1.0,H,22.0,9.0,5.0,2.0,5.0,4.0,5.0,10.0,1.0,3.0,0.0,0.0
28/08/16,West Brom,Middlesbrough,0.0,0.0,D,13.0,7.0,2.0,2.0,5.0,4.0,12.0,11.0,1.0,3.0,0.0,0.0
10/09/16,Arsenal,Southampton,2.0,1.0,H,17.0,11.0,2.0,5.0,6.0,1.0,10.0,8.0,2.0,5.0,0.0,0.0
10/09/16,Bournemouth,West Brom,1.0,0.0,H,12.0,12.0,5.0,2.0,10.0,5.0,9.0,11.0,1.0,3.0,0.0,0.0
10/09/16,Burnley,Hull,1.0,1.0,D,13.0,11.0,2.0,3.0,5.0,9.0,13.0,3.0,2.0,0.0,0.0,0.0
10/09/16,Liverpool,Leicester,4.0,1.0,H,17.0,12.0,11.0,3.0,1.0,7.0,4.0,8.0,1.0,2.0,0.0,0.0
10/09/16,Man United,Man City,1.0,2.0,A,14.0,18.0,3.0,6.0,4.0,4.0,15.0,10.0,4.0,2.0,0.0,0.0
10/09/16,Middlesbrough,Crystal Palace,1.0,2.0,A,12.0,12.0,4.0,4.0,6.0,6.0,5.0,9.0,1.0,2.0,0.0,0.0
10/09/16,Stoke,Tottenham,0.0,4.0,A,15.0,20.0,2.0,8.0,10.0,8.0,13.0,18.0,3.0,2.0,0.0,0.0
10/09/16,West Ham,Watford,2.0,4.0,A,19.0,13.0,4.0,8.0,4.0,4.0,10.0,15.0,2.0,2.0,0.0,0.0
11/09/16,Swansea,Chelsea,2.0,2.0,D,6.0,28.0,2.0,7.0,1.0,11.0,17.0,8.0,3.0,4.0,0.0,0.0
12/09/16,Sunderland,Everton,0.0,3.0,A,11.0,20.0,2.0,9.0,5.0,4.0,11.0,8.0,1.0,1.0,0.0,0.0
16/09/16,Chelsea,Liverpool,1.0,2.0,A,12.0,13.0,4.0,5.0,6.0,4.0,6.0,13.0,1.0,1.0,0.0,0.0
17/09/16,Everton,Middlesbrough,3.0,1.0,H,11.0,7.0,6.0,0.0,6.0,3.0,5.0,15.0,2.0,1.0,0.0,0.0
17/09/16,Hull,Arsenal,1.0,4.0,A,6.0,24.0,2.0,9.0,2.0,4.0,9.0,12.0,0.0,2.0,1.0,0.0
17/09/16,Leicester,Burnley,3.0,0.0,H,14.0,7.0,6.0,2.0,7.0,1.0,10.0,9.0,0.0,1.0,0.0,0.0
17/09/16,Man City,Bournemouth,4.0,0.0,H,20.0,6.0,12.0,2.0,5.0,5.0,8.0,11.0,1.0,1.0,1.0,0.0
17/09/16,West Brom,West Ham,4.0,2.0,H,8.0,23.0,6.0,5.0,2.0,6.0,14.0,6.0,2.0,1.0,0.0,0.0
18/09/16,Crystal Palace,Stoke,4.0,1.0,H,14.0,11.0,8.0,4.0,10.0,5.0,15.0,9.0,2.0,1.0,0.0,0.0
18/09/16,Southampton,Swansea,1.0,0.0,H,19.0,9.0,6.0,3.0,7.0,1.0,14.0,9.0,1.0,1.0,0.0,0.0
18/09/16,Tottenham,Sunderland,1.0,0.0,H,31.0,6.0,9.0,2.0,14.0,1.0,7.0,16.0,1.0,5.0,0.0,1.0
18/09/16,Watford,Man United,3.0,1.0,H,10.0,15.0,5.0,2.0,5.0,7.0,14.0,19.0,3.0,4.0,0.0,0.0
24/09/16,Arsenal,Chelsea,3.0,0.0,H,14.0,9.0,5.0,2.0,9.0,1.0,9.0,11.0,0.0,2.0,0.0,0.0
24/09/16,Bournemouth,Everton,1.0,0.0,H,12.0,13.0,1.0,2.0,5.0,3.0,10.0,14.0,2.0,2.0,0.0,0.0
24/09/16,Liverpool,Hull,5.0,1.0,H,32.0,2.0,12.0,1.0,13.0,2.0,8.0,8.0,1.0,2.0,0.0,1.0
24/09/16,Man United,Leicester,4.0,1.0,H,16.0,10.0,7.0,3.0,8.0,6.0,9.0,12.0,0.0,2.0,0.0,0.0
24/09/16,Middlesbrough,Tottenham,1.0,2.0,A,6.0,19.0,2.0,5.0,2.0,10.0,14.0,9.0,2.0,1.0,0.0,0.0
24/09/16,Stoke,West Brom,1.0,1.0,D,12.0,9.0,2.0,3.0,6.0,6.0,9.0,13.0,3.0,4.0,0.0,0.0
24/09/16,Sunderland,Crystal Palace,2.0,3.0,A,11.0,20.0,4.0,4.0,3.0,5.0,15.0,12.0,0.0,2.0,0.0,0.0
24/09/16,Swansea,Man City,1.0,3.0,A,13.0,18.0,5.0,4.0,2.0,7.0,15.0,9.0,2.0,4.0,0.0,0.0
25/09/16,West Ham,Southampton,0.0,3.0,A,13.0,18.0,1.0,9.0,6.0,2.0,9.0,14.0,5.0,2.0,0.0,0.0
26/09/16,Burnley,Watford,2.0,0.0,H,13.0,12.0,4.0,3.0,7.0,6.0,11.0,15.0,1.0,3.0,0.0,0.0
30/09/16,Everton,Crystal Palace,1.0,1.0,D,13.0,10.0,3.0,2.0,10.0,9.0,16.0,11.0,5.0,4.0,0.0,0.0
01/10/16,Hull,Chelsea,0.0,2.0,A,8.0,22.0,3.0,9.0,5.0,7.0,13.0,15.0,2.0,2.0,0.0,0.0
01/10/16,Sunderland,West Brom,1.0,1.0,D,7.0,17.0,2.0,7.0,6.0,5.0,7.0,13.0,1.0,3.0,0.0,0.0
01/10/16,Swansea,Liverpool,1.0,2.0,A,8.0,18.0,3.0,6.0,3.0,10.0,11.0,9.0,2.0,2.0,0.0,0.0
01/10/16,Watford,Bournemouth,2.0,2.0,D,17.0,11.0,7.0,2.0,4.0,5.0,17.0,12.0,3.0,4.0,0.0,0.0
01/10/16,West Ham,Middlesbrough,1.0,1.0,D,19.0,9.0,2.0,3.0,4.0,5.0,13.0,12.0,2.0,3.0,0.0,0.0
02/10/16,Burnley,Arsenal,0.0,1.0,A,10.0,18.0,1.0,3.0,2.0,6.0,2.0,3.0,0.0,0.0,0.0,0.0
02/10/16,Leicester,Southampton,0.0,0.0,D,9.0,11.0,1.0,5.0,3.0,6.0,9.0,9.0,1.0,0.0,0.0,0.0
02/10/16,Man United,Stoke,1.0,1.0,D,24.0,7.0,9.0,6.0,13.0,2.0,14.0,9.0,3.0,0.0,0.0,0.0
02/10/16,Tottenham,Man City,2.0,0.0,H,13.0,12.0,7.0,6.0,4.0,3.0,20.0,10.0,2.0,2.0,0.0,0.0
15/10/16,Arsenal,Swansea,3.0,2.0,H,16.0,13.0,6.0,6.0,5.0,6.0,7.0,10.0,0.0,1.0,1.0,0.0
15/10/16,Bournemouth,Hull,6.0,1.0,H,22.0,11.0,10.0,4.0,5.0,4.0,8.0,14.0,0.0,3.0,0.0,0.0
15/10/16,Chelsea,Leicester,3.0,0.0,H,16.0,5.0,6.0,0.0,8.0,5.0,6.0,12.0,1.0,1.0,0.0,0.0
15/10/16,Crystal Palace,West Ham,0.0,1.0,A,12.0,12.0,3.0,4.0,7.0,6.0,12.0,13.0,1.0,3.0,0.0,1.0
15/10/16,Man City,Everton,1.0,1.0,D,19.0,3.0,8.0,2.0,13.0,1.0,7.0,9.0,0.0,2.0,0.0,0.0
15/10/16,Stoke,Sunderland,2.0,0.0,H,18.0,11.0,6.0,1.0,6.0,4.0,10.0,13.0,1.0,1.0,0.0,0.0
15/10/16,West Brom,Tottenham,1.0,1.0,D,8.0,20.0,4.0,8.0,5.0,8.0,14.0,10.0,2.0,2.0,0.0,0.0
16/10/16,Middlesbrough,Watford,0.0,1.0,A,10.0,4.0,3.0,2.0,4.0,6.0,15.0,10.0,4.0,1.0,0.0,0.0
16/10/16,Southampton,Burnley,3.0,1.0,H,34.0,6.0,14.0,1.0,8.0,4.0,11.0,10.0,1.0,2.0,0.0,0.0
17/10/16,Liverpool,Man United,0.0,0.0,D,9.0,7.0,3.0,1.0,3.0,1.0,14.0,20.0,0.0,4.0,0.0,0.0
22/10/16,Arsenal,Middlesbrough,0.0,0.0,D,9.0,11.0,5.0,4.0,8.0,3.0,6.0,13.0,1.0,0.0,0.0,0.0
22/10/16,Bournemouth,Tottenham,0.0,0.0,D,8.0,16.0,1.0,4.0,7.0,4.0,10.0,15.0,2.0,4.0,0.0,0.0
22/10/16,Burnley,Everton,2.0,1.0,H,9.0,20.0,3.0,8.0,2.0,8.0,16.0,15.0,2.0,3.0,0.0,0.0
22/10/16,Hull,Stoke,0.0,2.0,A,9.0,12.0,2.0,6.0,5.0,7.0,16.0,8.0,2.0,3.0,0.0,0.0
22/10/16,Leicester,Crystal Palace,3.0,1.0,H,17.0,23.0,4.0,7.0,8.0,8.0,10.0,8.0,0.0,0.0,0.0,0.0
22/10/16,Liverpool,West Brom,2.0,1.0,H,21.0,6.0,7.0,1.0,3.0,2.0,9.0,13.0,1.0,3.0,0.0,0.0
22/10/16,Swansea,Watford,0.0,0.0,D,11.0,10.0,5.0,2.0,7.0,2.0,15.0,16.0,2.0,1.0,0.0,0.0
22/10/16,West Ham,Sunderland,1.0,0.0,H,20.0,10.0,3.0,2.0,6.0,2.0,10.0,13.0,2.0,5.0,0.0,0.0
23/10/16,Chelsea,Man United,4.0,0.0,H,14.0,16.0,6.0,5.0,5.0,7.0,7.0,17.0,3.0,2.0,0.0,0.0
23/10/16,Man City,Southampton,1.0,1.0,D,14.0,6.0,3.0,2.0,10.0,3.0,11.0,10.0,3.0,3.0,0.0,0.0
29/10/16,Crystal Palace,Liverpool,2.0,4.0,A,7.0,17.0,6.0,10.0,3.0,3.0,15.0,5.0,1.0,2.0,0.0,0.0
29/10/16,Man United,Burnley,0.0,0.0,D,37.0,7.0,11.0,1.0,19.0,1.0,12.0,9.0,1.0,3.0,1.0,0.0
29/10/16,Middlesbrough,Bournemouth,2.0,0.0,H,10.0,15.0,3.0,3.0,4.0,7.0,3.0,5.0,1.0,1.0,0.0,0.0
29/10/16,Sunderland,Arsenal,1.0,4.0,A,3.0,21.0,1.0,7.0,0.0,8.0,9.0,13.0,4.0,3.0,0.0,0.0
29/10/16,Tottenham,Leicester,1.0,1.0,D,22.0,6.0,5.0,1.0,8.0,1.0,11.0,20.0,3.0,4.0,0.0,0.0
29/10/16,Watford,Hull,1.0,0.0,H,22.0,8.0,0.0,2.0,7.0,2.0,13.0,8.0,1.0,2.0,0.0,0.0
29/10/16,West Brom,Man City,0.0,4.0,A,9.0,21.0,1.0,8.0,1.0,7.0,17.0,10.0,4.0,3.0,0.0,0.0
30/10/16,Everton,West Ham,2.0,0.0,H,17.0,13.0,6.0,3.0,8.0,8.0,15.0,12.0,2.0,3.0,0.0,0.0
30/10/16,Southampton,Chelsea,0.0,2.0,A,9.0,13.0,1.0,7.0,7.0,3.0,13.0,16.0,0.0,0.0,0.0,0.0
31/10/16,Stoke,Swansea,3.0,1.0,H,17.0,14.0,4.0,6.0,6.0,4.0,7.0,14.0,2.0,0.0,0.0,0.0
05/11/16,Bournemouth,Sunderland,1.0,2.0,A,22.0,9.0,7.0,4.0,12.0,2.0,14.0,17.0,3.0,2.0,0.0,1.0
05/11/16,Burnley,Crystal Palace,3.0,2.0,H,14.0,16.0,7.0,5.0,4.0,7.0,11.0,12.0,1.0,2.0,0.0,0.0
05/11/16,Chelsea,Everton,5.0,0.0,H,21.0,1.0,9.0,0.0,4.0,2.0,5.0,16.0,0.0,3.0,0.0,0.0
05/11/16,Man City,Middlesbrough,1.0,1.0,D,25.0,5.0,7.0,3.0,8.0,2.0,7.0,15.0,1.0,3.0,0.0,0.0
05/11/16,West Ham,Stoke,1.0,1.0,D,9.0,12.0,2.0,4.0,6.0,4.0,11.0,10.0,4.0,1.0,0.0,0.0
06/11/16,Arsenal,Tottenham,1.0,1.0,D,15.0,10.0,2.0,3.0,7.0,2.0,11.0,17.0,1.0,2.0,0.0,0.0
06/11/16,Hull,Southampton,2.0,1.0,H,6.0,19.0,2.0,7.0,1.0,10.0,13.0,15.0,0.0,5.0,0.0,0.0
06/11/16,Leicester,West Brom,1.0,2.0,A,5.0,11.0,2.0,5.0,5.0,6.0,8.0,8.0,0.0,2.0,0.0,0.0
06/11/16,Liverpool,Watford,6.0,1.0,H,28.0,11.0,17.0,8.0,6.0,3.0,14.0,10.0,1.0,2.0,0.0,0.0
06/11/16,Swansea,Man United,1.0,3.0,A,6.0,9.0,1.0,3.0,2.0,0.0,9.0,16.0,0.0,2.0,0.0,0.0
19/11/16,Crystal Palace,Man City,1.0,2.0,A,9.0,10.0,2.0,4.0,2.0,7.0,12.0,15.0,1.0,2.0,0.0,0.0
19/11/16,Everton,Swansea,1.0,1.0,D,14.0,5.0,6.0,3.0,10.0,3.0,13.0,12.0,4.0,2.0,0.0,0.0
19/11/16,Man United,Arsenal,1.0,1.0,D,12.0,5.0,5.0,1.0,10.0,4.0,14.0,11.0,3.0,3.0,0.0,0.0
19/11/16,Southampton,Liverpool,0.0,0.0,D,3.0,15.0,0.0,2.0,1.0,8.0,8.0,11.0,1.0,1.0,0.0,0.0
19/11/16,Stoke,Bournemouth,0.0,1.0,A,14.0,9.0,6.0,2.0,3.0,4.0,17.0,10.0,3.0,2.0,0.0,0.0
19/11/16,Sunderland,Hull,3.0,0.0,H,11.0,17.0,4.0,7.0,2.0,8.0,9.0,8.0,1.0,0.0,1.0,0.0
19/11/16,Tottenham,West Ham,3.0,2.0,H,14.0,11.0,6.0,3.0,4.0,5.0,13.0,16.0,3.0,2.0,0.0,1.0
19/11/16,Watford,Leicester,2.0,1.0,H,10.0,10.0,3.0,2.0,4.0,6.0,12.0,18.0,2.0,3.0,0.0,0.0
20/11/16,Middlesbrough,Chelsea,0.0,1.0,A,12.0,13.0,1.0,3.0,2.0,3.0,13.0,10.0,2.0,3.0,0.0,0.0
21/11/16,West Brom,Burnley,4.0,0.0,H,16.0,5.0,6.0,2.0,4.0,3.0,12.0,12.0,0.0,0.0,0.0,0.0
26/11/16,Burnley,Man City,1.0,2.0,A,10.0,21.0,5.0,5.0,5.0,8.0,5.0,15.0,2.0,3.0,0.0,0.0
26/11/16,Chelsea,Tottenham,2.0,1.0,H,9.0,12.0,5.0,6.0,3.0,8.0,13.0,16.0,2.0,1.0,0.0,0.0
26/11/16,Hull,West Brom,1.0,1.0,D,10.0,11.0,4.0,2.0,2.0,6.0,7.0,10.0,3.0,2.0,0.0,0.0
26/11/16,Leicester,Middlesbrough,2.0,2.0,D,11.0,6.0,3.0,2.0,2.0,3.0,15.0,12.0,4.0,4.0,0.0,0.0
26/11/16,Liverpool,Sunderland,2.0,0.0,H,27.0,6.0,7.0,1.0,9.0,4.0,5.0,9.0,1.0,3.0,0.0,0.0
26/11/16,Swansea,Crystal Palace,5.0,4.0,H,18.0,12.0,9.0,4.0,10.0,6.0,12.0,24.0,4.0,5.0,0.0,0.0
27/11/16,Arsenal,Bournemouth,3.0,1.0,H,16.0,9.0,3.0,3.0,3.0,10.0,12.0,13.0,3.0,5.0,0.0,0.0
27/11/16,Man United,West Ham,1.0,1.0,D,17.0,6.0,8.0,2.0,8.0,4.0,16.0,16.0,3.0,1.0,0.0,0.0
27/11/16,Southampton,Everton,1.0,0.0,H,17.0,13.0,7.0,1.0,5.0,2.0,11.0,15.0,0.0,2.0,0.0,0.0
27/11/16,Watford,Stoke,0.0,1.0,A,11.0,14.0,2.0,1.0,3.0,3.0,24.0,14.0,3.0,0.0,1.0,0.0
03/12/16,Crystal Palace,Southampton,3.0,0.0,H,9.0,17.0,4.0,3.0,4.0,9.0,11.0,13.0,3.0,1.0,0.0,0.0
03/12/16,Man City,Chelsea,1.0,3.0,A,14.0,10.0,5.0,4.0,9.0,2.0,14.0,9.0,2.0,3.0,2.0,0.0
03/12/16,Stoke,Burnley,2.0,0.0,H,10.0,14.0,4.0,4.0,4.0,9.0,7.0,13.0,3.0,2.0,0.0,0.0
03/12/16,Sunderland,Leicester,2.0,1.0,H,22.0,17.0,6.0,5.0,3.0,4.0,8.0,12.0,3.0,1.0,0.0,0.0
03/12/16,Tottenham,Swansea,5.0,0.0,H,28.0,1.0,15.0,0.0,5.0,0.0,11.0,17.0,0.0,4.0,0.0,0.0
03/12/16,West Brom,Watford,3.0,1.0,H,11.0,17.0,3.0,5.0,3.0,4.0,12.0,8.0,2.0,1.0,0.0,1.0
03/12/16,West Ham,Arsenal,1.0,5.0,A,10.0,19.0,3.0,10.0,3.0,2.0,10.0,11.0,3.0,3.0,0.0,0.0
04/12/16,Bournemouth,Liverpool,4.0,3.0,H,12.0,10.0,8.0,3.0,4.0,9.0,9.0,17.0,2.0,2.0,0.0,0.0
04/12/16,Everton,Man United,1.0,1.0,D,13.0,10.0,6.0,2.0,6.0,3.0,13.0,11.0,2.0,3.0,0.0,0.0
05/12/16,Middlesbrough,Hull,1.0,0.0,H,16.0,6.0,4.0,2.0,13.0,7.0,6.0,11.0,1.0,1.0,0.0,0.0
10/12/16,Arsenal,Stoke,3.0,1.0,H,21.0,12.0,6.0,5.0,7.0,7.0,9.0,6.0,0.0,0.0,0.0,0.0
10/12/16,Burnley,Bournemouth,3.0,2.0,H,16.0,17.0,7.0,4.0,4.0,11.0,14.0,18.0,2.0,2.0,0.0,0.0
10/12/16,Hull,Crystal Palace,3.0,3.0,D,15.0,14.0,6.0,6.0,4.0,7.0,16.0,14.0,2.0,4.0,0.0,0.0
10/12/16,Leicester,Man City,4.0,2.0,H,10.0,19.0,6.0,4.0,3.0,11.0,10.0,7.0,2.0,1.0,0.0,0.0
10/12/16,Swansea,Sunderland,3.0,0.0,H,14.0,11.0,5.0,2.0,7.0,4.0,10.0,8.0,1.0,2.0,0.0,0.0
10/12/16,Watford,Everton,3.0,2.0,H,11.0,11.0,6.0,4.0,2.0,4.0,11.0,16.0,2.0,2.0,0.0,0.0
11/12/16,Chelsea,West Brom,1.0,0.0,H,12.0,6.0,2.0,1.0,3.0,1.0,6.0,10.0,2.0,4.0,0.0,0.0
11/12/16,Liverpool,West Ham,2.0,2.0,D,18.0,7.0,3.0,3.0,11.0,4.0,7.0,8.0,2.0,0.0,0.0,0.0
11/12/16,Man United,Tottenham,1.0,0.0,H,15.0,12.0,5.0,4.0,3.0,8.0,19.0,17.0,3.0,3.0,0.0,0.0
11/12/16,Southampton,Middlesbrough,1.0,0.0,H,14.0,6.0,3.0,2.0,4.0,2.0,14.0,12.0,4.0,3.0,0.0,0.0
13/12/16,Bournemouth,Leicester,1.0,0.0,H,9.0,12.0,3.0,4.0,4.0,11.0,5.0,15.0,0.0,3.0,0.0,0.0
13/12/16,Everton,Arsenal,2.0,1.0,H,14.0,9.0,4.0,3.0,8.0,3.0,10.0,10.0,1.0,1.0,1.0,0.0
14/12/16,Crystal Palace,Man United,1.0,2.0,A,6.0,16.0,3.0,6.0,1.0,8.0,16.0,10.0,2.0,2.0,0.0,0.0
14/12/16,Man City,Watford,2.0,0.0,H,13.0,5.0,7.0,2.0,5.0,2.0,16.0,20.0,1.0,2.0,0.0,0.0
14/12/16,Middlesbrough,Liverpool,0.0,3.0,A,8.0,15.0,3.0,4.0,5.0,2.0,11.0,14.0,1.0,0.0,0.0,0.0
14/12/16,Stoke,Southampton,0.0,0.0,D,5.0,15.0,3.0,4.0,3.0,11.0,9.0,10.0,1.0,2.0,1.0,0.0
14/12/16,Sunderland,Chelsea,0.0,1.0,A,8.0,19.0,3.0,6.0,5.0,5.0,15.0,10.0,3.0,2.0,0.0,0.0
14/12/16,Tottenham,Hull,3.0,0.0,H,27.0,10.0,9.0,5.0,5.0,5.0,6.0,14.0,0.0,2.0,0.0,0.0
14/12/16,West Brom,Swansea,3.0,1.0,H,13.0,8.0,4.0,4.0,0.0,11.0,8.0,8.0,0.0,0.0,0.0,0.0
14/12/16,West Ham,Burnley,1.0,0.0,H,20.0,8.0,7.0,2.0,6.0,1.0,12.0,15.0,0.0,2.0,0.0,0.0
17/12/16,Crystal Palace,Chelsea,0.0,1.0,A,6.0,13.0,2.0,6.0,5.0,3.0,12.0,15.0,2.0,3.0,0.0,0.0
17/12/16,Middlesbrough,Swansea,3.0,0.0,H,10.0,14.0,4.0,2.0,3.0,8.0,10.0,11.0,1.0,0.0,0.0,0.0
17/12/16,Stoke,Leicester,2.0,2.0,D,16.0,14.0,7.0,8.0,9.0,9.0,9.0,12.0,2.0,6.0,0.0,1.0
17/12/16,Sunderland,Watford,1.0,0.0,H,12.0,9.0,4.0,4.0,4.0,11.0,10.0,9.0,1.0,2.0,0.0,0.0
17/12/16,West Brom,Man United,0.0,2.0,A,10.0,10.0,1.0,5.0,2.0,3.0,9.0,13.0,3.0,3.0,0.0,0.0
17/12/16,West Ham,Hull,1.0,0.0,H,18.0,16.0,6.0,5.0,10.0,6.0,13.0,9.0,2.0,4.0,0.0,0.0
18/12/16,Bournemouth,Southampton,1.0,3.0,A,10.0,14.0,5.0,8.0,7.0,4.0,6.0,12.0,0.0,2.0,0.0,0.0
18/12/16,Man City,Arsenal,2.0,1.0,H,14.0,6.0,5.0,1.0,8.0,1.0,9.0,13.0,4.0,2.0,0.0,0.0
18/12/16,Tottenham,Burnley,2.0,1.0,H,30.0,5.0,9.0,2.0,11.0,2.0,10.0,11.0,1.0,2.0,0.0,0.0
19/12/16,Everton,Liverpool,0.0,1.0,A,6.0,11.0,1.0,4.0,1.0,6.0,13.0,9.0,3.0,1.0,0.0,0.0
26/12/16,Arsenal,West Brom,1.0,0.0,H,26.0,3.0,11.0,1.0,6.0,5.0,11.0,7.0,2.0,1.0,0.0,0.0
26/12/16,Burnley,Middlesbrough,1.0,0.0,H,6.0,8.0,4.0,2.0,7.0,3.0,17.0,18.0,6.0,5.0,0.0,0.0
26/12/16,Chelsea,Bournemouth,3.0,0.0,H,14.0,7.0,4.0,3.0,5.0,5.0,13.0,14.0,1.0,1.0,0.0,0.0
26/12/16,Hull,Man City,0.0,3.0,A,10.0,16.0,3.0,6.0,4.0,7.0,11.0,14.0,1.0,0.0,0.0,0.0
26/12/16,Leicester,Everton,0.0,2.0,A,7.0,8.0,2.0,3.0,3.0,4.0,14.0,7.0,3.0,0.0,0.0,0.0
26/12/16,Man United,Sunderland,3.0,1.0,H,26.0,7.0,9.0,4.0,5.0,5.0,6.0,9.0,1.0,1.0,0.0,0.0
26/12/16,Swansea,West Ham,1.0,4.0,A,14.0,14.0,7.0,7.0,8.0,4.0,10.0,12.0,0.0,0.0,0.0,0.0
26/12/16,Watford,Crystal Palace,1.0,1.0,D,9.0,10.0,3.0,4.0,7.0,3.0,18.0,17.0,2.0,4.0,0.0,0.0
27/12/16,Liverpool,Stoke,4.0,1.0,H,20.0,6.0,6.0,2.0,8.0,2.0,9.0,6.0,0.0,1.0,0.0,0.0
28/12/16,Southampton,Tottenham,1.0,4.0,A,9.0,17.0,2.0,5.0,2.0,10.0,7.0,16.0,1.0,4.0,1.0,0.0
30/12/16,Hull,Everton,2.0,2.0,D,13.0,20.0,4.0,7.0,5.0,5.0,10.0,13.0,2.0,2.0,0.0,0.0
31/12/16,Burnley,Sunderland,4.0,1.0,H,16.0,11.0,6.0,3.0,6.0,2.0,10.0,8.0,1.0,1.0,0.0,0.0
31/12/16,Chelsea,Stoke,4.0,2.0,H,18.0,5.0,7.0,2.0,8.0,3.0,12.0,10.0,3.0,2.0,0.0,0.0
31/12/16,Leicester,West Ham,1.0,0.0,H,12.0,25.0,4.0,5.0,7.0,7.0,11.0,8.0,5.0,3.0,0.0,0.0
31/12/16,Liverpool,Man City,1.0,0.0,H,5.0,9.0,1.0,2.0,4.0,6.0,12.0,12.0,2.0,1.0,0.0,0.0
31/12/16,Man United,Middlesbrough,2.0,1.0,H,32.0,9.0,12.0,2.0,12.0,2.0,9.0,14.0,1.0,1.0,0.0,0.0
31/12/16,Southampton,West Brom,1.0,2.0,A,10.0,7.0,1.0,3.0,8.0,3.0,13.0,17.0,1.0,3.0,1.0,0.0
31/12/16,Swansea,Bournemouth,0.0,3.0,A,14.0,11.0,5.0,6.0,4.0,3.0,14.0,9.0,2.0,0.0,0.0,0.0
01/01/17,Arsenal,Crystal Palace,2.0,0.0,H,22.0,7.0,7.0,4.0,8.0,4.0,9.0,7.0,1.0,1.0,0.0,0.0
01/01/17,Watford,Tottenham,1.0,4.0,A,6.0,19.0,2.0,6.0,0.0,3.0,11.0,6.0,3.0,0.0,0.0,0.0
02/01/17,Everton,Southampton,3.0,0.0,H,17.0,12.0,6.0,3.0,10.0,8.0,5.0,14.0,0.0,1.0,0.0,0.0
02/01/17,Man City,Burnley,2.0,1.0,H,14.0,11.0,3.0,3.0,8.0,8.0,11.0,11.0,4.0,3.0,1.0,0.0
02/01/17,Middlesbrough,Leicester,0.0,0.0,D,9.0,10.0,1.0,4.0,2.0,2.0,10.0,9.0,3.0,0.0,0.0,0.0
02/01/17,Sunderland,Liverpool,2.0,2.0,D,10.0,21.0,5.0,15.0,2.0,5.0,10.0,10.0,2.0,3.0,0.0,0.0
02/01/17,West Brom,Hull,3.0,1.0,H,8.0,17.0,5.0,6.0,7.0,9.0,5.0,4.0,0.0,0.0,0.0,0.0
02/01/17,West Ham,Man United,0.0,2.0,A,8.0,13.0,2.0,6.0,2.0,1.0,9.0,13.0,1.0,2.0,1.0,0.0
03/01/17,Bournemouth,Arsenal,3.0,3.0,D,12.0,14.0,6.0,4.0,4.0,7.0,10.0,12.0,3.0,3.0,1.0,0.0
03/01/17,Crystal Palace,Swansea,1.0,2.0,A,7.0,11.0,3.0,4.0,4.0,5.0,13.0,14.0,2.0,1.0,0.0,0.0
03/01/17,Stoke,Watford,2.0,0.0,H,17.0,9.0,5.0,2.0,7.0,6.0,10.0,15.0,1.0,2.0,0.0,0.0
04/01/17,Tottenham,Chelsea,2.0,0.0,H,9.0,11.0,2.0,2.0,1.0,6.0,9.0,8.0,3.0,2.0,0.0,0.0
14/01/17,Burnley,Southampton,1.0,0.0,H,9.0,20.0,3.0,5.0,2.0,7.0,14.0,14.0,1.0,2.0,0.0,0.0
14/01/17,Hull,Bournemouth,3.0,1.0,H,14.0,8.0,3.0,6.0,4.0,5.0,13.0,11.0,0.0,1.0,0.0,0.0
14/01/17,Leicester,Chelsea,0.0,3.0,A,7.0,8.0,2.0,3.0,3.0,5.0,8.0,9.0,1.0,0.0,0.0,0.0
14/01/17,Sunderland,Stoke,1.0,3.0,A,14.0,14.0,3.0,6.0,5.0,2.0,16.0,11.0,3.0,1.0,0.0,0.0
14/01/17,Swansea,Arsenal,0.0,4.0,A,12.0,14.0,3.0,6.0,3.0,2.0,12.0,8.0,2.0,0.0,0.0,0.0
14/01/17,Tottenham,West Brom,4.0,0.0,H,21.0,3.0,11.0,0.0,8.0,0.0,11.0,12.0,0.0,2.0,0.0,0.0
14/01/17,Watford,Middlesbrough,0.0,0.0,D,12.0,5.0,5.0,1.0,3.0,1.0,15.0,15.0,3.0,1.0,0.0,0.0
14/01/17,West Ham,Crystal Palace,3.0,0.0,H,14.0,10.0,3.0,1.0,2.0,2.0,10.0,14.0,4.0,2.0,0.0,0.0
15/01/17,Everton,Man City,4.0,0.0,H,6.0,13.0,4.0,5.0,3.0,6.0,17.0,7.0,2.0,2.0,0.0,0.0
15/01/17,Man United,Liverpool,1.0,1.0,D,9.0,13.0,3.0,4.0,5.0,7.0,17.0,13.0,1.0,3.0,0.0,0.0
21/01/17,Bournemouth,Watford,2.0,2.0,D,15.0,10.0,5.0,3.0,9.0,4.0,6.0,16.0,1.0,1.0,0.0,0.0
21/01/17,Crystal Palace,Everton,0.0,1.0,A,8.0,16.0,2.0,8.0,8.0,7.0,10.0,15.0,0.0,1.0,0.0,0.0
21/01/17,Liverpool,Swansea,2.0,3.0,A,16.0,6.0,5.0,3.0,6.0,3.0,7.0,7.0,1.0,1.0,0.0,0.0
21/01/17,Man City,Tottenham,2.0,2.0,D,17.0,6.0,7.0,2.0,5.0,4.0,10.0,7.0,2.0,4.0,0.0,0.0
21/01/17,Middlesbrough,West Ham,1.0,3.0,A,11.0,13.0,2.0,5.0,7.0,5.0,7.0,14.0,2.0,1.0,0.0,0.0
21/01/17,Stoke,Man United,1.0,1.0,D,6.0,25.0,1.0,8.0,1.0,7.0,12.0,13.0,4.0,0.0,0.0,0.0
21/01/17,West Brom,Sunderland,2.0,0.0,H,14.0,9.0,5.0,3.0,1.0,4.0,15.0,12.0,1.0,1.0,0.0,0.0
22/01/17,Arsenal,Burnley,2.0,1.0,H,24.0,13.0,8.0,7.0,10.0,4.0,12.0,11.0,1.0,3.0,1.0,0.0
22/01/17,Chelsea,Hull,2.0,0.0,H,9.0,9.0,5.0,4.0,9.0,7.0,12.0,10.0,1.0,3.0,0.0,0.0
22/01/17,Southampton,Leicester,3.0,0.0,H,20.0,11.0,7.0,2.0,7.0,2.0,8.0,10.0,0.0,1.0,0.0,0.0
31/01/17,Arsenal,Watford,1.0,2.0,A,20.0,10.0,5.0,6.0,9.0,5.0,12.0,15.0,3.0,3.0,0.0,0.0
31/01/17,Bournemouth,Crystal Palace,0.0,2.0,A,10.0,11.0,2.0,4.0,2.0,3.0,14.0,23.0,0.0,4.0,0.0,0.0
31/01/17,Burnley,Leicester,1.0,0.0,H,24.0,13.0,3.0,5.0,10.0,2.0,4.0,8.0,1.0,0.0,0.0,0.0
31/01/17,Liverpool,Chelsea,1.0,1.0,D,7.0,8.0,3.0,2.0,3.0,3.0,13.0,8.0,2.0,1.0,0.0,0.0
31/01/17,Middlesbrough,West Brom,1.0,1.0,D,11.0,16.0,3.0,5.0,4.0,2.0,12.0,13.0,2.0,1.0,0.0,0.0
31/01/17,Sunderland,Tottenham,0.0,0.0,D,3.0,14.0,1.0,3.0,2.0,12.0,9.0,13.0,2.0,1.0,0.0,0.0
31/01/17,Swansea,Southampton,2.0,1.0,H,11.0,10.0,5.0,2.0,5.0,4.0,10.0,19.0,2.0,0.0,0.0,0.0
01/02/17,Man United,Hull,0.0,0.0,D,15.0,6.0,6.0,2.0,7.0,1.0,20.0,16.0,1.0,4.0,0.0,0.0
01/02/17,Stoke,Everton,1.0,1.0,D,14.0,14.0,7.0,5.0,5.0,5.0,21.0,12.0,1.0,0.0,0.0,0.0
01/02/17,West Ham,Man City,0.0,4.0,A,6.0,11.0,1.0,4.0,2.0,4.0,11.0,14.0,3.0,3.0,0.0,0.0
04/02/17,Chelsea,Arsenal,3.0,1.0,H,13.0,9.0,6.0,5.0,10.0,13.0,14.0,8.0,1.0,1.0,0.0,0.0
04/02/17,Crystal Palace,Sunderland,0.0,4.0,A,21.0,10.0,9.0,7.0,6.0,1.0,8.0,8.0,3.0,3.0,0.0,0.0
04/02/17,Everton,Bournemouth,6.0,3.0,H,15.0,18.0,10.0,8.0,4.0,8.0,14.0,4.0,3.0,1.0,0.0,0.0
04/02/17,Hull,Liverpool,2.0,0.0,H,7.0,22.0,4.0,5.0,1.0,15.0,9.0,12.0,2.0,1.0,0.0,0.0
04/02/17,Southampton,West Ham,1.0,3.0,A,21.0,6.0,7.0,4.0,3.0,2.0,12.0,15.0,0.0,2.0,0.0,0.0
04/02/17,Tottenham,Middlesbrough,1.0,0.0,H,17.0,8.0,5.0,0.0,11.0,2.0,8.0,11.0,0.0,1.0,0.0,0.0
04/02/17,Watford,Burnley,2.0,1.0,H,16.0,11.0,7.0,7.0,3.0,6.0,12.0,10.0,5.0,0.0,0.0,1.0
04/02/17,West Brom,Stoke,1.0,0.0,H,16.0,12.0,4.0,2.0,5.0,6.0,6.0,13.0,2.0,2.0,0.0,0.0
05/02/17,Leicester,Man United,0.0,3.0,A,11.0,15.0,1.0,9.0,10.0,3.0,12.0,13.0,2.0,4.0,0.0,0.0
05/02/17,Man City,Swansea,2.0,1.0,H,17.0,4.0,5.0,2.0,10.0,3.0,9.0,13.0,2.0,3.0,0.0,0.0
11/02/17,Arsenal,Hull,2.0,0.0,H,17.0,9.0,7.0,4.0,3.0,8.0,12.0,9.0,3.0,1.0,0.0,1.0
11/02/17,Liverpool,Tottenham,2.0,0.0,H,17.0,7.0,9.0,2.0,10.0,3.0,14.0,14.0,3.0,4.0,0.0,0.0
11/02/17,Man United,Watford,2.0,0.0,H,22.0,9.0,11.0,3.0,5.0,1.0,10.0,12.0,1.0,0.0,0.0,0.0
11/02/17,Middlesbrough,Everton,0.0,0.0,D,9.0,7.0,3.0,3.0,5.0,2.0,14.0,9.0,2.0,0.0,0.0,0.0
11/02/17,Stoke,Crystal Palace,1.0,0.0,H,7.0,6.0,4.0,1.0,5.0,5.0,10.0,14.0,1.0,3.0,0.0,0.0
11/02/17,Sunderland,Southampton,0.0,4.0,A,6.0,15.0,1.0,8.0,6.0,2.0,12.0,14.0,1.0,0.0,0.0,0.0
11/02/17,West Ham,West Brom,2.0,2.0,D,16.0,8.0,4.0,3.0,7.0,5.0,7.0,14.0,3.0,2.0,0.0,0.0
12/02/17,Burnley,Chelsea,1.0,1.0,D,6.0,13.0,4.0,2.0,1.0,1.0,12.0,11.0,3.0,2.0,0.0,0.0
12/02/17,Swansea,Leicester,2.0,0.0,H,10.0,9.0,4.0,1.0,7.0,3.0,7.0,14.0,2.0,2.0,0.0,0.0
13/02/17,Bournemouth,Man City,0.0,2.0,A,5.0,17.0,1.0,5.0,3.0,7.0,8.0,11.0,2.0,3.0,0.0,0.0
25/02/17,Chelsea,Swansea,3.0,1.0,H,16.0,3.0,5.0,2.0,8.0,1.0,11.0,14.0,1.0,3.0,0.0,0.0
25/02/17,Crystal Palace,Middlesbrough,1.0,0.0,H,15.0,11.0,3.0,4.0,4.0,2.0,13.0,15.0,3.0,1.0,0.0,0.0
25/02/17,Everton,Sunderland,2.0,0.0,H,20.0,10.0,8.0,1.0,10.0,6.0,10.0,16.0,0.0,2.0,0.0,0.0
25/02/17,Hull,Burnley,1.0,1.0,D,15.0,10.0,1.0,3.0,6.0,3.0,8.0,13.0,1.0,1.0,0.0,1.0
25/02/17,Watford,West Ham,1.0,1.0,D,9.0,13.0,1.0,2.0,4.0,6.0,18.0,14.0,4.0,1.0,0.0,1.0
25/02/17,West Brom,Bournemouth,2.0,1.0,H,13.0,12.0,4.0,4.0,8.0,6.0,12.0,5.0,2.0,0.0,0.0,0.0
26/02/17,Tottenham,Stoke,4.0,0.0,H,21.0,5.0,9.0,3.0,8.0,5.0,11.0,14.0,2.0,3.0,0.0,0.0
27/02/17,Leicester,Liverpool,3.0,1.0,H,13.0,17.0,7.0,7.0,5.0,12.0,8.0,5.0,0.0,0.0,0.0,0.0
04/03/17,Leicester,Hull,3.0,1.0,H,17.0,10.0,5.0,4.0,10.0,4.0,12.0,13.0,1.0,1.0,0.0,0.0
04/03/17,Liverpool,Arsenal,3.0,1.0,H,18.0,7.0,7.0,3.0,9.0,3.0,8.0,15.0,1.0,2.0,0.0,0.0
04/03/17,Man United,Bournemouth,1.0,1.0,D,20.0,3.0,7.0,1.0,15.0,2.0,9.0,11.0,3.0,2.0,0.0,1.0
04/03/17,Stoke,Middlesbrough,2.0,0.0,H,13.0,8.0,8.0,2.0,6.0,1.0,16.0,20.0,1.0,2.0,0.0,0.0
04/03/17,Swansea,Burnley,3.0,2.0,H,23.0,6.0,10.0,4.0,9.0,2.0,7.0,13.0,2.0,2.0,0.0,0.0
04/03/17,Watford,Southampton,3.0,4.0,A,16.0,20.0,4.0,11.0,6.0,5.0,16.0,9.0,3.0,2.0,0.0,0.0
04/03/17,West Brom,Crystal Palace,0.0,2.0,A,11.0,10.0,1.0,4.0,5.0,5.0,8.0,12.0,0.0,1.0,0.0,0.0
05/03/17,Sunderland,Man City,0.0,2.0,A,11.0,14.0,3.0,7.0,6.0,4.0,11.0,4.0,1.0,0.0,0.0,0.0
05/03/17,Tottenham,Everton,3.0,2.0,H,20.0,8.0,7.0,4.0,7.0,2.0,9.0,14.0,1.0,2.0,0.0,0.0
06/03/17,West Ham,Chelsea,1.0,2.0,A,11.0,9.0,2.0,4.0,6.0,4.0,8.0,8.0,0.0,1.0,0.0,0.0
08/03/17,Man City,Stoke,0.0,0.0,D,12.0,5.0,1.0,2.0,8.0,1.0,8.0,11.0,1.0,3.0,0.0,0.0
11/03/17,Bournemouth,West Ham,3.0,2.0,H,21.0,15.0,9.0,7.0,5.0,6.0,20.0,15.0,4.0,2.0,0.0,0.0
11/03/17,Everton,West Brom,3.0,0.0,H,16.0,5.0,5.0,2.0,4.0,6.0,8.0,12.0,1.0,2.0,0.0,0.0
11/03/17,Hull,Swansea,2.0,1.0,H,15.0,11.0,7.0,3.0,2.0,7.0,14.0,5.0,3.0,1.0,0.0,0.0
12/03/17,Liverpool,Burnley,2.0,1.0,H,10.0,11.0,3.0,1.0,11.0,1.0,12.0,16.0,2.0,2.0,0.0,0.0
18/03/17,Bournemouth,Swansea,2.0,0.0,H,12.0,10.0,6.0,1.0,2.0,4.0,10.0,9.0,0.0,2.0,0.0,0.0
18/03/17,Crystal Palace,Watford,1.0,0.0,H,7.0,6.0,0.0,2.0,3.0,2.0,8.0,15.0,0.0,2.0,0.0,0.0
18/03/17,Everton,Hull,4.0,0.0,H,14.0,6.0,8.0,0.0,5.0,8.0,9.0,7.0,2.0,0.0,0.0,1.0
18/03/17,Stoke,Chelsea,1.0,2.0,A,5.0,20.0,1.0,7.0,5.0,11.0,16.0,11.0,4.0,2.0,1.0,0.0
18/03/17,Sunderland,Burnley,0.0,0.0,D,14.0,17.0,5.0,3.0,3.0,5.0,14.0,7.0,2.0,1.0,0.0,0.0
18/03/17,West Brom,Arsenal,3.0,1.0,H,12.0,11.0,8.0,2.0,4.0,5.0,5.0,6.0,1.0,0.0,0.0,0.0
18/03/17,West Ham,Leicester,2.0,3.0,A,20.0,11.0,7.0,5.0,6.0,5.0,10.0,14.0,0.0,1.0,0.0,0.0
19/03/17,Man City,Liverpool,1.0,1.0,D,13.0,13.0,3.0,4.0,9.0,8.0,14.0,7.0,3.0,3.0,0.0,0.0
19/03/17,Middlesbrough,Man United,1.0,3.0,A,10.0,14.0,3.0,6.0,8.0,3.0,9.0,8.0,1.0,1.0,0.0,0.0
19/03/17,Tottenham,Southampton,2.0,1.0,H,12.0,8.0,6.0,3.0,5.0,1.0,12.0,13.0,3.0,3.0,0.0,0.0
01/04/17,Burnley,Tottenham,0.0,2.0,A,13.0,19.0,2.0,7.0,3.0,7.0,9.0,6.0,2.0,0.0,0.0,0.0
01/04/17,Chelsea,Crystal Palace,1.0,2.0,A,24.0,8.0,11.0,3.0,9.0,3.0,12.0,14.0,3.0,2.0,0.0,0.0
01/04/17,Hull,West Ham,2.0,1.0,H,7.0,12.0,3.0,4.0,5.0,5.0,16.0,9.0,2.0,2.0,0.0,0.0
01/04/17,Leicester,Stoke,2.0,0.0,H,23.0,10.0,10.0,2.0,10.0,4.0,7.0,11.0,1.0,4.0,0.0,0.0
01/04/17,Liverpool,Everton,3.0,1.0,H,10.0,9.0,6.0,4.0,2.0,3.0,17.0,10.0,1.0,3.0,0.0,0.0
01/04/17,Man United,West Brom,0.0,0.0,D,18.0,3.0,3.0,1.0,6.0,1.0,15.0,13.0,3.0,3.0,0.0,0.0
01/04/17,Southampton,Bournemouth,0.0,0.0,D,14.0,12.0,4.0,3.0,6.0,3.0,14.0,8.0,1.0,0.0,0.0,0.0
01/04/17,Watford,Sunderland,1.0,0.0,H,23.0,11.0,10.0,3.0,13.0,9.0,12.0,8.0,1.0,3.0,0.0,0.0
02/04/17,Arsenal,Man City,2.0,2.0,D,8.0,14.0,3.0,5.0,3.0,8.0,8.0,15.0,3.0,2.0,0.0,0.0
02/04/17,Swansea,Middlesbrough,0.0,0.0,D,15.0,8.0,3.0,1.0,11.0,3.0,9.0,16.0,2.0,3.0,0.0,0.0
04/04/17,Burnley,Stoke,1.0,0.0,H,7.0,15.0,3.0,2.0,3.0,5.0,9.0,16.0,3.0,2.0,0.0,0.0
04/04/17,Leicester,Sunderland,2.0,0.0,H,19.0,15.0,8.0,3.0,5.0,6.0,12.0,13.0,0.0,1.0,0.0,0.0
04/04/17,Man United,Everton,1.0,1.0,D,18.0,11.0,3.0,4.0,6.0,5.0,10.0,18.0,1.0,4.0,0.0,1.0
04/04/17,Watford,West Brom,2.0,0.0,H,9.0,18.0,2.0,2.0,5.0,6.0,11.0,14.0,1.0,4.0,1.0,0.0
05/04/17,Arsenal,West Ham,3.0,0.0,H,21.0,7.0,8.0,2.0,5.0,0.0,11.0,5.0,2.0,2.0,0.0,0.0
05/04/17,Chelsea,Man City,2.0,1.0,H,10.0,17.0,4.0,7.0,2.0,9.0,10.0,14.0,1.0,3.0,0.0,0.0
05/04/17,Hull,Middlesbrough,4.0,2.0,H,17.0,12.0,5.0,4.0,8.0,4.0,13.0,12.0,2.0,1.0,0.0,0.0
05/04/17,Liverpool,Bournemouth,2.0,2.0,D,20.0,7.0,8.0,2.0,7.0,2.0,11.0,8.0,1.0,1.0,0.0,0.0
05/04/17,Southampton,Crystal Palace,3.0,1.0,H,25.0,17.0,9.0,3.0,11.0,11.0,16.0,11.0,2.0,1.0,0.0,0.0
05/04/17,Swansea,Tottenham,1.0,3.0,A,4.0,18.0,1.0,8.0,5.0,7.0,7.0,8.0,1.0,1.0,0.0,0.0
08/04/17,Bournemouth,Chelsea,1.0,3.0,A,12.0,15.0,1.0,5.0,4.0,4.0,7.0,11.0,2.0,3.0,0.0,0.0
08/04/17,Man City,Hull,3.0,1.0,H,23.0,6.0,7.0,1.0,7.0,3.0,6.0,8.0,0.0,2.0,0.0,0.0
08/04/17,Middlesbrough,Burnley,0.0,0.0,D,12.0,7.0,5.0,2.0,4.0,3.0,9.0,12.0,0.0,3.0,0.0,0.0
08/04/17,Stoke,Liverpool,1.0,2.0,A,9.0,14.0,4.0,4.0,5.0,8.0,7.0,11.0,0.0,2.0,0.0,0.0
08/04/17,Tottenham,Watford,4.0,0.0,H,19.0,8.0,6.0,2.0,7.0,5.0,12.0,12.0,0.0,1.0,0.0,0.0
08/04/17,West Brom,Southampton,0.0,1.0,A,17.0,10.0,6.0,3.0,7.0,3.0,12.0,12.0,2.0,2.0,0.0,0.0
08/04/17,West Ham,Swansea,1.0,0.0,H,14.0,4.0,6.0,1.0,4.0,3.0,12.0,12.0,5.0,1.0,0.0,0.0
09/04/17,Everton,Leicester,4.0,2.0,H,12.0,6.0,7.0,4.0,4.0,6.0,8.0,15.0,2.0,2.0,0.0,0.0
09/04/17,Sunderland,Man United,0.0,3.0,A,9.0,18.0,4.0,9.0,4.0,5.0,14.0,20.0,1.0,5.0,1.0,0.0
10/04/17,Crystal Palace,Arsenal,3.0,0.0,H,17.0,11.0,6.0,3.0,5.0,8.0,11.0,10.0,0.0,1.0,0.0,0.0
15/04/17,Crystal Palace,Leicester,2.0,2.0,D,15.0,6.0,4.0,2.0,8.0,5.0,10.0,16.0,0.0,2.0,0.0,0.0
15/04/17,Everton,Burnley,3.0,1.0,H,29.0,13.0,7.0,6.0,6.0,7.0,15.0,14.0,2.0,0.0,0.0,0.0
15/04/17,Southampton,Man City,0.0,3.0,A,8.0,18.0,1.0,5.0,3.0,8.0,9.0,8.0,3.0,0.0,0.0,0.0
15/04/17,Stoke,Hull,3.0,1.0,H,14.0,14.0,4.0,3.0,3.0,7.0,12.0,5.0,0.0,2.0,0.0,0.0
15/04/17,Sunderland,West Ham,2.0,2.0,D,14.0,7.0,4.0,3.0,8.0,1.0,14.0,10.0,1.0,0.0,0.0,1.0
15/04/17,Tottenham,Bournemouth,4.0,0.0,H,24.0,5.0,14.0,1.0,13.0,1.0,8.0,10.0,0.0,1.0,0.0,0.0
15/04/17,Watford,Swansea,1.0,0.0,H,15.0,13.0,7.0,4.0,6.0,2.0,8.0,13.0,0.0,0.0,0.0,0.0
16/04/17,Man United,Chelsea,2.0,0.0,H,9.0,5.0,3.0,0.0,1.0,3.0,16.0,20.0,3.0,3.0,0.0,0.0
16/04/17,West Brom,Liverpool,0.0,1.0,A,7.0,15.0,2.0,2.0,4.0,4.0,15.0,9.0,3.0,1.0,0.0,0.0
17/04/17,Middlesbrough,Arsenal,1.0,2.0,A,13.0,12.0,5.0,4.0,2.0,4.0,11.0,16.0,2.0,2.0,0.0,0.0
22/04/17,Bournemouth,Middlesbrough,4.0,0.0,H,20.0,5.0,10.0,2.0,4.0,3.0,4.0,14.0,0.0,2.0,0.0,1.0
22/04/17,Hull,Watford,2.0,0.0,H,8.0,13.0,3.0,2.0,4.0,7.0,10.0,11.0,3.0,1.0,1.0,0.0
22/04/17,Swansea,Stoke,2.0,0.0,H,10.0,9.0,6.0,3.0,11.0,4.0,5.0,14.0,2.0,2.0,0.0,0.0
22/04/17,West Ham,Everton,0.0,0.0,D,15.0,4.0,3.0,0.0,8.0,4.0,9.0,15.0,2.0,3.0,0.0,0.0
23/04/17,Burnley,Man United,0.0,2.0,A,8.0,12.0,0.0,6.0,3.0,3.0,17.0,16.0,2.0,1.0,0.0,0.0
23/04/17,Liverpool,Crystal Palace,1.0,2.0,A,14.0,7.0,1.0,3.0,4.0,3.0,8.0,10.0,1.0,2.0,0.0,0.0
25/04/17,Chelsea,Southampton,4.0,2.0,H,17.0,12.0,7.0,4.0,6.0,7.0,13.0,9.0,2.0,2.0,0.0,0.0
26/04/17,Arsenal,Leicester,1.0,0.0,H,12.0,7.0,5.0,3.0,12.0,1.0,9.0,13.0,2.0,4.0,0.0,0.0
26/04/17,Crystal Palace,Tottenham,0.0,1.0,A,6.0,18.0,1.0,4.0,2.0,11.0,13.0,15.0,3.0,3.0,0.0,0.0
26/04/17,Middlesbrough,Sunderland,1.0,0.0,H,6.0,10.0,2.0,4.0,3.0,5.0,15.0,11.0,3.0,3.0,0.0,0.0
27/04/17,Man City,Man United,0.0,0.0,D,19.0,3.0,6.0,1.0,7.0,4.0,10.0,8.0,1.0,0.0,0.0,1.0
29/04/17,Crystal Palace,Burnley,0.0,2.0,A,15.0,9.0,5.0,3.0,14.0,4.0,11.0,12.0,2.0,0.0,0.0,0.0
29/04/17,Southampton,Hull,0.0,0.0,D,11.0,9.0,2.0,1.0,6.0,6.0,9.0,13.0,0.0,3.0,0.0,0.0
29/04/17,Stoke,West Ham,0.0,0.0,D,19.0,12.0,4.0,4.0,5.0,3.0,12.0,3.0,1.0,0.0,0.0,0.0
29/04/17,Sunderland,Bournemouth,0.0,1.0,A,17.0,15.0,5.0,7.0,6.0,5.0,13.0,9.0,3.0,2.0,0.0,0.0
29/04/17,West Brom,Leicester,0.0,1.0,A,16.0,6.0,4.0,1.0,5.0,6.0,14.0,9.0,2.0,2.0,0.0,0.0
30/04/17,Everton,Chelsea,0.0,3.0,A,12.0,11.0,4.0,5.0,2.0,4.0,13.0,11.0,3.0,4.0,0.0,0.0
30/04/17,Man United,Swansea,1.0,1.0,D,12.0,12.0,6.0,4.0,5.0,2.0,11.0,13.0,2.0,2.0,0.0,0.0
30/04/17,Middlesbrough,Man City,2.0,2.0,D,14.0,22.0,6.0,4.0,4.0,11.0,9.0,9.0,4.0,4.0,0.0,0.0
30/04/17,Tottenham,Arsenal,2.0,0.0,H,20.0,12.0,11.0,4.0,14.0,5.0,7.0,15.0,1.0,3.0,0.0,0.0
01/05/17,Watford,Liverpool,0.0,1.0,A,9.0,12.0,2.0,8.0,3.0,5.0,11.0,9.0,3.0,1.0,0.0,0.0
05/05/17,West Ham,Tottenham,1.0,0.0,H,13.0,11.0,5.0,5.0,3.0,7.0,8.0,9.0,4.0,2.0,0.0,0.0
06/05/17,Bournemouth,Stoke,2.0,2.0,D,12.0,14.0,2.0,3.0,0.0,7.0,10.0,15.0,2.0,0.0,0.0,0.0
06/05/17,Burnley,West Brom,2.0,2.0,D,14.0,11.0,4.0,3.0,5.0,8.0,9.0,14.0,1.0,3.0,0.0,0.0
06/05/17,Hull,Sunderland,0.0,2.0,A,16.0,12.0,6.0,5.0,7.0,4.0,10.0,8.0,3.0,1.0,0.0,0.0
06/05/17,Leicester,Watford,3.0,0.0,H,11.0,14.0,5.0,7.0,10.0,1.0,8.0,10.0,0.0,0.0,0.0,0.0
06/05/17,Man City,Crystal Palace,5.0,0.0,H,26.0,5.0,12.0,2.0,9.0,3.0,12.0,8.0,1.0,3.0,0.0,0.0
06/05/17,Swansea,Everton,1.0,0.0,H,9.0,8.0,4.0,2.0,9.0,5.0,5.0,13.0,0.0,0.0,0.0,0.0
07/05/17,Arsenal,Man United,2.0,0.0,H,9.0,10.0,4.0,4.0,5.0,9.0,14.0,10.0,1.0,0.0,0.0,0.0
07/05/17,Liverpool,Southampton,0.0,0.0,D,17.0,4.0,8.0,0.0,3.0,6.0,9.0,4.0,1.0,3.0,0.0,0.0
08/05/17,Chelsea,Middlesbrough,3.0,0.0,H,21.0,2.0,7.0,1.0,8.0,1.0,8.0,21.0,0.0,2.0,0.0,0.0
10/05/17,Southampton,Arsenal,0.0,2.0,A,14.0,11.0,3.0,4.0,8.0,5.0,5.0,5.0,1.0,2.0,0.0,0.0
12/05/17,Everton,Watford,1.0,0.0,H,15.0,14.0,6.0,2.0,9.0,8.0,7.0,11.0,0.0,3.0,0.0,0.0
12/05/17,West Brom,Chelsea,0.0,1.0,A,7.0,24.0,2.0,5.0,5.0,8.0,13.0,8.0,3.0,0.0,0.0,0.0
13/05/17,Bournemouth,Burnley,2.0,1.0,H,18.0,14.0,6.0,3.0,7.0,1.0,6.0,11.0,0.0,1.0,0.0,0.0
13/05/17,Man City,Leicester,2.0,1.0,H,17.0,9.0,5.0,4.0,9.0,3.0,12.0,16.0,3.0,3.0,0.0,0.0
13/05/17,Middlesbrough,Southampton,1.0,2.0,A,14.0,14.0,3.0,4.0,6.0,3.0,19.0,11.0,3.0,0.0,0.0,0.0
13/05/17,Stoke,Arsenal,1.0,4.0,A,10.0,10.0,4.0,6.0,7.0,6.0,13.0,7.0,1.0,2.0,0.0,0.0
13/05/17,Sunderland,Swansea,0.0,2.0,A,13.0,3.0,4.0,3.0,8.0,4.0,13.0,6.0,4.0,0.0,0.0,0.0
14/05/17,Crystal Palace,Hull,4.0,0.0,H,12.0,9.0,4.0,0.0,3.0,7.0,13.0,14.0,3.0,5.0,0.0,0.0
14/05/17,Tottenham,Man United,2.0,1.0,H,14.0,8.0,7.0,2.0,8.0,3.0,14.0,15.0,1.0,2.0,0.0,0.0
14/05/17,West Ham,Liverpool,0.0,4.0,A,10.0,26.0,3.0,11.0,4.0,6.0,5.0,10.0,2.0,0.0,0.0,0.0
15/05/17,Chelsea,Watford,4.0,3.0,H,24.0,9.0,9.0,3.0,8.0,3.0,7.0,12.0,2.0,4.0,0.0,1.0
16/05/17,Arsenal,Sunderland,2.0,0.0,H,36.0,6.0,13.0,2.0,17.0,3.0,15.0,10.0,4.0,2.0,0.0,0.0
16/05/17,Man City,West Brom,3.0,1.0,H,21.0,5.0,10.0,2.0,7.0,1.0,8.0,11.0,1.0,2.0,0.0,0.0
17/05/17,Southampton,Man United,0.0,0.0,D,17.0,11.0,6.0,1.0,7.0,3.0,7.0,10.0,2.0,1.0,0.0,0.0
18/05/17,Leicester,Tottenham,1.0,6.0,A,12.0,26.0,5.0,12.0,4.0,4.0,11.0,8.0,3.0,1.0,0.0,0.0
21/05/17,Arsenal,Everton,3.0,1.0,H,17.0,22.0,9.0,7.0,4.0,6.0,10.0,15.0,2.0,4.0,1.0,0.0
21/05/17,Burnley,West Ham,1.0,2.0,A,9.0,14.0,1.0,4.0,2.0,5.0,11.0,14.0,2.0,2.0,0.0,0.0
21/05/17,Chelsea,Sunderland,5.0,1.0,H,28.0,7.0,8.0,3.0,11.0,1.0,8.0,15.0,1.0,1.0,0.0,0.0
21/05/17,Hull,Tottenham,1.0,7.0,A,10.0,19.0,4.0,14.0,2.0,3.0,14.0,5.0,0.0,0.0,0.0,0.0
21/05/17,Leicester,Bournemouth,1.0,1.0,D,21.0,10.0,5.0,4.0,9.0,1.0,11.0,10.0,4.0,1.0,0.0,0.0
21/05/17,Liverpool,Middlesbrough,3.0,0.0,H,25.0,9.0,10.0,3.0,3.0,3.0,13.0,8.0,0.0,1.0,0.0,0.0
21/05/17,Man United,Crystal Palace,2.0,0.0,H,9.0,6.0,2.0,1.0,3.0,6.0,16.0,10.0,2.0,0.0,0.0,0.0
21/05/17,Southampton,Stoke,0.0,1.0,A,14.0,14.0,6.0,3.0,4.0,10.0,12.0,10.0,2.0,4.0,0.0,0.0
21/05/17,Swansea,West Brom,2.0,1.0,H,12.0,16.0,2.0,5.0,7.0,4.0,8.0,10.0,1.0,1.0,0.0,0.0
21/05/17,Watford,Man City,0.0,5.0,A,6.0,15.0,3.0,9.0,4.0,5.0,12.0,10.0,1.0,0.0,0.0,0.0
11/08/2017,Arsenal,Leicester,4.0,3.0,H,27.0,6.0,10.0,3.0,9.0,4.0,9.0,12.0,0.0,1.0,0.0,0.0
12/08/2017,Brighton,Man City,0.0,2.0,A,6.0,14.0,2.0,4.0,3.0,10.0,6.0,9.0,0.0,2.0,0.0,0.0
12/08/2017,Chelsea,Burnley,2.0,3.0,A,19.0,10.0,6.0,5.0,8.0,5.0,16.0,11.0,3.0,3.0,2.0,0.0
12/08/2017,Crystal Palace,Huddersfield,0.0,3.0,A,14.0,8.0,4.0,6.0,12.0,9.0,7.0,19.0,1.0,3.0,0.0,0.0
12/08/2017,Everton,Stoke,1.0,0.0,H,9.0,9.0,4.0,1.0,6.0,7.0,13.0,10.0,1.0,1.0,0.0,0.0
12/08/2017,Southampton,Swansea,0.0,0.0,D,29.0,4.0,2.0,0.0,13.0,0.0,10.0,13.0,2.0,1.0,0.0,0.0
12/08/2017,Watford,Liverpool,3.0,3.0,D,9.0,14.0,4.0,5.0,3.0,3.0,14.0,8.0,0.0,3.0,0.0,0.0
12/08/2017,West Brom,Bournemouth,1.0,0.0,H,16.0,9.0,6.0,2.0,8.0,2.0,15.0,3.0,3.0,1.0,0.0,0.0
13/08/2017,Man United,West Ham,4.0,0.0,H,22.0,9.0,6.0,1.0,11.0,1.0,19.0,7.0,2.0,2.0,0.0,0.0
13/08/2017,Newcastle,Tottenham,0.0,2.0,A,6.0,18.0,3.0,6.0,5.0,7.0,6.0,10.0,1.0,2.0,1.0,0.0
19/08/2017,Bournemouth,Watford,0.0,2.0,A,6.0,19.0,2.0,7.0,8.0,5.0,6.0,14.0,1.0,3.0,0.0,0.0
19/08/2017,Burnley,West Brom,0.0,1.0,A,20.0,8.0,0.0,1.0,5.0,5.0,11.0,11.0,1.0,0.0,0.0,1.0
19/08/2017,Leicester,Brighton,2.0,0.0,H,14.0,5.0,4.0,2.0,6.0,2.0,8.0,10.0,1.0,0.0,0.0,0.0
19/08/2017,Liverpool,Crystal Palace,1.0,0.0,H,23.0,4.0,13.0,1.0,4.0,2.0,12.0,13.0,1.0,3.0,0.0,0.0
19/08/2017,Southampton,West Ham,3.0,2.0,H,14.0,16.0,5.0,8.0,7.0,2.0,18.0,10.0,1.0,1.0,0.0,1.0
19/08/2017,Stoke,Arsenal,1.0,0.0,H,11.0,18.0,4.0,6.0,2.0,9.0,6.0,11.0,0.0,0.0,0.0,0.0
19/08/2017,Swansea,Man United,0.0,4.0,A,6.0,17.0,1.0,8.0,3.0,5.0,12.0,11.0,1.0,1.0,0.0,0.0
20/08/2017,Huddersfield,Newcastle,1.0,0.0,H,7.0,13.0,3.0,5.0,7.0,3.0,13.0,10.0,3.0,4.0,0.0,0.0
20/08/2017,Tottenham,Chelsea,1.0,2.0,A,18.0,9.0,6.0,2.0,14.0,3.0,14.0,21.0,3.0,3.0,0.0,0.0
21/08/2017,Man City,Everton,1.0,1.0,D,19.0,7.0,6.0,2.0,7.0,1.0,7.0,9.0,1.0,2.0,1.0,1.0
26/08/2017,Bournemouth,Man City,1.0,2.0,A,9.0,19.0,3.0,8.0,2.0,5.0,13.0,14.0,5.0,4.0,0.0,1.0
26/08/2017,Crystal Palace,Swansea,0.0,2.0,A,16.0,7.0,3.0,3.0,1.0,1.0,9.0,6.0,4.0,1.0,0.0,0.0
26/08/2017,Huddersfield,Southampton,0.0,0.0,D,16.0,6.0,6.0,3.0,5.0,4.0,10.0,10.0,0.0,1.0,0.0,0.0
26/08/2017,Man United,Leicester,2.0,0.0,H,22.0,11.0,7.0,4.0,9.0,3.0,8.0,7.0,1.0,2.0,0.0,0.0
26/08/2017,Newcastle,West Ham,3.0,0.0,H,16.0,8.0,8.0,3.0,7.0,5.0,17.0,11.0,1.0,3.0,0.0,0.0
26/08/2017,Watford,Brighton,0.0,0.0,D,8.0,16.0,0.0,2.0,3.0,11.0,7.0,18.0,0.0,1.0,1.0,0.0
27/08/2017,Chelsea,Everton,2.0,0.0,H,18.0,7.0,7.0,0.0,6.0,3.0,12.0,7.0,2.0,2.0,0.0,0.0
27/08/2017,Liverpool,Arsenal,4.0,0.0,H,18.0,8.0,10.0,0.0,4.0,3.0,6.0,9.0,2.0,4.0,0.0,0.0
27/08/2017,Tottenham,Burnley,1.0,1.0,D,28.0,13.0,5.0,3.0,10.0,7.0,9.0,9.0,0.0,0.0,0.0,0.0
27/08/2017,West Brom,Stoke,1.0,1.0,D,10.0,16.0,2.0,2.0,10.0,4.0,10.0,9.0,2.0,2.0,0.0,0.0
09/09/2017,Arsenal,Bournemouth,3.0,0.0,H,17.0,7.0,9.0,2.0,10.0,3.0,14.0,10.0,0.0,1.0,0.0,0.0
09/09/2017,Brighton,West Brom,3.0,1.0,H,12.0,12.0,6.0,3.0,2.0,6.0,9.0,4.0,2.0,0.0,0.0,0.0
09/09/2017,Everton,Tottenham,0.0,3.0,A,12.0,15.0,1.0,6.0,7.0,3.0,14.0,14.0,3.0,1.0,0.0,0.0
09/09/2017,Leicester,Chelsea,1.0,2.0,A,8.0,16.0,2.0,6.0,2.0,9.0,11.0,8.0,1.0,0.0,0.0,0.0
09/09/2017,Man City,Liverpool,5.0,0.0,H,13.0,10.0,7.0,3.0,8.0,3.0,10.0,9.0,2.0,2.0,0.0,1.0
09/09/2017,Southampton,Watford,0.0,2.0,A,9.0,12.0,1.0,3.0,7.0,4.0,8.0,11.0,0.0,0.0,0.0,0.0
09/09/2017,Stoke,Man United,2.0,2.0,D,10.0,18.0,5.0,8.0,5.0,11.0,10.0,10.0,0.0,0.0,0.0,0.0
10/09/2017,Burnley,Crystal Palace,1.0,0.0,H,4.0,23.0,2.0,5.0,3.0,13.0,7.0,14.0,1.0,1.0,0.0,0.0
10/09/2017,Swansea,Newcastle,0.0,1.0,A,10.0,16.0,4.0,8.0,7.0,5.0,11.0,15.0,2.0,3.0,0.0,0.0
11/09/2017,West Ham,Huddersfield,2.0,0.0,H,19.0,10.0,3.0,2.0,10.0,3.0,11.0,14.0,1.0,2.0,0.0,0.0
15/09/2017,Bournemouth,Brighton,2.0,1.0,H,15.0,9.0,3.0,2.0,6.0,4.0,5.0,12.0,0.0,0.0,0.0,0.0
16/09/2017,Crystal Palace,Southampton,0.0,1.0,A,14.0,13.0,3.0,4.0,5.0,5.0,14.0,13.0,5.0,1.0,0.0,0.0
16/09/2017,Huddersfield,Leicester,1.0,1.0,D,15.0,10.0,3.0,1.0,8.0,4.0,6.0,6.0,1.0,1.0,0.0,0.0
16/09/2017,Liverpool,Burnley,1.0,1.0,D,35.0,5.0,9.0,4.0,12.0,2.0,7.0,9.0,1.0,2.0,0.0,0.0
16/09/2017,Newcastle,Stoke,2.0,1.0,H,14.0,13.0,3.0,4.0,7.0,5.0,13.0,11.0,3.0,1.0,0.0,0.0
16/09/2017,Tottenham,Swansea,0.0,0.0,D,26.0,4.0,8.0,0.0,11.0,1.0,11.0,9.0,1.0,3.0,0.0,0.0
16/09/2017,Watford,Man City,0.0,6.0,A,7.0,28.0,1.0,10.0,3.0,11.0,8.0,6.0,2.0,0.0,0.0,0.0
16/09/2017,West Brom,West Ham,0.0,0.0,D,6.0,9.0,1.0,1.0,2.0,3.0,15.0,7.0,2.0,2.0,0.0,0.0
17/09/2017,Chelsea,Arsenal,0.0,0.0,D,13.0,11.0,4.0,2.0,5.0,1.0,11.0,15.0,1.0,3.0,1.0,0.0
17/09/2017,Man United,Everton,4.0,0.0,H,16.0,7.0,7.0,3.0,4.0,1.0,15.0,14.0,1.0,1.0,0.0,0.0
23/09/2017,Burnley,Huddersfield,0.0,0.0,D,5.0,9.0,3.0,2.0,3.0,4.0,9.0,13.0,3.0,2.0,0.0,0.0
23/09/2017,Everton,Bournemouth,2.0,1.0,H,12.0,8.0,4.0,4.0,4.0,6.0,12.0,11.0,3.0,1.0,0.0,0.0
23/09/2017,Leicester,Liverpool,2.0,3.0,A,12.0,23.0,7.0,6.0,3.0,6.0,13.0,14.0,3.0,3.0,0.0,0.0
23/09/2017,Man City,Crystal Palace,5.0,0.0,H,25.0,5.0,9.0,0.0,8.0,2.0,6.0,7.0,3.0,1.0,0.0,0.0
23/09/2017,Southampton,Man United,0.0,1.0,A,14.0,9.0,4.0,4.0,8.0,4.0,12.0,9.0,1.0,4.0,0.0,0.0
23/09/2017,Stoke,Chelsea,0.0,4.0,A,13.0,7.0,2.0,4.0,5.0,0.0,5.0,14.0,2.0,2.0,0.0,0.0
23/09/2017,Swansea,Watford,1.0,2.0,A,10.0,8.0,3.0,4.0,5.0,4.0,9.0,16.0,1.0,3.0,0.0,0.0
23/09/2017,West Ham,Tottenham,2.0,3.0,A,10.0,15.0,4.0,5.0,4.0,3.0,10.0,20.0,4.0,2.0,0.0,1.0
24/09/2017,Brighton,Newcastle,1.0,0.0,H,7.0,17.0,3.0,5.0,2.0,8.0,6.0,8.0,2.0,1.0,0.0,0.0
25/09/2017,Arsenal,West Brom,2.0,0.0,H,16.0,7.0,6.0,3.0,7.0,4.0,8.0,17.0,1.0,4.0,0.0,0.0
30/09/2017,Bournemouth,Leicester,0.0,0.0,D,19.0,8.0,4.0,1.0,7.0,5.0,6.0,10.0,1.0,0.0,0.0,0.0
30/09/2017,Chelsea,Man City,0.0,1.0,A,4.0,17.0,2.0,6.0,4.0,8.0,8.0,13.0,0.0,2.0,0.0,0.0
30/09/2017,Huddersfield,Tottenham,0.0,4.0,A,6.0,14.0,1.0,7.0,4.0,7.0,7.0,4.0,1.0,1.0,0.0,0.0
30/09/2017,Man United,Crystal Palace,4.0,0.0,H,18.0,6.0,7.0,1.0,6.0,5.0,6.0,9.0,0.0,0.0,0.0,0.0
30/09/2017,Stoke,Southampton,2.0,1.0,H,17.0,21.0,6.0,3.0,5.0,6.0,11.0,10.0,1.0,2.0,0.0,0.0
30/09/2017,West Brom,Watford,2.0,2.0,D,9.0,15.0,4.0,3.0,7.0,6.0,12.0,11.0,3.0,0.0,0.0,0.0
30/09/2017,West Ham,Swansea,1.0,0.0,H,9.0,6.0,4.0,1.0,2.0,1.0,15.0,13.0,3.0,2.0,0.0,0.0
01/10/2017,Arsenal,Brighton,2.0,0.0,H,25.0,9.0,12.0,1.0,6.0,5.0,7.0,8.0,0.0,2.0,0.0,0.0
01/10/2017,Everton,Burnley,0.0,1.0,A,23.0,5.0,4.0,2.0,9.0,3.0,14.0,7.0,2.0,2.0,0.0,0.0
01/10/2017,Newcastle,Liverpool,1.0,1.0,D,8.0,17.0,5.0,2.0,1.0,5.0,11.0,6.0,1.0,1.0,0.0,0.0
14/10/2017,Burnley,West Ham,1.0,1.0,D,20.0,8.0,5.0,6.0,7.0,4.0,11.0,14.0,2.0,2.0,0.0,1.0
14/10/2017,Crystal Palace,Chelsea,2.0,1.0,H,14.0,15.0,5.0,5.0,5.0,8.0,7.0,6.0,2.0,1.0,0.0,0.0
14/10/2017,Liverpool,Man United,0.0,0.0,D,19.0,6.0,5.0,1.0,7.0,3.0,7.0,13.0,0.0,2.0,0.0,0.0
14/10/2017,Man City,Stoke,7.0,2.0,H,20.0,5.0,11.0,1.0,5.0,0.0,5.0,8.0,0.0,1.0,0.0,0.0
14/10/2017,Swansea,Huddersfield,2.0,0.0,H,7.0,7.0,3.0,2.0,5.0,3.0,12.0,16.0,1.0,5.0,0.0,0.0
14/10/2017,Tottenham,Bournemouth,1.0,0.0,H,18.0,5.0,6.0,1.0,9.0,5.0,9.0,7.0,1.0,3.0,0.0,0.0
14/10/2017,Watford,Arsenal,2.0,1.0,H,11.0,9.0,2.0,6.0,2.0,5.0,8.0,10.0,1.0,0.0,0.0,0.0
15/10/2017,Brighton,Everton,1.0,1.0,D,12.0,13.0,3.0,6.0,7.0,1.0,12.0,10.0,4.0,1.0,0.0,0.0
15/10/2017,Southampton,Newcastle,2.0,2.0,D,12.0,19.0,2.0,5.0,3.0,8.0,11.0,12.0,1.0,2.0,0.0,0.0
16/10/2017,Leicester,West Brom,1.0,1.0,D,11.0,5.0,3.0,1.0,4.0,1.0,13.0,6.0,2.0,2.0,0.0,0.0
20/10/2017,West Ham,Brighton,0.0,3.0,A,16.0,7.0,2.0,5.0,10.0,3.0,5.0,13.0,1.0,0.0,0.0,0.0
21/10/2017,Chelsea,Watford,4.0,2.0,H,14.0,16.0,8.0,5.0,6.0,6.0,13.0,16.0,2.0,3.0,0.0,0.0
21/10/2017,Huddersfield,Man United,2.0,1.0,H,5.0,9.0,3.0,3.0,4.0,7.0,10.0,12.0,4.0,2.0,0.0,0.0
21/10/2017,Man City,Burnley,3.0,0.0,H,15.0,6.0,10.0,0.0,4.0,5.0,10.0,6.0,2.0,3.0,0.0,0.0
21/10/2017,Newcastle,Crystal Palace,1.0,0.0,H,7.0,10.0,3.0,0.0,3.0,5.0,12.0,14.0,4.0,2.0,0.0,0.0
21/10/2017,Southampton,West Brom,1.0,0.0,H,20.0,7.0,6.0,2.0,8.0,3.0,10.0,8.0,0.0,1.0,0.0,0.0
21/10/2017,Stoke,Bournemouth,1.0,2.0,A,10.0,7.0,2.0,3.0,8.0,3.0,17.0,10.0,0.0,1.0,0.0,0.0
21/10/2017,Swansea,Leicester,1.0,2.0,A,19.0,11.0,4.0,6.0,7.0,6.0,6.0,9.0,0.0,1.0,0.0,0.0
22/10/2017,Everton,Arsenal,2.0,5.0,A,8.0,30.0,3.0,14.0,0.0,7.0,14.0,14.0,1.0,1.0,1.0,0.0
22/10/2017,Tottenham,Liverpool,4.0,1.0,H,14.0,12.0,6.0,7.0,3.0,5.0,2.0,8.0,0.0,1.0,0.0,0.0
28/10/2017,Arsenal,Swansea,2.0,1.0,H,17.0,4.0,5.0,2.0,5.0,2.0,9.0,9.0,0.0,0.0,0.0,0.0
28/10/2017,Bournemouth,Chelsea,0.0,1.0,A,7.0,18.0,1.0,5.0,5.0,5.0,5.0,5.0,2.0,0.0,0.0,0.0
28/10/2017,Crystal Palace,West Ham,2.0,2.0,D,19.0,6.0,9.0,2.0,11.0,2.0,18.0,15.0,1.0,2.0,0.0,0.0
28/10/2017,Liverpool,Huddersfield,3.0,0.0,H,16.0,1.0,8.0,0.0,9.0,2.0,10.0,8.0,0.0,1.0,0.0,0.0
28/10/2017,Man United,Tottenham,1.0,0.0,H,11.0,13.0,3.0,4.0,6.0,3.0,12.0,14.0,1.0,0.0,0.0,0.0
28/10/2017,Watford,Stoke,0.0,1.0,A,13.0,6.0,0.0,2.0,8.0,1.0,10.0,9.0,4.0,4.0,0.0,0.0
28/10/2017,West Brom,Man City,2.0,3.0,A,6.0,15.0,4.0,5.0,1.0,2.0,10.0,7.0,2.0,3.0,0.0,0.0
29/10/2017,Brighton,Southampton,1.0,1.0,D,7.0,6.0,2.0,1.0,2.0,7.0,9.0,10.0,3.0,1.0,0.0,0.0
29/10/2017,Leicester,Everton,2.0,0.0,H,9.0,16.0,3.0,2.0,3.0,10.0,6.0,10.0,0.0,2.0,0.0,0.0
30/10/2017,Burnley,Newcastle,1.0,0.0,H,12.0,12.0,5.0,5.0,5.0,3.0,9.0,10.0,3.0,0.0,0.0,0.0
04/11/2017,Huddersfield,West Brom,1.0,0.0,H,7.0,9.0,3.0,3.0,3.0,5.0,8.0,15.0,1.0,4.0,1.0,0.0
04/11/2017,Newcastle,Bournemouth,0.0,1.0,A,16.0,16.0,4.0,6.0,11.0,9.0,11.0,12.0,2.0,2.0,0.0,0.0
04/11/2017,Southampton,Burnley,0.0,1.0,A,13.0,5.0,3.0,1.0,9.0,1.0,4.0,4.0,0.0,0.0,0.0,0.0
04/11/2017,Stoke,Leicester,2.0,2.0,D,11.0,14.0,7.0,4.0,4.0,10.0,12.0,8.0,0.0,0.0,0.0,0.0
04/11/2017,Swansea,Brighton,0.0,1.0,A,12.0,5.0,2.0,2.0,8.0,7.0,13.0,12.0,2.0,1.0,0.0,0.0
04/11/2017,West Ham,Liverpool,1.0,4.0,A,6.0,15.0,1.0,7.0,2.0,3.0,9.0,13.0,3.0,0.0,0.0,0.0
05/11/2017,Chelsea,Man United,1.0,0.0,H,18.0,10.0,8.0,2.0,4.0,7.0,16.0,20.0,1.0,3.0,0.0,0.0
05/11/2017,Everton,Watford,3.0,2.0,H,10.0,11.0,5.0,3.0,2.0,5.0,14.0,12.0,0.0,2.0,0.0,0.0
05/11/2017,Man City,Arsenal,3.0,1.0,H,9.0,6.0,5.0,3.0,5.0,5.0,15.0,15.0,1.0,6.0,0.0,0.0
05/11/2017,Tottenham,Crystal Palace,1.0,0.0,H,12.0,11.0,2.0,3.0,10.0,9.0,6.0,7.0,0.0,2.0,0.0,0.0
18/11/2017,Arsenal,Tottenham,2.0,0.0,H,14.0,14.0,5.0,4.0,7.0,4.0,11.0,16.0,4.0,1.0,0.0,0.0
18/11/2017,Bournemouth,Huddersfield,4.0,0.0,H,11.0,20.0,5.0,3.0,8.0,11.0,13.0,10.0,3.0,2.0,1.0,0.0
18/11/2017,Burnley,Swansea,2.0,0.0,H,16.0,13.0,7.0,1.0,8.0,6.0,12.0,12.0,1.0,1.0,0.0,0.0
18/11/2017,Crystal Palace,Everton,2.0,2.0,D,16.0,8.0,7.0,5.0,9.0,4.0,9.0,26.0,2.0,3.0,0.0,0.0
18/11/2017,Leicester,Man City,0.0,2.0,A,2.0,12.0,0.0,4.0,1.0,7.0,8.0,10.0,1.0,1.0,0.0,0.0
18/11/2017,Liverpool,Southampton,3.0,0.0,H,21.0,5.0,8.0,0.0,10.0,2.0,15.0,9.0,1.0,1.0,0.0,0.0
18/11/2017,Man United,Newcastle,4.0,1.0,H,16.0,12.0,7.0,5.0,11.0,4.0,10.0,9.0,1.0,1.0,0.0,0.0
18/11/2017,West Brom,Chelsea,0.0,4.0,A,7.0,11.0,2.0,7.0,3.0,4.0,13.0,12.0,2.0,3.0,0.0,0.0
19/11/2017,Watford,West Ham,2.0,0.0,H,17.0,10.0,7.0,6.0,3.0,1.0,13.0,10.0,1.0,4.0,0.0,0.0
20/11/2017,Brighton,Stoke,2.0,2.0,D,9.0,13.0,3.0,6.0,6.0,7.0,13.0,5.0,1.0,0.0,0.0,0.0
24/11/2017,West Ham,Leicester,1.0,1.0,D,8.0,7.0,4.0,2.0,5.0,5.0,9.0,12.0,1.0,1.0,0.0,0.0
25/11/2017,Crystal Palace,Stoke,2.0,1.0,H,10.0,9.0,5.0,3.0,5.0,2.0,9.0,5.0,1.0,1.0,0.0,0.0
25/11/2017,Liverpool,Chelsea,1.0,1.0,D,16.0,11.0,4.0,3.0,7.0,8.0,10.0,7.0,0.0,0.0,0.0,0.0
25/11/2017,Man United,Brighton,1.0,0.0,H,15.0,8.0,4.0,2.0,5.0,0.0,9.0,9.0,0.0,2.0,0.0,0.0
25/11/2017,Newcastle,Watford,0.0,3.0,A,12.0,12.0,2.0,4.0,6.0,3.0,8.0,13.0,1.0,2.0,0.0,0.0
25/11/2017,Swansea,Bournemouth,0.0,0.0,D,10.0,9.0,1.0,5.0,4.0,5.0,18.0,6.0,4.0,2.0,0.0,0.0
25/11/2017,Tottenham,West Brom,1.0,1.0,D,24.0,5.0,5.0,2.0,8.0,0.0,10.0,13.0,1.0,4.0,0.0,0.0
26/11/2017,Burnley,Arsenal,0.0,1.0,A,8.0,17.0,2.0,2.0,5.0,5.0,8.0,14.0,2.0,0.0,0.0,0.0
26/11/2017,Huddersfield,Man City,1.0,2.0,A,4.0,14.0,0.0,5.0,3.0,7.0,10.0,10.0,2.0,3.0,1.0,0.0
26/11/2017,Southampton,Everton,4.0,1.0,H,17.0,5.0,5.0,2.0,7.0,2.0,6.0,13.0,0.0,0.0,0.0,0.0
28/11/2017,Brighton,Crystal Palace,0.0,0.0,D,10.0,10.0,4.0,4.0,10.0,5.0,13.0,8.0,2.0,0.0,0.0,0.0
28/11/2017,Leicester,Tottenham,2.0,1.0,H,7.0,18.0,4.0,6.0,4.0,9.0,7.0,10.0,1.0,2.0,0.0,0.0
28/11/2017,Watford,Man United,2.0,4.0,A,12.0,15.0,3.0,7.0,5.0,5.0,12.0,10.0,2.0,1.0,0.0,0.0
28/11/2017,West Brom,Newcastle,2.0,2.0,D,8.0,14.0,4.0,4.0,1.0,6.0,13.0,12.0,0.0,0.0,0.0,0.0
29/11/2017,Arsenal,Huddersfield,5.0,0.0,H,21.0,7.0,7.0,2.0,7.0,2.0,10.0,12.0,0.0,1.0,0.0,0.0
29/11/2017,Bournemouth,Burnley,1.0,2.0,A,10.0,10.0,2.0,4.0,4.0,6.0,9.0,11.0,0.0,1.0,0.0,0.0
29/11/2017,Chelsea,Swansea,1.0,0.0,H,21.0,2.0,10.0,0.0,15.0,1.0,10.0,7.0,1.0,0.0,0.0,0.0
29/11/2017,Everton,West Ham,4.0,0.0,H,8.0,7.0,5.0,3.0,2.0,6.0,16.0,6.0,2.0,1.0,0.0,0.0
29/11/2017,Man City,Southampton,2.0,1.0,H,26.0,7.0,12.0,2.0,6.0,5.0,12.0,11.0,1.0,1.0,0.0,0.0
29/11/2017,Stoke,Liverpool,0.0,3.0,A,10.0,14.0,1.0,7.0,5.0,9.0,8.0,10.0,1.0,5.0,0.0,0.0
02/12/2017,Arsenal,Man United,1.0,3.0,A,33.0,8.0,15.0,4.0,12.0,1.0,11.0,10.0,3.0,2.0,0.0,1.0
02/12/2017,Brighton,Liverpool,1.0,5.0,A,6.0,12.0,2.0,6.0,2.0,2.0,8.0,7.0,1.0,0.0,0.0,0.0
02/12/2017,Chelsea,Newcastle,3.0,1.0,H,23.0,8.0,9.0,2.0,11.0,4.0,8.0,13.0,0.0,1.0,0.0,0.0
02/12/2017,Everton,Huddersfield,2.0,0.0,H,6.0,5.0,4.0,3.0,2.0,5.0,12.0,9.0,2.0,1.0,0.0,0.0
02/12/2017,Leicester,Burnley,1.0,0.0,H,16.0,14.0,3.0,4.0,10.0,7.0,3.0,11.0,0.0,2.0,0.0,0.0
02/12/2017,Stoke,Swansea,2.0,1.0,H,10.0,10.0,3.0,3.0,2.0,6.0,12.0,10.0,2.0,0.0,0.0,0.0
02/12/2017,Watford,Tottenham,1.0,1.0,D,6.0,8.0,2.0,2.0,7.0,2.0,16.0,8.0,4.0,1.0,0.0,1.0
02/12/2017,West Brom,Crystal Palace,0.0,0.0,D,20.0,10.0,6.0,2.0,3.0,7.0,11.0,10.0,3.0,1.0,0.0,0.0
03/12/2017,Bournemouth,Southampton,1.0,1.0,D,16.0,15.0,5.0,4.0,5.0,4.0,6.0,12.0,2.0,1.0,0.0,0.0
03/12/2017,Man City,West Ham,2.0,1.0,H,24.0,7.0,8.0,4.0,10.0,4.0,5.0,7.0,2.0,2.0,0.0,0.0
09/12/2017,Burnley,Watford,1.0,0.0,H,8.0,11.0,5.0,2.0,3.0,5.0,10.0,12.0,1.0,0.0,0.0,1.0
09/12/2017,Crystal Palace,Bournemouth,2.0,2.0,D,24.0,11.0,8.0,5.0,6.0,3.0,14.0,14.0,5.0,2.0,0.0,0.0
09/12/2017,Huddersfield,Brighton,2.0,0.0,H,19.0,7.0,6.0,2.0,8.0,1.0,6.0,10.0,0.0,0.0,0.0,0.0
09/12/2017,Newcastle,Leicester,2.0,3.0,A,10.0,13.0,4.0,5.0,6.0,5.0,10.0,9.0,2.0,1.0,0.0,0.0
09/12/2017,Swansea,West Brom,1.0,0.0,H,18.0,7.0,3.0,1.0,6.0,3.0,8.0,18.0,2.0,5.0,0.0,0.0
09/12/2017,Tottenham,Stoke,5.0,1.0,H,20.0,4.0,11.0,3.0,12.0,6.0,12.0,9.0,1.0,0.0,0.0,0.0
09/12/2017,West Ham,Chelsea,1.0,0.0,H,5.0,19.0,2.0,2.0,4.0,3.0,10.0,10.0,6.0,1.0,0.0,0.0
10/12/2017,Liverpool,Everton,1.0,1.0,D,23.0,3.0,3.0,2.0,12.0,1.0,8.0,11.0,1.0,3.0,0.0,0.0
10/12/2017,Man United,Man City,1.0,2.0,A,8.0,14.0,5.0,7.0,2.0,8.0,16.0,10.0,4.0,2.0,0.0,0.0
10/12/2017,Southampton,Arsenal,1.0,1.0,D,6.0,11.0,3.0,6.0,4.0,5.0,12.0,10.0,2.0,2.0,0.0,0.0
12/12/2017,Burnley,Stoke,1.0,0.0,H,10.0,14.0,2.0,7.0,6.0,4.0,6.0,14.0,0.0,0.0,0.0,0.0
12/12/2017,Crystal Palace,Watford,2.0,1.0,H,14.0,7.0,4.0,2.0,4.0,6.0,14.0,18.0,2.0,1.0,0.0,1.0
12/12/2017,Huddersfield,Chelsea,1.0,3.0,A,7.0,12.0,2.0,5.0,1.0,3.0,11.0,4.0,0.0,0.0,0.0,0.0
13/12/2017,Liverpool,West Brom,0.0,0.0,D,14.0,6.0,5.0,1.0,5.0,7.0,16.0,6.0,1.0,0.0,0.0,0.0
13/12/2017,Man United,Bournemouth,1.0,0.0,H,9.0,14.0,2.0,7.0,4.0,9.0,14.0,12.0,1.0,2.0,0.0,0.0
13/12/2017,Newcastle,Everton,0.0,1.0,A,16.0,7.0,4.0,4.0,4.0,1.0,10.0,11.0,1.0,2.0,1.0,0.0
13/12/2017,Southampton,Leicester,1.0,4.0,A,12.0,16.0,4.0,11.0,9.0,9.0,13.0,9.0,1.0,0.0,0.0,0.0
13/12/2017,Swansea,Man City,0.0,4.0,A,7.0,23.0,3.0,10.0,2.0,5.0,12.0,6.0,0.0,0.0,0.0,0.0
13/12/2017,Tottenham,Brighton,2.0,0.0,H,25.0,7.0,8.0,4.0,10.0,2.0,5.0,10.0,1.0,1.0,0.0,0.0
13/12/2017,West Ham,Arsenal,0.0,0.0,D,6.0,22.0,0.0,3.0,1.0,7.0,9.0,9.0,1.0,0.0,0.0,0.0
16/12/2017,Arsenal,Newcastle,1.0,0.0,H,23.0,10.0,5.0,2.0,7.0,5.0,13.0,9.0,2.0,1.0,0.0,0.0
16/12/2017,Brighton,Burnley,0.0,0.0,D,12.0,11.0,2.0,6.0,8.0,2.0,13.0,13.0,4.0,2.0,0.0,0.0
16/12/2017,Chelsea,Southampton,1.0,0.0,H,24.0,6.0,8.0,2.0,8.0,4.0,8.0,16.0,1.0,3.0,0.0,0.0
16/12/2017,Leicester,Crystal Palace,0.0,3.0,A,11.0,13.0,2.0,6.0,6.0,4.0,12.0,13.0,2.0,2.0,1.0,0.0
16/12/2017,Man City,Tottenham,4.0,1.0,H,20.0,7.0,11.0,2.0,5.0,1.0,13.0,20.0,2.0,4.0,0.0,0.0
16/12/2017,Stoke,West Ham,0.0,3.0,A,17.0,14.0,0.0,7.0,7.0,9.0,12.0,13.0,2.0,1.0,0.0,0.0
16/12/2017,Watford,Huddersfield,1.0,4.0,A,13.0,15.0,3.0,9.0,8.0,7.0,12.0,17.0,2.0,1.0,1.0,1.0
17/12/2017,Bournemouth,Liverpool,0.0,4.0,A,6.0,21.0,2.0,7.0,2.0,3.0,5.0,10.0,1.0,1.0,0.0,0.0
17/12/2017,West Brom,Man United,1.0,2.0,A,12.0,8.0,5.0,3.0,6.0,3.0,14.0,7.0,1.0,3.0,0.0,0.0
18/12/2017,Everton,Swansea,3.0,1.0,H,12.0,8.0,7.0,3.0,6.0,3.0,12.0,12.0,2.0,3.0,0.0,0.0
22/12/2017,Arsenal,Liverpool,3.0,3.0,D,11.0,14.0,4.0,9.0,7.0,8.0,9.0,11.0,1.0,0.0,0.0,0.0
23/12/2017,Brighton,Watford,1.0,0.0,H,14.0,13.0,3.0,1.0,6.0,4.0,8.0,11.0,0.0,0.0,0.0,0.0
23/12/2017,Burnley,Tottenham,0.0,3.0,A,5.0,18.0,2.0,8.0,4.0,4.0,10.0,10.0,1.0,2.0,0.0,0.0
23/12/2017,Everton,Chelsea,0.0,0.0,D,5.0,25.0,0.0,8.0,2.0,7.0,8.0,4.0,3.0,0.0,0.0,0.0
23/12/2017,Leicester,Man United,2.0,2.0,D,11.0,19.0,3.0,6.0,4.0,6.0,19.0,8.0,2.0,2.0,1.0,0.0
23/12/2017,Man City,Bournemouth,4.0,0.0,H,14.0,5.0,5.0,1.0,4.0,6.0,8.0,7.0,0.0,1.0,0.0,0.0
23/12/2017,Southampton,Huddersfield,1.0,1.0,D,12.0,10.0,6.0,3.0,9.0,1.0,16.0,9.0,2.0,1.0,0.0,0.0
23/12/2017,Stoke,West Brom,3.0,1.0,H,9.0,17.0,5.0,7.0,1.0,11.0,9.0,11.0,1.0,0.0,0.0,0.0
23/12/2017,Swansea,Crystal Palace,1.0,1.0,D,7.0,13.0,2.0,5.0,6.0,3.0,13.0,11.0,2.0,3.0,0.0,0.0
23/12/2017,West Ham,Newcastle,2.0,3.0,A,19.0,11.0,6.0,4.0,6.0,3.0,9.0,12.0,1.0,1.0,0.0,0.0
26/12/2017,Bournemouth,West Ham,3.0,3.0,D,26.0,10.0,10.0,5.0,7.0,4.0,12.0,14.0,3.0,4.0,0.0,0.0
26/12/2017,Chelsea,Brighton,2.0,0.0,H,25.0,8.0,8.0,1.0,13.0,1.0,8.0,8.0,0.0,1.0,0.0,0.0
26/12/2017,Huddersfield,Stoke,1.0,1.0,D,18.0,15.0,8.0,7.0,8.0,5.0,9.0,12.0,2.0,4.0,0.0,0.0
26/12/2017,Liverpool,Swansea,5.0,0.0,H,22.0,7.0,9.0,4.0,4.0,2.0,5.0,8.0,0.0,1.0,0.0,0.0
26/12/2017,Man United,Burnley,2.0,2.0,D,23.0,3.0,6.0,2.0,12.0,2.0,10.0,14.0,3.0,7.0,0.0,0.0
26/12/2017,Tottenham,Southampton,5.0,2.0,H,16.0,16.0,7.0,6.0,3.0,8.0,8.0,15.0,0.0,2.0,0.0,0.0
26/12/2017,Watford,Leicester,2.0,1.0,H,11.0,11.0,1.0,5.0,8.0,8.0,7.0,13.0,3.0,3.0,0.0,0.0
26/12/2017,West Brom,Everton,0.0,0.0,D,17.0,7.0,3.0,3.0,10.0,2.0,14.0,13.0,2.0,0.0,0.0,0.0
27/12/2017,Newcastle,Man City,0.0,1.0,A,6.0,22.0,2.0,6.0,3.0,8.0,11.0,6.0,1.0,0.0,0.0,0.0
28/12/2017,Crystal Palace,Arsenal,2.0,3.0,A,16.0,16.0,2.0,9.0,5.0,4.0,12.0,7.0,0.0,1.0,0.0,0.0
30/12/2017,Bournemouth,Everton,2.0,1.0,H,19.0,6.0,7.0,1.0,4.0,4.0,8.0,13.0,0.0,0.0,0.0,0.0
30/12/2017,Chelsea,Stoke,5.0,0.0,H,21.0,1.0,12.0,1.0,7.0,0.0,5.0,10.0,1.0,1.0,0.0,0.0
30/12/2017,Huddersfield,Burnley,0.0,0.0,D,3.0,11.0,1.0,4.0,5.0,4.0,14.0,14.0,2.0,1.0,0.0,0.0
30/12/2017,Liverpool,Leicester,2.0,1.0,H,17.0,7.0,6.0,1.0,7.0,1.0,7.0,3.0,3.0,2.0,0.0,0.0
30/12/2017,Man United,Southampton,0.0,0.0,D,15.0,8.0,3.0,3.0,10.0,7.0,12.0,13.0,2.0,4.0,0.0,0.0
30/12/2017,Newcastle,Brighton,0.0,0.0,D,11.0,10.0,2.0,3.0,3.0,6.0,11.0,10.0,2.0,2.0,0.0,0.0
30/12/2017,Watford,Swansea,1.0,2.0,A,9.0,9.0,4.0,4.0,1.0,8.0,14.0,13.0,4.0,2.0,0.0,0.0
31/12/2017,Crystal Palace,Man City,0.0,0.0,D,10.0,15.0,1.0,4.0,7.0,8.0,14.0,11.0,5.0,4.0,0.0,0.0
31/12/2017,West Brom,Arsenal,1.0,1.0,D,14.0,14.0,3.0,4.0,5.0,6.0,14.0,9.0,3.0,3.0,0.0,0.0
01/01/2018,Brighton,Bournemouth,2.0,2.0,D,15.0,26.0,6.0,8.0,5.0,12.0,13.0,9.0,2.0,1.0,0.0,0.0
01/01/2018,Burnley,Liverpool,1.0,2.0,A,13.0,19.0,4.0,5.0,3.0,9.0,4.0,12.0,0.0,0.0,0.0,0.0
01/01/2018,Everton,Man United,0.0,2.0,A,12.0,21.0,0.0,6.0,6.0,6.0,11.0,10.0,2.0,0.0,0.0,0.0
01/01/2018,Leicester,Huddersfield,3.0,0.0,H,11.0,6.0,5.0,1.0,4.0,1.0,7.0,9.0,1.0,1.0,0.0,0.0
01/01/2018,Stoke,Newcastle,0.0,1.0,A,11.0,14.0,4.0,6.0,10.0,5.0,10.0,11.0,3.0,1.0,0.0,0.0
02/01/2018,Man City,Watford,3.0,1.0,H,17.0,7.0,7.0,4.0,9.0,1.0,8.0,12.0,1.0,1.0,0.0,0.0
02/01/2018,Southampton,Crystal Palace,1.0,2.0,A,10.0,11.0,3.0,4.0,4.0,7.0,8.0,11.0,0.0,1.0,0.0,0.0
02/01/2018,Swansea,Tottenham,0.0,2.0,A,8.0,12.0,1.0,5.0,6.0,5.0,12.0,9.0,2.0,2.0,0.0,0.0
02/01/2018,West Ham,West Brom,2.0,1.0,H,13.0,10.0,5.0,3.0,3.0,4.0,12.0,12.0,3.0,2.0,0.0,0.0
03/01/2018,Arsenal,Chelsea,2.0,2.0,D,14.0,19.0,6.0,6.0,10.0,8.0,11.0,11.0,3.0,2.0,0.0,0.0
04/01/2018,Tottenham,West Ham,1.0,1.0,D,31.0,3.0,8.0,1.0,7.0,1.0,10.0,6.0,0.0,2.0,0.0,0.0
13/01/2018,Chelsea,Leicester,0.0,0.0,D,17.0,14.0,7.0,1.0,6.0,3.0,14.0,13.0,2.0,2.0,0.0,1.0
13/01/2018,Crystal Palace,Burnley,1.0,0.0,H,17.0,8.0,2.0,2.0,3.0,2.0,16.0,10.0,0.0,3.0,0.0,0.0
13/01/2018,Huddersfield,West Ham,1.0,4.0,A,8.0,8.0,2.0,6.0,7.0,3.0,7.0,9.0,1.0,1.0,0.0,0.0
13/01/2018,Newcastle,Swansea,1.0,1.0,D,12.0,8.0,4.0,5.0,4.0,5.0,11.0,10.0,0.0,3.0,0.0,0.0
13/01/2018,Tottenham,Everton,4.0,0.0,H,20.0,7.0,10.0,0.0,3.0,3.0,11.0,15.0,0.0,2.0,0.0,0.0
13/01/2018,Watford,Southampton,2.0,2.0,D,16.0,10.0,4.0,4.0,5.0,4.0,11.0,13.0,0.0,5.0,0.0,0.0
13/01/2018,West Brom,Brighton,2.0,0.0,H,15.0,13.0,4.0,1.0,9.0,6.0,8.0,15.0,0.0,0.0,0.0,0.0
14/01/2018,Bournemouth,Arsenal,2.0,1.0,H,13.0,12.0,5.0,3.0,4.0,5.0,8.0,10.0,2.0,2.0,0.0,0.0
14/01/2018,Liverpool,Man City,4.0,3.0,H,16.0,11.0,7.0,4.0,5.0,6.0,10.0,7.0,2.0,3.0,0.0,0.0
15/01/2018,Man United,Stoke,3.0,0.0,H,20.0,11.0,9.0,5.0,6.0,1.0,14.0,10.0,2.0,1.0,0.0,0.0
20/01/2018,Arsenal,Crystal Palace,4.0,1.0,H,16.0,9.0,10.0,5.0,5.0,10.0,6.0,8.0,0.0,0.0,0.0,0.0
20/01/2018,Brighton,Chelsea,0.0,4.0,A,10.0,14.0,3.0,10.0,5.0,3.0,12.0,5.0,3.0,0.0,0.0,0.0
20/01/2018,Burnley,Man United,0.0,1.0,A,13.0,12.0,2.0,2.0,5.0,4.0,7.0,12.0,3.0,3.0,0.0,0.0
20/01/2018,Everton,West Brom,1.0,1.0,D,9.0,15.0,4.0,5.0,0.0,3.0,15.0,10.0,2.0,1.0,0.0,0.0
20/01/2018,Leicester,Watford,2.0,0.0,H,9.0,11.0,5.0,3.0,4.0,5.0,11.0,10.0,0.0,0.0,0.0,0.0
20/01/2018,Man City,Newcastle,3.0,1.0,H,21.0,6.0,9.0,4.0,18.0,0.0,5.0,10.0,0.0,1.0,0.0,0.0
20/01/2018,Stoke,Huddersfield,2.0,0.0,H,11.0,6.0,6.0,3.0,3.0,2.0,18.0,13.0,1.0,1.0,0.0,0.0
20/01/2018,West Ham,Bournemouth,1.0,1.0,D,12.0,8.0,4.0,3.0,6.0,3.0,8.0,7.0,3.0,1.0,0.0,0.0
21/01/2018,Southampton,Tottenham,1.0,1.0,D,10.0,17.0,4.0,2.0,2.0,9.0,8.0,15.0,2.0,3.0,0.0,0.0
22/01/2018,Swansea,Liverpool,1.0,0.0,H,3.0,21.0,2.0,4.0,3.0,9.0,5.0,9.0,0.0,2.0,0.0,0.0
30/01/2018,Huddersfield,Liverpool,0.0,3.0,A,5.0,14.0,1.0,7.0,1.0,4.0,8.0,8.0,0.0,0.0,0.0,0.0
30/01/2018,Swansea,Arsenal,3.0,1.0,H,12.0,9.0,4.0,4.0,4.0,3.0,4.0,8.0,0.0,3.0,0.0,0.0
30/01/2018,West Ham,Crystal Palace,1.0,1.0,D,8.0,9.0,3.0,3.0,5.0,3.0,11.0,15.0,1.0,3.0,0.0,0.0
31/01/2018,Chelsea,Bournemouth,0.0,3.0,A,21.0,11.0,5.0,5.0,8.0,5.0,5.0,12.0,1.0,0.0,0.0,0.0
31/01/2018,Everton,Leicester,2.0,1.0,H,9.0,8.0,4.0,1.0,5.0,5.0,9.0,10.0,0.0,2.0,0.0,0.0
31/01/2018,Man City,West Brom,3.0,0.0,H,19.0,3.0,10.0,1.0,9.0,1.0,10.0,10.0,1.0,3.0,0.0,0.0
31/01/2018,Newcastle,Burnley,1.0,1.0,D,14.0,11.0,4.0,2.0,7.0,4.0,15.0,15.0,1.0,2.0,0.0,0.0
31/01/2018,Southampton,Brighton,1.0,1.0,D,18.0,9.0,3.0,2.0,7.0,2.0,8.0,10.0,3.0,1.0,0.0,0.0
31/01/2018,Stoke,Watford,0.0,0.0,D,11.0,12.0,4.0,2.0,2.0,6.0,12.0,12.0,4.0,3.0,0.0,0.0
31/01/2018,Tottenham,Man United,2.0,0.0,H,22.0,6.0,6.0,3.0,6.0,3.0,10.0,13.0,2.0,2.0,0.0,0.0
03/02/2018,Arsenal,Everton,5.0,1.0,H,15.0,11.0,7.0,2.0,4.0,6.0,8.0,8.0,2.0,0.0,0.0,0.0
03/02/2018,Bournemouth,Stoke,2.0,1.0,H,15.0,13.0,8.0,4.0,8.0,1.0,14.0,19.0,2.0,3.0,0.0,0.0
03/02/2018,Brighton,West Ham,3.0,1.0,H,21.0,4.0,5.0,1.0,4.0,1.0,11.0,7.0,3.0,1.0,0.0,0.0
03/02/2018,Burnley,Man City,1.0,1.0,D,8.0,20.0,3.0,7.0,3.0,13.0,9.0,6.0,4.0,1.0,0.0,0.0
03/02/2018,Leicester,Swansea,1.0,1.0,D,13.0,3.0,5.0,1.0,3.0,3.0,9.0,8.0,1.0,0.0,0.0,0.0
03/02/2018,Man United,Huddersfield,2.0,0.0,H,16.0,4.0,7.0,0.0,5.0,2.0,5.0,19.0,2.0,4.0,0.0,0.0
03/02/2018,West Brom,Southampton,2.0,3.0,A,9.0,13.0,3.0,5.0,5.0,7.0,12.0,10.0,2.0,1.0,0.0,0.0
04/02/2018,Crystal Palace,Newcastle,1.0,1.0,D,21.0,11.0,6.0,8.0,5.0,6.0,11.0,8.0,1.0,1.0,0.0,0.0
04/02/2018,Liverpool,Tottenham,2.0,2.0,D,9.0,13.0,3.0,6.0,3.0,7.0,15.0,9.0,3.0,1.0,0.0,0.0
05/02/2018,Watford,Chelsea,4.0,1.0,H,21.0,7.0,8.0,3.0,6.0,2.0,11.0,8.0,2.0,2.0,0.0,1.0
10/02/2018,Everton,Crystal Palace,3.0,1.0,H,11.0,16.0,5.0,4.0,8.0,7.0,14.0,15.0,1.0,1.0,0.0,0.0
10/02/2018,Man City,Leicester,5.0,1.0,H,19.0,2.0,11.0,2.0,8.0,2.0,10.0,12.0,2.0,3.0,0.0,0.0
10/02/2018,Stoke,Brighton,1.0,1.0,D,15.0,14.0,3.0,6.0,7.0,4.0,6.0,10.0,0.0,0.0,0.0,0.0
10/02/2018,Swansea,Burnley,1.0,0.0,H,12.0,13.0,4.0,1.0,5.0,2.0,10.0,9.0,2.0,1.0,0.0,0.0
10/02/2018,Tottenham,Arsenal,1.0,0.0,H,18.0,6.0,6.0,1.0,10.0,2.0,13.0,9.0,2.0,1.0,0.0,0.0
10/02/2018,West Ham,Watford,2.0,0.0,H,8.0,11.0,4.0,4.0,8.0,7.0,11.0,7.0,1.0,1.0,0.0,0.0
11/02/2018,Huddersfield,Bournemouth,4.0,1.0,H,15.0,7.0,4.0,2.0,2.0,6.0,12.0,12.0,0.0,3.0,0.0,0.0
11/02/2018,Newcastle,Man United,1.0,0.0,H,10.0,13.0,3.0,6.0,0.0,10.0,12.0,15.0,0.0,2.0,0.0,0.0
11/02/2018,Southampton,Liverpool,0.0,2.0,A,6.0,16.0,4.0,4.0,3.0,1.0,5.0,8.0,1.0,2.0,0.0,0.0
12/02/2018,Chelsea,West Brom,3.0,0.0,H,20.0,8.0,8.0,1.0,8.0,7.0,11.0,11.0,0.0,2.0,0.0,0.0
24/02/2018,Bournemouth,Newcastle,2.0,2.0,D,18.0,15.0,5.0,4.0,8.0,1.0,12.0,10.0,1.0,4.0,0.0,0.0
24/02/2018,Brighton,Swansea,4.0,1.0,H,16.0,11.0,5.0,1.0,3.0,5.0,17.0,6.0,1.0,0.0,0.0,0.0
24/02/2018,Burnley,Southampton,1.0,1.0,D,9.0,13.0,3.0,6.0,7.0,5.0,8.0,14.0,1.0,0.0,0.0,0.0
24/02/2018,Leicester,Stoke,1.0,1.0,D,19.0,6.0,9.0,2.0,13.0,1.0,10.0,16.0,1.0,3.0,0.0,0.0
24/02/2018,Liverpool,West Ham,4.0,1.0,H,21.0,7.0,12.0,4.0,8.0,2.0,7.0,7.0,0.0,2.0,0.0,0.0
24/02/2018,Watford,Everton,1.0,0.0,H,13.0,7.0,5.0,2.0,6.0,5.0,10.0,9.0,3.0,1.0,0.0,0.0
24/02/2018,West Brom,Huddersfield,1.0,2.0,A,10.0,16.0,3.0,7.0,6.0,3.0,11.0,9.0,1.0,1.0,0.0,0.0
25/02/2018,Crystal Palace,Tottenham,0.0,1.0,A,5.0,14.0,3.0,4.0,2.0,13.0,12.0,5.0,0.0,1.0,0.0,0.0
25/02/2018,Man United,Chelsea,2.0,1.0,H,10.0,14.0,5.0,7.0,3.0,4.0,13.0,12.0,2.0,2.0,0.0,0.0
01/03/2018,Arsenal,Man City,0.0,3.0,A,10.0,9.0,5.0,5.0,6.0,1.0,11.0,11.0,1.0,1.0,0.0,0.0
03/03/2018,Burnley,Everton,2.0,1.0,H,21.0,10.0,8.0,4.0,10.0,4.0,9.0,12.0,1.0,1.0,0.0,1.0
03/03/2018,Leicester,Bournemouth,1.0,1.0,D,23.0,8.0,4.0,3.0,13.0,1.0,11.0,7.0,2.0,1.0,0.0,0.0
03/03/2018,Liverpool,Newcastle,2.0,0.0,H,14.0,7.0,3.0,2.0,8.0,3.0,7.0,9.0,0.0,0.0,0.0,0.0
03/03/2018,Southampton,Stoke,0.0,0.0,D,18.0,12.0,6.0,3.0,15.0,4.0,8.0,13.0,0.0,1.0,0.0,0.0
03/03/2018,Swansea,West Ham,4.0,1.0,H,9.0,7.0,8.0,2.0,4.0,5.0,9.0,14.0,0.0,3.0,0.0,0.0
03/03/2018,Tottenham,Huddersfield,2.0,0.0,H,15.0,3.0,7.0,3.0,8.0,1.0,6.0,8.0,1.0,1.0,0.0,0.0
03/03/2018,Watford,West Brom,1.0,0.0,H,15.0,9.0,4.0,2.0,4.0,6.0,11.0,12.0,2.0,0.0,0.0,0.0
04/03/2018,Brighton,Arsenal,2.0,1.0,H,13.0,15.0,6.0,7.0,6.0,11.0,13.0,12.0,3.0,3.0,0.0,0.0
04/03/2018,Man City,Chelsea,1.0,0.0,H,13.0,3.0,3.0,0.0,5.0,2.0,8.0,9.0,2.0,1.0,0.0,0.0
05/03/2018,Crystal Palace,Man United,2.0,3.0,A,10.0,17.0,4.0,8.0,3.0,7.0,10.0,8.0,1.0,3.0,0.0,0.0
10/03/2018,Chelsea,Crystal Palace,2.0,1.0,H,27.0,9.0,11.0,2.0,12.0,3.0,8.0,9.0,1.0,2.0,0.0,0.0
10/03/2018,Everton,Brighton,2.0,0.0,H,13.0,10.0,3.0,4.0,10.0,3.0,10.0,14.0,0.0,1.0,0.0,1.0
10/03/2018,Huddersfield,Swansea,0.0,0.0,D,30.0,0.0,4.0,0.0,12.0,0.0,9.0,9.0,2.0,3.0,0.0,1.0
10/03/2018,Man United,Liverpool,2.0,1.0,H,5.0,14.0,2.0,2.0,1.0,13.0,10.0,16.0,2.0,1.0,0.0,0.0
10/03/2018,Newcastle,Southampton,3.0,0.0,H,7.0,6.0,5.0,2.0,2.0,6.0,10.0,10.0,0.0,2.0,0.0,0.0
10/03/2018,West Brom,Leicester,1.0,4.0,A,6.0,14.0,2.0,6.0,7.0,6.0,6.0,7.0,1.0,3.0,0.0,0.0
10/03/2018,West Ham,Burnley,0.0,3.0,A,13.0,7.0,4.0,4.0,5.0,1.0,13.0,7.0,2.0,2.0,0.0,0.0
11/03/2018,Arsenal,Watford,3.0,0.0,H,11.0,11.0,7.0,4.0,4.0,9.0,12.0,9.0,2.0,1.0,0.0,0.0
11/03/2018,Bournemouth,Tottenham,1.0,4.0,A,14.0,12.0,3.0,8.0,4.0,5.0,10.0,7.0,1.0,1.0,0.0,0.0
12/03/2018,Stoke,Man City,0.0,2.0,A,3.0,17.0,0.0,6.0,3.0,10.0,6.0,8.0,1.0,0.0,0.0,0.0
17/03/2018,Bournemouth,West Brom,2.0,1.0,H,17.0,11.0,5.0,6.0,3.0,2.0,6.0,9.0,1.0,2.0,0.0,0.0
17/03/2018,Huddersfield,Crystal Palace,0.0,2.0,A,6.0,17.0,2.0,6.0,4.0,7.0,11.0,12.0,3.0,2.0,0.0,0.0
17/03/2018,Liverpool,Watford,5.0,0.0,H,13.0,4.0,10.0,1.0,6.0,1.0,5.0,4.0,1.0,0.0,0.0,0.0
17/03/2018,Stoke,Everton,1.0,2.0,A,9.0,17.0,4.0,9.0,1.0,9.0,13.0,12.0,1.0,1.0,1.0,0.0
31/03/2018,Brighton,Leicester,0.0,2.0,A,15.0,6.0,3.0,4.0,6.0,1.0,11.0,13.0,2.0,4.0,0.0,1.0
31/03/2018,Crystal Palace,Liverpool,1.0,2.0,A,6.0,16.0,3.0,6.0,4.0,6.0,6.0,8.0,2.0,2.0,0.0,0.0
31/03/2018,Everton,Man City,1.0,3.0,A,6.0,18.0,2.0,4.0,2.0,11.0,10.0,8.0,0.0,0.0,0.0,0.0
31/03/2018,Man United,Swansea,2.0,0.0,H,11.0,3.0,5.0,2.0,3.0,3.0,5.0,13.0,0.0,0.0,0.0,0.0
31/03/2018,Newcastle,Huddersfield,1.0,0.0,H,18.0,4.0,3.0,0.0,3.0,3.0,9.0,10.0,1.0,4.0,0.0,0.0
31/03/2018,Watford,Bournemouth,2.0,2.0,D,16.0,13.0,5.0,6.0,7.0,4.0,16.0,6.0,4.0,0.0,0.0,0.0
31/03/2018,West Brom,Burnley,1.0,2.0,A,8.0,11.0,3.0,4.0,1.0,6.0,12.0,9.0,1.0,3.0,0.0,0.0
31/03/2018,West Ham,Southampton,3.0,0.0,H,13.0,9.0,5.0,0.0,5.0,9.0,9.0,16.0,0.0,3.0,0.0,0.0
01/04/2018,Arsenal,Stoke,3.0,0.0,H,24.0,8.0,11.0,2.0,6.0,5.0,9.0,13.0,1.0,2.0,0.0,0.0
01/04/2018,Chelsea,Tottenham,1.0,3.0,A,14.0,12.0,4.0,7.0,5.0,5.0,4.0,11.0,0.0,1.0,0.0,0.0
07/04/2018,Bournemouth,Crystal Palace,2.0,2.0,D,20.0,13.0,5.0,6.0,11.0,3.0,8.0,9.0,2.0,2.0,0.0,0.0
07/04/2018,Brighton,Huddersfield,1.0,1.0,D,13.0,14.0,4.0,5.0,5.0,3.0,13.0,7.0,1.0,0.0,1.0,0.0
07/04/2018,Everton,Liverpool,0.0,0.0,D,6.0,10.0,1.0,3.0,3.0,2.0,12.0,7.0,0.0,0.0,0.0,0.0
07/04/2018,Leicester,Newcastle,1.0,2.0,A,8.0,8.0,1.0,4.0,7.0,5.0,7.0,14.0,1.0,3.0,0.0,0.0
07/04/2018,Man City,Man United,2.0,3.0,A,20.0,5.0,6.0,4.0,8.0,4.0,17.0,9.0,6.0,3.0,0.0,0.0
07/04/2018,Stoke,Tottenham,1.0,2.0,A,10.0,15.0,4.0,4.0,6.0,3.0,19.0,8.0,4.0,3.0,0.0,0.0
07/04/2018,Watford,Burnley,1.0,2.0,A,14.0,7.0,5.0,4.0,11.0,1.0,18.0,12.0,2.0,2.0,0.0,0.0
07/04/2018,West Brom,Swansea,1.0,1.0,D,15.0,7.0,3.0,1.0,5.0,1.0,15.0,5.0,3.0,2.0,0.0,0.0
08/04/2018,Arsenal,Southampton,3.0,2.0,H,13.0,15.0,7.0,8.0,8.0,6.0,11.0,7.0,2.0,1.0,1.0,1.0
08/04/2018,Chelsea,West Ham,1.0,1.0,D,23.0,5.0,6.0,2.0,10.0,6.0,7.0,11.0,0.0,1.0,0.0,0.0
14/04/2018,Burnley,Leicester,2.0,1.0,H,8.0,15.0,3.0,6.0,4.0,8.0,9.0,10.0,2.0,1.0,0.0,0.0
14/04/2018,Crystal Palace,Brighton,3.0,2.0,H,15.0,12.0,8.0,3.0,5.0,6.0,12.0,16.0,3.0,2.0,0.0,0.0
14/04/2018,Huddersfield,Watford,1.0,0.0,H,9.0,4.0,1.0,2.0,9.0,6.0,9.0,8.0,2.0,2.0,0.0,0.0
14/04/2018,Liverpool,Bournemouth,3.0,0.0,H,20.0,6.0,7.0,1.0,7.0,5.0,9.0,9.0,1.0,1.0,0.0,0.0
14/04/2018,Southampton,Chelsea,2.0,3.0,A,10.0,17.0,7.0,5.0,4.0,7.0,13.0,14.0,5.0,3.0,0.0,0.0
14/04/2018,Swansea,Everton,1.0,1.0,D,17.0,12.0,7.0,3.0,6.0,3.0,10.0,11.0,1.0,1.0,0.0,0.0
14/04/2018,Tottenham,Man City,1.0,3.0,A,8.0,17.0,3.0,6.0,5.0,7.0,11.0,12.0,3.0,4.0,0.0,0.0
15/04/2018,Man United,West Brom,0.0,1.0,A,14.0,10.0,4.0,4.0,4.0,4.0,8.0,13.0,1.0,1.0,0.0,0.0
15/04/2018,Newcastle,Arsenal,2.0,1.0,H,8.0,15.0,4.0,3.0,2.0,5.0,11.0,9.0,1.0,0.0,0.0,0.0
16/04/2018,West Ham,Stoke,1.0,1.0,D,18.0,11.0,6.0,7.0,10.0,1.0,15.0,21.0,2.0,3.0,0.0,0.0
17/04/2018,Brighton,Tottenham,1.0,1.0,D,8.0,16.0,5.0,6.0,3.0,4.0,6.0,5.0,1.0,0.0,0.0,0.0
18/04/2018,Bournemouth,Man United,0.0,2.0,A,13.0,13.0,2.0,4.0,8.0,5.0,9.0,8.0,3.0,1.0,0.0,0.0
19/04/2018,Burnley,Chelsea,1.0,2.0,A,5.0,16.0,2.0,5.0,3.0,2.0,9.0,11.0,1.0,0.0,0.0,0.0
19/04/2018,Leicester,Southampton,0.0,0.0,D,11.0,6.0,3.0,2.0,11.0,3.0,10.0,10.0,0.0,0.0,0.0,0.0
21/04/2018,Watford,Crystal Palace,0.0,0.0,D,14.0,6.0,4.0,1.0,4.0,3.0,17.0,13.0,3.0,5.0,0.0,0.0
21/04/2018,West Brom,Liverpool,2.0,2.0,D,13.0,9.0,6.0,3.0,7.0,4.0,12.0,5.0,0.0,1.0,0.0,0.0
22/04/2018,Arsenal,West Ham,4.0,1.0,H,20.0,11.0,8.0,4.0,8.0,6.0,11.0,9.0,3.0,2.0,0.0,0.0
22/04/2018,Man City,Swansea,5.0,0.0,H,19.0,4.0,12.0,1.0,5.0,1.0,6.0,8.0,0.0,1.0,0.0,0.0
22/04/2018,Stoke,Burnley,1.0,1.0,D,8.0,16.0,3.0,7.0,3.0,8.0,15.0,5.0,2.0,1.0,0.0,0.0
23/04/2018,Everton,Newcastle,1.0,0.0,H,9.0,9.0,1.0,2.0,4.0,6.0,10.0,11.0,2.0,1.0,0.0,0.0
28/04/2018,Burnley,Brighton,0.0,0.0,D,10.0,9.0,4.0,1.0,3.0,4.0,5.0,17.0,0.0,2.0,0.0,0.0
28/04/2018,Crystal Palace,Leicester,5.0,0.0,H,15.0,6.0,9.0,1.0,8.0,2.0,11.0,9.0,1.0,1.0,0.0,1.0
28/04/2018,Huddersfield,Everton,0.0,2.0,A,9.0,7.0,2.0,5.0,4.0,3.0,9.0,8.0,1.0,0.0,0.0,0.0
28/04/2018,Liverpool,Stoke,0.0,0.0,D,20.0,5.0,2.0,1.0,9.0,2.0,7.0,14.0,1.0,2.0,0.0,0.0
28/04/2018,Newcastle,West Brom,0.0,1.0,A,17.0,9.0,2.0,2.0,5.0,1.0,8.0,13.0,1.0,3.0,0.0,0.0
28/04/2018,Southampton,Bournemouth,2.0,1.0,H,14.0,14.0,6.0,7.0,5.0,8.0,12.0,11.0,5.0,1.0,0.0,0.0
28/04/2018,Swansea,Chelsea,0.0,1.0,A,10.0,11.0,3.0,3.0,1.0,2.0,13.0,9.0,1.0,1.0,0.0,0.0
29/04/2018,Man United,Arsenal,2.0,1.0,H,17.0,8.0,3.0,3.0,9.0,0.0,12.0,7.0,0.0,1.0,0.0,0.0
29/04/2018,West Ham,Man City,1.0,4.0,A,4.0,19.0,1.0,7.0,0.0,7.0,5.0,11.0,0.0,1.0,0.0,0.0
30/04/2018,Tottenham,Watford,2.0,0.0,H,13.0,13.0,3.0,5.0,4.0,0.0,11.0,10.0,1.0,0.0,0.0,0.0
04/05/2018,Brighton,Man United,1.0,0.0,H,11.0,16.0,4.0,3.0,5.0,6.0,5.0,3.0,2.0,0.0,0.0,0.0
05/05/2018,Bournemouth,Swansea,1.0,0.0,H,13.0,12.0,5.0,3.0,11.0,6.0,10.0,10.0,1.0,4.0,0.0,0.0
05/05/2018,Everton,Southampton,1.0,1.0,D,9.0,11.0,3.0,5.0,3.0,4.0,14.0,12.0,2.0,4.0,0.0,1.0
05/05/2018,Leicester,West Ham,0.0,2.0,A,13.0,13.0,2.0,3.0,8.0,3.0,8.0,9.0,1.0,2.0,0.0,0.0
05/05/2018,Stoke,Crystal Palace,1.0,2.0,A,7.0,13.0,2.0,2.0,1.0,7.0,18.0,12.0,5.0,2.0,0.0,0.0
05/05/2018,Watford,Newcastle,2.0,1.0,H,11.0,9.0,8.0,1.0,2.0,5.0,9.0,11.0,2.0,1.0,0.0,0.0
05/05/2018,West Brom,Tottenham,1.0,0.0,H,9.0,18.0,1.0,5.0,5.0,9.0,13.0,12.0,4.0,1.0,0.0,0.0
06/05/2018,Arsenal,Burnley,5.0,0.0,H,16.0,6.0,8.0,2.0,4.0,5.0,6.0,7.0,0.0,1.0,0.0,0.0
06/05/2018,Chelsea,Liverpool,1.0,0.0,H,12.0,10.0,4.0,5.0,3.0,1.0,12.0,9.0,3.0,2.0,0.0,0.0
06/05/2018,Man City,Huddersfield,0.0,0.0,D,15.0,5.0,2.0,3.0,10.0,1.0,9.0,4.0,0.0,3.0,0.0,0.0
08/05/2018,Swansea,Southampton,0.0,1.0,A,11.0,13.0,3.0,8.0,7.0,6.0,7.0,15.0,2.0,1.0,0.0,0.0
09/05/2018,Chelsea,Huddersfield,1.0,1.0,D,22.0,3.0,5.0,2.0,9.0,0.0,7.0,10.0,0.0,1.0,0.0,0.0
09/05/2018,Leicester,Arsenal,3.0,1.0,H,19.0,14.0,10.0,7.0,6.0,6.0,7.0,12.0,2.0,2.0,0.0,1.0
09/05/2018,Man City,Brighton,3.0,1.0,H,19.0,6.0,7.0,3.0,4.0,3.0,5.0,7.0,0.0,1.0,0.0,0.0
09/05/2018,Tottenham,Newcastle,1.0,0.0,H,11.0,14.0,7.0,3.0,6.0,4.0,10.0,8.0,2.0,3.0,0.0,0.0
10/05/2018,West Ham,Man United,0.0,0.0,D,9.0,16.0,2.0,6.0,1.0,6.0,12.0,12.0,1.0,1.0,0.0,0.0
13/05/2018,Burnley,Bournemouth,1.0,2.0,A,12.0,16.0,4.0,5.0,7.0,8.0,14.0,9.0,0.0,0.0,0.0,0.0
13/05/2018,Crystal Palace,West Brom,2.0,0.0,H,11.0,7.0,5.0,1.0,4.0,2.0,10.0,11.0,2.0,3.0,0.0,0.0
13/05/2018,Huddersfield,Arsenal,0.0,1.0,A,18.0,9.0,3.0,4.0,7.0,4.0,11.0,7.0,1.0,0.0,0.0,0.0
13/05/2018,Liverpool,Brighton,4.0,0.0,H,22.0,2.0,11.0,1.0,7.0,3.0,3.0,6.0,0.0,0.0,0.0,0.0
13/05/2018,Man United,Watford,1.0,0.0,H,7.0,7.0,1.0,3.0,6.0,5.0,6.0,11.0,4.0,0.0,0.0,0.0
13/05/2018,Newcastle,Chelsea,3.0,0.0,H,16.0,6.0,6.0,2.0,4.0,2.0,11.0,10.0,0.0,1.0,0.0,0.0
13/05/2018,Southampton,Man City,0.0,1.0,A,8.0,13.0,3.0,2.0,1.0,12.0,8.0,10.0,3.0,1.0,0.0,0.0
13/05/2018,Swansea,Stoke,1.0,2.0,A,26.0,8.0,11.0,5.0,6.0,0.0,12.0,9.0,1.0,2.0,0.0,0.0
13/05/2018,Tottenham,Leicester,5.0,4.0,H,14.0,16.0,6.0,9.0,4.0,4.0,9.0,13.0,1.0,2.0,0.0,0.0
13/05/2018,West Ham,Everton,3.0,1.0,H,15.0,14.0,4.0,7.0,6.0,6.0,10.0,13.0,0.0,1.0,0.0,0.0
10/08/2018,Man United,Leicester,2.0,1.0,H,8.0,13.0,6.0,4.0,2.0,5.0,11.0,8.0,2.0,1.0,0.0,0.0
11/08/2018,Bournemouth,Cardiff,2.0,0.0,H,12.0,10.0,4.0,1.0,7.0,4.0,11.0,9.0,1.0,1.0,0.0,0.0
11/08/2018,Fulham,Crystal Palace,0.0,2.0,A,15.0,10.0,6.0,9.0,5.0,5.0,9.0,11.0,1.0,2.0,0.0,0.0
11/08/2018,Huddersfield,Chelsea,0.0,3.0,A,6.0,13.0,1.0,4.0,2.0,5.0,9.0,8.0,2.0,1.0,0.0,0.0
11/08/2018,Newcastle,Tottenham,1.0,2.0,A,15.0,15.0,2.0,5.0,3.0,5.0,11.0,12.0,2.0,2.0,0.0,0.0
11/08/2018,Watford,Brighton,2.0,0.0,H,19.0,6.0,5.0,0.0,8.0,2.0,10.0,16.0,2.0,2.0,0.0,0.0
11/08/2018,Wolves,Everton,2.0,2.0,D,11.0,6.0,4.0,5.0,3.0,6.0,8.0,7.0,0.0,1.0,0.0,1.0
12/08/2018,Arsenal,Man City,0.0,2.0,A,9.0,17.0,3.0,8.0,2.0,9.0,11.0,14.0,2.0,2.0,0.0,0.0
12/08/2018,Liverpool,West Ham,4.0,0.0,H,18.0,5.0,8.0,2.0,5.0,4.0,14.0,9.0,1.0,2.0,0.0,0.0
12/08/2018,Southampton,Burnley,0.0,0.0,D,18.0,16.0,3.0,6.0,8.0,5.0,10.0,9.0,0.0,1.0,0.0,0.0
18/08/2018,Cardiff,Newcastle,0.0,0.0,D,12.0,12.0,1.0,6.0,5.0,5.0,14.0,16.0,2.0,2.0,0.0,1.0
18/08/2018,Chelsea,Arsenal,3.0,2.0,H,24.0,15.0,11.0,6.0,5.0,1.0,12.0,9.0,0.0,2.0,0.0,0.0
18/08/2018,Everton,Southampton,2.0,1.0,H,13.0,15.0,7.0,4.0,2.0,5.0,8.0,20.0,0.0,5.0,0.0,0.0
18/08/2018,Leicester,Wolves,2.0,0.0,H,6.0,11.0,2.0,3.0,1.0,9.0,10.0,8.0,2.0,1.0,1.0,0.0
18/08/2018,Tottenham,Fulham,3.0,1.0,H,25.0,10.0,11.0,3.0,5.0,2.0,9.0,5.0,0.0,0.0,0.0,0.0
18/08/2018,West Ham,Bournemouth,1.0,2.0,A,11.0,12.0,5.0,5.0,6.0,4.0,14.0,10.0,6.0,2.0,0.0,0.0
19/08/2018,Brighton,Man United,3.0,2.0,H,6.0,9.0,3.0,3.0,3.0,5.0,16.0,13.0,1.0,1.0,0.0,0.0
19/08/2018,Burnley,Watford,1.0,3.0,A,8.0,9.0,3.0,6.0,5.0,2.0,8.0,19.0,1.0,2.0,0.0,0.0
19/08/2018,Man City,Huddersfield,6.0,1.0,H,32.0,5.0,14.0,1.0,10.0,3.0,9.0,4.0,0.0,2.0,0.0,0.0
20/08/2018,Crystal Palace,Liverpool,0.0,2.0,A,8.0,16.0,2.0,6.0,6.0,7.0,6.0,13.0,1.0,1.0,1.0,0.0
25/08/2018,Arsenal,West Ham,3.0,1.0,H,17.0,13.0,10.0,5.0,10.0,2.0,16.0,13.0,1.0,3.0,0.0,0.0
25/08/2018,Bournemouth,Everton,2.0,2.0,D,17.0,11.0,5.0,3.0,6.0,2.0,12.0,10.0,0.0,3.0,1.0,1.0
25/08/2018,Huddersfield,Cardiff,0.0,0.0,D,5.0,14.0,1.0,4.0,7.0,7.0,8.0,10.0,0.0,1.0,1.0,0.0
25/08/2018,Liverpool,Brighton,1.0,0.0,H,22.0,6.0,8.0,2.0,8.0,5.0,8.0,14.0,1.0,1.0,0.0,0.0
25/08/2018,Southampton,Leicester,1.0,2.0,A,11.0,8.0,5.0,5.0,10.0,3.0,13.0,11.0,1.0,1.0,1.0,0.0
25/08/2018,Wolves,Man City,1.0,1.0,D,11.0,18.0,2.0,6.0,5.0,9.0,13.0,8.0,1.0,2.0,0.0,0.0
26/08/2018,Fulham,Burnley,4.0,2.0,H,25.0,12.0,12.0,2.0,6.0,4.0,11.0,8.0,2.0,1.0,0.0,0.0
26/08/2018,Newcastle,Chelsea,1.0,2.0,A,6.0,15.0,2.0,3.0,4.0,5.0,16.0,8.0,3.0,1.0,0.0,0.0
26/08/2018,Watford,Crystal Palace,2.0,1.0,H,13.0,9.0,5.0,3.0,6.0,3.0,14.0,11.0,4.0,2.0,0.0,0.0
27/08/2018,Man United,Tottenham,0.0,3.0,A,23.0,9.0,5.0,5.0,5.0,2.0,11.0,16.0,2.0,4.0,0.0,0.0
01/09/2018,Brighton,Fulham,2.0,2.0,D,15.0,10.0,5.0,5.0,7.0,1.0,12.0,14.0,3.0,3.0,0.0,0.0
01/09/2018,Chelsea,Bournemouth,2.0,0.0,H,24.0,8.0,6.0,1.0,7.0,6.0,10.0,7.0,2.0,2.0,0.0,0.0
01/09/2018,Crystal Palace,Southampton,0.0,2.0,A,20.0,19.0,6.0,6.0,7.0,4.0,11.0,12.0,1.0,1.0,0.0,0.0
01/09/2018,Everton,Huddersfield,1.0,1.0,D,11.0,9.0,1.0,6.0,4.0,3.0,13.0,14.0,3.0,3.0,0.0,0.0
01/09/2018,Leicester,Liverpool,1.0,2.0,A,12.0,10.0,5.0,4.0,4.0,4.0,9.0,12.0,3.0,2.0,0.0,0.0
01/09/2018,Man City,Newcastle,2.0,1.0,H,24.0,3.0,8.0,2.0,4.0,0.0,5.0,13.0,0.0,0.0,0.0,0.0
01/09/2018,West Ham,Wolves,0.0,1.0,A,13.0,15.0,3.0,6.0,4.0,4.0,10.0,11.0,2.0,1.0,0.0,0.0
02/09/2018,Burnley,Man United,0.0,2.0,A,9.0,21.0,2.0,9.0,2.0,5.0,7.0,13.0,2.0,3.0,0.0,1.0
02/09/2018,Cardiff,Arsenal,2.0,3.0,A,14.0,17.0,3.0,11.0,3.0,9.0,12.0,14.0,3.0,4.0,0.0,0.0
02/09/2018,Watford,Tottenham,2.0,1.0,H,7.0,11.0,3.0,2.0,3.0,10.0,9.0,8.0,2.0,1.0,0.0,0.0
15/09/2018,Bournemouth,Leicester,4.0,2.0,H,10.0,14.0,5.0,8.0,4.0,6.0,13.0,15.0,3.0,2.0,0.0,1.0
15/09/2018,Chelsea,Cardiff,4.0,1.0,H,18.0,6.0,7.0,2.0,5.0,4.0,8.0,10.0,0.0,0.0,0.0,0.0
15/09/2018,Huddersfield,Crystal Palace,0.0,1.0,A,15.0,7.0,2.0,2.0,5.0,3.0,11.0,17.0,1.0,2.0,0.0,0.0
15/09/2018,Man City,Fulham,3.0,0.0,H,28.0,9.0,9.0,3.0,10.0,4.0,7.0,7.0,0.0,0.0,0.0,0.0
15/09/2018,Newcastle,Arsenal,1.0,2.0,A,4.0,12.0,2.0,2.0,10.0,4.0,13.0,11.0,0.0,0.0,0.0,0.0
15/09/2018,Tottenham,Liverpool,1.0,2.0,A,11.0,17.0,3.0,10.0,5.0,4.0,17.0,16.0,0.0,0.0,0.0,0.0
15/09/2018,Watford,Man United,1.0,2.0,A,14.0,9.0,5.0,6.0,6.0,8.0,9.0,11.0,2.0,1.0,0.0,1.0
16/09/2018,Everton,West Ham,1.0,3.0,A,16.0,9.0,4.0,4.0,4.0,2.0,15.0,12.0,2.0,5.0,0.0,0.0
16/09/2018,Wolves,Burnley,1.0,0.0,H,30.0,7.0,7.0,2.0,8.0,2.0,10.0,9.0,2.0,4.0,0.0,0.0
17/09/2018,Southampton,Brighton,2.0,2.0,D,14.0,12.0,5.0,4.0,1.0,4.0,10.0,13.0,2.0,3.0,0.0,0.0
22/09/2018,Brighton,Tottenham,1.0,2.0,A,8.0,16.0,4.0,7.0,5.0,7.0,15.0,9.0,2.0,1.0,0.0,0.0
22/09/2018,Burnley,Bournemouth,4.0,0.0,H,12.0,19.0,5.0,5.0,3.0,8.0,17.0,6.0,2.0,0.0,0.0,0.0
22/09/2018,Cardiff,Man City,0.0,5.0,A,2.0,21.0,2.0,10.0,1.0,9.0,6.0,4.0,1.0,1.0,0.0,0.0
22/09/2018,Crystal Palace,Newcastle,0.0,0.0,D,16.0,6.0,4.0,3.0,9.0,5.0,8.0,11.0,1.0,1.0,0.0,0.0
22/09/2018,Fulham,Watford,1.0,1.0,D,15.0,11.0,3.0,6.0,8.0,8.0,11.0,9.0,2.0,1.0,0.0,0.0
22/09/2018,Leicester,Huddersfield,3.0,1.0,H,18.0,9.0,8.0,2.0,3.0,1.0,10.0,16.0,2.0,1.0,0.0,0.0
22/09/2018,Liverpool,Southampton,3.0,0.0,H,12.0,7.0,4.0,1.0,5.0,4.0,7.0,10.0,0.0,2.0,0.0,0.0
22/09/2018,Man United,Wolves,1.0,1.0,D,15.0,11.0,6.0,8.0,5.0,4.0,5.0,17.0,1.0,1.0,0.0,0.0
23/09/2018,Arsenal,Everton,2.0,0.0,H,9.0,9.0,5.0,6.0,5.0,9.0,17.0,12.0,2.0,1.0,0.0,0.0
23/09/2018,West Ham,Chelsea,0.0,0.0,D,6.0,17.0,1.0,6.0,1.0,8.0,11.0,9.0,2.0,1.0,0.0,0.0
29/09/2018,Arsenal,Watford,2.0,0.0,H,9.0,13.0,2.0,4.0,6.0,6.0,11.0,17.0,2.0,2.0,0.0,0.0
29/09/2018,Chelsea,Liverpool,1.0,1.0,D,10.0,13.0,4.0,6.0,4.0,4.0,7.0,9.0,0.0,2.0,0.0,0.0
29/09/2018,Everton,Fulham,3.0,0.0,H,19.0,6.0,6.0,0.0,12.0,1.0,13.0,13.0,0.0,3.0,0.0,0.0
29/09/2018,Huddersfield,Tottenham,0.0,2.0,A,9.0,10.0,5.0,6.0,3.0,0.0,17.0,16.0,2.0,2.0,0.0,0.0
29/09/2018,Man City,Brighton,2.0,0.0,H,28.0,4.0,8.0,1.0,10.0,3.0,4.0,10.0,0.0,3.0,0.0,0.0
29/09/2018,Newcastle,Leicester,0.0,2.0,A,6.0,12.0,1.0,5.0,5.0,9.0,11.0,5.0,0.0,0.0,0.0,0.0
29/09/2018,West Ham,Man United,3.0,1.0,H,8.0,9.0,3.0,4.0,4.0,9.0,12.0,12.0,0.0,1.0,0.0,0.0
29/09/2018,Wolves,Southampton,2.0,0.0,H,14.0,17.0,6.0,6.0,8.0,6.0,11.0,7.0,3.0,1.0,0.0,0.0
30/09/2018,Cardiff,Burnley,1.0,2.0,A,19.0,3.0,5.0,2.0,10.0,2.0,11.0,15.0,1.0,3.0,0.0,0.0
01/10/2018,Bournemouth,Crystal Palace,2.0,1.0,H,11.0,10.0,5.0,2.0,3.0,3.0,9.0,12.0,3.0,4.0,0.0,0.0
05/10/2018,Brighton,West Ham,1.0,0.0,H,9.0,17.0,4.0,4.0,2.0,9.0,12.0,8.0,3.0,2.0,0.0,0.0
06/10/2018,Burnley,Huddersfield,1.0,1.0,D,6.0,19.0,3.0,2.0,1.0,10.0,8.0,11.0,2.0,2.0,0.0,0.0
06/10/2018,Crystal Palace,Wolves,0.0,1.0,A,11.0,7.0,4.0,2.0,6.0,3.0,11.0,13.0,3.0,4.0,0.0,0.0
06/10/2018,Leicester,Everton,1.0,2.0,A,8.0,17.0,2.0,8.0,2.0,10.0,10.0,11.0,2.0,1.0,1.0,0.0
06/10/2018,Man United,Newcastle,3.0,2.0,H,18.0,13.0,10.0,8.0,10.0,6.0,16.0,8.0,2.0,2.0,0.0,0.0
06/10/2018,Tottenham,Cardiff,1.0,0.0,H,19.0,8.0,7.0,6.0,6.0,2.0,7.0,11.0,2.0,1.0,0.0,1.0
06/10/2018,Watford,Bournemouth,0.0,4.0,A,14.0,10.0,2.0,7.0,10.0,7.0,11.0,9.0,3.0,1.0,1.0,0.0
07/10/2018,Fulham,Arsenal,1.0,5.0,A,21.0,9.0,4.0,7.0,4.0,2.0,11.0,12.0,2.0,0.0,0.0,0.0
07/10/2018,Liverpool,Man City,0.0,0.0,D,7.0,6.0,2.0,2.0,2.0,6.0,10.0,10.0,1.0,3.0,0.0,0.0
07/10/2018,Southampton,Chelsea,0.0,3.0,A,15.0,21.0,6.0,6.0,4.0,12.0,13.0,11.0,6.0,0.0,0.0,0.0
20/10/2018,Bournemouth,Southampton,0.0,0.0,D,10.0,8.0,2.0,4.0,6.0,4.0,10.0,14.0,1.0,2.0,0.0,0.0
20/10/2018,Cardiff,Fulham,4.0,2.0,H,22.0,9.0,5.0,4.0,4.0,4.0,15.0,16.0,3.0,3.0,0.0,0.0
20/10/2018,Chelsea,Man United,2.0,2.0,D,21.0,7.0,6.0,4.0,5.0,3.0,9.0,17.0,2.0,5.0,0.0,0.0
20/10/2018,Huddersfield,Liverpool,0.0,1.0,A,13.0,11.0,1.0,2.0,2.0,4.0,9.0,6.0,0.0,2.0,0.0,0.0
20/10/2018,Man City,Burnley,5.0,0.0,H,24.0,5.0,10.0,0.0,10.0,1.0,11.0,5.0,2.0,2.0,0.0,0.0
20/10/2018,Newcastle,Brighton,0.0,1.0,A,27.0,8.0,6.0,2.0,10.0,2.0,13.0,17.0,0.0,2.0,0.0,0.0
20/10/2018,West Ham,Tottenham,0.0,1.0,A,13.0,10.0,4.0,2.0,10.0,6.0,8.0,10.0,3.0,0.0,0.0,0.0
20/10/2018,Wolves,Watford,0.0,2.0,A,10.0,9.0,1.0,3.0,8.0,2.0,23.0,13.0,3.0,1.0,0.0,0.0
21/10/2018,Everton,Crystal Palace,2.0,0.0,H,20.0,7.0,4.0,3.0,10.0,5.0,13.0,17.0,2.0,1.0,0.0,0.0
22/10/2018,Arsenal,Leicester,3.0,1.0,H,19.0,8.0,6.0,2.0,6.0,4.0,10.0,10.0,2.0,2.0,0.0,0.0
27/10/2018,Brighton,Wolves,1.0,0.0,H,2.0,25.0,1.0,7.0,1.0,10.0,11.0,8.0,3.0,0.0,0.0,0.0
27/10/2018,Fulham,Bournemouth,0.0,3.0,A,11.0,12.0,1.0,5.0,5.0,5.0,16.0,3.0,2.0,1.0,1.0,0.0
27/10/2018,Leicester,West Ham,1.0,1.0,D,21.0,11.0,7.0,3.0,8.0,0.0,17.0,5.0,1.0,1.0,0.0,1.0
27/10/2018,Liverpool,Cardiff,4.0,1.0,H,19.0,2.0,7.0,1.0,8.0,0.0,6.0,4.0,0.0,0.0,0.0,0.0
27/10/2018,Southampton,Newcastle,0.0,0.0,D,22.0,6.0,4.0,0.0,7.0,2.0,9.0,12.0,0.0,1.0,0.0,0.0
27/10/2018,Watford,Huddersfield,3.0,0.0,H,12.0,13.0,6.0,7.0,3.0,3.0,9.0,13.0,1.0,2.0,0.0,0.0
28/10/2018,Burnley,Chelsea,0.0,4.0,A,7.0,24.0,1.0,8.0,4.0,4.0,14.0,10.0,4.0,2.0,0.0,0.0
28/10/2018,Crystal Palace,Arsenal,2.0,2.0,D,16.0,7.0,3.0,2.0,6.0,4.0,10.0,16.0,1.0,2.0,0.0,0.0
28/10/2018,Man United,Everton,2.0,1.0,H,14.0,14.0,10.0,6.0,8.0,4.0,15.0,12.0,2.0,1.0,0.0,0.0
29/10/2018,Tottenham,Man City,0.0,1.0,A,4.0,13.0,1.0,6.0,3.0,6.0,13.0,13.0,2.0,2.0,0.0,0.0
03/11/2018,Arsenal,Liverpool,1.0,1.0,D,12.0,13.0,4.0,4.0,5.0,8.0,7.0,7.0,1.0,1.0,0.0,0.0
03/11/2018,Bournemouth,Man United,1.0,2.0,A,18.0,18.0,7.0,8.0,9.0,5.0,12.0,12.0,4.0,3.0,0.0,0.0
03/11/2018,Cardiff,Leicester,0.0,1.0,A,11.0,13.0,2.0,5.0,6.0,12.0,13.0,12.0,2.0,2.0,0.0,0.0
03/11/2018,Everton,Brighton,3.0,1.0,H,14.0,5.0,3.0,3.0,6.0,4.0,9.0,17.0,0.0,1.0,0.0,0.0
03/11/2018,Newcastle,Watford,1.0,0.0,H,10.0,16.0,2.0,1.0,8.0,9.0,12.0,11.0,1.0,5.0,0.0,0.0
03/11/2018,West Ham,Burnley,4.0,2.0,H,22.0,6.0,10.0,3.0,10.0,4.0,7.0,9.0,1.0,4.0,0.0,0.0
03/11/2018,Wolves,Tottenham,2.0,3.0,A,16.0,10.0,7.0,8.0,5.0,1.0,11.0,8.0,1.0,2.0,0.0,0.0
04/11/2018,Chelsea,Crystal Palace,3.0,1.0,H,15.0,7.0,6.0,2.0,4.0,2.0,6.0,13.0,0.0,1.0,0.0,0.0
04/11/2018,Man City,Southampton,6.0,1.0,H,18.0,12.0,8.0,6.0,4.0,4.0,14.0,9.0,1.0,1.0,0.0,0.0
05/11/2018,Huddersfield,Fulham,1.0,0.0,H,10.0,7.0,2.0,1.0,5.0,4.0,11.0,8.0,1.0,2.0,0.0,0.0
10/11/2018,Cardiff,Brighton,2.0,1.0,H,20.0,7.0,6.0,3.0,4.0,1.0,7.0,21.0,2.0,1.0,0.0,1.0
10/11/2018,Crystal Palace,Tottenham,0.0,1.0,A,11.0,11.0,4.0,2.0,10.0,6.0,12.0,9.0,1.0,1.0,0.0,0.0
10/11/2018,Huddersfield,West Ham,1.0,1.0,D,15.0,12.0,7.0,5.0,5.0,6.0,9.0,8.0,1.0,1.0,0.0,0.0
10/11/2018,Leicester,Burnley,0.0,0.0,D,22.0,6.0,5.0,1.0,12.0,1.0,13.0,10.0,2.0,0.0,0.0,0.0
10/11/2018,Newcastle,Bournemouth,2.0,1.0,H,18.0,14.0,6.0,4.0,7.0,10.0,9.0,11.0,2.0,1.0,0.0,0.0
10/11/2018,Southampton,Watford,1.0,1.0,D,14.0,12.0,4.0,6.0,7.0,6.0,13.0,13.0,3.0,2.0,0.0,0.0
11/11/2018,Arsenal,Wolves,1.0,1.0,D,10.0,12.0,3.0,5.0,11.0,2.0,9.0,16.0,2.0,2.0,0.0,0.0
11/11/2018,Chelsea,Everton,0.0,0.0,D,15.0,6.0,4.0,1.0,5.0,5.0,7.0,11.0,4.0,3.0,0.0,0.0
11/11/2018,Liverpool,Fulham,2.0,0.0,H,20.0,8.0,7.0,3.0,6.0,3.0,11.0,9.0,1.0,1.0,0.0,0.0
11/11/2018,Man City,Man United,3.0,1.0,H,17.0,6.0,5.0,1.0,5.0,1.0,12.0,12.0,1.0,1.0,0.0,0.0
24/11/2018,Brighton,Leicester,1.0,1.0,D,14.0,8.0,3.0,3.0,6.0,1.0,10.0,7.0,3.0,1.0,0.0,1.0
24/11/2018,Everton,Cardiff,1.0,0.0,H,16.0,7.0,8.0,1.0,7.0,3.0,12.0,13.0,0.0,3.0,0.0,0.0
24/11/2018,Fulham,Southampton,3.0,2.0,H,10.0,19.0,5.0,8.0,2.0,5.0,10.0,6.0,2.0,3.0,0.0,0.0
24/11/2018,Man United,Crystal Palace,0.0,0.0,D,12.0,13.0,5.0,2.0,10.0,3.0,13.0,12.0,1.0,2.0,0.0,0.0
24/11/2018,Tottenham,Chelsea,3.0,1.0,H,18.0,13.0,9.0,2.0,4.0,4.0,19.0,12.0,0.0,3.0,0.0,0.0
24/11/2018,Watford,Liverpool,0.0,3.0,A,5.0,10.0,1.0,7.0,5.0,5.0,12.0,13.0,0.0,0.0,0.0,1.0
24/11/2018,West Ham,Man City,0.0,4.0,A,9.0,9.0,1.0,6.0,8.0,1.0,6.0,3.0,0.0,0.0,0.0,0.0
25/11/2018,Bournemouth,Arsenal,1.0,2.0,A,11.0,20.0,5.0,4.0,5.0,8.0,6.0,9.0,2.0,1.0,0.0,0.0
25/11/2018,Wolves,Huddersfield,0.0,2.0,A,12.0,14.0,3.0,6.0,3.0,5.0,9.0,8.0,1.0,2.0,0.0,0.0
26/11/2018,Burnley,Newcastle,1.0,2.0,A,14.0,17.0,4.0,3.0,5.0,5.0,6.0,11.0,0.0,1.0,0.0,0.0
30/11/2018,Cardiff,Wolves,2.0,1.0,H,17.0,15.0,3.0,4.0,7.0,6.0,3.0,12.0,1.0,2.0,0.0,0.0
01/12/2018,Crystal Palace,Burnley,2.0,0.0,H,29.0,4.0,9.0,0.0,10.0,2.0,9.0,10.0,1.0,1.0,0.0,0.0
01/12/2018,Huddersfield,Brighton,1.0,2.0,A,7.0,14.0,2.0,6.0,2.0,6.0,10.0,12.0,0.0,2.0,1.0,0.0
01/12/2018,Leicester,Watford,2.0,0.0,H,7.0,8.0,3.0,0.0,4.0,8.0,7.0,6.0,2.0,1.0,0.0,1.0
01/12/2018,Man City,Bournemouth,3.0,1.0,H,16.0,4.0,6.0,1.0,8.0,4.0,9.0,3.0,0.0,0.0,0.0,0.0
01/12/2018,Newcastle,West Ham,0.0,3.0,A,16.0,7.0,4.0,4.0,7.0,3.0,10.0,10.0,3.0,3.0,0.0,0.0
01/12/2018,Southampton,Man United,2.0,2.0,D,16.0,11.0,6.0,5.0,3.0,5.0,12.0,13.0,4.0,4.0,0.0,0.0
02/12/2018,Arsenal,Tottenham,4.0,2.0,H,22.0,11.0,7.0,6.0,8.0,5.0,15.0,17.0,3.0,3.0,0.0,1.0
02/12/2018,Chelsea,Fulham,2.0,0.0,H,16.0,9.0,9.0,4.0,4.0,6.0,8.0,17.0,2.0,1.0,0.0,0.0
02/12/2018,Liverpool,Everton,1.0,0.0,H,16.0,9.0,3.0,3.0,8.0,1.0,12.0,7.0,3.0,2.0,0.0,0.0
04/12/2018,Bournemouth,Huddersfield,2.0,1.0,H,6.0,23.0,2.0,6.0,4.0,8.0,14.0,11.0,4.0,2.0,0.0,0.0
04/12/2018,Brighton,Crystal Palace,3.0,1.0,H,9.0,18.0,3.0,5.0,4.0,5.0,14.0,12.0,2.0,3.0,1.0,0.0
04/12/2018,Watford,Man City,1.0,2.0,A,11.0,15.0,7.0,7.0,3.0,11.0,4.0,8.0,0.0,1.0,0.0,0.0
04/12/2018,West Ham,Cardiff,3.0,1.0,H,17.0,9.0,11.0,5.0,10.0,4.0,10.0,10.0,1.0,2.0,0.0,0.0
05/12/2018,Burnley,Liverpool,1.0,3.0,A,10.0,18.0,6.0,12.0,5.0,9.0,10.0,3.0,1.0,0.0,0.0,0.0
05/12/2018,Everton,Newcastle,1.0,1.0,D,19.0,8.0,3.0,5.0,14.0,2.0,7.0,18.0,0.0,5.0,0.0,0.0
05/12/2018,Fulham,Leicester,1.0,1.0,D,25.0,13.0,7.0,5.0,10.0,8.0,12.0,7.0,0.0,0.0,0.0,0.0
05/12/2018,Man United,Arsenal,2.0,2.0,D,10.0,9.0,7.0,4.0,4.0,4.0,13.0,10.0,3.0,3.0,0.0,0.0
05/12/2018,Tottenham,Southampton,3.0,1.0,H,13.0,18.0,8.0,5.0,8.0,6.0,7.0,5.0,0.0,0.0,0.0,0.0
05/12/2018,Wolves,Chelsea,2.0,1.0,H,6.0,17.0,2.0,3.0,1.0,5.0,18.0,10.0,4.0,4.0,0.0,0.0
08/12/2018,Arsenal,Huddersfield,1.0,0.0,H,14.0,6.0,2.0,0.0,7.0,1.0,13.0,20.0,5.0,4.0,0.0,0.0
08/12/2018,Bournemouth,Liverpool,0.0,4.0,A,8.0,10.0,2.0,4.0,6.0,6.0,9.0,11.0,2.0,1.0,0.0,0.0
08/12/2018,Burnley,Brighton,1.0,0.0,H,14.0,14.0,4.0,1.0,2.0,7.0,11.0,11.0,2.0,0.0,0.0,0.0
08/12/2018,Cardiff,Southampton,1.0,0.0,H,13.0,12.0,4.0,1.0,7.0,7.0,9.0,10.0,2.0,2.0,0.0,0.0
08/12/2018,Chelsea,Man City,2.0,0.0,H,8.0,14.0,5.0,4.0,1.0,13.0,12.0,11.0,2.0,0.0,0.0,0.0
08/12/2018,Leicester,Tottenham,0.0,2.0,A,11.0,7.0,3.0,2.0,6.0,5.0,12.0,7.0,3.0,1.0,0.0,0.0
08/12/2018,Man United,Fulham,4.0,1.0,H,20.0,10.0,11.0,4.0,10.0,3.0,11.0,15.0,1.0,1.0,0.0,1.0
08/12/2018,West Ham,Crystal Palace,3.0,2.0,H,13.0,8.0,6.0,4.0,5.0,3.0,10.0,8.0,1.0,2.0,0.0,0.0
09/12/2018,Newcastle,Wolves,1.0,2.0,A,12.0,13.0,4.0,6.0,4.0,6.0,10.0,17.0,2.0,5.0,1.0,0.0
10/12/2018,Everton,Watford,2.0,2.0,D,12.0,15.0,5.0,3.0,6.0,6.0,13.0,13.0,1.0,1.0,0.0,0.0
15/12/2018,Crystal Palace,Leicester,1.0,0.0,H,8.0,12.0,1.0,2.0,4.0,4.0,10.0,8.0,2.0,1.0,0.0,0.0
15/12/2018,Fulham,West Ham,0.0,2.0,A,16.0,6.0,4.0,3.0,6.0,4.0,14.0,10.0,2.0,1.0,0.0,0.0
15/12/2018,Huddersfield,Newcastle,0.0,1.0,A,15.0,8.0,5.0,5.0,10.0,1.0,5.0,13.0,1.0,1.0,0.0,0.0
15/12/2018,Man City,Everton,3.0,1.0,H,13.0,9.0,5.0,2.0,6.0,2.0,7.0,9.0,1.0,2.0,0.0,0.0
15/12/2018,Tottenham,Burnley,1.0,0.0,H,15.0,4.0,3.0,0.0,8.0,3.0,7.0,8.0,0.0,2.0,0.0,0.0
15/12/2018,Watford,Cardiff,3.0,2.0,H,17.0,10.0,8.0,3.0,5.0,0.0,7.0,5.0,0.0,0.0,0.0,0.0
15/12/2018,Wolves,Bournemouth,2.0,0.0,H,9.0,13.0,3.0,3.0,5.0,3.0,15.0,7.0,1.0,2.0,0.0,0.0
16/12/2018,Brighton,Chelsea,1.0,2.0,A,6.0,10.0,2.0,3.0,4.0,1.0,14.0,6.0,2.0,2.0,0.0,0.0
16/12/2018,Liverpool,Man United,3.0,1.0,H,36.0,6.0,11.0,2.0,13.0,2.0,6.0,14.0,0.0,2.0,0.0,0.0
16/12/2018,Southampton,Arsenal,3.0,2.0,H,12.0,13.0,7.0,4.0,4.0,5.0,12.0,10.0,3.0,1.0,0.0,0.0
21/12/2018,Wolves,Liverpool,0.0,2.0,A,11.0,15.0,5.0,6.0,1.0,10.0,7.0,3.0,0.0,0.0,0.0,0.0
22/12/2018,Arsenal,Burnley,3.0,1.0,H,10.0,7.0,6.0,2.0,1.0,3.0,10.0,14.0,2.0,5.0,0.0,0.0
22/12/2018,Bournemouth,Brighton,2.0,0.0,H,14.0,10.0,3.0,5.0,6.0,5.0,8.0,18.0,2.0,0.0,0.0,1.0
22/12/2018,Cardiff,Man United,1.0,5.0,A,9.0,17.0,3.0,9.0,4.0,7.0,13.0,13.0,2.0,1.0,0.0,0.0
22/12/2018,Chelsea,Leicester,0.0,1.0,A,17.0,8.0,5.0,3.0,9.0,5.0,10.0,9.0,0.0,2.0,0.0,0.0
22/12/2018,Huddersfield,Southampton,1.0,3.0,A,16.0,13.0,5.0,6.0,8.0,2.0,12.0,9.0,2.0,3.0,0.0,0.0
22/12/2018,Man City,Crystal Palace,2.0,3.0,A,19.0,5.0,5.0,3.0,13.0,0.0,7.0,6.0,0.0,4.0,0.0,0.0
22/12/2018,Newcastle,Fulham,0.0,0.0,D,9.0,4.0,0.0,2.0,6.0,0.0,9.0,12.0,1.0,2.0,0.0,0.0
22/12/2018,West Ham,Watford,0.0,2.0,A,18.0,11.0,7.0,5.0,10.0,4.0,9.0,11.0,3.0,2.0,0.0,0.0
23/12/2018,Everton,Tottenham,2.0,6.0,A,10.0,17.0,3.0,8.0,2.0,1.0,13.0,9.0,0.0,2.0,0.0,0.0
26/12/2018,Brighton,Arsenal,1.0,1.0,D,12.0,7.0,3.0,4.0,4.0,9.0,10.0,4.0,2.0,1.0,0.0,0.0
26/12/2018,Burnley,Everton,1.0,5.0,A,11.0,13.0,4.0,6.0,5.0,7.0,11.0,19.0,2.0,4.0,0.0,0.0
26/12/2018,Crystal Palace,Cardiff,0.0,0.0,D,31.0,9.0,5.0,4.0,12.0,1.0,9.0,11.0,0.0,3.0,0.0,0.0
26/12/2018,Fulham,Wolves,1.0,1.0,D,11.0,14.0,9.0,5.0,2.0,0.0,9.0,6.0,2.0,1.0,0.0,0.0
26/12/2018,Leicester,Man City,2.0,1.0,H,10.0,11.0,5.0,4.0,3.0,7.0,5.0,8.0,2.0,2.0,0.0,1.0
26/12/2018,Liverpool,Newcastle,4.0,0.0,H,16.0,6.0,8.0,2.0,10.0,2.0,7.0,9.0,0.0,0.0,0.0,0.0
26/12/2018,Man United,Huddersfield,3.0,1.0,H,16.0,10.0,10.0,2.0,5.0,3.0,9.0,13.0,1.0,1.0,0.0,0.0
26/12/2018,Tottenham,Bournemouth,5.0,0.0,H,10.0,14.0,7.0,4.0,3.0,4.0,4.0,8.0,2.0,1.0,0.0,0.0
26/12/2018,Watford,Chelsea,1.0,2.0,A,10.0,10.0,2.0,4.0,3.0,4.0,15.0,5.0,1.0,0.0,0.0,0.0
27/12/2018,Southampton,West Ham,1.0,2.0,A,11.0,16.0,5.0,5.0,4.0,5.0,10.0,3.0,2.0,0.0,0.0,0.0
29/12/2018,Brighton,Everton,1.0,0.0,H,11.0,13.0,3.0,4.0,6.0,6.0,10.0,11.0,0.0,2.0,0.0,0.0
29/12/2018,Fulham,Huddersfield,1.0,0.0,H,14.0,9.0,5.0,5.0,4.0,3.0,12.0,10.0,3.0,1.0,0.0,0.0
29/12/2018,Leicester,Cardiff,0.0,1.0,A,16.0,12.0,7.0,3.0,10.0,4.0,14.0,16.0,0.0,2.0,0.0,0.0
29/12/2018,Liverpool,Arsenal,5.0,1.0,H,15.0,8.0,10.0,2.0,5.0,3.0,8.0,13.0,1.0,2.0,0.0,0.0
29/12/2018,Tottenham,Wolves,1.0,3.0,A,10.0,11.0,3.0,4.0,6.0,7.0,7.0,7.0,3.0,2.0,0.0,0.0
29/12/2018,Watford,Newcastle,1.0,1.0,D,12.0,8.0,5.0,2.0,3.0,6.0,17.0,16.0,1.0,2.0,0.0,0.0
30/12/2018,Burnley,West Ham,2.0,0.0,H,17.0,11.0,5.0,4.0,5.0,5.0,15.0,11.0,1.0,4.0,0.0,0.0
30/12/2018,Crystal Palace,Chelsea,0.0,1.0,A,4.0,12.0,0.0,4.0,3.0,4.0,11.0,8.0,0.0,1.0,0.0,0.0
30/12/2018,Man United,Bournemouth,4.0,1.0,H,11.0,7.0,8.0,3.0,4.0,5.0,10.0,7.0,2.0,0.0,1.0,0.0
30/12/2018,Southampton,Man City,1.0,3.0,A,5.0,14.0,4.0,6.0,3.0,8.0,11.0,10.0,2.0,3.0,1.0,0.0
01/01/2019,Arsenal,Fulham,4.0,1.0,H,16.0,9.0,9.0,4.0,8.0,3.0,7.0,12.0,0.0,1.0,0.0,0.0
01/01/2019,Cardiff,Tottenham,0.0,3.0,A,6.0,13.0,3.0,4.0,5.0,3.0,6.0,6.0,1.0,0.0,0.0,0.0
01/01/2019,Everton,Leicester,0.0,1.0,A,17.0,8.0,2.0,4.0,6.0,5.0,5.0,8.0,3.0,1.0,0.0,0.0
02/01/2019,Bournemouth,Watford,3.0,3.0,D,25.0,11.0,12.0,3.0,4.0,2.0,9.0,15.0,1.0,4.0,0.0,0.0
02/01/2019,Chelsea,Southampton,0.0,0.0,D,17.0,6.0,6.0,2.0,7.0,2.0,8.0,11.0,1.0,2.0,0.0,0.0
02/01/2019,Huddersfield,Burnley,1.0,2.0,A,9.0,16.0,2.0,8.0,5.0,2.0,11.0,9.0,0.0,4.0,1.0,1.0
02/01/2019,Newcastle,Man United,0.0,2.0,A,14.0,16.0,3.0,7.0,1.0,2.0,10.0,9.0,1.0,2.0,0.0,0.0
02/01/2019,West Ham,Brighton,2.0,2.0,D,13.0,13.0,6.0,6.0,1.0,5.0,9.0,11.0,0.0,1.0,0.0,0.0
02/01/2019,Wolves,Crystal Palace,0.0,2.0,A,9.0,17.0,1.0,4.0,3.0,10.0,9.0,7.0,4.0,1.0,0.0,0.0
03/01/2019,Man City,Liverpool,2.0,1.0,H,9.0,7.0,4.0,5.0,2.0,1.0,12.0,7.0,4.0,2.0,0.0,0.0
12/01/2019,Brighton,Liverpool,0.0,1.0,A,7.0,10.0,0.0,3.0,2.0,7.0,15.0,5.0,0.0,0.0,0.0,0.0
12/01/2019,Burnley,Fulham,2.0,1.0,H,11.0,12.0,0.0,4.0,2.0,6.0,5.0,9.0,1.0,2.0,0.0,0.0
12/01/2019,Cardiff,Huddersfield,0.0,0.0,D,3.0,14.0,0.0,2.0,3.0,10.0,12.0,14.0,3.0,1.0,0.0,0.0
12/01/2019,Chelsea,Newcastle,2.0,1.0,H,10.0,9.0,6.0,2.0,8.0,5.0,6.0,13.0,1.0,1.0,0.0,0.0
12/01/2019,Crystal Palace,Watford,1.0,2.0,A,15.0,16.0,6.0,2.0,7.0,7.0,11.0,11.0,1.0,4.0,0.0,0.0
12/01/2019,Leicester,Southampton,1.0,2.0,A,23.0,8.0,6.0,3.0,10.0,3.0,7.0,9.0,2.0,1.0,0.0,1.0
12/01/2019,West Ham,Arsenal,1.0,0.0,H,11.0,11.0,3.0,2.0,7.0,3.0,7.0,10.0,0.0,2.0,0.0,0.0
13/01/2019,Everton,Bournemouth,2.0,0.0,H,15.0,16.0,3.0,7.0,5.0,9.0,17.0,8.0,5.0,0.0,0.0,0.0
13/01/2019,Tottenham,Man United,0.0,1.0,A,21.0,13.0,11.0,8.0,7.0,4.0,8.0,8.0,1.0,2.0,0.0,0.0
14/01/2019,Man City,Wolves,3.0,0.0,H,24.0,3.0,9.0,0.0,12.0,1.0,6.0,3.0,1.0,0.0,0.0,1.0
19/01/2019,Arsenal,Chelsea,2.0,0.0,H,13.0,13.0,5.0,1.0,5.0,6.0,13.0,15.0,0.0,2.0,0.0,0.0
19/01/2019,Bournemouth,West Ham,2.0,0.0,H,10.0,9.0,4.0,1.0,2.0,3.0,6.0,10.0,0.0,1.0,0.0,0.0
19/01/2019,Liverpool,Crystal Palace,4.0,3.0,H,19.0,9.0,9.0,3.0,8.0,3.0,6.0,8.0,0.0,1.0,1.0,0.0
19/01/2019,Man United,Brighton,2.0,1.0,H,20.0,7.0,5.0,3.0,6.0,5.0,11.0,11.0,1.0,0.0,0.0,0.0
19/01/2019,Newcastle,Cardiff,3.0,0.0,H,16.0,9.0,6.0,1.0,7.0,10.0,11.0,6.0,0.0,1.0,0.0,0.0
19/01/2019,Southampton,Everton,2.0,1.0,H,11.0,7.0,4.0,2.0,7.0,6.0,12.0,11.0,2.0,1.0,0.0,0.0
19/01/2019,Watford,Burnley,0.0,0.0,D,9.0,11.0,4.0,3.0,1.0,7.0,14.0,9.0,1.0,2.0,0.0,0.0
19/01/2019,Wolves,Leicester,4.0,3.0,H,12.0,16.0,7.0,6.0,5.0,9.0,11.0,10.0,3.0,3.0,0.0,0.0
20/01/2019,Fulham,Tottenham,1.0,2.0,A,12.0,14.0,4.0,5.0,7.0,10.0,10.0,8.0,2.0,3.0,0.0,0.0
20/01/2019,Huddersfield,Man City,0.0,3.0,A,5.0,12.0,2.0,4.0,1.0,4.0,10.0,9.0,2.0,2.0,0.0,0.0
29/01/2019,Arsenal,Cardiff,2.0,1.0,H,15.0,19.0,4.0,2.0,4.0,7.0,14.0,12.0,3.0,3.0,0.0,0.0
29/01/2019,Fulham,Brighton,4.0,2.0,H,24.0,15.0,7.0,6.0,10.0,1.0,10.0,5.0,2.0,3.0,0.0,0.0
29/01/2019,Huddersfield,Everton,0.0,1.0,A,10.0,10.0,2.0,5.0,3.0,4.0,13.0,10.0,1.0,4.0,0.0,1.0
29/01/2019,Man United,Burnley,2.0,2.0,D,28.0,6.0,9.0,4.0,11.0,3.0,10.0,9.0,1.0,3.0,0.0,0.0
29/01/2019,Newcastle,Man City,2.0,1.0,H,6.0,12.0,2.0,4.0,1.0,8.0,9.0,7.0,2.0,3.0,0.0,0.0
29/01/2019,Wolves,West Ham,3.0,0.0,H,20.0,4.0,9.0,0.0,5.0,1.0,8.0,10.0,4.0,1.0,0.0,0.0
30/01/2019,Bournemouth,Chelsea,4.0,0.0,H,12.0,11.0,7.0,7.0,3.0,7.0,8.0,6.0,1.0,0.0,0.0,0.0
30/01/2019,Liverpool,Leicester,1.0,1.0,D,10.0,5.0,3.0,2.0,7.0,1.0,13.0,6.0,1.0,3.0,0.0,0.0
30/01/2019,Southampton,Crystal Palace,1.0,1.0,D,13.0,15.0,4.0,3.0,3.0,8.0,11.0,8.0,2.0,2.0,0.0,1.0
30/01/2019,Tottenham,Watford,2.0,1.0,H,17.0,9.0,3.0,1.0,9.0,5.0,6.0,9.0,0.0,4.0,0.0,0.0
02/02/2019,Brighton,Watford,0.0,0.0,D,21.0,5.0,4.0,0.0,7.0,0.0,15.0,10.0,1.0,0.0,0.0,0.0
02/02/2019,Burnley,Southampton,1.0,1.0,D,15.0,10.0,6.0,4.0,4.0,2.0,10.0,9.0,3.0,1.0,0.0,0.0
02/02/2019,Cardiff,Bournemouth,2.0,0.0,H,12.0,9.0,5.0,2.0,6.0,7.0,17.0,14.0,1.0,2.0,0.0,0.0
02/02/2019,Chelsea,Huddersfield,5.0,0.0,H,23.0,5.0,7.0,2.0,11.0,2.0,8.0,5.0,0.0,0.0,0.0,0.0
02/02/2019,Crystal Palace,Fulham,2.0,0.0,H,17.0,8.0,6.0,0.0,11.0,1.0,9.0,12.0,2.0,3.0,0.0,0.0
02/02/2019,Everton,Wolves,1.0,3.0,A,13.0,8.0,4.0,4.0,3.0,1.0,12.0,14.0,3.0,1.0,0.0,0.0
02/02/2019,Tottenham,Newcastle,1.0,0.0,H,21.0,8.0,4.0,2.0,6.0,3.0,6.0,6.0,0.0,1.0,0.0,0.0
03/02/2019,Leicester,Man United,0.0,1.0,A,17.0,10.0,6.0,6.0,7.0,2.0,14.0,9.0,4.0,4.0,0.0,0.0
03/02/2019,Man City,Arsenal,3.0,1.0,H,19.0,4.0,12.0,2.0,4.0,2.0,11.0,8.0,1.0,1.0,0.0,0.0
04/02/2019,West Ham,Liverpool,1.0,1.0,D,13.0,11.0,2.0,6.0,2.0,5.0,9.0,11.0,1.0,1.0,0.0,0.0
06/02/2019,Everton,Man City,0.0,2.0,A,4.0,15.0,1.0,4.0,5.0,6.0,12.0,6.0,1.0,1.0,0.0,0.0
09/02/2019,Brighton,Burnley,1.0,3.0,A,16.0,9.0,6.0,5.0,9.0,3.0,8.0,7.0,1.0,1.0,0.0,0.0
09/02/2019,Crystal Palace,West Ham,1.0,1.0,D,25.0,6.0,5.0,4.0,10.0,4.0,12.0,9.0,3.0,0.0,0.0,0.0
09/02/2019,Fulham,Man United,0.0,3.0,A,15.0,15.0,3.0,7.0,5.0,4.0,14.0,9.0,3.0,2.0,0.0,0.0
09/02/2019,Huddersfield,Arsenal,1.0,2.0,A,15.0,9.0,6.0,4.0,5.0,0.0,17.0,12.0,3.0,2.0,0.0,0.0
09/02/2019,Liverpool,Bournemouth,3.0,0.0,H,20.0,12.0,9.0,2.0,8.0,5.0,14.0,6.0,2.0,2.0,0.0,0.0
09/02/2019,Southampton,Cardiff,1.0,2.0,A,14.0,6.0,7.0,3.0,8.0,2.0,15.0,12.0,3.0,3.0,0.0,0.0
09/02/2019,Watford,Everton,1.0,0.0,H,7.0,9.0,2.0,4.0,8.0,2.0,21.0,10.0,2.0,0.0,0.0,1.0
10/02/2019,Man City,Chelsea,6.0,0.0,H,15.0,12.0,9.0,4.0,2.0,2.0,9.0,13.0,1.0,2.0,0.0,0.0
10/02/2019,Tottenham,Leicester,3.0,1.0,H,12.0,20.0,5.0,9.0,2.0,9.0,11.0,4.0,3.0,1.0,0.0,0.0
11/02/2019,Wolves,Newcastle,1.0,1.0,D,22.0,9.0,6.0,3.0,13.0,1.0,7.0,9.0,1.0,3.0,0.0,0.0
22/02/2019,Cardiff,Watford,1.0,5.0,A,15.0,12.0,6.0,7.0,3.0,3.0,10.0,11.0,1.0,2.0,0.0,0.0
22/02/2019,West Ham,Fulham,3.0,1.0,H,21.0,8.0,7.0,5.0,12.0,0.0,11.0,11.0,1.0,1.0,0.0,0.0
23/02/2019,Bournemouth,Wolves,1.0,1.0,D,10.0,10.0,3.0,2.0,9.0,8.0,10.0,15.0,4.0,5.0,0.0,0.0
23/02/2019,Burnley,Tottenham,2.0,1.0,H,10.0,17.0,4.0,6.0,7.0,6.0,9.0,12.0,1.0,3.0,0.0,0.0
23/02/2019,Leicester,Crystal Palace,1.0,4.0,A,27.0,7.0,5.0,5.0,8.0,3.0,7.0,14.0,2.0,1.0,0.0,0.0
23/02/2019,Newcastle,Huddersfield,2.0,0.0,H,29.0,3.0,12.0,1.0,12.0,0.0,11.0,7.0,2.0,0.0,0.0,1.0
24/02/2019,Arsenal,Southampton,2.0,0.0,H,12.0,10.0,4.0,4.0,6.0,4.0,7.0,14.0,0.0,0.0,0.0,0.0
24/02/2019,Man United,Liverpool,0.0,0.0,D,6.0,7.0,3.0,1.0,3.0,7.0,15.0,17.0,1.0,3.0,0.0,0.0
26/02/2019,Cardiff,Everton,0.0,3.0,A,6.0,12.0,0.0,4.0,3.0,4.0,12.0,12.0,3.0,1.0,0.0,0.0
26/02/2019,Huddersfield,Wolves,1.0,0.0,H,15.0,7.0,3.0,0.0,3.0,5.0,10.0,10.0,2.0,2.0,0.0,0.0
26/02/2019,Leicester,Brighton,2.0,1.0,H,19.0,15.0,3.0,3.0,4.0,8.0,6.0,4.0,1.0,1.0,0.0,0.0
26/02/2019,Newcastle,Burnley,2.0,0.0,H,12.0,12.0,3.0,2.0,4.0,7.0,8.0,8.0,1.0,3.0,0.0,0.0
27/02/2019,Arsenal,Bournemouth,5.0,1.0,H,16.0,13.0,6.0,5.0,9.0,4.0,11.0,9.0,2.0,2.0,0.0,0.0
27/02/2019,Chelsea,Tottenham,2.0,0.0,H,11.0,9.0,1.0,0.0,2.0,2.0,7.0,14.0,1.0,1.0,0.0,0.0
27/02/2019,Crystal Palace,Man United,1.0,3.0,A,17.0,13.0,2.0,4.0,5.0,6.0,8.0,9.0,2.0,3.0,0.0,0.0
27/02/2019,Liverpool,Watford,5.0,0.0,H,19.0,5.0,10.0,3.0,6.0,4.0,5.0,7.0,0.0,2.0,0.0,0.0
27/02/2019,Man City,West Ham,1.0,0.0,H,20.0,2.0,7.0,1.0,12.0,2.0,2.0,6.0,0.0,2.0,0.0,0.0
27/02/2019,Southampton,Fulham,2.0,0.0,H,14.0,14.0,4.0,4.0,7.0,4.0,15.0,13.0,0.0,1.0,0.0,0.0
02/03/2019,Bournemouth,Man City,0.0,1.0,A,0.0,23.0,0.0,7.0,0.0,14.0,7.0,7.0,1.0,2.0,0.0,0.0
02/03/2019,Brighton,Huddersfield,1.0,0.0,H,13.0,6.0,4.0,4.0,6.0,3.0,11.0,6.0,2.0,2.0,0.0,0.0
02/03/2019,Burnley,Crystal Palace,1.0,3.0,A,18.0,10.0,4.0,4.0,8.0,5.0,9.0,9.0,1.0,2.0,0.0,0.0
02/03/2019,Man United,Southampton,3.0,2.0,H,16.0,6.0,6.0,3.0,9.0,7.0,7.0,10.0,2.0,1.0,0.0,0.0
02/03/2019,Tottenham,Arsenal,1.0,1.0,D,10.0,9.0,3.0,4.0,3.0,4.0,15.0,14.0,3.0,2.0,0.0,1.0
02/03/2019,West Ham,Newcastle,2.0,0.0,H,10.0,17.0,4.0,2.0,1.0,6.0,8.0,14.0,3.0,4.0,0.0,0.0
02/03/2019,Wolves,Cardiff,2.0,0.0,H,13.0,12.0,6.0,4.0,7.0,8.0,11.0,6.0,1.0,2.0,0.0,0.0
03/03/2019,Everton,Liverpool,0.0,0.0,D,7.0,10.0,3.0,3.0,3.0,7.0,12.0,10.0,1.0,2.0,0.0,0.0
03/03/2019,Fulham,Chelsea,1.0,2.0,A,12.0,20.0,5.0,7.0,5.0,4.0,11.0,10.0,2.0,1.0,0.0,0.0
03/03/2019,Watford,Leicester,2.0,1.0,H,6.0,14.0,5.0,2.0,1.0,5.0,15.0,12.0,5.0,1.0,0.0,0.0
09/03/2019,Cardiff,West Ham,2.0,0.0,H,16.0,9.0,7.0,2.0,7.0,5.0,7.0,12.0,2.0,1.0,0.0,0.0
09/03/2019,Crystal Palace,Brighton,1.0,2.0,A,15.0,4.0,3.0,3.0,8.0,0.0,8.0,18.0,1.0,5.0,0.0,0.0
09/03/2019,Huddersfield,Bournemouth,0.0,2.0,A,8.0,8.0,1.0,5.0,6.0,5.0,14.0,9.0,3.0,1.0,0.0,0.0
09/03/2019,Leicester,Fulham,3.0,1.0,H,18.0,6.0,8.0,3.0,6.0,5.0,9.0,13.0,0.0,2.0,0.0,0.0
09/03/2019,Man City,Watford,3.0,1.0,H,19.0,2.0,9.0,1.0,9.0,1.0,11.0,7.0,1.0,1.0,0.0,0.0
09/03/2019,Newcastle,Everton,3.0,2.0,H,19.0,7.0,7.0,3.0,8.0,2.0,13.0,10.0,3.0,1.0,0.0,0.0
09/03/2019,Southampton,Tottenham,2.0,1.0,H,12.0,16.0,4.0,5.0,1.0,10.0,16.0,9.0,4.0,2.0,0.0,0.0
10/03/2019,Arsenal,Man United,2.0,0.0,H,14.0,14.0,3.0,4.0,5.0,2.0,12.0,18.0,2.0,2.0,0.0,0.0
10/03/2019,Chelsea,Wolves,1.0,1.0,D,22.0,2.0,6.0,1.0,13.0,0.0,8.0,14.0,1.0,4.0,0.0,0.0
10/03/2019,Liverpool,Burnley,4.0,2.0,H,23.0,3.0,5.0,2.0,7.0,3.0,4.0,7.0,2.0,0.0,0.0,0.0
16/03/2019,Bournemouth,Newcastle,2.0,2.0,D,10.0,12.0,3.0,4.0,6.0,6.0,9.0,12.0,3.0,2.0,0.0,0.0
16/03/2019,Burnley,Leicester,1.0,2.0,A,13.0,9.0,2.0,4.0,9.0,3.0,9.0,10.0,1.0,1.0,0.0,1.0
16/03/2019,West Ham,Huddersfield,4.0,3.0,H,16.0,15.0,5.0,5.0,5.0,8.0,7.0,15.0,0.0,2.0,0.0,0.0
17/03/2019,Everton,Chelsea,2.0,0.0,H,15.0,16.0,8.0,5.0,3.0,4.0,17.0,9.0,1.0,2.0,0.0,0.0
17/03/2019,Fulham,Liverpool,1.0,2.0,A,7.0,16.0,2.0,6.0,1.0,10.0,11.0,7.0,2.0,1.0,0.0,0.0
30/03/2019,Brighton,Southampton,0.0,1.0,A,14.0,8.0,1.0,2.0,6.0,5.0,8.0,10.0,1.0,2.0,0.0,0.0
30/03/2019,Burnley,Wolves,2.0,0.0,H,5.0,8.0,1.0,1.0,1.0,5.0,12.0,10.0,1.0,1.0,0.0,0.0
30/03/2019,Crystal Palace,Huddersfield,2.0,0.0,H,19.0,15.0,5.0,5.0,5.0,5.0,10.0,7.0,0.0,0.0,0.0,0.0
30/03/2019,Fulham,Man City,0.0,2.0,A,5.0,24.0,0.0,7.0,0.0,11.0,4.0,12.0,2.0,0.0,0.0,0.0
30/03/2019,Leicester,Bournemouth,2.0,0.0,H,18.0,8.0,4.0,2.0,6.0,1.0,6.0,12.0,0.0,2.0,0.0,0.0
30/03/2019,Man United,Watford,2.0,1.0,H,8.0,20.0,5.0,8.0,3.0,5.0,14.0,9.0,1.0,2.0,0.0,0.0
30/03/2019,West Ham,Everton,0.0,2.0,A,3.0,17.0,1.0,9.0,4.0,9.0,7.0,14.0,1.0,1.0,0.0,0.0
31/03/2019,Cardiff,Chelsea,1.0,2.0,A,8.0,21.0,3.0,3.0,2.0,7.0,8.0,14.0,2.0,3.0,0.0,0.0
31/03/2019,Liverpool,Tottenham,2.0,1.0,H,14.0,11.0,3.0,2.0,10.0,3.0,5.0,8.0,0.0,1.0,0.0,0.0
01/04/2019,Arsenal,Newcastle,2.0,0.0,H,7.0,3.0,4.0,1.0,6.0,2.0,11.0,10.0,2.0,0.0,0.0,0.0
02/04/2019,Watford,Fulham,4.0,1.0,H,15.0,17.0,7.0,7.0,6.0,4.0,12.0,5.0,3.0,2.0,0.0,0.0
02/04/2019,Wolves,Man United,2.0,1.0,H,9.0,18.0,2.0,4.0,3.0,5.0,5.0,11.0,1.0,2.0,0.0,1.0
03/04/2019,Chelsea,Brighton,3.0,0.0,H,17.0,3.0,4.0,1.0,7.0,1.0,5.0,9.0,0.0,0.0,0.0,0.0
03/04/2019,Man City,Cardiff,2.0,0.0,H,27.0,4.0,11.0,1.0,7.0,4.0,3.0,17.0,0.0,3.0,0.0,0.0
03/04/2019,Tottenham,Crystal Palace,2.0,0.0,H,26.0,5.0,10.0,1.0,8.0,2.0,8.0,5.0,1.0,0.0,0.0,0.0
05/04/2019,Southampton,Liverpool,1.0,3.0,A,11.0,17.0,1.0,5.0,7.0,5.0,8.0,7.0,2.0,4.0,0.0,0.0
06/04/2019,Bournemouth,Burnley,1.0,3.0,A,10.0,11.0,2.0,3.0,3.0,6.0,12.0,16.0,2.0,3.0,0.0,0.0
06/04/2019,Huddersfield,Leicester,1.0,4.0,A,10.0,18.0,4.0,9.0,8.0,5.0,13.0,11.0,3.0,0.0,0.0,0.0
06/04/2019,Newcastle,Crystal Palace,0.0,1.0,A,18.0,3.0,5.0,1.0,9.0,4.0,12.0,13.0,1.0,2.0,0.0,0.0
07/04/2019,Everton,Arsenal,1.0,0.0,H,23.0,7.0,6.0,2.0,9.0,6.0,8.0,9.0,1.0,4.0,0.0,0.0
08/04/2019,Chelsea,West Ham,2.0,0.0,H,16.0,9.0,7.0,2.0,7.0,4.0,8.0,7.0,2.0,1.0,0.0,0.0
12/04/2019,Leicester,Newcastle,0.0,1.0,A,12.0,11.0,5.0,5.0,2.0,3.0,6.0,10.0,2.0,3.0,0.0,0.0
13/04/2019,Brighton,Bournemouth,0.0,5.0,A,8.0,14.0,1.0,7.0,4.0,1.0,10.0,6.0,2.0,4.0,1.0,0.0
13/04/2019,Burnley,Cardiff,2.0,0.0,H,14.0,14.0,7.0,2.0,8.0,4.0,7.0,10.0,2.0,3.0,0.0,0.0
13/04/2019,Fulham,Everton,2.0,0.0,H,12.0,8.0,5.0,1.0,7.0,3.0,8.0,10.0,2.0,1.0,0.0,0.0
13/04/2019,Man United,West Ham,2.0,1.0,H,14.0,18.0,4.0,4.0,3.0,11.0,14.0,5.0,1.0,1.0,0.0,0.0
13/04/2019,Southampton,Wolves,3.0,1.0,H,13.0,17.0,6.0,2.0,4.0,9.0,13.0,8.0,1.0,3.0,0.0,0.0
13/04/2019,Tottenham,Huddersfield,4.0,0.0,H,22.0,7.0,5.0,1.0,4.0,2.0,10.0,12.0,2.0,2.0,0.0,0.0
14/04/2019,Crystal Palace,Man City,1.0,3.0,A,7.0,20.0,3.0,6.0,2.0,9.0,5.0,11.0,0.0,0.0,0.0,0.0
14/04/2019,Liverpool,Chelsea,2.0,0.0,H,15.0,6.0,7.0,3.0,9.0,2.0,5.0,9.0,0.0,1.0,0.0,0.0
15/04/2019,Watford,Arsenal,0.0,1.0,A,11.0,19.0,3.0,6.0,6.0,4.0,12.0,8.0,2.0,0.0,1.0,0.0
16/04/2019,Brighton,Cardiff,0.0,2.0,A,14.0,10.0,2.0,3.0,5.0,4.0,11.0,13.0,0.0,1.0,0.0,0.0
20/04/2019,Bournemouth,Fulham,0.0,1.0,A,15.0,17.0,5.0,5.0,3.0,7.0,11.0,18.0,1.0,3.0,0.0,0.0
20/04/2019,Huddersfield,Watford,1.0,2.0,A,13.0,11.0,3.0,6.0,2.0,2.0,15.0,9.0,2.0,2.0,0.0,0.0
20/04/2019,Man City,Tottenham,1.0,0.0,H,15.0,10.0,4.0,4.0,4.0,4.0,11.0,11.0,1.0,2.0,0.0,0.0
20/04/2019,Newcastle,Southampton,3.0,1.0,H,15.0,15.0,6.0,3.0,4.0,11.0,5.0,11.0,0.0,2.0,0.0,0.0
20/04/2019,West Ham,Leicester,2.0,2.0,D,11.0,11.0,3.0,5.0,6.0,8.0,8.0,9.0,2.0,0.0,0.0,0.0
20/04/2019,Wolves,Brighton,0.0,0.0,D,22.0,5.0,5.0,0.0,14.0,1.0,0.0,8.0,0.0,1.0,0.0,0.0
21/04/2019,Arsenal,Crystal Palace,2.0,3.0,A,12.0,16.0,5.0,7.0,8.0,3.0,15.0,12.0,4.0,1.0,0.0,0.0
21/04/2019,Cardiff,Liverpool,0.0,2.0,A,7.0,17.0,2.0,6.0,5.0,10.0,6.0,5.0,1.0,1.0,0.0,0.0
21/04/2019,Everton,Man United,4.0,0.0,H,15.0,7.0,8.0,1.0,10.0,2.0,11.0,7.0,1.0,1.0,0.0,0.0
22/04/2019,Chelsea,Burnley,2.0,2.0,D,22.0,6.0,9.0,3.0,10.0,1.0,9.0,4.0,2.0,1.0,0.0,0.0
23/04/2019,Tottenham,Brighton,1.0,0.0,H,29.0,6.0,5.0,1.0,6.0,3.0,7.0,13.0,1.0,2.0,0.0,0.0
23/04/2019,Watford,Southampton,1.0,1.0,D,15.0,8.0,4.0,4.0,3.0,4.0,10.0,14.0,5.0,2.0,0.0,0.0
24/04/2019,Man United,Man City,0.0,2.0,A,12.0,8.0,1.0,5.0,1.0,1.0,10.0,10.0,2.0,2.0,0.0,0.0
24/04/2019,Wolves,Arsenal,3.0,1.0,H,11.0,11.0,3.0,1.0,5.0,5.0,12.0,9.0,2.0,3.0,0.0,0.0
26/04/2019,Liverpool,Huddersfield,5.0,0.0,H,21.0,5.0,7.0,1.0,4.0,4.0,5.0,14.0,0.0,0.0,0.0,0.0
27/04/2019,Brighton,Newcastle,1.0,1.0,D,9.0,9.0,2.0,1.0,7.0,4.0,7.0,10.0,2.0,3.0,0.0,0.0
27/04/2019,Crystal Palace,Everton,0.0,0.0,D,8.0,22.0,0.0,3.0,5.0,10.0,9.0,15.0,2.0,0.0,0.0,0.0
27/04/2019,Fulham,Cardiff,1.0,0.0,H,8.0,13.0,2.0,8.0,10.0,3.0,10.0,8.0,0.0,0.0,0.0,0.0
27/04/2019,Southampton,Bournemouth,3.0,3.0,D,22.0,9.0,7.0,5.0,9.0,3.0,8.0,9.0,2.0,1.0,0.0,0.0
27/04/2019,Tottenham,West Ham,0.0,1.0,A,14.0,16.0,4.0,7.0,2.0,7.0,3.0,8.0,0.0,2.0,0.0,0.0
27/04/2019,Watford,Wolves,1.0,2.0,A,10.0,11.0,1.0,4.0,4.0,5.0,10.0,11.0,3.0,2.0,0.0,0.0
28/04/2019,Burnley,Man City,0.0,1.0,A,2.0,25.0,0.0,7.0,0.0,6.0,5.0,7.0,1.0,1.0,0.0,0.0
28/04/2019,Leicester,Arsenal,3.0,0.0,H,24.0,6.0,12.0,1.0,8.0,6.0,13.0,13.0,3.0,1.0,0.0,1.0
28/04/2019,Man United,Chelsea,1.0,1.0,D,7.0,16.0,5.0,3.0,6.0,6.0,9.0,14.0,3.0,2.0,0.0,0.0
03/05/2019,Everton,Burnley,2.0,0.0,H,20.0,5.0,6.0,1.0,8.0,1.0,8.0,9.0,0.0,2.0,0.0,0.0
04/05/2019,Bournemouth,Tottenham,1.0,0.0,H,20.0,11.0,6.0,5.0,10.0,6.0,11.0,12.0,1.0,5.0,0.0,2.0
04/05/2019,Cardiff,Crystal Palace,2.0,3.0,A,18.0,21.0,8.0,7.0,10.0,5.0,14.0,11.0,0.0,0.0,0.0,0.0
04/05/2019,Newcastle,Liverpool,2.0,3.0,A,14.0,11.0,7.0,4.0,2.0,3.0,10.0,4.0,1.0,1.0,0.0,0.0
04/05/2019,West Ham,Southampton,3.0,0.0,H,17.0,11.0,6.0,1.0,2.0,7.0,2.0,11.0,1.0,1.0,0.0,0.0
04/05/2019,Wolves,Fulham,1.0,0.0,H,19.0,6.0,6.0,2.0,7.0,1.0,10.0,15.0,1.0,3.0,0.0,0.0
05/05/2019,Arsenal,Brighton,1.0,1.0,D,20.0,11.0,8.0,5.0,16.0,3.0,9.0,14.0,5.0,2.0,0.0,0.0
05/05/2019,Chelsea,Watford,3.0,0.0,H,19.0,15.0,9.0,3.0,6.0,6.0,6.0,12.0,0.0,1.0,0.0,0.0
05/05/2019,Huddersfield,Man United,1.0,1.0,D,7.0,23.0,3.0,7.0,3.0,7.0,10.0,10.0,1.0,1.0,0.0,0.0
06/05/2019,Man City,Leicester,1.0,0.0,H,19.0,7.0,5.0,2.0,11.0,0.0,12.0,5.0,3.0,2.0,0.0,0.0
12/05/2019,Brighton,Man City,1.0,4.0,A,6.0,20.0,2.0,9.0,2.0,6.0,12.0,8.0,0.0,0.0,0.0,0.0
12/05/2019,Burnley,Arsenal,1.0,3.0,A,14.0,17.0,5.0,6.0,4.0,5.0,11.0,3.0,5.0,1.0,0.0,0.0
12/05/2019,Crystal Palace,Bournemouth,5.0,3.0,H,17.0,16.0,8.0,8.0,4.0,4.0,11.0,8.0,3.0,0.0,0.0,0.0
12/05/2019,Fulham,Newcastle,0.0,4.0,A,16.0,13.0,2.0,6.0,5.0,5.0,6.0,8.0,1.0,0.0,0.0,0.0
12/05/2019,Leicester,Chelsea,0.0,0.0,D,9.0,14.0,3.0,4.0,4.0,5.0,9.0,8.0,0.0,1.0,0.0,0.0
12/05/2019,Liverpool,Wolves,2.0,0.0,H,13.0,7.0,5.0,2.0,4.0,1.0,3.0,11.0,0.0,2.0,0.0,0.0
12/05/2019,Man United,Cardiff,0.0,2.0,A,26.0,13.0,10.0,4.0,11.0,2.0,9.0,6.0,3.0,3.0,0.0,0.0
12/05/2019,Southampton,Huddersfield,1.0,1.0,D,10.0,10.0,3.0,3.0,4.0,3.0,8.0,6.0,0.0,1.0,0.0,0.0
12/05/2019,Tottenham,Everton,2.0,2.0,D,11.0,17.0,3.0,9.0,7.0,4.0,10.0,13.0,0.0,2.0,0.0,0.0
12/05/2019,Watford,West Ham,1.0,4.0,A,17.0,16.0,8.0,9.0,7.0,2.0,10.0,10.0,1.0,0.0,1.0,0.0
09/08/2019,Liverpool,Norwich,4.0,1.0,H,15.0,12.0,7.0,5.0,11.0,2.0,9.0,9.0,0.0,2.0,0.0,0.0
10/08/2019,West Ham,Man City,0.0,5.0,A,5.0,14.0,3.0,9.0,1.0,1.0,6.0,13.0,2.0,2.0,0.0,0.0
10/08/2019,Bournemouth,Sheffield United,1.0,1.0,D,13.0,8.0,3.0,3.0,3.0,4.0,10.0,19.0,2.0,1.0,0.0,0.0
10/08/2019,Burnley,Southampton,3.0,0.0,H,10.0,11.0,4.0,3.0,2.0,7.0,6.0,12.0,0.0,0.0,0.0,0.0
10/08/2019,Crystal Palace,Everton,0.0,0.0,D,6.0,10.0,2.0,3.0,6.0,2.0,16.0,14.0,2.0,1.0,0.0,1.0
10/08/2019,Watford,Brighton,0.0,3.0,A,11.0,5.0,3.0,3.0,5.0,2.0,15.0,11.0,0.0,1.0,0.0,0.0
10/08/2019,Tottenham,Aston Villa,3.0,1.0,H,31.0,7.0,7.0,4.0,14.0,0.0,13.0,9.0,1.0,0.0,0.0,0.0
11/08/2019,Leicester,Wolves,0.0,0.0,D,15.0,8.0,1.0,2.0,12.0,3.0,3.0,13.0,0.0,2.0,0.0,0.0
11/08/2019,Newcastle,Arsenal,0.0,1.0,A,9.0,8.0,2.0,2.0,5.0,3.0,12.0,7.0,1.0,3.0,0.0,0.0
11/08/2019,Man United,Chelsea,4.0,0.0,H,11.0,18.0,5.0,7.0,3.0,5.0,15.0,13.0,3.0,4.0,0.0,0.0
17/08/2019,Arsenal,Burnley,2.0,1.0,H,16.0,18.0,9.0,5.0,10.0,7.0,13.0,11.0,2.0,1.0,0.0,0.0
17/08/2019,Aston Villa,Bournemouth,1.0,2.0,A,22.0,12.0,7.0,4.0,10.0,5.0,10.0,13.0,0.0,2.0,0.0,0.0
17/08/2019,Brighton,West Ham,1.0,1.0,D,16.0,8.0,4.0,3.0,8.0,6.0,11.0,10.0,0.0,2.0,0.0,0.0
17/08/2019,Everton,Watford,1.0,0.0,H,12.0,8.0,2.0,2.0,4.0,7.0,11.0,11.0,2.0,3.0,0.0,0.0
17/08/2019,Norwich,Newcastle,3.0,1.0,H,15.0,10.0,8.0,3.0,7.0,5.0,9.0,11.0,1.0,3.0,0.0,0.0
17/08/2019,Southampton,Liverpool,1.0,2.0,A,14.0,15.0,3.0,6.0,5.0,9.0,10.0,6.0,2.0,1.0,0.0,0.0
17/08/2019,Man City,Tottenham,2.0,2.0,D,30.0,3.0,10.0,2.0,13.0,2.0,14.0,4.0,1.0,0.0,0.0,0.0
18/08/2019,Sheffield United,Crystal Palace,1.0,0.0,H,15.0,6.0,3.0,4.0,8.0,4.0,16.0,11.0,3.0,1.0,0.0,0.0
18/08/2019,Chelsea,Leicester,1.0,1.0,D,14.0,12.0,5.0,3.0,4.0,5.0,9.0,14.0,1.0,0.0,0.0,0.0
19/08/2019,Wolves,Man United,1.0,1.0,D,6.0,9.0,2.0,2.0,4.0,6.0,17.0,8.0,2.0,2.0,0.0,0.0
23/08/2019,Aston Villa,Everton,2.0,0.0,H,7.0,12.0,3.0,1.0,0.0,6.0,10.0,18.0,2.0,3.0,0.0,0.0
24/08/2019,Norwich,Chelsea,2.0,3.0,A,6.0,23.0,5.0,8.0,1.0,8.0,9.0,9.0,1.0,1.0,0.0,0.0
24/08/2019,Brighton,Southampton,0.0,2.0,A,12.0,12.0,3.0,4.0,8.0,5.0,9.0,10.0,1.0,3.0,1.0,0.0
24/08/2019,Man United,Crystal Palace,1.0,2.0,A,22.0,5.0,3.0,3.0,8.0,1.0,8.0,18.0,2.0,4.0,0.0,0.0
24/08/2019,Sheffield United,Leicester,1.0,2.0,A,8.0,10.0,3.0,2.0,7.0,4.0,11.0,6.0,1.0,0.0,0.0,0.0
24/08/2019,Watford,West Ham,1.0,3.0,A,23.0,16.0,3.0,10.0,8.0,7.0,12.0,11.0,1.0,1.0,0.0,0.0
24/08/2019,Liverpool,Arsenal,3.0,1.0,H,25.0,9.0,5.0,3.0,6.0,4.0,8.0,5.0,1.0,1.0,0.0,0.0
25/08/2019,Bournemouth,Man City,1.0,3.0,A,10.0,19.0,7.0,5.0,4.0,5.0,7.0,13.0,1.0,3.0,0.0,0.0
25/08/2019,Tottenham,Newcastle,0.0,1.0,A,17.0,8.0,2.0,3.0,6.0,6.0,10.0,5.0,2.0,2.0,0.0,0.0
25/08/2019,Wolves,Burnley,1.0,1.0,D,17.0,13.0,2.0,4.0,4.0,3.0,9.0,11.0,0.0,2.0,0.0,0.0
31/08/2019,Southampton,Man United,1.0,1.0,D,10.0,21.0,2.0,8.0,2.0,3.0,17.0,7.0,1.0,2.0,1.0,0.0
31/08/2019,Chelsea,Sheffield United,2.0,2.0,D,13.0,8.0,5.0,2.0,3.0,4.0,6.0,11.0,0.0,1.0,0.0,0.0
31/08/2019,Crystal Palace,Aston Villa,1.0,0.0,H,22.0,10.0,5.0,2.0,13.0,2.0,15.0,16.0,2.0,4.0,0.0,1.0
31/08/2019,Leicester,Bournemouth,3.0,1.0,H,13.0,8.0,5.0,2.0,4.0,5.0,9.0,11.0,1.0,3.0,0.0,0.0
31/08/2019,Man City,Brighton,4.0,0.0,H,15.0,6.0,6.0,2.0,8.0,1.0,10.0,6.0,1.0,1.0,0.0,0.0
31/08/2019,Newcastle,Watford,1.0,1.0,D,13.0,13.0,5.0,3.0,6.0,5.0,5.0,11.0,2.0,3.0,0.0,0.0
31/08/2019,West Ham,Norwich,2.0,0.0,H,18.0,8.0,8.0,3.0,8.0,2.0,16.0,10.0,2.0,1.0,0.0,0.0
31/08/2019,Burnley,Liverpool,0.0,3.0,A,7.0,15.0,2.0,7.0,6.0,4.0,10.0,16.0,0.0,0.0,0.0,0.0
01/09/2019,Everton,Wolves,3.0,2.0,H,15.0,8.0,6.0,5.0,7.0,7.0,12.0,12.0,1.0,4.0,0.0,1.0
01/09/2019,Arsenal,Tottenham,2.0,2.0,D,26.0,13.0,8.0,9.0,11.0,6.0,13.0,19.0,3.0,5.0,0.0,0.0
14/09/2019,Liverpool,Newcastle,3.0,1.0,H,21.0,8.0,9.0,1.0,10.0,1.0,5.0,4.0,0.0,0.0,0.0,0.0
14/09/2019,Brighton,Burnley,1.0,1.0,D,14.0,7.0,5.0,1.0,3.0,6.0,13.0,7.0,0.0,2.0,0.0,0.0
14/09/2019,Man United,Leicester,1.0,0.0,H,10.0,9.0,5.0,3.0,3.0,9.0,14.0,14.0,1.0,2.0,0.0,0.0
14/09/2019,Sheffield United,Southampton,0.0,1.0,A,17.0,11.0,4.0,7.0,12.0,6.0,10.0,7.0,1.0,1.0,1.0,0.0
14/09/2019,Tottenham,Crystal Palace,4.0,0.0,H,13.0,11.0,5.0,6.0,4.0,3.0,19.0,11.0,4.0,2.0,0.0,0.0
14/09/2019,Wolves,Chelsea,2.0,5.0,A,11.0,15.0,4.0,6.0,7.0,5.0,8.0,11.0,1.0,2.0,0.0,0.0
14/09/2019,Norwich,Man City,3.0,2.0,H,7.0,25.0,3.0,8.0,3.0,16.0,8.0,7.0,3.0,1.0,0.0,0.0
15/09/2019,Bournemouth,Everton,3.0,1.0,H,13.0,14.0,6.0,5.0,7.0,7.0,5.0,14.0,0.0,4.0,0.0,0.0
15/09/2019,Watford,Arsenal,2.0,2.0,D,31.0,10.0,7.0,4.0,7.0,1.0,14.0,4.0,3.0,3.0,0.0,0.0
16/09/2019,Aston Villa,West Ham,0.0,0.0,D,10.0,13.0,5.0,1.0,2.0,4.0,13.0,12.0,2.0,1.0,0.0,1.0
20/09/2019,Southampton,Bournemouth,1.0,3.0,A,25.0,6.0,6.0,3.0,4.0,5.0,8.0,9.0,1.0,3.0,0.0,0.0
21/09/2019,Leicester,Tottenham,2.0,1.0,H,16.0,11.0,7.0,4.0,8.0,2.0,16.0,13.0,1.0,2.0,0.0,0.0
21/09/2019,Burnley,Norwich,2.0,0.0,H,13.0,11.0,6.0,2.0,7.0,3.0,11.0,10.0,0.0,1.0,0.0,0.0
21/09/2019,Everton,Sheffield United,0.0,2.0,A,16.0,2.0,3.0,1.0,12.0,3.0,9.0,9.0,1.0,3.0,0.0,0.0
21/09/2019,Man City,Watford,8.0,0.0,H,28.0,5.0,11.0,4.0,5.0,4.0,5.0,9.0,2.0,2.0,0.0,0.0
21/09/2019,Newcastle,Brighton,0.0,0.0,D,11.0,16.0,4.0,3.0,5.0,3.0,12.0,8.0,2.0,1.0,0.0,0.0
22/09/2019,Crystal Palace,Wolves,1.0,1.0,D,13.0,14.0,4.0,4.0,6.0,7.0,7.0,10.0,2.0,1.0,0.0,1.0
22/09/2019,West Ham,Man United,2.0,0.0,H,8.0,9.0,6.0,3.0,3.0,7.0,8.0,9.0,2.0,2.0,0.0,0.0
22/09/2019,Arsenal,Aston Villa,3.0,2.0,H,21.0,14.0,6.0,9.0,9.0,4.0,13.0,15.0,5.0,1.0,1.0,0.0
22/09/2019,Chelsea,Liverpool,1.0,2.0,A,13.0,6.0,2.0,3.0,6.0,4.0,8.0,13.0,3.0,3.0,0.0,0.0
28/09/2019,Sheffield United,Liverpool,0.0,1.0,A,12.0,16.0,2.0,4.0,6.0,5.0,8.0,4.0,1.0,1.0,0.0,0.0
28/09/2019,Aston Villa,Burnley,2.0,2.0,D,16.0,10.0,3.0,3.0,7.0,3.0,10.0,16.0,1.0,4.0,0.0,0.0
28/09/2019,Bournemouth,West Ham,2.0,2.0,D,13.0,17.0,5.0,6.0,6.0,6.0,7.0,8.0,3.0,1.0,0.0,0.0
28/09/2019,Chelsea,Brighton,2.0,0.0,H,24.0,8.0,10.0,1.0,5.0,2.0,5.0,13.0,2.0,3.0,0.0,0.0
28/09/2019,Crystal Palace,Norwich,2.0,0.0,H,15.0,10.0,3.0,3.0,5.0,5.0,14.0,10.0,3.0,1.0,0.0,0.0
28/09/2019,Tottenham,Southampton,2.0,1.0,H,9.0,14.0,4.0,6.0,6.0,6.0,5.0,16.0,0.0,2.0,1.0,0.0
28/09/2019,Wolves,Watford,2.0,0.0,H,6.0,14.0,2.0,5.0,1.0,6.0,5.0,6.0,0.0,1.0,0.0,0.0
28/09/2019,Everton,Man City,1.0,3.0,A,12.0,20.0,8.0,9.0,5.0,2.0,4.0,8.0,2.0,2.0,0.0,0.0
29/09/2019,Leicester,Newcastle,5.0,0.0,H,13.0,3.0,5.0,0.0,9.0,0.0,12.0,9.0,1.0,1.0,0.0,1.0
30/09/2019,Man United,Arsenal,1.0,1.0,D,16.0,10.0,4.0,5.0,8.0,7.0,18.0,13.0,4.0,2.0,0.0,0.0
05/10/2019,Brighton,Tottenham,3.0,0.0,H,17.0,8.0,6.0,3.0,4.0,4.0,11.0,7.0,2.0,1.0,0.0,0.0
05/10/2019,Burnley,Everton,1.0,0.0,H,9.0,11.0,3.0,2.0,7.0,9.0,5.0,12.0,2.0,1.0,0.0,1.0
05/10/2019,Liverpool,Leicester,2.0,1.0,H,18.0,2.0,8.0,1.0,4.0,6.0,9.0,17.0,1.0,4.0,0.0,0.0
05/10/2019,Norwich,Aston Villa,1.0,5.0,A,21.0,22.0,5.0,12.0,10.0,6.0,14.0,17.0,1.0,3.0,0.0,0.0
05/10/2019,Watford,Sheffield United,0.0,0.0,D,8.0,9.0,2.0,3.0,7.0,7.0,7.0,6.0,0.0,2.0,0.0,0.0
05/10/2019,West Ham,Crystal Palace,1.0,2.0,A,9.0,7.0,4.0,4.0,2.0,2.0,11.0,7.0,3.0,2.0,0.0,0.0
06/10/2019,Arsenal,Bournemouth,1.0,0.0,H,12.0,10.0,2.0,2.0,14.0,5.0,12.0,6.0,1.0,2.0,0.0,0.0
06/10/2019,Man City,Wolves,0.0,2.0,A,18.0,7.0,2.0,2.0,9.0,1.0,11.0,14.0,5.0,2.0,0.0,0.0
06/10/2019,Southampton,Chelsea,1.0,4.0,A,10.0,13.0,3.0,7.0,3.0,4.0,8.0,15.0,0.0,1.0,0.0,0.0
06/10/2019,Newcastle,Man United,1.0,0.0,H,12.0,12.0,2.0,3.0,4.0,6.0,12.0,10.0,3.0,3.0,0.0,0.0
19/10/2019,Everton,West Ham,2.0,0.0,H,19.0,8.0,10.0,4.0,11.0,2.0,15.0,15.0,2.0,2.0,0.0,0.0
19/10/2019,Aston Villa,Brighton,2.0,1.0,H,24.0,20.0,8.0,5.0,7.0,5.0,9.0,17.0,1.0,2.0,0.0,1.0
19/10/2019,Bournemouth,Norwich,0.0,0.0,D,11.0,10.0,2.0,1.0,6.0,7.0,8.0,11.0,1.0,3.0,0.0,0.0
19/10/2019,Chelsea,Newcastle,1.0,0.0,H,16.0,5.0,8.0,0.0,11.0,0.0,9.0,12.0,2.0,1.0,0.0,0.0
19/10/2019,Leicester,Burnley,2.0,1.0,H,19.0,13.0,3.0,4.0,9.0,4.0,4.0,10.0,0.0,3.0,0.0,0.0
19/10/2019,Tottenham,Watford,1.0,1.0,D,12.0,7.0,2.0,2.0,11.0,2.0,5.0,9.0,4.0,3.0,0.0,0.0
19/10/2019,Wolves,Southampton,1.0,1.0,D,4.0,14.0,1.0,5.0,1.0,3.0,10.0,17.0,3.0,2.0,0.0,0.0
19/10/2019,Crystal Palace,Man City,0.0,2.0,A,7.0,21.0,2.0,10.0,1.0,8.0,8.0,10.0,1.0,1.0,0.0,0.0
20/10/2019,Man United,Liverpool,1.0,1.0,D,7.0,10.0,2.0,4.0,3.0,1.0,6.0,14.0,0.0,1.0,0.0,0.0
21/10/2019,Sheffield United,Arsenal,1.0,0.0,H,8.0,9.0,2.0,3.0,7.0,12.0,10.0,12.0,4.0,4.0,0.0,0.0
25/10/2019,Southampton,Leicester,0.0,9.0,A,6.0,25.0,3.0,15.0,2.0,7.0,3.0,12.0,0.0,0.0,1.0,0.0
26/10/2019,Man City,Aston Villa,3.0,0.0,H,25.0,11.0,9.0,5.0,13.0,7.0,10.0,5.0,1.0,1.0,1.0,0.0
26/10/2019,Brighton,Everton,3.0,2.0,H,8.0,10.0,4.0,6.0,0.0,5.0,12.0,12.0,2.0,1.0,0.0,0.0
26/10/2019,Watford,Bournemouth,0.0,0.0,D,7.0,15.0,3.0,5.0,5.0,10.0,14.0,8.0,5.0,3.0,0.0,0.0
26/10/2019,West Ham,Sheffield United,1.0,1.0,D,12.0,10.0,4.0,4.0,10.0,4.0,7.0,10.0,2.0,2.0,0.0,0.0
26/10/2019,Burnley,Chelsea,2.0,4.0,A,13.0,16.0,5.0,7.0,5.0,6.0,7.0,8.0,3.0,2.0,0.0,0.0
27/10/2019,Newcastle,Wolves,1.0,1.0,D,13.0,13.0,2.0,5.0,3.0,6.0,8.0,15.0,2.0,2.0,1.0,0.0
27/10/2019,Arsenal,Crystal Palace,2.0,2.0,D,15.0,10.0,6.0,4.0,12.0,5.0,18.0,9.0,2.0,0.0,0.0,0.0
27/10/2019,Liverpool,Tottenham,2.0,1.0,H,21.0,11.0,13.0,4.0,8.0,3.0,9.0,11.0,3.0,3.0,0.0,0.0
27/10/2019,Norwich,Man United,1.0,3.0,A,10.0,21.0,3.0,11.0,1.0,10.0,13.0,10.0,2.0,2.0,0.0,0.0
02/11/2019,Bournemouth,Man United,1.0,0.0,H,12.0,15.0,6.0,4.0,4.0,10.0,14.0,12.0,4.0,3.0,0.0,0.0
02/11/2019,Arsenal,Wolves,1.0,1.0,D,10.0,25.0,4.0,8.0,8.0,9.0,6.0,15.0,0.0,2.0,0.0,0.0
02/11/2019,Aston Villa,Liverpool,1.0,2.0,A,5.0,25.0,2.0,6.0,2.0,10.0,12.0,9.0,1.0,2.0,0.0,0.0
02/11/2019,Brighton,Norwich,2.0,0.0,H,21.0,7.0,5.0,0.0,8.0,3.0,11.0,8.0,0.0,1.0,0.0,0.0
02/11/2019,Man City,Southampton,2.0,1.0,H,26.0,3.0,4.0,3.0,17.0,0.0,11.0,10.0,3.0,1.0,0.0,0.0
02/11/2019,Sheffield United,Burnley,3.0,0.0,H,13.0,6.0,6.0,0.0,7.0,6.0,8.0,12.0,1.0,2.0,0.0,0.0
02/11/2019,West Ham,Newcastle,2.0,3.0,A,16.0,12.0,6.0,9.0,7.0,3.0,10.0,7.0,2.0,1.0,0.0,0.0
02/11/2019,Watford,Chelsea,1.0,2.0,A,12.0,16.0,3.0,10.0,1.0,6.0,8.0,5.0,4.0,2.0,0.0,0.0
03/11/2019,Crystal Palace,Leicester,0.0,2.0,A,12.0,14.0,3.0,5.0,5.0,6.0,15.0,16.0,2.0,2.0,0.0,0.0
03/11/2019,Everton,Tottenham,1.0,1.0,D,7.0,4.0,3.0,2.0,5.0,2.0,9.0,8.0,1.0,2.0,0.0,1.0
08/11/2019,Norwich,Watford,0.0,2.0,A,17.0,12.0,5.0,2.0,10.0,4.0,7.0,13.0,1.0,2.0,0.0,1.0
09/11/2019,Chelsea,Crystal Palace,2.0,0.0,H,23.0,3.0,5.0,1.0,7.0,0.0,9.0,17.0,3.0,2.0,0.0,0.0
09/11/2019,Burnley,West Ham,3.0,0.0,H,14.0,7.0,12.0,4.0,11.0,4.0,17.0,10.0,2.0,1.0,0.0,0.0
09/11/2019,Newcastle,Bournemouth,2.0,1.0,H,20.0,16.0,9.0,3.0,5.0,4.0,10.0,5.0,2.0,0.0,0.0,0.0
09/11/2019,Southampton,Everton,1.0,2.0,A,4.0,24.0,3.0,5.0,5.0,9.0,12.0,12.0,1.0,1.0,0.0,0.0
09/11/2019,Tottenham,Sheffield United,1.0,1.0,D,17.0,14.0,5.0,4.0,4.0,4.0,6.0,9.0,2.0,2.0,0.0,0.0
09/11/2019,Leicester,Arsenal,2.0,0.0,H,19.0,8.0,7.0,1.0,5.0,4.0,10.0,10.0,1.0,1.0,0.0,0.0
10/11/2019,Man United,Brighton,3.0,1.0,H,21.0,6.0,11.0,2.0,5.0,2.0,10.0,14.0,2.0,5.0,0.0,0.0
10/11/2019,Wolves,Aston Villa,2.0,1.0,H,17.0,13.0,5.0,4.0,6.0,3.0,17.0,8.0,4.0,3.0,0.0,0.0
10/11/2019,Liverpool,Man City,3.0,1.0,H,12.0,18.0,5.0,3.0,4.0,13.0,10.0,5.0,0.0,2.0,0.0,0.0
23/11/2019,West Ham,Tottenham,2.0,3.0,A,11.0,15.0,4.0,6.0,3.0,7.0,12.0,14.0,3.0,2.0,0.0,0.0
23/11/2019,Arsenal,Southampton,2.0,2.0,D,12.0,21.0,5.0,6.0,6.0,8.0,13.0,19.0,6.0,2.0,0.0,0.0
23/11/2019,Bournemouth,Wolves,1.0,2.0,A,9.0,17.0,2.0,7.0,5.0,9.0,10.0,12.0,2.0,1.0,1.0,0.0
23/11/2019,Brighton,Leicester,0.0,2.0,A,7.0,19.0,0.0,9.0,6.0,7.0,9.0,1.0,2.0,0.0,0.0,0.0
23/11/2019,Crystal Palace,Liverpool,1.0,2.0,A,16.0,12.0,6.0,4.0,9.0,8.0,8.0,7.0,0.0,1.0,0.0,0.0
23/11/2019,Everton,Norwich,0.0,2.0,A,18.0,13.0,7.0,5.0,7.0,7.0,12.0,11.0,3.0,5.0,0.0,0.0
23/11/2019,Watford,Burnley,0.0,3.0,A,15.0,11.0,4.0,5.0,7.0,5.0,14.0,13.0,0.0,3.0,0.0,0.0
23/11/2019,Man City,Chelsea,2.0,1.0,H,15.0,11.0,4.0,2.0,8.0,2.0,5.0,9.0,1.0,1.0,0.0,0.0
24/11/2019,Sheffield United,Man United,3.0,3.0,D,12.0,11.0,8.0,5.0,6.0,3.0,13.0,10.0,1.0,2.0,0.0,0.0
25/11/2019,Aston Villa,Newcastle,2.0,0.0,H,17.0,11.0,8.0,5.0,11.0,6.0,10.0,9.0,1.0,1.0,0.0,0.0
30/11/2019,Newcastle,Man City,2.0,2.0,D,6.0,24.0,3.0,9.0,1.0,10.0,4.0,6.0,1.0,2.0,0.0,0.0
30/11/2019,Burnley,Crystal Palace,0.0,2.0,A,15.0,7.0,4.0,2.0,5.0,6.0,13.0,10.0,2.0,0.0,0.0,0.0
30/11/2019,Chelsea,West Ham,0.0,1.0,A,19.0,5.0,6.0,4.0,9.0,3.0,0.0,16.0,0.0,3.0,0.0,0.0
30/11/2019,Liverpool,Brighton,2.0,1.0,H,15.0,12.0,7.0,5.0,4.0,5.0,3.0,10.0,0.0,0.0,1.0,0.0
30/11/2019,Tottenham,Bournemouth,3.0,2.0,H,15.0,20.0,5.0,6.0,4.0,8.0,10.0,12.0,0.0,2.0,0.0,0.0
30/11/2019,Southampton,Watford,2.0,1.0,H,11.0,6.0,6.0,3.0,6.0,7.0,6.0,10.0,1.0,0.0,0.0,0.0
01/12/2019,Norwich,Arsenal,2.0,2.0,D,15.0,16.0,8.0,7.0,7.0,12.0,8.0,10.0,2.0,1.0,0.0,0.0
01/12/2019,Wolves,Sheffield United,1.0,1.0,D,13.0,9.0,3.0,4.0,7.0,2.0,12.0,18.0,1.0,4.0,0.0,0.0
01/12/2019,Leicester,Everton,2.0,1.0,H,16.0,11.0,6.0,3.0,4.0,4.0,7.0,9.0,0.0,1.0,0.0,0.0
01/12/2019,Man United,Aston Villa,2.0,2.0,D,16.0,9.0,6.0,3.0,9.0,9.0,16.0,8.0,4.0,1.0,0.0,0.0
03/12/2019,Crystal Palace,Bournemouth,1.0,0.0,H,7.0,6.0,2.0,3.0,6.0,9.0,6.0,15.0,3.0,3.0,1.0,0.0
03/12/2019,Burnley,Man City,1.0,4.0,A,4.0,17.0,2.0,8.0,3.0,6.0,9.0,6.0,1.0,1.0,0.0,0.0
04/12/2019,Chelsea,Aston Villa,2.0,1.0,H,25.0,9.0,9.0,3.0,9.0,5.0,18.0,10.0,2.0,1.0,0.0,0.0
04/12/2019,Leicester,Watford,2.0,0.0,H,12.0,4.0,6.0,1.0,7.0,2.0,13.0,16.0,3.0,2.0,0.0,0.0
04/12/2019,Man United,Tottenham,2.0,1.0,H,12.0,8.0,7.0,5.0,4.0,3.0,9.0,9.0,0.0,1.0,0.0,0.0
04/12/2019,Southampton,Norwich,2.0,1.0,H,14.0,10.0,5.0,3.0,6.0,1.0,12.0,7.0,1.0,1.0,0.0,0.0
04/12/2019,Wolves,West Ham,2.0,0.0,H,13.0,6.0,7.0,3.0,5.0,4.0,8.0,9.0,1.0,2.0,0.0,0.0
04/12/2019,Liverpool,Everton,5.0,2.0,H,11.0,12.0,5.0,4.0,5.0,6.0,13.0,17.0,1.0,2.0,0.0,0.0
05/12/2019,Sheffield United,Newcastle,0.0,2.0,A,13.0,6.0,6.0,4.0,8.0,1.0,10.0,6.0,2.0,0.0,0.0,0.0
05/12/2019,Arsenal,Brighton,1.0,2.0,A,12.0,20.0,5.0,9.0,9.0,9.0,10.0,11.0,3.0,1.0,0.0,0.0
07/12/2019,Everton,Chelsea,3.0,1.0,H,13.0,15.0,7.0,4.0,1.0,5.0,14.0,9.0,3.0,0.0,0.0,0.0
07/12/2019,Bournemouth,Liverpool,0.0,3.0,A,3.0,21.0,0.0,9.0,1.0,3.0,5.0,6.0,0.0,1.0,0.0,0.0
07/12/2019,Tottenham,Burnley,5.0,0.0,H,13.0,7.0,7.0,1.0,1.0,1.0,12.0,8.0,1.0,1.0,0.0,0.0
07/12/2019,Watford,Crystal Palace,0.0,0.0,D,13.0,3.0,3.0,0.0,6.0,2.0,15.0,16.0,4.0,2.0,0.0,0.0
07/12/2019,Man City,Man United,1.0,2.0,A,22.0,11.0,5.0,7.0,16.0,3.0,10.0,10.0,3.0,2.0,0.0,0.0
08/12/2019,Aston Villa,Leicester,1.0,4.0,A,15.0,23.0,2.0,8.0,8.0,5.0,21.0,15.0,6.0,2.0,0.0,0.0
08/12/2019,Newcastle,Southampton,2.0,1.0,H,12.0,19.0,6.0,4.0,3.0,12.0,11.0,17.0,1.0,3.0,0.0,0.0
08/12/2019,Norwich,Sheffield United,1.0,2.0,A,14.0,9.0,4.0,3.0,9.0,1.0,6.0,12.0,0.0,4.0,0.0,0.0
08/12/2019,Brighton,Wolves,2.0,2.0,D,13.0,13.0,4.0,5.0,3.0,4.0,10.0,7.0,3.0,0.0,0.0,0.0
09/12/2019,West Ham,Arsenal,1.0,3.0,A,11.0,10.0,4.0,3.0,4.0,3.0,12.0,6.0,2.0,0.0,0.0,0.0
14/12/2019,Liverpool,Watford,2.0,0.0,H,16.0,8.0,6.0,2.0,6.0,3.0,8.0,6.0,2.0,1.0,0.0,0.0
14/12/2019,Burnley,Newcastle,1.0,0.0,H,7.0,9.0,4.0,0.0,4.0,3.0,15.0,12.0,0.0,2.0,0.0,0.0
14/12/2019,Chelsea,Bournemouth,0.0,1.0,A,18.0,11.0,5.0,2.0,9.0,4.0,9.0,14.0,1.0,2.0,0.0,0.0
14/12/2019,Leicester,Norwich,1.0,1.0,D,18.0,10.0,5.0,3.0,12.0,4.0,11.0,15.0,0.0,4.0,0.0,0.0
14/12/2019,Sheffield United,Aston Villa,2.0,0.0,H,7.0,8.0,3.0,0.0,3.0,2.0,10.0,9.0,2.0,2.0,0.0,0.0
14/12/2019,Southampton,West Ham,0.0,1.0,A,11.0,11.0,2.0,4.0,5.0,8.0,9.0,14.0,1.0,3.0,0.0,0.0
15/12/2019,Man United,Everton,1.0,1.0,D,24.0,8.0,8.0,3.0,6.0,5.0,10.0,12.0,1.0,2.0,0.0,0.0
15/12/2019,Wolves,Tottenham,1.0,2.0,A,18.0,9.0,5.0,5.0,11.0,2.0,14.0,10.0,4.0,4.0,0.0,0.0
15/12/2019,Arsenal,Man City,0.0,3.0,A,6.0,14.0,1.0,7.0,3.0,3.0,9.0,24.0,1.0,4.0,0.0,0.0
16/12/2019,Crystal Palace,Brighton,1.0,1.0,D,11.0,15.0,4.0,10.0,3.0,7.0,7.0,12.0,1.0,1.0,0.0,0.0
21/12/2019,Everton,Arsenal,0.0,0.0,D,9.0,6.0,0.0,2.0,5.0,4.0,10.0,11.0,2.0,3.0,0.0,0.0
21/12/2019,Aston Villa,Southampton,1.0,3.0,A,19.0,17.0,6.0,8.0,7.0,5.0,16.0,15.0,2.0,1.0,0.0,0.0
21/12/2019,Bournemouth,Burnley,0.0,1.0,A,3.0,2.0,0.0,1.0,4.0,5.0,13.0,21.0,2.0,4.0,0.0,0.0
21/12/2019,Brighton,Sheffield United,0.0,1.0,A,9.0,7.0,2.0,2.0,4.0,3.0,6.0,11.0,1.0,3.0,0.0,0.0
21/12/2019,Newcastle,Crystal Palace,1.0,0.0,H,8.0,16.0,3.0,4.0,4.0,5.0,12.0,11.0,2.0,0.0,0.0,0.0
21/12/2019,Norwich,Wolves,1.0,2.0,A,13.0,14.0,7.0,4.0,3.0,11.0,7.0,14.0,2.0,4.0,0.0,0.0
21/12/2019,Man City,Leicester,3.0,1.0,H,23.0,5.0,12.0,2.0,6.0,1.0,14.0,9.0,2.0,2.0,0.0,0.0
22/12/2019,Watford,Man United,2.0,0.0,H,11.0,17.0,3.0,8.0,3.0,5.0,16.0,11.0,3.0,1.0,0.0,0.0
22/12/2019,Tottenham,Chelsea,0.0,2.0,A,5.0,13.0,1.0,3.0,3.0,5.0,9.0,11.0,4.0,3.0,1.0,0.0
26/12/2019,Tottenham,Brighton,2.0,1.0,H,11.0,11.0,5.0,5.0,9.0,2.0,10.0,9.0,4.0,2.0,0.0,0.0
26/12/2019,Aston Villa,Norwich,1.0,0.0,H,11.0,16.0,2.0,6.0,5.0,8.0,15.0,12.0,2.0,3.0,0.0,0.0
26/12/2019,Bournemouth,Arsenal,1.0,1.0,D,12.0,17.0,4.0,2.0,8.0,3.0,5.0,13.0,4.0,4.0,0.0,0.0
26/12/2019,Chelsea,Southampton,0.0,2.0,A,10.0,5.0,3.0,3.0,8.0,1.0,10.0,9.0,3.0,2.0,0.0,0.0
26/12/2019,Crystal Palace,West Ham,2.0,1.0,H,13.0,10.0,4.0,2.0,7.0,6.0,5.0,10.0,0.0,2.0,0.0,0.0
26/12/2019,Everton,Burnley,1.0,0.0,H,21.0,6.0,5.0,0.0,10.0,2.0,15.0,14.0,0.0,0.0,0.0,0.0
26/12/2019,Sheffield United,Watford,1.0,1.0,D,16.0,5.0,4.0,2.0,9.0,1.0,11.0,8.0,1.0,3.0,0.0,0.0
26/12/2019,Man United,Newcastle,4.0,1.0,H,22.0,7.0,10.0,2.0,5.0,0.0,10.0,7.0,2.0,2.0,0.0,0.0
26/12/2019,Leicester,Liverpool,0.0,4.0,A,3.0,15.0,0.0,6.0,2.0,8.0,5.0,7.0,1.0,1.0,0.0,0.0
27/12/2019,Wolves,Man City,3.0,2.0,H,20.0,7.0,8.0,3.0,3.0,1.0,7.0,13.0,0.0,1.0,0.0,1.0
28/12/2019,Brighton,Bournemouth,2.0,0.0,H,16.0,10.0,6.0,2.0,9.0,2.0,8.0,11.0,0.0,2.0,0.0,0.0
28/12/2019,Newcastle,Everton,1.0,2.0,A,20.0,22.0,5.0,9.0,5.0,8.0,13.0,13.0,2.0,2.0,0.0,0.0
28/12/2019,Southampton,Crystal Palace,1.0,1.0,D,14.0,5.0,5.0,2.0,12.0,4.0,13.0,7.0,1.0,2.0,0.0,0.0
28/12/2019,Watford,Aston Villa,3.0,0.0,H,20.0,11.0,6.0,2.0,6.0,3.0,16.0,9.0,3.0,1.0,1.0,0.0
28/12/2019,Norwich,Tottenham,2.0,2.0,D,5.0,15.0,2.0,7.0,4.0,6.0,12.0,10.0,3.0,3.0,0.0,0.0
28/12/2019,West Ham,Leicester,1.0,2.0,A,14.0,13.0,4.0,8.0,5.0,5.0,16.0,4.0,4.0,1.0,0.0,0.0
28/12/2019,Burnley,Man United,0.0,2.0,A,8.0,14.0,1.0,5.0,5.0,4.0,17.0,10.0,4.0,3.0,0.0,0.0
29/12/2019,Arsenal,Chelsea,1.0,2.0,A,7.0,13.0,2.0,4.0,2.0,3.0,13.0,19.0,5.0,4.0,0.0,0.0
29/12/2019,Liverpool,Wolves,1.0,0.0,H,10.0,10.0,3.0,2.0,5.0,6.0,7.0,3.0,1.0,0.0,0.0,0.0
29/12/2019,Man City,Sheffield United,2.0,0.0,H,16.0,8.0,4.0,0.0,8.0,5.0,5.0,6.0,1.0,1.0,0.0,0.0
01/01/2020,Brighton,Chelsea,1.0,1.0,D,16.0,16.0,5.0,5.0,5.0,3.0,8.0,15.0,2.0,3.0,0.0,0.0
01/01/2020,Burnley,Aston Villa,1.0,2.0,A,20.0,11.0,1.0,6.0,8.0,4.0,12.0,10.0,1.0,1.0,0.0,0.0
01/01/2020,Newcastle,Leicester,0.0,3.0,A,5.0,17.0,2.0,10.0,4.0,5.0,8.0,12.0,1.0,1.0,0.0,0.0
01/01/2020,Southampton,Tottenham,1.0,0.0,H,12.0,11.0,3.0,5.0,6.0,9.0,21.0,8.0,3.0,4.0,0.0,0.0
01/01/2020,Watford,Wolves,2.0,1.0,H,9.0,16.0,3.0,4.0,4.0,7.0,12.0,6.0,3.0,1.0,1.0,0.0
01/01/2020,Man City,Everton,2.0,1.0,H,16.0,7.0,7.0,2.0,3.0,6.0,11.0,11.0,0.0,4.0,0.0,0.0
01/01/2020,Norwich,Crystal Palace,1.0,1.0,D,15.0,12.0,4.0,3.0,2.0,5.0,12.0,9.0,5.0,0.0,0.0,0.0
01/01/2020,West Ham,Bournemouth,4.0,0.0,H,14.0,3.0,7.0,2.0,9.0,2.0,3.0,12.0,1.0,2.0,0.0,0.0
01/01/2020,Arsenal,Man United,2.0,0.0,H,10.0,10.0,4.0,4.0,1.0,4.0,11.0,15.0,2.0,0.0,0.0,0.0
02/01/2020,Liverpool,Sheffield United,2.0,0.0,H,19.0,3.0,7.0,2.0,8.0,4.0,5.0,8.0,0.0,0.0,0.0,0.0
10/01/2020,Sheffield United,West Ham,1.0,0.0,H,13.0,7.0,3.0,2.0,7.0,3.0,11.0,6.0,1.0,0.0,0.0,0.0
11/01/2020,Crystal Palace,Arsenal,1.0,1.0,D,6.0,7.0,3.0,4.0,1.0,4.0,14.0,22.0,2.0,3.0,0.0,1.0
11/01/2020,Chelsea,Burnley,3.0,0.0,H,18.0,7.0,8.0,2.0,10.0,3.0,7.0,4.0,0.0,3.0,0.0,0.0
11/01/2020,Everton,Brighton,1.0,0.0,H,14.0,9.0,6.0,2.0,4.0,3.0,7.0,7.0,2.0,1.0,0.0,0.0
11/01/2020,Leicester,Southampton,1.0,2.0,A,5.0,16.0,5.0,10.0,2.0,4.0,9.0,17.0,0.0,3.0,0.0,0.0
11/01/2020,Man United,Norwich,4.0,0.0,H,13.0,8.0,6.0,3.0,4.0,2.0,18.0,7.0,0.0,0.0,0.0,0.0
11/01/2020,Wolves,Newcastle,1.0,1.0,D,9.0,5.0,4.0,1.0,5.0,2.0,13.0,12.0,0.0,3.0,0.0,0.0
11/01/2020,Tottenham,Liverpool,0.0,1.0,A,14.0,13.0,4.0,7.0,4.0,3.0,4.0,8.0,0.0,2.0,0.0,0.0
12/01/2020,Bournemouth,Watford,0.0,3.0,A,10.0,18.0,1.0,6.0,5.0,5.0,3.0,13.0,1.0,1.0,0.0,0.0
12/01/2020,Aston Villa,Man City,1.0,6.0,A,7.0,22.0,1.0,12.0,2.0,4.0,5.0,12.0,2.0,1.0,0.0,0.0
18/01/2020,Watford,Tottenham,0.0,0.0,D,15.0,17.0,2.0,5.0,3.0,3.0,13.0,13.0,2.0,3.0,0.0,0.0
18/01/2020,Arsenal,Sheffield United,1.0,1.0,D,11.0,12.0,4.0,4.0,4.0,5.0,9.0,13.0,1.0,2.0,0.0,0.0
18/01/2020,Brighton,Aston Villa,1.0,1.0,D,10.0,8.0,2.0,3.0,3.0,4.0,11.0,13.0,3.0,3.0,0.0,0.0
18/01/2020,Man City,Crystal Palace,2.0,2.0,D,25.0,5.0,6.0,3.0,14.0,2.0,9.0,7.0,1.0,2.0,0.0,0.0
18/01/2020,Norwich,Bournemouth,1.0,0.0,H,16.0,6.0,5.0,3.0,4.0,5.0,10.0,10.0,2.0,2.0,1.0,1.0
18/01/2020,Southampton,Wolves,2.0,3.0,A,11.0,8.0,5.0,4.0,1.0,3.0,13.0,12.0,2.0,1.0,0.0,0.0
18/01/2020,West Ham,Everton,1.0,1.0,D,12.0,11.0,6.0,3.0,7.0,6.0,11.0,13.0,1.0,0.0,0.0,0.0
18/01/2020,Newcastle,Chelsea,1.0,0.0,H,7.0,19.0,2.0,4.0,1.0,10.0,9.0,14.0,1.0,1.0,0.0,0.0
19/01/2020,Burnley,Leicester,2.0,1.0,H,8.0,18.0,5.0,8.0,4.0,5.0,14.0,8.0,1.0,0.0,0.0,0.0
19/01/2020,Liverpool,Man United,2.0,0.0,H,16.0,9.0,5.0,4.0,11.0,5.0,7.0,10.0,1.0,3.0,0.0,0.0
21/01/2020,Aston Villa,Watford,2.0,1.0,H,16.0,8.0,5.0,2.0,6.0,3.0,11.0,18.0,2.0,2.0,0.0,0.0
21/01/2020,Bournemouth,Brighton,3.0,1.0,H,11.0,21.0,3.0,8.0,5.0,8.0,9.0,12.0,1.0,1.0,0.0,0.0
21/01/2020,Crystal Palace,Southampton,0.0,2.0,A,6.0,15.0,0.0,6.0,0.0,8.0,12.0,13.0,1.0,2.0,0.0,0.0
21/01/2020,Everton,Newcastle,2.0,2.0,D,17.0,8.0,8.0,2.0,6.0,4.0,13.0,10.0,1.0,1.0,0.0,0.0
21/01/2020,Sheffield United,Man City,0.0,1.0,A,4.0,18.0,1.0,5.0,5.0,13.0,13.0,13.0,4.0,3.0,0.0,0.0
21/01/2020,Chelsea,Arsenal,2.0,2.0,D,19.0,2.0,8.0,2.0,17.0,5.0,11.0,6.0,2.0,1.0,0.0,1.0
22/01/2020,Leicester,West Ham,4.0,1.0,H,19.0,6.0,8.0,2.0,7.0,8.0,10.0,19.0,1.0,1.0,0.0,0.0
22/01/2020,Tottenham,Norwich,2.0,1.0,H,14.0,12.0,3.0,2.0,7.0,3.0,12.0,7.0,0.0,1.0,0.0,0.0
22/01/2020,Man United,Burnley,0.0,2.0,A,24.0,5.0,7.0,2.0,5.0,2.0,11.0,7.0,0.0,2.0,0.0,0.0
23/01/2020,Wolves,Liverpool,1.0,2.0,A,10.0,13.0,3.0,6.0,2.0,4.0,6.0,11.0,0.0,1.0,0.0,0.0
29/01/2020,West Ham,Liverpool,0.0,2.0,A,7.0,13.0,4.0,5.0,3.0,7.0,6.0,6.0,2.0,0.0,0.0,0.0
01/02/2020,Leicester,Chelsea,2.0,2.0,D,14.0,7.0,4.0,3.0,4.0,6.0,16.0,14.0,2.0,2.0,0.0,0.0
01/02/2020,Bournemouth,Aston Villa,2.0,1.0,H,16.0,18.0,6.0,5.0,1.0,8.0,10.0,15.0,1.0,3.0,1.0,0.0
01/02/2020,Crystal Palace,Sheffield United,0.0,1.0,A,13.0,10.0,3.0,3.0,9.0,5.0,9.0,15.0,3.0,2.0,0.0,0.0
01/02/2020,Liverpool,Southampton,4.0,0.0,H,16.0,17.0,9.0,4.0,6.0,11.0,9.0,15.0,0.0,2.0,0.0,0.0
01/02/2020,Newcastle,Norwich,0.0,0.0,D,15.0,19.0,5.0,4.0,8.0,12.0,10.0,15.0,2.0,1.0,0.0,0.0
01/02/2020,Watford,Everton,2.0,3.0,A,11.0,12.0,2.0,5.0,4.0,4.0,17.0,14.0,2.0,2.0,0.0,1.0
01/02/2020,West Ham,Brighton,3.0,3.0,D,12.0,19.0,6.0,6.0,4.0,6.0,8.0,9.0,1.0,1.0,0.0,0.0
01/02/2020,Man United,Wolves,0.0,0.0,D,15.0,14.0,5.0,3.0,4.0,6.0,14.0,15.0,3.0,2.0,0.0,0.0
02/02/2020,Burnley,Arsenal,0.0,0.0,D,15.0,13.0,2.0,2.0,5.0,7.0,8.0,11.0,1.0,3.0,0.0,0.0
02/02/2020,Tottenham,Man City,2.0,0.0,H,3.0,18.0,3.0,5.0,2.0,6.0,8.0,14.0,2.0,3.0,0.0,1.0
08/02/2020,Everton,Crystal Palace,3.0,1.0,H,14.0,10.0,8.0,2.0,4.0,6.0,11.0,12.0,0.0,1.0,0.0,0.0
08/02/2020,Brighton,Watford,1.0,1.0,D,10.0,5.0,2.0,2.0,3.0,2.0,9.0,12.0,2.0,2.0,0.0,0.0
09/02/2020,Sheffield United,Bournemouth,2.0,1.0,H,16.0,10.0,6.0,2.0,8.0,4.0,10.0,8.0,2.0,2.0,0.0,0.0
14/02/2020,Wolves,Leicester,0.0,0.0,D,15.0,9.0,3.0,3.0,7.0,0.0,13.0,10.0,2.0,2.0,0.0,1.0
15/02/2020,Southampton,Burnley,1.0,2.0,A,10.0,9.0,2.0,6.0,4.0,3.0,8.0,11.0,2.0,2.0,0.0,0.0
15/02/2020,Norwich,Liverpool,0.0,1.0,A,5.0,17.0,1.0,6.0,2.0,7.0,5.0,11.0,1.0,2.0,0.0,0.0
16/02/2020,Aston Villa,Tottenham,2.0,3.0,A,18.0,23.0,4.0,10.0,12.0,7.0,12.0,10.0,2.0,0.0,0.0,0.0
16/02/2020,Arsenal,Newcastle,4.0,0.0,H,15.0,10.0,7.0,2.0,5.0,6.0,15.0,9.0,2.0,0.0,0.0,0.0
17/02/2020,Chelsea,Man United,0.0,2.0,A,17.0,9.0,1.0,3.0,9.0,8.0,11.0,11.0,4.0,3.0,0.0,0.0
19/02/2020,Man City,West Ham,2.0,0.0,H,20.0,3.0,7.0,0.0,6.0,1.0,5.0,7.0,0.0,1.0,0.0,0.0
22/02/2020,Chelsea,Tottenham,2.0,1.0,H,17.0,5.0,7.0,3.0,3.0,5.0,14.0,14.0,1.0,2.0,0.0,0.0
22/02/2020,Burnley,Bournemouth,3.0,0.0,H,16.0,12.0,10.0,4.0,7.0,3.0,9.0,9.0,4.0,3.0,0.0,0.0
22/02/2020,Crystal Palace,Newcastle,1.0,0.0,H,18.0,8.0,9.0,2.0,7.0,5.0,15.0,11.0,2.0,6.0,0.0,1.0
22/02/2020,Sheffield United,Brighton,1.0,1.0,D,14.0,8.0,3.0,2.0,12.0,2.0,3.0,6.0,0.0,2.0,0.0,0.0
22/02/2020,Southampton,Aston Villa,2.0,0.0,H,28.0,4.0,9.0,1.0,9.0,6.0,13.0,17.0,1.0,4.0,0.0,0.0
22/02/2020,Leicester,Man City,0.0,1.0,A,10.0,18.0,3.0,7.0,3.0,7.0,14.0,10.0,0.0,0.0,0.0,0.0
23/02/2020,Man United,Watford,3.0,0.0,H,21.0,7.0,9.0,2.0,3.0,5.0,6.0,15.0,0.0,1.0,0.0,0.0
23/02/2020,Wolves,Norwich,3.0,0.0,H,19.0,6.0,6.0,4.0,4.0,1.0,11.0,6.0,2.0,3.0,0.0,0.0
23/02/2020,Arsenal,Everton,3.0,2.0,H,9.0,17.0,4.0,5.0,6.0,3.0,12.0,12.0,0.0,4.0,0.0,0.0
24/02/2020,Liverpool,West Ham,3.0,2.0,H,25.0,7.0,7.0,4.0,16.0,8.0,4.0,10.0,0.0,3.0,0.0,0.0
28/02/2020,Norwich,Leicester,1.0,0.0,H,11.0,19.0,6.0,4.0,6.0,7.0,13.0,16.0,1.0,2.0,0.0,0.0
29/02/2020,Brighton,Crystal Palace,0.0,1.0,A,24.0,12.0,8.0,3.0,8.0,7.0,8.0,9.0,1.0,1.0,0.0,0.0
29/02/2020,Bournemouth,Chelsea,2.0,2.0,D,9.0,23.0,5.0,6.0,4.0,14.0,8.0,5.0,2.0,2.0,0.0,0.0
29/02/2020,Newcastle,Burnley,0.0,0.0,D,21.0,8.0,4.0,1.0,11.0,7.0,11.0,9.0,4.0,3.0,0.0,0.0
29/02/2020,West Ham,Southampton,3.0,1.0,H,14.0,10.0,7.0,2.0,4.0,9.0,8.0,11.0,1.0,1.0,0.0,0.0
29/02/2020,Watford,Liverpool,3.0,0.0,H,14.0,7.0,5.0,1.0,3.0,5.0,4.0,8.0,0.0,0.0,0.0,0.0
01/03/2020,Everton,Man United,1.0,1.0,D,16.0,14.0,5.0,5.0,13.0,8.0,11.0,11.0,3.0,4.0,0.0,0.0
01/03/2020,Tottenham,Wolves,2.0,3.0,A,13.0,14.0,5.0,4.0,4.0,5.0,12.0,14.0,3.0,2.0,0.0,0.0
07/03/2020,Liverpool,Bournemouth,2.0,1.0,H,14.0,6.0,6.0,4.0,9.0,4.0,10.0,12.0,0.0,1.0,0.0,0.0
07/03/2020,Arsenal,West Ham,1.0,0.0,H,9.0,14.0,2.0,6.0,6.0,7.0,11.0,9.0,1.0,2.0,0.0,0.0
07/03/2020,Crystal Palace,Watford,1.0,0.0,H,10.0,10.0,3.0,4.0,8.0,8.0,12.0,19.0,4.0,4.0,0.0,0.0
07/03/2020,Sheffield United,Norwich,1.0,0.0,H,10.0,12.0,4.0,5.0,10.0,5.0,12.0,8.0,0.0,0.0,0.0,0.0
07/03/2020,Southampton,Newcastle,0.0,1.0,A,6.0,14.0,3.0,7.0,5.0,8.0,14.0,15.0,0.0,3.0,1.0,0.0
07/03/2020,Wolves,Brighton,0.0,0.0,D,11.0,7.0,1.0,1.0,2.0,0.0,4.0,7.0,1.0,3.0,0.0,0.0
07/03/2020,Burnley,Tottenham,1.0,1.0,D,21.0,13.0,8.0,2.0,3.0,5.0,16.0,11.0,5.0,4.0,0.0,0.0
08/03/2020,Chelsea,Everton,4.0,0.0,H,17.0,3.0,11.0,1.0,6.0,1.0,8.0,10.0,1.0,2.0,0.0,0.0
08/03/2020,Man United,Man City,2.0,0.0,H,12.0,7.0,6.0,2.0,2.0,11.0,11.0,9.0,2.0,4.0,0.0,0.0
09/03/2020,Leicester,Aston Villa,4.0,0.0,H,15.0,4.0,7.0,1.0,9.0,0.0,15.0,12.0,2.0,1.0,0.0,0.0
17/06/2020,Aston Villa,Sheffield United,0.0,0.0,D,14.0,5.0,6.0,1.0,12.0,4.0,11.0,14.0,1.0,1.0,0.0,0.0
17/06/2020,Man City,Arsenal,3.0,0.0,H,20.0,3.0,12.0,0.0,5.0,2.0,9.0,7.0,1.0,1.0,0.0,1.0
19/06/2020,Norwich,Southampton,0.0,3.0,A,9.0,22.0,1.0,9.0,9.0,7.0,9.0,15.0,1.0,1.0,0.0,0.0
19/06/2020,Tottenham,Man United,1.0,1.0,D,10.0,12.0,3.0,6.0,7.0,6.0,17.0,18.0,0.0,1.0,0.0,0.0
20/06/2020,Watford,Leicester,1.0,1.0,D,8.0,15.0,4.0,2.0,2.0,7.0,15.0,12.0,0.0,1.0,0.0,0.0
20/06/2020,Brighton,Arsenal,2.0,1.0,H,9.0,13.0,5.0,6.0,10.0,7.0,13.0,8.0,2.0,1.0,0.0,0.0
20/06/2020,West Ham,Wolves,0.0,2.0,A,7.0,10.0,2.0,6.0,5.0,7.0,8.0,7.0,1.0,1.0,0.0,0.0
20/06/2020,Bournemouth,Crystal Palace,0.0,2.0,A,12.0,7.0,1.0,2.0,11.0,4.0,13.0,15.0,3.0,2.0,0.0,0.0
21/06/2020,Newcastle,Sheffield United,3.0,0.0,H,12.0,7.0,8.0,1.0,2.0,4.0,9.0,10.0,2.0,0.0,0.0,1.0
21/06/2020,Aston Villa,Chelsea,1.0,2.0,A,8.0,19.0,4.0,5.0,2.0,10.0,9.0,17.0,2.0,1.0,0.0,0.0
21/06/2020,Everton,Liverpool,0.0,0.0,D,9.0,10.0,3.0,3.0,1.0,6.0,15.0,12.0,2.0,2.0,0.0,0.0
22/06/2020,Man City,Burnley,5.0,0.0,H,19.0,1.0,7.0,0.0,3.0,1.0,8.0,7.0,1.0,1.0,0.0,0.0
23/06/2020,Leicester,Brighton,0.0,0.0,D,11.0,10.0,2.0,2.0,6.0,7.0,10.0,13.0,2.0,2.0,0.0,0.0
23/06/2020,Tottenham,West Ham,2.0,0.0,H,15.0,10.0,4.0,2.0,9.0,4.0,12.0,7.0,2.0,2.0,0.0,0.0
24/06/2020,Man United,Sheffield United,3.0,0.0,H,15.0,4.0,6.0,1.0,10.0,5.0,10.0,6.0,1.0,0.0,0.0,0.0
24/06/2020,Newcastle,Aston Villa,1.0,1.0,D,13.0,14.0,3.0,2.0,6.0,9.0,15.0,13.0,2.0,2.0,0.0,0.0
24/06/2020,Norwich,Everton,0.0,1.0,A,9.0,12.0,1.0,5.0,6.0,5.0,8.0,13.0,0.0,1.0,0.0,0.0
24/06/2020,Wolves,Bournemouth,1.0,0.0,H,10.0,4.0,2.0,0.0,6.0,4.0,11.0,11.0,3.0,3.0,0.0,0.0
24/06/2020,Liverpool,Crystal Palace,4.0,0.0,H,21.0,3.0,7.0,0.0,6.0,0.0,7.0,5.0,0.0,0.0,0.0,0.0
25/06/2020,Burnley,Watford,1.0,0.0,H,9.0,10.0,5.0,4.0,1.0,7.0,13.0,15.0,1.0,0.0,0.0,0.0
25/06/2020,Southampton,Arsenal,0.0,2.0,A,12.0,10.0,3.0,5.0,4.0,6.0,10.0,14.0,0.0,2.0,1.0,0.0
25/06/2020,Chelsea,Man City,2.0,1.0,H,15.0,11.0,10.0,2.0,5.0,7.0,13.0,3.0,1.0,1.0,0.0,1.0
27/06/2020,Aston Villa,Wolves,0.0,1.0,A,11.0,9.0,1.0,2.0,2.0,2.0,16.0,16.0,1.0,1.0,0.0,0.0
28/06/2020,Watford,Southampton,1.0,3.0,A,8.0,11.0,0.0,7.0,5.0,3.0,18.0,9.0,3.0,0.0,0.0,0.0
29/06/2020,Crystal Palace,Burnley,0.0,1.0,A,17.0,8.0,4.0,4.0,9.0,1.0,12.0,13.0,1.0,1.0,0.0,0.0
30/06/2020,Brighton,Man United,0.0,3.0,A,8.0,12.0,2.0,6.0,4.0,5.0,10.0,9.0,0.0,1.0,0.0,0.0
01/07/2020,Arsenal,Norwich,4.0,0.0,H,13.0,8.0,8.0,2.0,6.0,2.0,10.0,10.0,1.0,4.0,0.0,0.0
01/07/2020,Bournemouth,Newcastle,1.0,4.0,A,12.0,12.0,1.0,7.0,6.0,3.0,11.0,10.0,2.0,0.0,0.0,0.0
01/07/2020,Everton,Leicester,2.0,1.0,H,7.0,15.0,2.0,3.0,3.0,5.0,13.0,10.0,1.0,1.0,0.0,0.0
01/07/2020,West Ham,Chelsea,3.0,2.0,H,10.0,17.0,4.0,6.0,2.0,3.0,10.0,9.0,2.0,1.0,0.0,0.0
02/07/2020,Sheffield United,Tottenham,3.0,1.0,H,7.0,9.0,5.0,2.0,1.0,6.0,13.0,13.0,2.0,0.0,0.0,0.0
02/07/2020,Man City,Liverpool,4.0,0.0,H,14.0,11.0,6.0,3.0,3.0,3.0,8.0,7.0,2.0,2.0,0.0,0.0
04/07/2020,Norwich,Brighton,0.0,1.0,A,12.0,8.0,1.0,2.0,0.0,2.0,11.0,13.0,2.0,2.0,0.0,0.0
04/07/2020,Leicester,Crystal Palace,3.0,0.0,H,15.0,7.0,4.0,1.0,3.0,7.0,18.0,8.0,2.0,1.0,0.0,0.0
04/07/2020,Man United,Bournemouth,5.0,2.0,H,19.0,7.0,10.0,3.0,8.0,3.0,13.0,12.0,0.0,1.0,0.0,0.0
04/07/2020,Wolves,Arsenal,0.0,2.0,A,10.0,8.0,1.0,5.0,3.0,5.0,6.0,11.0,2.0,4.0,0.0,0.0
04/07/2020,Chelsea,Watford,3.0,0.0,H,21.0,7.0,9.0,3.0,5.0,3.0,9.0,12.0,0.0,2.0,0.0,0.0
05/07/2020,Burnley,Sheffield United,1.0,1.0,D,9.0,10.0,4.0,3.0,3.0,9.0,8.0,14.0,0.0,0.0,0.0,0.0
05/07/2020,Newcastle,West Ham,2.0,2.0,D,11.0,17.0,4.0,7.0,6.0,4.0,9.0,11.0,0.0,0.0,0.0,0.0
05/07/2020,Liverpool,Aston Villa,2.0,0.0,H,6.0,9.0,4.0,3.0,7.0,5.0,18.0,8.0,1.0,1.0,0.0,0.0
05/07/2020,Southampton,Man City,1.0,0.0,H,8.0,26.0,4.0,6.0,2.0,13.0,6.0,7.0,1.0,2.0,0.0,0.0
06/07/2020,Tottenham,Everton,1.0,0.0,H,12.0,11.0,2.0,3.0,5.0,6.0,14.0,18.0,3.0,2.0,0.0,0.0
07/07/2020,Crystal Palace,Chelsea,2.0,3.0,A,13.0,14.0,4.0,6.0,7.0,9.0,11.0,10.0,1.0,0.0,0.0,0.0
07/07/2020,Watford,Norwich,2.0,1.0,H,9.0,12.0,4.0,3.0,4.0,3.0,11.0,15.0,2.0,4.0,0.0,0.0
07/07/2020,Arsenal,Leicester,1.0,1.0,D,11.0,13.0,7.0,5.0,10.0,1.0,10.0,14.0,1.0,0.0,1.0,0.0
08/07/2020,Man City,Newcastle,5.0,0.0,H,23.0,6.0,9.0,1.0,8.0,1.0,12.0,7.0,0.0,0.0,0.0,0.0
08/07/2020,Sheffield United,Wolves,1.0,0.0,H,7.0,6.0,3.0,1.0,6.0,1.0,5.0,6.0,2.0,0.0,0.0,0.0
08/07/2020,West Ham,Burnley,0.0,1.0,A,21.0,8.0,5.0,4.0,10.0,3.0,7.0,7.0,1.0,1.0,0.0,0.0
08/07/2020,Brighton,Liverpool,1.0,3.0,A,12.0,19.0,2.0,8.0,6.0,10.0,7.0,15.0,1.0,4.0,0.0,0.0
09/07/2020,Bournemouth,Tottenham,0.0,0.0,D,9.0,9.0,2.0,0.0,8.0,12.0,11.0,14.0,3.0,2.0,0.0,0.0
09/07/2020,Everton,Southampton,1.0,1.0,D,11.0,17.0,4.0,4.0,3.0,5.0,13.0,14.0,3.0,3.0,0.0,0.0
09/07/2020,Aston Villa,Man United,0.0,3.0,A,9.0,14.0,1.0,6.0,3.0,5.0,7.0,13.0,2.0,3.0,0.0,0.0
11/07/2020,Norwich,West Ham,0.0,4.0,A,11.0,19.0,2.0,7.0,1.0,6.0,9.0,8.0,1.0,0.0,0.0,0.0
11/07/2020,Watford,Newcastle,2.0,1.0,H,17.0,8.0,5.0,4.0,2.0,4.0,23.0,15.0,1.0,4.0,0.0,0.0
11/07/2020,Liverpool,Burnley,1.0,1.0,D,23.0,6.0,9.0,2.0,12.0,6.0,7.0,4.0,1.0,2.0,0.0,0.0
11/07/2020,Sheffield United,Chelsea,3.0,0.0,H,9.0,15.0,4.0,4.0,4.0,6.0,8.0,6.0,1.0,0.0,0.0,0.0
11/07/2020,Brighton,Man City,0.0,5.0,A,3.0,26.0,0.0,8.0,2.0,7.0,7.0,3.0,1.0,0.0,0.0,0.0
12/07/2020,Wolves,Everton,3.0,0.0,H,14.0,6.0,7.0,2.0,5.0,2.0,9.0,9.0,0.0,2.0,0.0,0.0
12/07/2020,Aston Villa,Crystal Palace,2.0,0.0,H,12.0,9.0,9.0,5.0,5.0,1.0,21.0,21.0,2.0,4.0,0.0,1.0
12/07/2020,Tottenham,Arsenal,2.0,1.0,H,15.0,13.0,9.0,4.0,6.0,5.0,16.0,11.0,5.0,3.0,0.0,0.0
12/07/2020,Bournemouth,Leicester,4.0,1.0,H,10.0,13.0,4.0,5.0,2.0,6.0,11.0,12.0,2.0,1.0,0.0,1.0
13/07/2020,Man United,Southampton,2.0,2.0,D,8.0,9.0,4.0,5.0,4.0,6.0,14.0,15.0,1.0,3.0,0.0,0.0
14/07/2020,Chelsea,Norwich,1.0,0.0,H,22.0,2.0,6.0,0.0,8.0,1.0,10.0,9.0,2.0,2.0,0.0,0.0
15/07/2020,Burnley,Wolves,1.0,1.0,D,9.0,14.0,1.0,5.0,3.0,8.0,10.0,8.0,0.0,0.0,0.0,0.0
15/07/2020,Man City,Bournemouth,2.0,1.0,H,8.0,15.0,4.0,3.0,3.0,5.0,10.0,10.0,1.0,1.0,0.0,0.0
15/07/2020,Newcastle,Tottenham,1.0,3.0,A,22.0,8.0,6.0,5.0,5.0,4.0,6.0,13.0,2.0,3.0,0.0,0.0
15/07/2020,Arsenal,Liverpool,2.0,1.0,H,3.0,24.0,2.0,8.0,2.0,13.0,14.0,10.0,3.0,1.0,0.0,0.0
16/07/2020,Everton,Aston Villa,1.0,1.0,D,9.0,15.0,1.0,1.0,5.0,5.0,15.0,13.0,2.0,1.0,0.0,0.0
16/07/2020,Leicester,Sheffield United,2.0,0.0,H,15.0,5.0,7.0,1.0,9.0,5.0,12.0,10.0,1.0,2.0,0.0,0.0
16/07/2020,Crystal Palace,Man United,0.0,2.0,A,13.0,17.0,5.0,5.0,2.0,7.0,10.0,15.0,1.0,2.0,0.0,0.0
16/07/2020,Southampton,Brighton,1.0,1.0,D,21.0,10.0,6.0,2.0,8.0,2.0,6.0,10.0,1.0,0.0,0.0,0.0
17/07/2020,West Ham,Watford,3.0,1.0,H,10.0,14.0,4.0,3.0,9.0,3.0,11.0,11.0,0.0,2.0,0.0,0.0
18/07/2020,Norwich,Burnley,0.0,2.0,A,6.0,23.0,2.0,8.0,6.0,8.0,9.0,16.0,0.0,0.0,2.0,0.0
19/07/2020,Bournemouth,Southampton,0.0,2.0,A,11.0,16.0,3.0,8.0,12.0,6.0,12.0,11.0,2.0,2.0,0.0,0.0
19/07/2020,Tottenham,Leicester,3.0,0.0,H,7.0,24.0,3.0,6.0,4.0,13.0,15.0,10.0,2.0,1.0,0.0,0.0
20/07/2020,Brighton,Newcastle,0.0,0.0,D,11.0,12.0,3.0,1.0,9.0,7.0,13.0,12.0,4.0,2.0,0.0,0.0
20/07/2020,Sheffield United,Everton,0.0,1.0,A,8.0,5.0,0.0,2.0,7.0,1.0,11.0,19.0,1.0,3.0,0.0,0.0
20/07/2020,Wolves,Crystal Palace,2.0,0.0,H,11.0,7.0,5.0,3.0,5.0,2.0,11.0,15.0,2.0,1.0,0.0,0.0
21/07/2020,Watford,Man City,0.0,4.0,A,2.0,26.0,0.0,10.0,0.0,8.0,14.0,11.0,2.0,0.0,0.0,0.0
21/07/2020,Aston Villa,Arsenal,1.0,0.0,H,8.0,7.0,3.0,0.0,8.0,9.0,13.0,19.0,2.0,4.0,0.0,0.0
22/07/2020,Man United,West Ham,1.0,1.0,D,11.0,12.0,4.0,3.0,2.0,3.0,10.0,9.0,3.0,1.0,0.0,0.0
22/07/2020,Liverpool,Chelsea,5.0,3.0,H,10.0,10.0,7.0,5.0,6.0,0.0,8.0,11.0,1.0,0.0,0.0,0.0
26/07/2020,Arsenal,Watford,3.0,2.0,H,13.0,19.0,5.0,6.0,4.0,8.0,9.0,12.0,3.0,3.0,0.0,0.0
26/07/2020,Burnley,Brighton,1.0,2.0,A,13.0,14.0,2.0,4.0,6.0,7.0,11.0,11.0,3.0,0.0,0.0,0.0
26/07/2020,Chelsea,Wolves,2.0,0.0,H,11.0,5.0,3.0,1.0,3.0,3.0,10.0,16.0,2.0,3.0,0.0,0.0
26/07/2020,Crystal Palace,Tottenham,1.0,1.0,D,13.0,7.0,2.0,2.0,7.0,2.0,11.0,13.0,3.0,2.0,0.0,0.0
26/07/2020,Everton,Bournemouth,1.0,3.0,A,13.0,13.0,5.0,7.0,2.0,5.0,11.0,9.0,1.0,0.0,0.0,0.0
26/07/2020,Leicester,Man United,0.0,2.0,A,14.0,7.0,3.0,3.0,3.0,3.0,12.0,11.0,1.0,4.0,1.0,0.0
26/07/2020,Man City,Norwich,5.0,0.0,H,31.0,5.0,10.0,4.0,9.0,0.0,7.0,4.0,1.0,1.0,0.0,0.0
26/07/2020,Newcastle,Liverpool,1.0,3.0,A,3.0,14.0,2.0,6.0,2.0,4.0,11.0,5.0,1.0,0.0,0.0,0.0
26/07/2020,Southampton,Sheffield United,3.0,1.0,H,13.0,5.0,4.0,3.0,9.0,1.0,9.0,16.0,0.0,1.0,0.0,0.0
26/07/2020,West Ham,Aston Villa,1.0,1.0,D,10.0,13.0,1.0,4.0,0.0,7.0,16.0,13.0,2.0,1.0,0.0,0.0
12/09/2020,Fulham,Arsenal,0.0,3.0,A,5.0,13.0,2.0,6.0,2.0,3.0,12.0,12.0,2.0,2.0,0.0,0.0
12/09/2020,Crystal Palace,Southampton,1.0,0.0,H,5.0,9.0,3.0,5.0,7.0,3.0,14.0,11.0,2.0,1.0,0.0,0.0
12/09/2020,Liverpool,Leeds,4.0,3.0,H,22.0,6.0,6.0,3.0,9.0,0.0,9.0,6.0,1.0,0.0,0.0,0.0
12/09/2020,West Ham,Newcastle,0.0,2.0,A,15.0,15.0,3.0,2.0,8.0,7.0,13.0,7.0,2.0,2.0,0.0,0.0
13/09/2020,West Brom,Leicester,0.0,3.0,A,7.0,13.0,1.0,7.0,2.0,5.0,12.0,9.0,1.0,1.0,0.0,0.0
13/09/2020,Tottenham,Everton,0.0,1.0,A,9.0,15.0,5.0,4.0,5.0,3.0,15.0,7.0,1.0,0.0,0.0,0.0
14/09/2020,Brighton,Chelsea,1.0,3.0,A,13.0,10.0,3.0,5.0,4.0,3.0,8.0,13.0,1.0,0.0,0.0,0.0
14/09/2020,Sheffield United,Wolves,0.0,2.0,A,9.0,11.0,2.0,4.0,12.0,5.0,13.0,7.0,2.0,1.0,0.0,0.0
19/09/2020,Everton,West Brom,5.0,2.0,H,17.0,6.0,7.0,4.0,11.0,1.0,9.0,11.0,1.0,0.0,0.0,1.0
19/09/2020,Leeds,Fulham,4.0,3.0,H,10.0,14.0,7.0,6.0,5.0,3.0,13.0,18.0,1.0,2.0,0.0,0.0
19/09/2020,Man United,Crystal Palace,1.0,3.0,A,13.0,14.0,4.0,5.0,9.0,3.0,13.0,10.0,2.0,1.0,0.0,0.0
19/09/2020,Arsenal,West Ham,2.0,1.0,H,7.0,14.0,3.0,3.0,7.0,5.0,11.0,13.0,0.0,1.0,0.0,0.0
20/09/2020,Southampton,Tottenham,2.0,5.0,A,14.0,9.0,7.0,6.0,3.0,2.0,16.0,18.0,4.0,3.0,0.0,0.0
20/09/2020,Newcastle,Brighton,0.0,3.0,A,6.0,13.0,0.0,6.0,7.0,1.0,16.0,15.0,3.0,0.0,0.0,1.0
20/09/2020,Chelsea,Liverpool,0.0,2.0,A,5.0,18.0,3.0,6.0,1.0,11.0,10.0,6.0,0.0,0.0,1.0,0.0
20/09/2020,Leicester,Burnley,4.0,2.0,H,14.0,16.0,6.0,5.0,15.0,4.0,11.0,13.0,1.0,2.0,0.0,0.0
21/09/2020,Aston Villa,Sheffield United,1.0,0.0,H,18.0,4.0,2.0,1.0,10.0,4.0,12.0,13.0,3.0,1.0,0.0,1.0
21/09/2020,Wolves,Man City,1.0,3.0,A,10.0,14.0,1.0,9.0,4.0,6.0,6.0,8.0,0.0,3.0,0.0,0.0
26/09/2020,Brighton,Man United,2.0,3.0,A,18.0,7.0,5.0,3.0,7.0,1.0,18.0,16.0,4.0,2.0,0.0,0.0
26/09/2020,Crystal Palace,Everton,1.0,2.0,A,8.0,10.0,1.0,5.0,7.0,6.0,16.0,15.0,3.0,1.0,0.0,0.0
26/09/2020,West Brom,Chelsea,3.0,3.0,D,9.0,22.0,3.0,10.0,3.0,9.0,8.0,16.0,1.0,3.0,0.0,0.0
26/09/2020,Burnley,Southampton,0.0,1.0,A,10.0,5.0,2.0,1.0,8.0,2.0,8.0,10.0,1.0,0.0,0.0,0.0
27/09/2020,Sheffield United,Leeds,0.0,1.0,A,14.0,17.0,4.0,9.0,5.0,7.0,18.0,4.0,2.0,1.0,0.0,0.0
27/09/2020,Tottenham,Newcastle,1.0,1.0,D,23.0,6.0,12.0,1.0,10.0,4.0,15.0,9.0,1.0,4.0,0.0,0.0
27/09/2020,Man City,Leicester,2.0,5.0,A,16.0,7.0,5.0,7.0,3.0,4.0,13.0,8.0,1.0,3.0,0.0,0.0
27/09/2020,West Ham,Wolves,4.0,0.0,H,15.0,11.0,7.0,2.0,1.0,3.0,7.0,11.0,0.0,1.0,0.0,0.0
28/09/2020,Fulham,Aston Villa,0.0,3.0,A,16.0,12.0,3.0,5.0,5.0,3.0,18.0,14.0,6.0,3.0,0.0,0.0
28/09/2020,Liverpool,Arsenal,3.0,1.0,H,21.0,4.0,8.0,3.0,7.0,3.0,11.0,7.0,2.0,2.0,0.0,0.0
03/10/2020,Chelsea,Crystal Palace,4.0,0.0,H,17.0,4.0,6.0,0.0,8.0,5.0,17.0,13.0,2.0,0.0,0.0,0.0
03/10/2020,Everton,Brighton,4.0,2.0,H,11.0,11.0,6.0,3.0,3.0,10.0,13.0,14.0,0.0,1.0,0.0,0.0
03/10/2020,Leeds,Man City,1.0,1.0,D,12.0,23.0,7.0,2.0,7.0,10.0,11.0,12.0,2.0,1.0,0.0,0.0
03/10/2020,Newcastle,Burnley,3.0,1.0,H,10.0,7.0,5.0,3.0,3.0,4.0,13.0,17.0,2.0,3.0,0.0,0.0
04/10/2020,Leicester,West Ham,0.0,3.0,A,4.0,14.0,0.0,6.0,6.0,4.0,11.0,8.0,2.0,2.0,0.0,0.0
04/10/2020,Southampton,West Brom,2.0,0.0,H,13.0,5.0,7.0,2.0,5.0,1.0,19.0,10.0,2.0,1.0,0.0,0.0
04/10/2020,Arsenal,Sheffield United,2.0,1.0,H,6.0,6.0,5.0,2.0,2.0,4.0,3.0,9.0,0.0,1.0,0.0,0.0
04/10/2020,Wolves,Fulham,1.0,0.0,H,14.0,10.0,5.0,2.0,6.0,2.0,15.0,8.0,1.0,1.0,0.0,0.0
04/10/2020,Man United,Tottenham,1.0,6.0,A,5.0,22.0,2.0,8.0,2.0,4.0,14.0,10.0,2.0,1.0,1.0,0.0
04/10/2020,Aston Villa,Liverpool,7.0,2.0,H,18.0,14.0,11.0,8.0,2.0,7.0,7.0,10.0,2.0,1.0,0.0,0.0
17/10/2020,Everton,Liverpool,2.0,2.0,D,11.0,22.0,5.0,8.0,2.0,5.0,15.0,9.0,3.0,2.0,1.0,0.0
17/10/2020,Chelsea,Southampton,3.0,3.0,D,11.0,13.0,5.0,6.0,6.0,2.0,11.0,9.0,1.0,1.0,0.0,0.0
17/10/2020,Man City,Arsenal,1.0,0.0,H,13.0,11.0,5.0,3.0,6.0,6.0,15.0,10.0,4.0,1.0,0.0,0.0
17/10/2020,Newcastle,Man United,1.0,4.0,A,7.0,28.0,4.0,14.0,0.0,7.0,9.0,12.0,1.0,1.0,0.0,0.0
18/10/2020,Sheffield United,Fulham,1.0,1.0,D,10.0,15.0,6.0,6.0,2.0,5.0,5.0,9.0,0.0,2.0,0.0,0.0
18/10/2020,Crystal Palace,Brighton,1.0,1.0,D,1.0,20.0,1.0,3.0,2.0,5.0,13.0,12.0,3.0,2.0,0.0,1.0
18/10/2020,Tottenham,West Ham,3.0,3.0,D,11.0,13.0,6.0,4.0,3.0,7.0,13.0,12.0,0.0,5.0,0.0,0.0
18/10/2020,Leicester,Aston Villa,0.0,1.0,A,11.0,10.0,5.0,4.0,2.0,7.0,18.0,18.0,4.0,3.0,0.0,0.0
19/10/2020,West Brom,Burnley,0.0,0.0,D,13.0,9.0,6.0,4.0,8.0,2.0,15.0,17.0,2.0,2.0,0.0,0.0
19/10/2020,Leeds,Wolves,0.0,1.0,A,13.0,7.0,2.0,3.0,8.0,3.0,13.0,12.0,2.0,1.0,0.0,0.0
23/10/2020,Aston Villa,Leeds,0.0,3.0,A,12.0,27.0,4.0,9.0,6.0,5.0,14.0,17.0,2.0,2.0,0.0,0.0
24/10/2020,West Ham,Man City,1.0,1.0,D,6.0,14.0,2.0,7.0,2.0,10.0,14.0,6.0,2.0,0.0,0.0,0.0
24/10/2020,Fulham,Crystal Palace,1.0,2.0,A,16.0,14.0,3.0,10.0,4.0,4.0,11.0,11.0,0.0,1.0,1.0,0.0
24/10/2020,Man United,Chelsea,0.0,0.0,D,14.0,6.0,4.0,1.0,9.0,6.0,8.0,6.0,3.0,1.0,0.0,0.0
24/10/2020,Liverpool,Sheffield United,2.0,1.0,H,17.0,13.0,5.0,2.0,7.0,3.0,7.0,15.0,0.0,3.0,0.0,0.0
25/10/2020,Southampton,Everton,2.0,0.0,H,12.0,6.0,6.0,2.0,4.0,5.0,11.0,11.0,1.0,2.0,0.0,1.0
25/10/2020,Wolves,Newcastle,1.0,1.0,D,16.0,5.0,3.0,2.0,2.0,3.0,10.0,10.0,0.0,1.0,0.0,0.0
25/10/2020,Arsenal,Leicester,0.0,1.0,A,12.0,6.0,4.0,2.0,9.0,3.0,13.0,9.0,3.0,5.0,0.0,0.0
26/10/2020,Brighton,West Brom,1.0,1.0,D,5.0,9.0,3.0,3.0,6.0,2.0,14.0,7.0,2.0,0.0,0.0,0.0
26/10/2020,Burnley,Tottenham,0.0,1.0,A,13.0,9.0,4.0,3.0,4.0,5.0,9.0,7.0,2.0,0.0,0.0,0.0
30/10/2020,Wolves,Crystal Palace,2.0,0.0,H,15.0,11.0,5.0,2.0,7.0,6.0,13.0,4.0,0.0,2.0,0.0,1.0
31/10/2020,Sheffield United,Man City,0.0,1.0,A,5.0,16.0,1.0,8.0,2.0,5.0,14.0,6.0,0.0,0.0,0.0,0.0
31/10/2020,Burnley,Chelsea,0.0,3.0,A,5.0,14.0,0.0,9.0,3.0,4.0,10.0,15.0,1.0,0.0,0.0,0.0
31/10/2020,Liverpool,West Ham,2.0,1.0,H,9.0,4.0,5.0,3.0,1.0,2.0,13.0,14.0,0.0,1.0,0.0,0.0
01/11/2020,Aston Villa,Southampton,3.0,4.0,A,19.0,9.0,10.0,4.0,11.0,1.0,12.0,17.0,1.0,2.0,0.0,0.0
01/11/2020,Newcastle,Everton,2.0,1.0,H,11.0,15.0,4.0,4.0,5.0,4.0,9.0,10.0,2.0,4.0,0.0,0.0
01/11/2020,Man United,Arsenal,0.0,1.0,A,8.0,7.0,2.0,2.0,6.0,3.0,12.0,12.0,3.0,3.0,0.0,0.0
01/11/2020,Tottenham,Brighton,2.0,1.0,H,9.0,6.0,3.0,2.0,4.0,5.0,14.0,13.0,2.0,1.0,0.0,0.0
02/11/2020,Fulham,West Brom,2.0,0.0,H,13.0,10.0,6.0,1.0,5.0,2.0,13.0,11.0,3.0,2.0,0.0,0.0
02/11/2020,Leeds,Leicester,1.0,4.0,A,11.0,10.0,4.0,8.0,10.0,3.0,9.0,5.0,1.0,1.0,0.0,0.0
06/11/2020,Brighton,Burnley,0.0,0.0,D,19.0,4.0,3.0,1.0,5.0,3.0,11.0,5.0,1.0,0.0,0.0,0.0
06/11/2020,Southampton,Newcastle,2.0,0.0,H,15.0,4.0,8.0,2.0,8.0,3.0,12.0,11.0,1.0,2.0,0.0,0.0
07/11/2020,Everton,Man United,1.0,3.0,A,7.0,13.0,1.0,5.0,5.0,2.0,12.0,19.0,4.0,2.0,0.0,0.0
07/11/2020,Crystal Palace,Leeds,4.0,1.0,H,10.0,9.0,6.0,3.0,3.0,6.0,9.0,1.0,0.0,2.0,0.0,0.0
07/11/2020,Chelsea,Sheffield United,4.0,1.0,H,20.0,6.0,9.0,3.0,6.0,7.0,5.0,14.0,0.0,2.0,0.0,0.0
07/11/2020,West Ham,Fulham,1.0,0.0,H,16.0,13.0,7.0,3.0,9.0,5.0,10.0,9.0,2.0,2.0,0.0,0.0
08/11/2020,West Brom,Tottenham,0.0,1.0,A,12.0,19.0,2.0,5.0,9.0,6.0,17.0,12.0,1.0,0.0,0.0,0.0
08/11/2020,Leicester,Wolves,1.0,0.0,H,10.0,7.0,3.0,2.0,6.0,3.0,12.0,8.0,2.0,3.0,0.0,0.0
08/11/2020,Man City,Liverpool,1.0,1.0,D,7.0,10.0,2.0,3.0,1.0,2.0,19.0,11.0,3.0,1.0,0.0,0.0
08/11/2020,Arsenal,Aston Villa,0.0,3.0,A,13.0,15.0,2.0,6.0,3.0,8.0,11.0,13.0,0.0,0.0,0.0,0.0
21/11/2020,Newcastle,Chelsea,0.0,2.0,A,8.0,14.0,1.0,3.0,7.0,4.0,11.0,12.0,2.0,0.0,0.0,0.0
21/11/2020,Aston Villa,Brighton,1.0,2.0,A,15.0,7.0,4.0,3.0,12.0,3.0,5.0,18.0,2.0,1.0,0.0,1.0
21/11/2020,Tottenham,Man City,2.0,0.0,H,4.0,22.0,2.0,5.0,0.0,10.0,13.0,19.0,2.0,2.0,0.0,0.0
21/11/2020,Man United,West Brom,1.0,0.0,H,17.0,7.0,7.0,2.0,8.0,2.0,12.0,17.0,1.0,1.0,0.0,0.0
22/11/2020,Fulham,Everton,2.0,3.0,A,14.0,9.0,6.0,7.0,2.0,5.0,14.0,10.0,2.0,0.0,0.0,0.0
22/11/2020,Sheffield United,West Ham,0.0,1.0,A,9.0,15.0,5.0,3.0,2.0,6.0,7.0,6.0,0.0,0.0,0.0,0.0
22/11/2020,Leeds,Arsenal,0.0,0.0,D,25.0,9.0,4.0,2.0,5.0,3.0,9.0,8.0,3.0,0.0,0.0,1.0
22/11/2020,Liverpool,Leicester,3.0,0.0,H,24.0,11.0,13.0,4.0,10.0,3.0,15.0,6.0,0.0,2.0,0.0,0.0
23/11/2020,Burnley,Crystal Palace,1.0,0.0,H,10.0,15.0,4.0,5.0,4.0,7.0,13.0,9.0,2.0,0.0,0.0,0.0
23/11/2020,Wolves,Southampton,1.0,1.0,D,20.0,7.0,9.0,2.0,7.0,4.0,14.0,13.0,2.0,0.0,0.0,0.0
27/11/2020,Crystal Palace,Newcastle,0.0,2.0,A,12.0,14.0,3.0,7.0,7.0,3.0,9.0,10.0,2.0,2.0,0.0,0.0
28/11/2020,Brighton,Liverpool,1.0,1.0,D,11.0,6.0,3.0,2.0,4.0,3.0,9.0,13.0,2.0,1.0,0.0,0.0
28/11/2020,Man City,Burnley,5.0,0.0,H,19.0,9.0,6.0,1.0,6.0,4.0,12.0,4.0,0.0,0.0,0.0,0.0
28/11/2020,Everton,Leeds,0.0,1.0,A,15.0,23.0,8.0,7.0,4.0,2.0,8.0,14.0,1.0,2.0,0.0,0.0
28/11/2020,West Brom,Sheffield United,1.0,0.0,H,17.0,21.0,6.0,5.0,14.0,9.0,10.0,9.0,2.0,3.0,0.0,0.0
29/11/2020,Southampton,Man United,2.0,3.0,A,10.0,15.0,5.0,6.0,5.0,9.0,12.0,12.0,1.0,0.0,0.0,0.0
29/11/2020,Chelsea,Tottenham,0.0,0.0,D,13.0,5.0,3.0,1.0,3.0,3.0,20.0,9.0,4.0,2.0,0.0,0.0
29/11/2020,Arsenal,Wolves,1.0,2.0,A,13.0,11.0,2.0,5.0,8.0,4.0,13.0,13.0,3.0,4.0,0.0,0.0
30/11/2020,Leicester,Fulham,1.0,2.0,A,16.0,10.0,3.0,5.0,6.0,5.0,9.0,21.0,0.0,2.0,0.0,0.0
30/11/2020,West Ham,Aston Villa,2.0,1.0,H,6.0,16.0,2.0,6.0,3.0,7.0,20.0,7.0,1.0,1.0,0.0,0.0
05/12/2020,Burnley,Everton,1.0,1.0,D,8.0,13.0,3.0,6.0,8.0,4.0,6.0,9.0,0.0,0.0,0.0,0.0
05/12/2020,Man City,Fulham,2.0,0.0,H,16.0,6.0,6.0,1.0,9.0,3.0,7.0,6.0,0.0,0.0,0.0,0.0
05/12/2020,West Ham,Man United,1.0,3.0,A,19.0,15.0,6.0,6.0,5.0,4.0,9.0,10.0,0.0,0.0,0.0,0.0
05/12/2020,Chelsea,Leeds,3.0,1.0,H,23.0,8.0,11.0,3.0,8.0,4.0,12.0,9.0,0.0,2.0,0.0,0.0
06/12/2020,West Brom,Crystal Palace,1.0,5.0,A,9.0,18.0,4.0,6.0,4.0,6.0,10.0,16.0,2.0,2.0,1.0,0.0
06/12/2020,Sheffield United,Leicester,1.0,2.0,A,4.0,13.0,1.0,4.0,6.0,5.0,13.0,6.0,1.0,3.0,0.0,0.0
06/12/2020,Tottenham,Arsenal,2.0,0.0,H,6.0,11.0,3.0,2.0,3.0,9.0,16.0,12.0,1.0,2.0,0.0,0.0
06/12/2020,Liverpool,Wolves,4.0,0.0,H,11.0,9.0,6.0,3.0,4.0,6.0,8.0,14.0,1.0,1.0,0.0,0.0
07/12/2020,Brighton,Southampton,1.0,2.0,A,12.0,10.0,4.0,3.0,4.0,3.0,12.0,12.0,3.0,3.0,0.0,0.0
11/12/2020,Leeds,West Ham,1.0,2.0,A,13.0,19.0,7.0,8.0,5.0,6.0,12.0,10.0,1.0,2.0,0.0,0.0
12/12/2020,Wolves,Aston Villa,0.0,1.0,A,16.0,13.0,7.0,2.0,5.0,8.0,23.0,15.0,2.0,5.0,0.0,0.0
12/12/2020,Newcastle,West Brom,2.0,1.0,H,12.0,13.0,7.0,3.0,4.0,3.0,9.0,12.0,2.0,3.0,0.0,0.0
12/12/2020,Man United,Man City,0.0,0.0,D,11.0,9.0,2.0,2.0,4.0,3.0,13.0,6.0,1.0,1.0,0.0,0.0
12/12/2020,Everton,Chelsea,1.0,0.0,H,9.0,10.0,4.0,3.0,6.0,6.0,10.0,11.0,2.0,3.0,0.0,0.0
13/12/2020,Southampton,Sheffield United,3.0,0.0,H,16.0,3.0,6.0,0.0,8.0,4.0,8.0,14.0,0.0,1.0,0.0,0.0
13/12/2020,Crystal Palace,Tottenham,1.0,1.0,D,16.0,14.0,5.0,6.0,4.0,7.0,15.0,11.0,1.0,1.0,0.0,0.0
13/12/2020,Fulham,Liverpool,1.0,1.0,D,10.0,12.0,5.0,6.0,6.0,8.0,9.0,5.0,3.0,1.0,0.0,0.0
13/12/2020,Arsenal,Burnley,0.0,1.0,A,18.0,10.0,6.0,2.0,13.0,4.0,5.0,11.0,2.0,1.0,1.0,0.0
13/12/2020,Leicester,Brighton,3.0,0.0,H,15.0,12.0,6.0,4.0,9.0,5.0,9.0,11.0,2.0,1.0,0.0,0.0
15/12/2020,Wolves,Chelsea,2.0,1.0,H,12.0,13.0,4.0,3.0,5.0,6.0,12.0,12.0,2.0,2.0,0.0,0.0
15/12/2020,Man City,West Brom,1.0,1.0,D,26.0,5.0,7.0,1.0,13.0,2.0,5.0,8.0,2.0,3.0,0.0,0.0
16/12/2020,Arsenal,Southampton,1.0,1.0,D,9.0,13.0,4.0,3.0,2.0,7.0,13.0,13.0,1.0,3.0,1.0,0.0
16/12/2020,Leeds,Newcastle,5.0,2.0,H,25.0,10.0,10.0,4.0,7.0,4.0,10.0,13.0,3.0,1.0,0.0,0.0
16/12/2020,Leicester,Everton,0.0,2.0,A,14.0,11.0,2.0,6.0,4.0,6.0,12.0,9.0,2.0,3.0,0.0,0.0
16/12/2020,Fulham,Brighton,0.0,0.0,D,9.0,9.0,4.0,4.0,1.0,8.0,15.0,11.0,1.0,0.0,0.0,0.0
16/12/2020,Liverpool,Tottenham,2.0,1.0,H,17.0,8.0,11.0,2.0,7.0,4.0,8.0,9.0,0.0,2.0,0.0,0.0
16/12/2020,West Ham,Crystal Palace,1.0,1.0,D,9.0,8.0,2.0,2.0,5.0,3.0,8.0,12.0,0.0,1.0,0.0,1.0
17/12/2020,Aston Villa,Burnley,0.0,0.0,D,27.0,6.0,7.0,4.0,11.0,1.0,17.0,19.0,1.0,1.0,0.0,0.0
17/12/2020,Sheffield United,Man United,2.0,3.0,A,12.0,14.0,6.0,8.0,6.0,3.0,17.0,8.0,3.0,2.0,0.0,0.0
19/12/2020,Crystal Palace,Liverpool,0.0,7.0,A,5.0,14.0,3.0,8.0,5.0,4.0,5.0,11.0,1.0,0.0,0.0,0.0
19/12/2020,Southampton,Man City,0.0,1.0,A,9.0,11.0,3.0,5.0,6.0,6.0,9.0,11.0,2.0,2.0,0.0,0.0
19/12/2020,Everton,Arsenal,2.0,1.0,H,9.0,13.0,2.0,2.0,4.0,3.0,9.0,9.0,1.0,3.0,0.0,0.0
19/12/2020,Newcastle,Fulham,1.0,1.0,D,12.0,11.0,5.0,4.0,2.0,9.0,7.0,17.0,1.0,2.0,0.0,1.0
20/12/2020,Brighton,Sheffield United,1.0,1.0,D,21.0,5.0,5.0,3.0,14.0,2.0,9.0,11.0,1.0,5.0,0.0,1.0
20/12/2020,Tottenham,Leicester,0.0,2.0,A,8.0,17.0,3.0,4.0,5.0,3.0,15.0,14.0,2.0,2.0,0.0,0.0
20/12/2020,Man United,Leeds,6.0,2.0,H,26.0,17.0,14.0,3.0,11.0,13.0,6.0,6.0,1.0,0.0,0.0,0.0
20/12/2020,West Brom,Aston Villa,0.0,3.0,A,1.0,19.0,1.0,10.0,1.0,7.0,14.0,8.0,1.0,2.0,1.0,0.0
21/12/2020,Burnley,Wolves,2.0,1.0,H,10.0,15.0,4.0,3.0,1.0,7.0,11.0,15.0,2.0,1.0,0.0,0.0
21/12/2020,Chelsea,West Ham,3.0,0.0,H,11.0,6.0,7.0,0.0,5.0,4.0,11.0,6.0,0.0,0.0,0.0,0.0
26/12/2020,Leicester,Man United,2.0,2.0,D,10.0,9.0,2.0,4.0,5.0,0.0,10.0,17.0,2.0,1.0,0.0,0.0
26/12/2020,Aston Villa,Crystal Palace,3.0,0.0,H,21.0,13.0,10.0,6.0,4.0,4.0,18.0,16.0,1.0,4.0,1.0,0.0
26/12/2020,Fulham,Southampton,0.0,0.0,D,10.0,3.0,1.0,2.0,6.0,3.0,15.0,12.0,2.0,0.0,0.0,0.0
26/12/2020,Arsenal,Chelsea,3.0,1.0,H,15.0,19.0,7.0,3.0,7.0,9.0,13.0,10.0,2.0,1.0,0.0,0.0
26/12/2020,Man City,Newcastle,2.0,0.0,H,11.0,7.0,6.0,2.0,7.0,3.0,5.0,12.0,2.0,2.0,0.0,0.0
26/12/2020,Sheffield United,Everton,0.0,1.0,A,10.0,7.0,2.0,3.0,6.0,3.0,11.0,10.0,2.0,4.0,0.0,0.0
27/12/2020,Leeds,Burnley,1.0,0.0,H,11.0,14.0,4.0,6.0,4.0,12.0,8.0,14.0,0.0,3.0,0.0,0.0
27/12/2020,West Ham,Brighton,2.0,2.0,D,11.0,13.0,4.0,4.0,5.0,4.0,6.0,8.0,0.0,0.0,0.0,0.0
27/12/2020,Liverpool,West Brom,1.0,1.0,D,17.0,5.0,2.0,3.0,8.0,3.0,8.0,5.0,0.0,1.0,0.0,0.0
27/12/2020,Wolves,Tottenham,1.0,1.0,D,11.0,6.0,6.0,3.0,9.0,2.0,20.0,13.0,4.0,1.0,0.0,0.0
28/12/2020,Crystal Palace,Leicester,1.0,1.0,D,4.0,17.0,1.0,3.0,2.0,5.0,10.0,7.0,0.0,1.0,0.0,0.0
28/12/2020,Chelsea,Aston Villa,1.0,1.0,D,16.0,10.0,5.0,2.0,11.0,4.0,16.0,3.0,3.0,1.0,0.0,0.0
29/12/2020,Brighton,Arsenal,0.0,1.0,A,13.0,11.0,2.0,3.0,5.0,4.0,11.0,4.0,2.0,0.0,0.0,0.0
29/12/2020,Burnley,Sheffield United,1.0,0.0,H,5.0,7.0,3.0,3.0,3.0,5.0,13.0,17.0,1.0,2.0,0.0,0.0
29/12/2020,Southampton,West Ham,0.0,0.0,D,8.0,8.0,3.0,3.0,4.0,3.0,16.0,15.0,3.0,1.0,0.0,0.0
29/12/2020,West Brom,Leeds,0.0,5.0,A,4.0,14.0,1.0,6.0,3.0,10.0,7.0,10.0,0.0,1.0,0.0,0.0
29/12/2020,Man United,Wolves,1.0,0.0,H,11.0,9.0,3.0,5.0,2.0,2.0,11.0,7.0,1.0,1.0,0.0,0.0
30/12/2020,Newcastle,Liverpool,0.0,0.0,D,8.0,11.0,2.0,4.0,5.0,12.0,9.0,13.0,2.0,3.0,0.0,0.0
01/01/2021,Everton,West Ham,0.0,1.0,A,10.0,11.0,2.0,5.0,5.0,4.0,9.0,7.0,2.0,0.0,0.0,0.0
01/01/2021,Man United,Aston Villa,2.0,1.0,H,19.0,5.0,9.0,5.0,5.0,10.0,22.0,10.0,4.0,0.0,0.0,0.0
02/01/2021,Tottenham,Leeds,3.0,0.0,H,20.0,18.0,7.0,5.0,3.0,5.0,15.0,13.0,2.0,1.0,1.0,0.0
02/01/2021,Crystal Palace,Sheffield United,2.0,0.0,H,9.0,7.0,4.0,2.0,3.0,6.0,8.0,18.0,1.0,3.0,0.0,0.0
02/01/2021,Brighton,Wolves,3.0,3.0,D,13.0,11.0,4.0,4.0,5.0,8.0,13.0,8.0,2.0,1.0,0.0,0.0
02/01/2021,West Brom,Arsenal,0.0,4.0,A,7.0,21.0,3.0,12.0,3.0,5.0,7.0,4.0,1.0,2.0,0.0,0.0
03/01/2021,Newcastle,Leicester,1.0,2.0,A,8.0,9.0,2.0,3.0,3.0,6.0,10.0,11.0,0.0,2.0,0.0,0.0
03/01/2021,Chelsea,Man City,1.0,3.0,A,9.0,18.0,2.0,6.0,5.0,3.0,11.0,10.0,3.0,1.0,0.0,0.0
04/01/2021,Southampton,Liverpool,1.0,0.0,H,7.0,17.0,3.0,1.0,1.0,10.0,5.0,12.0,1.0,3.0,0.0,0.0
12/01/2021,Sheffield United,Newcastle,1.0,0.0,H,17.0,7.0,4.0,3.0,5.0,2.0,13.0,12.0,2.0,3.0,0.0,1.0
12/01/2021,Burnley,Man United,0.0,1.0,A,11.0,13.0,0.0,7.0,3.0,4.0,15.0,13.0,1.0,2.0,0.0,0.0
12/01/2021,Wolves,Everton,1.0,2.0,A,12.0,5.0,3.0,3.0,6.0,5.0,6.0,11.0,2.0,2.0,0.0,0.0
13/01/2021,Man City,Brighton,1.0,0.0,H,16.0,5.0,6.0,1.0,8.0,4.0,4.0,12.0,0.0,2.0,0.0,0.0
13/01/2021,Tottenham,Fulham,1.0,1.0,D,15.0,15.0,6.0,4.0,6.0,5.0,13.0,15.0,1.0,2.0,0.0,0.0
14/01/2021,Arsenal,Crystal Palace,0.0,0.0,D,11.0,12.0,4.0,2.0,7.0,3.0,10.0,11.0,1.0,1.0,0.0,0.0
16/01/2021,Wolves,West Brom,2.0,3.0,A,23.0,12.0,6.0,5.0,11.0,0.0,10.0,14.0,2.0,1.0,0.0,0.0
16/01/2021,Leeds,Brighton,0.0,1.0,A,7.0,7.0,2.0,2.0,5.0,2.0,8.0,9.0,1.0,1.0,0.0,0.0
16/01/2021,West Ham,Burnley,1.0,0.0,H,15.0,10.0,4.0,2.0,7.0,4.0,12.0,9.0,2.0,1.0,0.0,0.0
16/01/2021,Fulham,Chelsea,0.0,1.0,A,10.0,21.0,3.0,6.0,1.0,12.0,11.0,10.0,2.0,3.0,1.0,0.0
16/01/2021,Leicester,Southampton,2.0,0.0,H,16.0,8.0,5.0,3.0,2.0,5.0,10.0,11.0,2.0,2.0,0.0,0.0
17/01/2021,Sheffield United,Tottenham,1.0,3.0,A,15.0,14.0,5.0,5.0,5.0,7.0,13.0,4.0,4.0,0.0,0.0,0.0
17/01/2021,Liverpool,Man United,0.0,0.0,D,17.0,8.0,3.0,4.0,7.0,3.0,15.0,6.0,2.0,1.0,0.0,0.0
17/01/2021,Man City,Crystal Palace,4.0,0.0,H,13.0,2.0,6.0,0.0,11.0,1.0,9.0,8.0,0.0,0.0,0.0,0.0
18/01/2021,Arsenal,Newcastle,3.0,0.0,H,20.0,4.0,6.0,1.0,7.0,2.0,9.0,8.0,0.0,0.0,0.0,0.0
19/01/2021,West Ham,West Brom,2.0,1.0,H,14.0,6.0,6.0,2.0,3.0,1.0,10.0,10.0,0.0,1.0,0.0,0.0
19/01/2021,Leicester,Chelsea,2.0,0.0,H,8.0,9.0,6.0,5.0,6.0,3.0,7.0,16.0,1.0,3.0,0.0,0.0
20/01/2021,Man City,Aston Villa,2.0,0.0,H,28.0,11.0,9.0,4.0,16.0,2.0,10.0,9.0,0.0,2.0,0.0,0.0
20/01/2021,Fulham,Man United,1.0,2.0,A,12.0,15.0,5.0,5.0,2.0,8.0,6.0,10.0,3.0,1.0,0.0,0.0
21/01/2021,Liverpool,Burnley,0.0,1.0,A,27.0,6.0,6.0,4.0,12.0,0.0,11.0,8.0,2.0,1.0,0.0,0.0
23/01/2021,Aston Villa,Newcastle,2.0,0.0,H,14.0,7.0,5.0,1.0,5.0,4.0,9.0,18.0,0.0,3.0,0.0,0.0
26/01/2021,Crystal Palace,West Ham,2.0,3.0,A,6.0,17.0,3.0,7.0,3.0,4.0,9.0,8.0,0.0,0.0,0.0,0.0
26/01/2021,Newcastle,Leeds,1.0,2.0,A,22.0,9.0,5.0,2.0,9.0,5.0,10.0,15.0,1.0,3.0,0.0,0.0
26/01/2021,Southampton,Arsenal,1.0,3.0,A,13.0,9.0,5.0,5.0,4.0,5.0,11.0,6.0,1.0,2.0,0.0,0.0
26/01/2021,West Brom,Man City,0.0,5.0,A,4.0,18.0,1.0,7.0,3.0,8.0,8.0,8.0,2.0,0.0,0.0,0.0
27/01/2021,Burnley,Aston Villa,3.0,2.0,H,10.0,18.0,5.0,10.0,2.0,4.0,16.0,7.0,1.0,0.0,0.0,0.0
27/01/2021,Chelsea,Wolves,0.0,0.0,D,14.0,4.0,5.0,0.0,13.0,1.0,14.0,7.0,1.0,1.0,0.0,0.0
27/01/2021,Brighton,Fulham,0.0,0.0,D,16.0,10.0,5.0,3.0,10.0,0.0,10.0,14.0,2.0,1.0,0.0,0.0
27/01/2021,Everton,Leicester,1.0,1.0,D,8.0,19.0,2.0,6.0,5.0,11.0,12.0,10.0,1.0,1.0,0.0,0.0
27/01/2021,Man United,Sheffield United,1.0,2.0,A,16.0,5.0,4.0,3.0,7.0,2.0,10.0,12.0,1.0,1.0,0.0,0.0
28/01/2021,Tottenham,Liverpool,1.0,3.0,A,3.0,14.0,2.0,7.0,1.0,2.0,9.0,11.0,1.0,2.0,0.0,0.0
30/01/2021,Everton,Newcastle,0.0,2.0,A,11.0,13.0,3.0,3.0,7.0,12.0,13.0,6.0,3.0,4.0,0.0,0.0
30/01/2021,Crystal Palace,Wolves,1.0,0.0,H,11.0,6.0,2.0,4.0,1.0,6.0,7.0,10.0,1.0,2.0,0.0,0.0
30/01/2021,Man City,Sheffield United,1.0,0.0,H,10.0,4.0,5.0,1.0,10.0,0.0,7.0,10.0,0.0,3.0,0.0,0.0
30/01/2021,West Brom,Fulham,2.0,2.0,D,5.0,12.0,3.0,7.0,2.0,3.0,9.0,10.0,1.0,0.0,0.0,0.0
30/01/2021,Arsenal,Man United,0.0,0.0,D,17.0,14.0,3.0,3.0,4.0,7.0,9.0,16.0,1.0,3.0,0.0,0.0
30/01/2021,Southampton,Aston Villa,0.0,1.0,A,20.0,8.0,5.0,4.0,7.0,1.0,12.0,11.0,1.0,0.0,0.0,0.0
31/01/2021,Chelsea,Burnley,2.0,0.0,H,19.0,1.0,8.0,0.0,4.0,2.0,7.0,9.0,0.0,1.0,0.0,0.0
31/01/2021,Leicester,Leeds,1.0,3.0,A,18.0,8.0,8.0,7.0,6.0,4.0,17.0,16.0,0.0,3.0,0.0,0.0
31/01/2021,West Ham,Liverpool,1.0,3.0,A,8.0,14.0,2.0,5.0,6.0,5.0,7.0,8.0,2.0,0.0,0.0,0.0
31/01/2021,Brighton,Tottenham,1.0,0.0,H,16.0,8.0,5.0,4.0,9.0,2.0,11.0,11.0,2.0,1.0,0.0,0.0
02/02/2021,Sheffield United,West Brom,2.0,1.0,H,14.0,8.0,6.0,4.0,9.0,2.0,11.0,9.0,2.0,1.0,0.0,0.0
02/02/2021,Wolves,Arsenal,2.0,1.0,H,11.0,9.0,7.0,3.0,9.0,6.0,11.0,8.0,3.0,2.0,0.0,2.0
02/02/2021,Man United,Southampton,9.0,0.0,H,24.0,3.0,14.0,1.0,5.0,3.0,11.0,6.0,2.0,3.0,0.0,2.0
02/02/2021,Newcastle,Crystal Palace,1.0,2.0,A,21.0,6.0,5.0,3.0,9.0,1.0,14.0,11.0,1.0,3.0,0.0,0.0
03/02/2021,Burnley,Man City,0.0,2.0,A,2.0,17.0,0.0,6.0,1.0,3.0,8.0,5.0,2.0,1.0,0.0,0.0
03/02/2021,Fulham,Leicester,0.0,2.0,A,8.0,9.0,1.0,5.0,5.0,2.0,17.0,10.0,3.0,1.0,0.0,0.0
03/02/2021,Leeds,Everton,1.0,2.0,A,16.0,10.0,7.0,6.0,7.0,1.0,12.0,12.0,2.0,3.0,0.0,0.0
03/02/2021,Aston Villa,West Ham,1.0,3.0,A,9.0,20.0,2.0,10.0,7.0,3.0,11.0,15.0,1.0,1.0,0.0,0.0
03/02/2021,Liverpool,Brighton,0.0,1.0,A,11.0,13.0,1.0,4.0,6.0,3.0,12.0,6.0,1.0,0.0,0.0,0.0
04/02/2021,Tottenham,Chelsea,0.0,1.0,A,7.0,18.0,2.0,2.0,2.0,7.0,20.0,14.0,2.0,3.0,0.0,0.0
06/02/2021,Aston Villa,Arsenal,1.0,0.0,H,12.0,14.0,8.0,3.0,3.0,7.0,12.0,12.0,3.0,2.0,0.0,0.0
06/02/2021,Burnley,Brighton,1.0,1.0,D,20.0,10.0,7.0,2.0,8.0,7.0,8.0,10.0,2.0,0.0,0.0,0.0
06/02/2021,Newcastle,Southampton,3.0,2.0,H,6.0,14.0,4.0,5.0,0.0,7.0,11.0,14.0,2.0,1.0,1.0,0.0
06/02/2021,Fulham,West Ham,0.0,0.0,D,20.0,8.0,2.0,1.0,7.0,3.0,11.0,10.0,1.0,2.0,0.0,1.0
06/02/2021,Man United,Everton,3.0,3.0,D,14.0,6.0,5.0,3.0,5.0,1.0,14.0,10.0,2.0,1.0,0.0,0.0
07/02/2021,Tottenham,West Brom,2.0,0.0,H,13.0,4.0,6.0,1.0,8.0,0.0,16.0,12.0,1.0,2.0,0.0,0.0
07/02/2021,Wolves,Leicester,0.0,0.0,D,13.0,13.0,1.0,3.0,8.0,2.0,11.0,15.0,1.0,3.0,0.0,0.0
07/02/2021,Liverpool,Man City,1.0,4.0,A,8.0,8.0,3.0,5.0,6.0,1.0,13.0,8.0,2.0,1.0,0.0,0.0
07/02/2021,Sheffield United,Chelsea,1.0,2.0,A,8.0,9.0,3.0,3.0,1.0,8.0,8.0,8.0,1.0,0.0,0.0,0.0
08/02/2021,Leeds,Crystal Palace,2.0,0.0,H,17.0,8.0,7.0,3.0,5.0,3.0,7.0,8.0,0.0,2.0,0.0,0.0
13/02/2021,Leicester,Liverpool,3.0,1.0,H,11.0,15.0,6.0,4.0,2.0,12.0,9.0,6.0,1.0,2.0,0.0,0.0
13/02/2021,Crystal Palace,Burnley,0.0,3.0,A,13.0,16.0,3.0,4.0,7.0,4.0,15.0,14.0,0.0,0.0,0.0,0.0
13/02/2021,Man City,Tottenham,3.0,0.0,H,15.0,7.0,6.0,3.0,4.0,2.0,12.0,13.0,1.0,3.0,0.0,0.0
13/02/2021,Brighton,Aston Villa,0.0,0.0,D,26.0,4.0,9.0,1.0,9.0,2.0,16.0,12.0,2.0,3.0,0.0,0.0
14/02/2021,Southampton,Wolves,1.0,2.0,A,7.0,10.0,3.0,4.0,4.0,6.0,10.0,9.0,2.0,2.0,0.0,0.0
14/02/2021,West Brom,Man United,1.0,1.0,D,7.0,10.0,3.0,7.0,4.0,5.0,13.0,10.0,5.0,0.0,0.0,0.0
14/02/2021,Arsenal,Leeds,4.0,2.0,H,13.0,9.0,5.0,5.0,4.0,5.0,8.0,17.0,0.0,2.0,0.0,0.0
14/02/2021,Everton,Fulham,0.0,2.0,A,7.0,12.0,2.0,3.0,5.0,4.0,7.0,16.0,1.0,1.0,0.0,0.0
15/02/2021,West Ham,Sheffield United,3.0,0.0,H,13.0,8.0,9.0,5.0,7.0,7.0,11.0,12.0,0.0,2.0,0.0,0.0
15/02/2021,Chelsea,Newcastle,2.0,0.0,H,18.0,10.0,5.0,4.0,10.0,5.0,9.0,13.0,0.0,0.0,0.0,0.0
17/02/2021,Burnley,Fulham,1.0,1.0,D,8.0,8.0,3.0,3.0,5.0,5.0,7.0,13.0,1.0,1.0,0.0,0.0
17/02/2021,Everton,Man City,1.0,3.0,A,3.0,16.0,2.0,7.0,0.0,10.0,8.0,8.0,2.0,1.0,0.0,0.0
19/02/2021,Wolves,Leeds,1.0,0.0,H,15.0,18.0,5.0,7.0,7.0,9.0,13.0,8.0,1.0,0.0,0.0,0.0
20/02/2021,Southampton,Chelsea,1.0,1.0,D,4.0,9.0,1.0,3.0,3.0,6.0,10.0,10.0,1.0,1.0,0.0,0.0
20/02/2021,Burnley,West Brom,0.0,0.0,D,6.0,10.0,1.0,3.0,5.0,5.0,16.0,10.0,3.0,0.0,0.0,1.0
20/02/2021,Liverpool,Everton,0.0,2.0,A,15.0,9.0,6.0,6.0,7.0,2.0,10.0,10.0,2.0,1.0,0.0,0.0
20/02/2021,Fulham,Sheffield United,1.0,0.0,H,15.0,4.0,7.0,2.0,6.0,4.0,11.0,14.0,1.0,2.0,0.0,0.0
21/02/2021,West Ham,Tottenham,2.0,1.0,H,4.0,20.0,4.0,4.0,5.0,7.0,14.0,7.0,4.0,3.0,0.0,0.0
21/02/2021,Aston Villa,Leicester,1.0,2.0,A,11.0,16.0,2.0,7.0,7.0,8.0,11.0,12.0,2.0,1.0,0.0,0.0
21/02/2021,Arsenal,Man City,0.0,1.0,A,7.0,15.0,1.0,3.0,1.0,3.0,11.0,9.0,2.0,2.0,0.0,0.0
21/02/2021,Man United,Newcastle,3.0,1.0,H,15.0,10.0,7.0,6.0,6.0,4.0,9.0,11.0,1.0,2.0,0.0,0.0
22/02/2021,Brighton,Crystal Palace,1.0,2.0,A,25.0,3.0,5.0,2.0,13.0,0.0,11.0,6.0,2.0,0.0,0.0,0.0
23/02/2021,Leeds,Southampton,3.0,0.0,H,11.0,13.0,7.0,5.0,2.0,4.0,11.0,13.0,1.0,2.0,0.0,0.0
27/02/2021,Man City,West Ham,2.0,1.0,H,10.0,9.0,3.0,3.0,4.0,2.0,8.0,11.0,1.0,1.0,0.0,0.0
27/02/2021,West Brom,Brighton,1.0,0.0,H,6.0,15.0,2.0,6.0,7.0,4.0,11.0,12.0,0.0,0.0,0.0,0.0
27/02/2021,Leeds,Aston Villa,0.0,1.0,A,13.0,9.0,3.0,4.0,7.0,5.0,14.0,14.0,3.0,2.0,0.0,0.0
27/02/2021,Newcastle,Wolves,1.0,1.0,D,19.0,14.0,7.0,4.0,3.0,5.0,11.0,13.0,2.0,0.0,0.0,0.0
28/02/2021,Crystal Palace,Fulham,0.0,0.0,D,3.0,16.0,0.0,4.0,1.0,3.0,10.0,14.0,1.0,1.0,0.0,0.0
28/02/2021,Leicester,Arsenal,1.0,3.0,A,8.0,12.0,3.0,4.0,2.0,7.0,15.0,3.0,2.0,1.0,0.0,0.0
28/02/2021,Tottenham,Burnley,4.0,0.0,H,16.0,10.0,7.0,3.0,3.0,4.0,6.0,10.0,0.0,0.0,0.0,0.0
28/02/2021,Chelsea,Man United,0.0,0.0,D,18.0,11.0,6.0,4.0,3.0,4.0,11.0,12.0,1.0,2.0,0.0,0.0
28/02/2021,Sheffield United,Liverpool,0.0,2.0,A,8.0,16.0,2.0,8.0,4.0,3.0,9.0,9.0,0.0,0.0,0.0,0.0
01/03/2021,Everton,Southampton,1.0,0.0,H,7.0,9.0,1.0,1.0,4.0,10.0,13.0,9.0,0.0,2.0,0.0,0.0
02/03/2021,Man City,Wolves,4.0,1.0,H,22.0,6.0,10.0,1.0,10.0,2.0,9.0,5.0,0.0,1.0,0.0,0.0
03/03/2021,Burnley,Leicester,1.0,1.0,D,12.0,15.0,7.0,4.0,5.0,8.0,6.0,12.0,0.0,2.0,0.0,0.0
03/03/2021,Sheffield United,Aston Villa,1.0,0.0,H,9.0,16.0,2.0,4.0,2.0,7.0,13.0,6.0,1.0,0.0,1.0,0.0
03/03/2021,Crystal Palace,Man United,0.0,0.0,D,8.0,11.0,2.0,1.0,4.0,6.0,4.0,13.0,1.0,0.0,0.0,0.0
04/03/2021,Fulham,Tottenham,0.0,1.0,A,11.0,9.0,3.0,2.0,4.0,1.0,13.0,9.0,2.0,1.0,0.0,0.0
04/03/2021,West Brom,Everton,0.0,1.0,A,11.0,11.0,3.0,3.0,3.0,3.0,9.0,7.0,3.0,1.0,0.0,0.0
04/03/2021,Liverpool,Chelsea,0.0,1.0,A,7.0,11.0,1.0,5.0,5.0,2.0,9.0,8.0,0.0,0.0,0.0,0.0
06/03/2021,Burnley,Arsenal,1.0,1.0,D,9.0,15.0,5.0,3.0,2.0,4.0,5.0,12.0,1.0,1.0,0.0,0.0
06/03/2021,Sheffield United,Southampton,0.0,2.0,A,8.0,15.0,2.0,5.0,7.0,3.0,17.0,11.0,4.0,3.0,0.0,0.0
06/03/2021,Aston Villa,Wolves,0.0,0.0,D,9.0,10.0,1.0,2.0,5.0,3.0,13.0,13.0,1.0,0.0,0.0,0.0
06/03/2021,Brighton,Leicester,1.0,2.0,A,7.0,8.0,2.0,4.0,6.0,6.0,14.0,8.0,0.0,1.0,0.0,0.0
07/03/2021,West Brom,Newcastle,0.0,0.0,D,13.0,9.0,3.0,5.0,9.0,7.0,11.0,10.0,0.0,0.0,0.0,0.0
07/03/2021,Liverpool,Fulham,0.0,1.0,A,16.0,10.0,3.0,3.0,9.0,4.0,10.0,8.0,2.0,3.0,0.0,0.0
07/03/2021,Man City,Man United,0.0,2.0,A,23.0,8.0,6.0,6.0,6.0,2.0,9.0,12.0,0.0,3.0,0.0,0.0
07/03/2021,Tottenham,Crystal Palace,4.0,1.0,H,12.0,5.0,5.0,1.0,1.0,5.0,8.0,17.0,2.0,3.0,0.0,0.0
08/03/2021,Chelsea,Everton,2.0,0.0,H,19.0,7.0,9.0,1.0,7.0,3.0,11.0,12.0,0.0,3.0,0.0,0.0
08/03/2021,West Ham,Leeds,2.0,0.0,H,16.0,17.0,5.0,2.0,6.0,6.0,9.0,9.0,1.0,1.0,0.0,0.0
10/03/2021,Man City,Southampton,5.0,2.0,H,17.0,11.0,10.0,6.0,5.0,5.0,6.0,4.0,1.0,0.0,0.0,0.0
12/03/2021,Newcastle,Aston Villa,1.0,1.0,D,12.0,15.0,3.0,6.0,2.0,2.0,10.0,10.0,2.0,3.0,0.0,0.0
13/03/2021,Leeds,Chelsea,0.0,0.0,D,7.0,15.0,4.0,8.0,8.0,5.0,16.0,6.0,3.0,0.0,0.0,0.0
13/03/2021,Crystal Palace,West Brom,1.0,0.0,H,6.0,12.0,4.0,1.0,3.0,2.0,16.0,15.0,3.0,1.0,0.0,0.0
13/03/2021,Everton,Burnley,1.0,2.0,A,14.0,14.0,4.0,5.0,7.0,4.0,9.0,6.0,0.0,4.0,0.0,0.0
13/03/2021,Fulham,Man City,0.0,3.0,A,3.0,8.0,0.0,7.0,4.0,2.0,14.0,13.0,0.0,0.0,0.0,0.0
14/03/2021,Southampton,Brighton,1.0,2.0,A,9.0,8.0,4.0,6.0,4.0,5.0,11.0,10.0,0.0,0.0,0.0,0.0
14/03/2021,Leicester,Sheffield United,5.0,0.0,H,19.0,1.0,10.0,0.0,9.0,1.0,10.0,9.0,0.0,2.0,0.0,0.0
14/03/2021,Arsenal,Tottenham,2.0,1.0,H,13.0,6.0,3.0,3.0,6.0,3.0,12.0,14.0,1.0,2.0,0.0,1.0
14/03/2021,Man United,West Ham,1.0,0.0,H,15.0,7.0,4.0,0.0,6.0,3.0,12.0,2.0,4.0,0.0,0.0,0.0
15/03/2021,Wolves,Liverpool,0.0,1.0,A,10.0,12.0,5.0,4.0,3.0,2.0,17.0,10.0,2.0,1.0,0.0,0.0
19/03/2021,Fulham,Leeds,1.0,2.0,A,13.0,13.0,6.0,4.0,13.0,7.0,13.0,12.0,2.0,2.0,0.0,0.0
20/03/2021,Brighton,Newcastle,3.0,0.0,H,11.0,3.0,6.0,1.0,3.0,1.0,12.0,5.0,0.0,1.0,0.0,0.0
21/03/2021,West Ham,Arsenal,3.0,3.0,D,15.0,16.0,5.0,7.0,3.0,5.0,18.0,8.0,3.0,1.0,0.0,0.0
21/03/2021,Aston Villa,Tottenham,0.0,2.0,A,8.0,9.0,1.0,3.0,5.0,8.0,18.0,13.0,3.0,2.0,0.0,0.0
03/04/2021,Chelsea,West Brom,2.0,5.0,A,18.0,14.0,8.0,7.0,10.0,3.0,11.0,6.0,1.0,1.0,1.0,0.0
03/04/2021,Leeds,Sheffield United,2.0,1.0,H,23.0,9.0,8.0,1.0,5.0,7.0,12.0,13.0,1.0,2.0,0.0,0.0
03/04/2021,Leicester,Man City,0.0,2.0,A,5.0,11.0,2.0,4.0,1.0,1.0,13.0,12.0,2.0,3.0,0.0,0.0
03/04/2021,Arsenal,Liverpool,0.0,3.0,A,3.0,16.0,2.0,7.0,1.0,2.0,10.0,10.0,1.0,1.0,0.0,0.0
04/04/2021,Southampton,Burnley,3.0,2.0,H,24.0,7.0,9.0,5.0,6.0,7.0,11.0,10.0,0.0,0.0,0.0,0.0
04/04/2021,Newcastle,Tottenham,2.0,2.0,D,22.0,11.0,6.0,5.0,7.0,3.0,13.0,14.0,3.0,2.0,0.0,0.0
04/04/2021,Aston Villa,Fulham,3.0,1.0,H,14.0,15.0,4.0,7.0,4.0,4.0,14.0,20.0,1.0,2.0,0.0,0.0
04/04/2021,Man United,Brighton,2.0,1.0,H,15.0,5.0,7.0,3.0,5.0,6.0,14.0,7.0,2.0,2.0,0.0,0.0
05/04/2021,Everton,Crystal Palace,1.0,1.0,D,15.0,13.0,7.0,6.0,3.0,4.0,10.0,10.0,2.0,0.0,0.0,0.0
05/04/2021,Wolves,West Ham,2.0,3.0,A,20.0,9.0,5.0,6.0,4.0,2.0,9.0,9.0,1.0,4.0,0.0,0.0
09/04/2021,Fulham,Wolves,0.0,1.0,A,14.0,7.0,3.0,3.0,3.0,4.0,11.0,8.0,0.0,0.0,0.0,0.0
10/04/2021,Man City,Leeds,1.0,2.0,A,29.0,2.0,7.0,2.0,9.0,3.0,12.0,15.0,3.0,1.0,0.0,1.0
10/04/2021,Liverpool,Aston Villa,2.0,1.0,H,23.0,9.0,10.0,5.0,7.0,0.0,16.0,11.0,2.0,4.0,0.0,0.0
10/04/2021,Crystal Palace,Chelsea,1.0,4.0,A,1.0,23.0,1.0,10.0,0.0,8.0,7.0,12.0,1.0,0.0,0.0,0.0
11/04/2021,Burnley,Newcastle,1.0,2.0,A,24.0,10.0,4.0,5.0,13.0,3.0,11.0,12.0,1.0,0.0,0.0,0.0
11/04/2021,West Ham,Leicester,3.0,2.0,H,4.0,15.0,4.0,5.0,1.0,9.0,7.0,13.0,3.0,3.0,0.0,0.0
11/04/2021,Tottenham,Man United,1.0,3.0,A,12.0,12.0,3.0,7.0,7.0,5.0,11.0,15.0,1.0,5.0,0.0,0.0
11/04/2021,Sheffield United,Arsenal,0.0,3.0,A,7.0,14.0,2.0,5.0,2.0,4.0,9.0,6.0,1.0,1.0,0.0,0.0
12/04/2021,West Brom,Southampton,3.0,0.0,H,15.0,14.0,6.0,4.0,5.0,10.0,12.0,11.0,0.0,1.0,0.0,0.0
12/04/2021,Brighton,Everton,0.0,0.0,D,23.0,8.0,3.0,1.0,10.0,3.0,12.0,7.0,1.0,2.0,0.0,0.0
16/04/2021,Everton,Tottenham,2.0,2.0,D,18.0,12.0,7.0,3.0,6.0,3.0,8.0,8.0,1.0,1.0,0.0,0.0
17/04/2021,Newcastle,West Ham,3.0,2.0,H,16.0,16.0,8.0,6.0,3.0,8.0,9.0,7.0,2.0,0.0,0.0,1.0
17/04/2021,Wolves,Sheffield United,1.0,0.0,H,10.0,8.0,5.0,2.0,3.0,3.0,8.0,15.0,1.0,2.0,0.0,0.0
18/04/2021,Arsenal,Fulham,1.0,1.0,D,18.0,3.0,5.0,1.0,11.0,1.0,9.0,11.0,0.0,3.0,0.0,0.0
18/04/2021,Man United,Burnley,3.0,1.0,H,17.0,10.0,9.0,3.0,8.0,3.0,9.0,12.0,1.0,2.0,0.0,0.0
19/04/2021,Leeds,Liverpool,1.0,1.0,D,12.0,17.0,5.0,7.0,10.0,8.0,17.0,15.0,2.0,1.0,0.0,0.0
20/04/2021,Chelsea,Brighton,0.0,0.0,D,7.0,11.0,4.0,2.0,0.0,3.0,8.0,9.0,2.0,0.0,0.0,1.0
21/04/2021,Tottenham,Southampton,2.0,1.0,H,12.0,10.0,3.0,5.0,5.0,5.0,10.0,14.0,2.0,1.0,0.0,0.0
21/04/2021,Aston Villa,Man City,1.0,2.0,A,8.0,13.0,3.0,3.0,1.0,11.0,12.0,7.0,0.0,1.0,1.0,1.0
22/04/2021,Leicester,West Brom,3.0,0.0,H,17.0,4.0,7.0,1.0,7.0,3.0,13.0,12.0,0.0,2.0,0.0,0.0
23/04/2021,Arsenal,Everton,0.0,1.0,A,14.0,8.0,3.0,1.0,7.0,3.0,13.0,10.0,1.0,3.0,0.0,0.0
24/04/2021,Liverpool,Newcastle,1.0,1.0,D,22.0,7.0,9.0,4.0,6.0,3.0,9.0,7.0,2.0,1.0,0.0,0.0
24/04/2021,West Ham,Chelsea,0.0,1.0,A,9.0,17.0,2.0,6.0,4.0,2.0,9.0,11.0,0.0,4.0,1.0,0.0
24/04/2021,Sheffield United,Brighton,1.0,0.0,H,7.0,17.0,3.0,4.0,2.0,12.0,13.0,7.0,3.0,0.0,0.0,0.0
25/04/2021,Wolves,Burnley,0.0,4.0,A,12.0,14.0,2.0,7.0,8.0,5.0,8.0,9.0,1.0,2.0,0.0,0.0
25/04/2021,Leeds,Man United,0.0,0.0,D,6.0,16.0,3.0,4.0,2.0,6.0,21.0,11.0,4.0,1.0,0.0,0.0
25/04/2021,Aston Villa,West Brom,2.0,2.0,D,24.0,10.0,11.0,4.0,11.0,4.0,14.0,9.0,0.0,2.0,0.0,0.0
26/04/2021,Leicester,Crystal Palace,2.0,1.0,H,13.0,4.0,5.0,2.0,7.0,2.0,13.0,12.0,0.0,1.0,0.0,0.0
30/04/2021,Southampton,Leicester,1.0,1.0,D,5.0,23.0,3.0,9.0,0.0,10.0,9.0,13.0,1.0,0.0,1.0,0.0
01/05/2021,Crystal Palace,Man City,0.0,2.0,A,9.0,20.0,4.0,3.0,2.0,6.0,9.0,10.0,2.0,0.0,0.0,0.0
01/05/2021,Brighton,Leeds,2.0,0.0,H,17.0,11.0,5.0,2.0,2.0,9.0,17.0,6.0,1.0,1.0,0.0,0.0
01/05/2021,Chelsea,Fulham,2.0,0.0,H,9.0,10.0,5.0,3.0,1.0,8.0,15.0,8.0,1.0,1.0,0.0,0.0
01/05/2021,Everton,Aston Villa,1.0,2.0,A,16.0,13.0,3.0,5.0,3.0,6.0,10.0,13.0,0.0,2.0,0.0,0.0
02/05/2021,Newcastle,Arsenal,0.0,2.0,A,5.0,19.0,1.0,5.0,3.0,7.0,10.0,9.0,2.0,1.0,1.0,0.0
02/05/2021,Tottenham,Sheffield United,4.0,0.0,H,20.0,8.0,11.0,1.0,6.0,6.0,8.0,9.0,1.0,1.0,0.0,0.0
03/05/2021,West Brom,Wolves,1.0,1.0,D,10.0,20.0,4.0,10.0,5.0,6.0,17.0,11.0,2.0,0.0,0.0,0.0
03/05/2021,Burnley,West Ham,1.0,2.0,A,8.0,22.0,3.0,4.0,5.0,4.0,4.0,8.0,2.0,1.0,0.0,0.0
07/05/2021,Leicester,Newcastle,2.0,4.0,A,25.0,14.0,9.0,6.0,9.0,6.0,12.0,9.0,1.0,1.0,0.0,0.0
08/05/2021,Leeds,Tottenham,3.0,1.0,H,16.0,11.0,7.0,3.0,8.0,6.0,12.0,10.0,1.0,2.0,0.0,0.0
08/05/2021,Sheffield United,Crystal Palace,0.0,2.0,A,7.0,21.0,0.0,8.0,5.0,11.0,11.0,8.0,1.0,1.0,0.0,0.0
08/05/2021,Man City,Chelsea,1.0,2.0,A,16.0,12.0,4.0,5.0,6.0,2.0,12.0,10.0,2.0,0.0,0.0,0.0
08/05/2021,Liverpool,Southampton,2.0,0.0,H,14.0,12.0,6.0,6.0,8.0,4.0,10.0,6.0,0.0,1.0,0.0,0.0
09/05/2021,Wolves,Brighton,2.0,1.0,H,16.0,5.0,6.0,3.0,10.0,5.0,12.0,7.0,2.0,2.0,0.0,2.0
09/05/2021,Aston Villa,Man United,1.0,3.0,A,11.0,18.0,5.0,7.0,5.0,6.0,13.0,18.0,1.0,1.0,1.0,0.0
09/05/2021,West Ham,Everton,0.0,1.0,A,11.0,9.0,0.0,3.0,5.0,6.0,8.0,10.0,2.0,1.0,0.0,0.0
09/05/2021,Arsenal,West Brom,3.0,1.0,H,15.0,12.0,7.0,1.0,6.0,6.0,7.0,9.0,1.0,2.0,0.0,0.0
10/05/2021,Fulham,Burnley,0.0,2.0,A,21.0,14.0,3.0,5.0,8.0,4.0,11.0,10.0,2.0,0.0,0.0,0.0
11/05/2021,Man United,Leicester,1.0,2.0,A,4.0,12.0,1.0,3.0,3.0,4.0,9.0,12.0,0.0,0.0,0.0,0.0
11/05/2021,Southampton,Crystal Palace,3.0,1.0,H,13.0,11.0,6.0,4.0,12.0,8.0,20.0,13.0,2.0,3.0,0.0,0.0
12/05/2021,Chelsea,Arsenal,0.0,1.0,A,19.0,5.0,5.0,2.0,9.0,1.0,7.0,6.0,0.0,1.0,0.0,0.0
13/05/2021,Aston Villa,Everton,0.0,0.0,D,13.0,15.0,2.0,5.0,9.0,1.0,9.0,12.0,2.0,0.0,0.0,0.0
13/05/2021,Man United,Liverpool,2.0,4.0,A,18.0,17.0,3.0,8.0,6.0,4.0,10.0,12.0,3.0,0.0,0.0,0.0
14/05/2021,Newcastle,Man City,3.0,4.0,A,11.0,15.0,5.0,6.0,4.0,5.0,11.0,10.0,2.0,2.0,0.0,0.0
15/05/2021,Burnley,Leeds,0.0,4.0,A,16.0,16.0,4.0,6.0,6.0,8.0,10.0,10.0,1.0,1.0,0.0,0.0
15/05/2021,Southampton,Fulham,3.0,1.0,H,11.0,10.0,7.0,3.0,6.0,5.0,9.0,15.0,0.0,1.0,0.0,0.0
15/05/2021,Brighton,West Ham,1.0,1.0,D,10.0,15.0,2.0,3.0,3.0,3.0,7.0,5.0,1.0,1.0,0.0,0.0
16/05/2021,Crystal Palace,Aston Villa,3.0,2.0,H,23.0,19.0,8.0,5.0,7.0,7.0,23.0,13.0,3.0,2.0,0.0,0.0
16/05/2021,Tottenham,Wolves,2.0,0.0,H,24.0,15.0,13.0,3.0,10.0,3.0,8.0,11.0,1.0,0.0,0.0,0.0
16/05/2021,West Brom,Liverpool,1.0,2.0,A,10.0,26.0,3.0,6.0,9.0,13.0,7.0,14.0,0.0,0.0,0.0,0.0
16/05/2021,Everton,Sheffield United,0.0,1.0,A,16.0,10.0,6.0,3.0,11.0,4.0,8.0,12.0,1.0,3.0,0.0,0.0
18/05/2021,Man United,Fulham,1.0,1.0,D,13.0,8.0,6.0,5.0,6.0,1.0,10.0,15.0,2.0,3.0,0.0,0.0
18/05/2021,Southampton,Leeds,0.0,2.0,A,18.0,15.0,3.0,7.0,4.0,5.0,10.0,12.0,0.0,3.0,0.0,0.0
18/05/2021,Brighton,Man City,3.0,2.0,H,19.0,8.0,6.0,4.0,5.0,3.0,13.0,11.0,3.0,3.0,0.0,1.0
18/05/2021,Chelsea,Leicester,2.0,1.0,H,17.0,7.0,6.0,3.0,6.0,5.0,15.0,16.0,2.0,4.0,0.0,0.0
19/05/2021,Everton,Wolves,1.0,0.0,H,14.0,9.0,4.0,3.0,7.0,12.0,11.0,11.0,0.0,2.0,0.0,0.0
19/05/2021,Newcastle,Sheffield United,1.0,0.0,H,16.0,11.0,5.0,1.0,5.0,2.0,7.0,7.0,0.0,2.0,0.0,0.0
19/05/2021,Tottenham,Aston Villa,1.0,2.0,A,10.0,20.0,4.0,4.0,4.0,5.0,14.0,13.0,1.0,1.0,0.0,0.0
19/05/2021,Crystal Palace,Arsenal,1.0,3.0,A,12.0,6.0,6.0,3.0,6.0,7.0,7.0,7.0,2.0,1.0,0.0,0.0
19/05/2021,Burnley,Liverpool,0.0,3.0,A,10.0,20.0,4.0,3.0,6.0,7.0,10.0,7.0,0.0,0.0,0.0,0.0
19/05/2021,West Brom,West Ham,1.0,3.0,A,14.0,21.0,4.0,9.0,6.0,8.0,8.0,11.0,2.0,2.0,0.0,0.0
23/05/2021,Arsenal,Brighton,2.0,0.0,H,16.0,5.0,5.0,1.0,11.0,3.0,10.0,8.0,0.0,0.0,0.0,0.0
23/05/2021,Aston Villa,Chelsea,2.0,1.0,H,6.0,23.0,3.0,7.0,2.0,9.0,11.0,12.0,3.0,3.0,0.0,1.0
23/05/2021,Fulham,Newcastle,0.0,2.0,A,14.0,10.0,0.0,4.0,5.0,4.0,12.0,6.0,1.0,0.0,0.0,0.0
23/05/2021,Leeds,West Brom,3.0,1.0,H,17.0,14.0,9.0,5.0,8.0,3.0,12.0,12.0,2.0,1.0,0.0,0.0
23/05/2021,Leicester,Tottenham,2.0,4.0,A,10.0,11.0,6.0,4.0,8.0,7.0,9.0,8.0,0.0,2.0,0.0,0.0
23/05/2021,Liverpool,Crystal Palace,2.0,0.0,H,19.0,5.0,5.0,4.0,14.0,1.0,10.0,8.0,2.0,2.0,0.0,0.0
23/05/2021,Man City,Everton,5.0,0.0,H,21.0,8.0,11.0,3.0,7.0,5.0,8.0,10.0,2.0,2.0,0.0,0.0
23/05/2021,Sheffield United,Burnley,1.0,0.0,H,12.0,10.0,3.0,3.0,8.0,9.0,11.0,1.0,3.0,1.0,0.0,0.0
23/05/2021,West Ham,Southampton,3.0,0.0,H,14.0,17.0,7.0,5.0,2.0,3.0,5.0,9.0,0.0,3.0,0.0,0.0
23/05/2021,Wolves,Man United,1.0,2.0,A,14.0,9.0,4.0,4.0,6.0,2.0,14.0,3.0,4.0,1.0,0.0,0.0
13/08/2021,Brentford,Arsenal,2.0,0.0,H,8.0,22.0,3.0,4.0,2.0,5.0,12.0,8.0,0.0,0.0,0.0,0.0
14/08/2021,Man United,Leeds,5.0,1.0,H,16.0,10.0,8.0,3.0,5.0,4.0,11.0,9.0,1.0,2.0,0.0,0.0
14/08/2021,Burnley,Brighton,1.0,2.0,A,14.0,14.0,3.0,8.0,7.0,6.0,10.0,7.0,2.0,1.0,0.0,0.0
14/08/2021,Chelsea,Crystal Palace,3.0,0.0,H,13.0,4.0,6.0,1.0,5.0,2.0,15.0,11.0,0.0,0.0,0.0,0.0
14/08/2021,Everton,Southampton,3.0,1.0,H,14.0,6.0,6.0,3.0,6.0,8.0,13.0,15.0,2.0,0.0,0.0,0.0
14/08/2021,Leicester,Wolves,1.0,0.0,H,9.0,17.0,5.0,3.0,5.0,4.0,6.0,10.0,1.0,2.0,0.0,0.0
14/08/2021,Watford,Aston Villa,3.0,2.0,H,13.0,11.0,7.0,2.0,2.0,4.0,18.0,13.0,3.0,1.0,0.0,0.0
14/08/2021,Norwich,Liverpool,0.0,3.0,A,14.0,19.0,3.0,8.0,3.0,11.0,4.0,14.0,1.0,1.0,0.0,0.0
15/08/2021,Newcastle,West Ham,2.0,4.0,A,17.0,8.0,3.0,9.0,7.0,6.0,4.0,3.0,1.0,0.0,0.0,0.0
15/08/2021,Tottenham,Man City,1.0,0.0,H,13.0,18.0,3.0,4.0,3.0,11.0,11.0,8.0,2.0,1.0,0.0,0.0
21/08/2021,Liverpool,Burnley,2.0,0.0,H,27.0,9.0,9.0,3.0,8.0,4.0,6.0,12.0,0.0,0.0,0.0,0.0
21/08/2021,Aston Villa,Newcastle,2.0,0.0,H,10.0,9.0,2.0,1.0,3.0,4.0,8.0,18.0,3.0,4.0,0.0,0.0
21/08/2021,Crystal Palace,Brentford,0.0,0.0,D,7.0,14.0,2.0,3.0,3.0,5.0,12.0,9.0,3.0,1.0,0.0,0.0
21/08/2021,Leeds,Everton,2.0,2.0,D,17.0,17.0,4.0,8.0,8.0,5.0,6.0,13.0,2.0,4.0,0.0,0.0
21/08/2021,Man City,Norwich,5.0,0.0,H,16.0,1.0,4.0,0.0,6.0,1.0,13.0,7.0,1.0,0.0,0.0,0.0
21/08/2021,Brighton,Watford,2.0,0.0,H,13.0,10.0,3.0,1.0,7.0,2.0,11.0,6.0,4.0,0.0,0.0,0.0
22/08/2021,Southampton,Man United,1.0,1.0,D,8.0,15.0,3.0,4.0,7.0,7.0,12.0,10.0,2.0,3.0,0.0,0.0
22/08/2021,Wolves,Tottenham,0.0,1.0,A,25.0,8.0,6.0,6.0,5.0,4.0,9.0,7.0,1.0,4.0,0.0,0.0
22/08/2021,Arsenal,Chelsea,0.0,2.0,A,6.0,22.0,3.0,5.0,9.0,8.0,10.0,4.0,3.0,0.0,0.0,0.0
23/08/2021,West Ham,Leicester,4.0,1.0,H,13.0,5.0,7.0,1.0,10.0,0.0,8.0,8.0,0.0,1.0,0.0,1.0
28/08/2021,Man City,Arsenal,5.0,0.0,H,25.0,1.0,10.0,0.0,14.0,0.0,5.0,7.0,1.0,2.0,0.0,1.0
28/08/2021,Aston Villa,Brentford,1.0,1.0,D,7.0,9.0,5.0,2.0,3.0,2.0,15.0,14.0,3.0,3.0,0.0,0.0
28/08/2021,Brighton,Everton,0.0,2.0,A,14.0,14.0,3.0,5.0,4.0,5.0,7.0,9.0,1.0,2.0,0.0,0.0
28/08/2021,Newcastle,Southampton,2.0,2.0,D,10.0,22.0,5.0,6.0,4.0,4.0,11.0,6.0,3.0,3.0,0.0,0.0
28/08/2021,Norwich,Leicester,1.0,2.0,A,14.0,9.0,4.0,3.0,9.0,9.0,8.0,9.0,2.0,1.0,0.0,0.0
28/08/2021,West Ham,Crystal Palace,2.0,2.0,D,14.0,9.0,4.0,2.0,5.0,3.0,10.0,7.0,1.0,0.0,0.0,0.0
28/08/2021,Liverpool,Chelsea,1.0,1.0,D,24.0,6.0,7.0,3.0,12.0,3.0,13.0,4.0,0.0,2.0,0.0,1.0
29/08/2021,Burnley,Leeds,1.0,1.0,D,12.0,12.0,3.0,2.0,5.0,5.0,13.0,9.0,4.0,3.0,0.0,0.0
29/08/2021,Tottenham,Watford,1.0,0.0,H,15.0,9.0,8.0,2.0,10.0,3.0,8.0,14.0,3.0,3.0,0.0,0.0
29/08/2021,Wolves,Man United,0.0,1.0,A,15.0,10.0,6.0,3.0,5.0,7.0,7.0,9.0,3.0,4.0,0.0,0.0
11/09/2021,Crystal Palace,Tottenham,3.0,0.0,H,18.0,2.0,4.0,1.0,8.0,2.0,13.0,15.0,2.0,1.0,0.0,1.0
11/09/2021,Arsenal,Norwich,1.0,0.0,H,30.0,10.0,7.0,1.0,8.0,4.0,9.0,11.0,1.0,2.0,0.0,0.0
11/09/2021,Brentford,Brighton,0.0,1.0,A,7.0,4.0,1.0,2.0,1.0,6.0,9.0,12.0,3.0,2.0,0.0,0.0
11/09/2021,Leicester,Man City,0.0,1.0,A,6.0,25.0,1.0,8.0,5.0,8.0,4.0,11.0,1.0,2.0,0.0,0.0
11/09/2021,Man United,Newcastle,4.0,1.0,H,21.0,12.0,7.0,3.0,7.0,3.0,9.0,2.0,1.0,0.0,0.0,0.0
11/09/2021,Southampton,West Ham,0.0,0.0,D,11.0,13.0,3.0,3.0,5.0,4.0,10.0,12.0,3.0,1.0,0.0,1.0
11/09/2021,Watford,Wolves,0.0,2.0,A,6.0,14.0,2.0,5.0,6.0,8.0,15.0,13.0,3.0,3.0,0.0,0.0
11/09/2021,Chelsea,Aston Villa,3.0,0.0,H,12.0,18.0,4.0,6.0,4.0,11.0,11.0,11.0,1.0,4.0,0.0,0.0
12/09/2021,Leeds,Liverpool,0.0,3.0,A,9.0,30.0,4.0,9.0,2.0,11.0,9.0,8.0,2.0,1.0,1.0,0.0
13/09/2021,Everton,Burnley,3.0,1.0,H,14.0,11.0,6.0,6.0,4.0,6.0,3.0,6.0,1.0,1.0,0.0,0.0
17/09/2021,Newcastle,Leeds,1.0,1.0,D,17.0,22.0,7.0,9.0,4.0,5.0,9.0,11.0,2.0,2.0,0.0,0.0
18/09/2021,Wolves,Brentford,0.0,2.0,A,11.0,9.0,0.0,3.0,4.0,2.0,10.0,7.0,4.0,2.0,0.0,1.0
18/09/2021,Burnley,Arsenal,0.0,1.0,A,18.0,13.0,3.0,3.0,8.0,3.0,9.0,8.0,2.0,1.0,0.0,0.0
18/09/2021,Liverpool,Crystal Palace,3.0,0.0,H,25.0,13.0,10.0,2.0,10.0,5.0,17.0,11.0,3.0,1.0,0.0,0.0
18/09/2021,Man City,Southampton,0.0,0.0,D,18.0,10.0,1.0,2.0,8.0,5.0,5.0,12.0,0.0,2.0,0.0,0.0
18/09/2021,Norwich,Watford,1.0,3.0,A,12.0,12.0,5.0,8.0,4.0,8.0,10.0,14.0,1.0,1.0,0.0,0.0
18/09/2021,Aston Villa,Everton,3.0,0.0,H,15.0,11.0,3.0,1.0,5.0,4.0,7.0,10.0,1.0,1.0,0.0,0.0
19/09/2021,Brighton,Leicester,2.0,1.0,H,12.0,14.0,5.0,3.0,4.0,9.0,8.0,10.0,2.0,1.0,0.0,0.0
19/09/2021,West Ham,Man United,1.0,2.0,A,13.0,17.0,4.0,10.0,2.0,11.0,5.0,8.0,0.0,0.0,0.0,0.0
19/09/2021,Tottenham,Chelsea,0.0,3.0,A,8.0,20.0,2.0,10.0,5.0,11.0,4.0,15.0,0.0,1.0,0.0,0.0
25/09/2021,Chelsea,Man City,0.0,1.0,A,5.0,15.0,0.0,4.0,4.0,13.0,12.0,10.0,3.0,2.0,0.0,0.0
25/09/2021,Man United,Aston Villa,0.0,1.0,A,28.0,7.0,4.0,3.0,5.0,5.0,9.0,13.0,2.0,2.0,0.0,0.0
25/09/2021,Everton,Norwich,2.0,0.0,H,11.0,10.0,4.0,2.0,6.0,4.0,12.0,9.0,2.0,3.0,0.0,0.0
25/09/2021,Leeds,West Ham,1.0,2.0,A,15.0,20.0,5.0,7.0,5.0,7.0,10.0,6.0,3.0,2.0,0.0,0.0
25/09/2021,Leicester,Burnley,2.0,2.0,D,22.0,9.0,5.0,3.0,8.0,4.0,10.0,8.0,2.0,4.0,0.0,0.0
25/09/2021,Watford,Newcastle,1.0,1.0,D,15.0,20.0,4.0,6.0,5.0,6.0,19.0,12.0,4.0,3.0,0.0,0.0
25/09/2021,Brentford,Liverpool,3.0,3.0,D,12.0,16.0,4.0,6.0,2.0,11.0,8.0,7.0,1.0,1.0,0.0,0.0
26/09/2021,Southampton,Wolves,0.0,1.0,A,18.0,5.0,6.0,3.0,5.0,5.0,12.0,8.0,0.0,0.0,0.0,0.0
26/09/2021,Arsenal,Tottenham,3.0,1.0,H,12.0,10.0,7.0,4.0,4.0,4.0,12.0,13.0,2.0,1.0,0.0,0.0
27/09/2021,Crystal Palace,Brighton,1.0,1.0,D,8.0,8.0,3.0,4.0,6.0,5.0,12.0,10.0,2.0,3.0,0.0,0.0
02/10/2021,Man United,Everton,1.0,1.0,D,13.0,12.0,6.0,2.0,10.0,1.0,10.0,9.0,1.0,1.0,0.0,0.0
02/10/2021,Burnley,Norwich,0.0,0.0,D,14.0,10.0,4.0,2.0,9.0,5.0,13.0,3.0,5.0,2.0,0.0,0.0
02/10/2021,Chelsea,Southampton,3.0,1.0,H,20.0,6.0,9.0,2.0,7.0,2.0,11.0,13.0,1.0,3.0,0.0,1.0
02/10/2021,Leeds,Watford,1.0,0.0,H,20.0,5.0,4.0,1.0,6.0,3.0,10.0,16.0,0.0,3.0,0.0,0.0
02/10/2021,Wolves,Newcastle,2.0,1.0,H,7.0,8.0,3.0,2.0,0.0,4.0,15.0,5.0,0.0,2.0,0.0,0.0
02/10/2021,Brighton,Arsenal,0.0,0.0,D,21.0,8.0,2.0,2.0,8.0,5.0,8.0,5.0,2.0,1.0,0.0,0.0
03/10/2021,Crystal Palace,Leicester,2.0,2.0,D,18.0,9.0,4.0,5.0,1.0,3.0,15.0,11.0,2.0,3.0,0.0,0.0
03/10/2021,Tottenham,Aston Villa,2.0,1.0,H,17.0,14.0,8.0,3.0,5.0,8.0,11.0,14.0,2.0,1.0,0.0,0.0
03/10/2021,West Ham,Brentford,1.0,2.0,A,18.0,13.0,5.0,6.0,11.0,6.0,16.0,13.0,2.0,3.0,0.0,0.0
03/10/2021,Liverpool,Man City,2.0,2.0,D,6.0,12.0,4.0,3.0,3.0,4.0,10.0,12.0,3.0,3.0,0.0,0.0
16/10/2021,Watford,Liverpool,0.0,5.0,A,6.0,19.0,2.0,8.0,1.0,9.0,4.0,10.0,0.0,0.0,0.0,0.0
16/10/2021,Aston Villa,Wolves,2.0,3.0,A,14.0,9.0,5.0,4.0,6.0,7.0,8.0,17.0,2.0,3.0,0.0,0.0
16/10/2021,Leicester,Man United,4.0,2.0,H,22.0,18.0,11.0,6.0,4.0,3.0,5.0,17.0,0.0,3.0,0.0,0.0
16/10/2021,Man City,Burnley,2.0,0.0,H,15.0,7.0,6.0,2.0,6.0,2.0,11.0,5.0,1.0,0.0,0.0,0.0
16/10/2021,Norwich,Brighton,0.0,0.0,D,15.0,11.0,3.0,3.0,8.0,4.0,5.0,14.0,3.0,5.0,0.0,0.0
16/10/2021,Southampton,Leeds,1.0,0.0,H,19.0,3.0,5.0,0.0,8.0,1.0,16.0,14.0,2.0,3.0,0.0,0.0
16/10/2021,Brentford,Chelsea,0.0,1.0,A,17.0,5.0,7.0,1.0,5.0,5.0,13.0,8.0,1.0,1.0,0.0,0.0
17/10/2021,Everton,West Ham,0.0,1.0,A,15.0,16.0,2.0,4.0,7.0,9.0,3.0,3.0,0.0,2.0,0.0,0.0
17/10/2021,Newcastle,Tottenham,2.0,3.0,A,7.0,14.0,1.0,4.0,2.0,9.0,13.0,4.0,4.0,1.0,1.0,0.0
18/10/2021,Arsenal,Crystal Palace,2.0,2.0,D,17.0,9.0,6.0,6.0,6.0,4.0,7.0,4.0,1.0,1.0,0.0,0.0
22/10/2021,Arsenal,Aston Villa,3.0,1.0,H,22.0,10.0,9.0,4.0,7.0,4.0,17.0,10.0,2.0,5.0,0.0,0.0
23/10/2021,Chelsea,Norwich,7.0,0.0,H,23.0,3.0,13.0,1.0,5.0,0.0,14.0,16.0,0.0,2.0,0.0,1.0
23/10/2021,Crystal Palace,Newcastle,1.0,1.0,D,15.0,6.0,3.0,2.0,3.0,7.0,13.0,9.0,3.0,4.0,0.0,0.0
23/10/2021,Everton,Watford,2.0,5.0,A,15.0,20.0,4.0,8.0,3.0,5.0,9.0,13.0,4.0,3.0,0.0,0.0
23/10/2021,Leeds,Wolves,1.0,1.0,D,18.0,8.0,4.0,4.0,6.0,3.0,15.0,14.0,2.0,3.0,0.0,0.0
23/10/2021,Southampton,Burnley,2.0,2.0,D,16.0,9.0,4.0,5.0,6.0,2.0,10.0,11.0,1.0,3.0,0.0,0.0
23/10/2021,Brighton,Man City,1.0,4.0,A,10.0,23.0,5.0,14.0,7.0,6.0,10.0,6.0,2.0,3.0,0.0,0.0
24/10/2021,Brentford,Leicester,1.0,2.0,A,15.0,10.0,5.0,6.0,9.0,2.0,13.0,7.0,1.0,1.0,0.0,0.0
24/10/2021,West Ham,Tottenham,1.0,0.0,H,13.0,7.0,4.0,4.0,2.0,4.0,11.0,4.0,2.0,1.0,0.0,0.0
24/10/2021,Man United,Liverpool,0.0,5.0,A,12.0,19.0,4.0,8.0,6.0,3.0,10.0,8.0,6.0,0.0,1.0,0.0
30/10/2021,Leicester,Arsenal,0.0,2.0,A,16.0,9.0,8.0,5.0,7.0,6.0,8.0,11.0,2.0,0.0,0.0,0.0
30/10/2021,Burnley,Brentford,3.0,1.0,H,15.0,12.0,6.0,5.0,4.0,2.0,7.0,10.0,1.0,1.0,0.0,0.0
30/10/2021,Liverpool,Brighton,2.0,2.0,D,14.0,9.0,3.0,6.0,5.0,3.0,8.0,5.0,2.0,2.0,0.0,0.0
30/10/2021,Man City,Crystal Palace,0.0,2.0,A,14.0,8.0,3.0,3.0,7.0,1.0,11.0,11.0,2.0,3.0,1.0,0.0
30/10/2021,Newcastle,Chelsea,0.0,3.0,A,6.0,19.0,1.0,6.0,0.0,2.0,14.0,12.0,3.0,2.0,0.0,0.0
30/10/2021,Watford,Southampton,0.0,1.0,A,10.0,12.0,4.0,1.0,5.0,8.0,16.0,6.0,2.0,2.0,0.0,0.0
30/10/2021,Tottenham,Man United,0.0,3.0,A,9.0,10.0,0.0,4.0,10.0,2.0,12.0,14.0,2.0,3.0,0.0,0.0
31/10/2021,Norwich,Leeds,1.0,2.0,A,14.0,13.0,3.0,6.0,5.0,0.0,14.0,23.0,1.0,4.0,0.0,0.0
31/10/2021,Aston Villa,West Ham,1.0,4.0,A,9.0,21.0,3.0,9.0,3.0,6.0,7.0,13.0,1.0,2.0,1.0,0.0
01/11/2021,Wolves,Everton,2.0,1.0,H,10.0,14.0,4.0,5.0,4.0,3.0,10.0,8.0,1.0,1.0,0.0,0.0
05/11/2021,Southampton,Aston Villa,1.0,0.0,H,9.0,14.0,3.0,3.0,10.0,8.0,12.0,12.0,2.0,2.0,0.0,0.0
06/11/2021,Man United,Man City,0.0,2.0,A,5.0,16.0,1.0,5.0,1.0,9.0,9.0,12.0,1.0,2.0,0.0,0.0
06/11/2021,Brentford,Norwich,1.0,2.0,A,19.0,9.0,7.0,5.0,6.0,2.0,12.0,13.0,2.0,3.0,0.0,0.0
06/11/2021,Chelsea,Burnley,1.0,1.0,D,25.0,5.0,4.0,2.0,14.0,2.0,6.0,9.0,1.0,4.0,0.0,0.0
06/11/2021,Crystal Palace,Wolves,2.0,0.0,H,13.0,4.0,6.0,2.0,4.0,6.0,14.0,13.0,2.0,1.0,0.0,0.0
06/11/2021,Brighton,Newcastle,1.0,1.0,D,14.0,6.0,5.0,1.0,2.0,5.0,16.0,10.0,3.0,4.0,1.0,0.0
07/11/2021,Arsenal,Watford,1.0,0.0,H,14.0,7.0,6.0,1.0,4.0,2.0,6.0,19.0,4.0,2.0,0.0,1.0
07/11/2021,Everton,Tottenham,0.0,0.0,D,12.0,8.0,2.0,0.0,4.0,2.0,13.0,17.0,2.0,4.0,1.0,0.0
07/11/2021,Leeds,Leicester,1.0,1.0,D,18.0,9.0,5.0,3.0,10.0,5.0,12.0,5.0,1.0,1.0,0.0,0.0
07/11/2021,West Ham,Liverpool,3.0,2.0,H,7.0,16.0,3.0,5.0,3.0,2.0,11.0,6.0,1.0,1.0,0.0,0.0
20/11/2021,Leicester,Chelsea,0.0,3.0,A,4.0,16.0,3.0,7.0,3.0,5.0,15.0,8.0,3.0,1.0,0.0,0.0
20/11/2021,Aston Villa,Brighton,2.0,0.0,H,9.0,6.0,5.0,2.0,5.0,7.0,7.0,13.0,3.0,3.0,0.0,0.0
20/11/2021,Burnley,Crystal Palace,3.0,3.0,D,15.0,18.0,9.0,8.0,3.0,6.0,14.0,15.0,2.0,3.0,0.0,0.0
20/11/2021,Newcastle,Brentford,3.0,3.0,D,23.0,10.0,9.0,4.0,8.0,2.0,13.0,11.0,2.0,2.0,0.0,0.0
20/11/2021,Norwich,Southampton,2.0,1.0,H,8.0,17.0,4.0,5.0,5.0,7.0,8.0,9.0,3.0,2.0,0.0,0.0
20/11/2021,Watford,Man United,4.0,1.0,H,20.0,9.0,7.0,3.0,9.0,3.0,7.0,5.0,2.0,1.0,0.0,1.0
20/11/2021,Wolves,West Ham,1.0,0.0,H,15.0,8.0,5.0,3.0,7.0,3.0,6.0,9.0,1.0,1.0,0.0,0.0
20/11/2021,Liverpool,Arsenal,4.0,0.0,H,19.0,5.0,9.0,3.0,6.0,1.0,15.0,12.0,2.0,0.0,0.0,0.0
21/11/2021,Man City,Everton,3.0,0.0,H,17.0,4.0,7.0,1.0,7.0,1.0,5.0,7.0,1.0,1.0,0.0,0.0
21/11/2021,Tottenham,Leeds,2.0,1.0,H,13.0,18.0,4.0,7.0,4.0,8.0,11.0,12.0,1.0,4.0,0.0,0.0
27/11/2021,Arsenal,Newcastle,2.0,0.0,H,24.0,9.0,6.0,5.0,4.0,4.0,6.0,12.0,1.0,3.0,0.0,0.0
27/11/2021,Crystal Palace,Aston Villa,1.0,2.0,A,8.0,10.0,3.0,3.0,7.0,3.0,12.0,10.0,3.0,3.0,0.0,0.0
27/11/2021,Liverpool,Southampton,4.0,0.0,H,20.0,7.0,6.0,3.0,5.0,7.0,7.0,14.0,0.0,1.0,0.0,0.0
27/11/2021,Norwich,Wolves,0.0,0.0,D,14.0,5.0,4.0,2.0,4.0,3.0,11.0,10.0,2.0,2.0,0.0,0.0
27/11/2021,Brighton,Leeds,0.0,0.0,D,20.0,11.0,4.0,4.0,6.0,1.0,12.0,14.0,1.0,3.0,0.0,0.0
28/11/2021,Brentford,Everton,1.0,0.0,H,6.0,14.0,4.0,5.0,3.0,3.0,8.0,11.0,4.0,3.0,0.0,0.0
28/11/2021,Leicester,Watford,4.0,2.0,H,18.0,16.0,8.0,5.0,8.0,6.0,5.0,19.0,0.0,0.0,0.0,0.0
28/11/2021,Man City,West Ham,2.0,1.0,H,19.0,5.0,9.0,3.0,8.0,4.0,7.0,6.0,2.0,0.0,0.0,0.0
28/11/2021,Chelsea,Man United,1.0,1.0,D,24.0,3.0,6.0,2.0,15.0,2.0,13.0,14.0,2.0,5.0,0.0,0.0
30/11/2021,Newcastle,Norwich,1.0,1.0,D,9.0,16.0,1.0,6.0,2.0,5.0,8.0,11.0,0.0,0.0,0.0,1.0
30/11/2021,Leeds,Crystal Palace,1.0,0.0,H,15.0,9.0,3.0,1.0,7.0,4.0,15.0,15.0,5.0,3.0,0.0,0.0
01/12/2021,Southampton,Leicester,2.0,2.0,D,15.0,15.0,7.0,6.0,2.0,4.0,14.0,11.0,1.0,3.0,0.0,0.0
01/12/2021,Watford,Chelsea,1.0,2.0,A,13.0,8.0,6.0,4.0,6.0,0.0,18.0,16.0,4.0,3.0,0.0,0.0
01/12/2021,West Ham,Brighton,1.0,1.0,D,14.0,9.0,6.0,3.0,9.0,5.0,10.0,8.0,1.0,1.0,0.0,0.0
01/12/2021,Wolves,Burnley,0.0,0.0,D,16.0,6.0,2.0,1.0,5.0,5.0,5.0,7.0,2.0,3.0,0.0,0.0
01/12/2021,Aston Villa,Man City,1.0,2.0,A,9.0,17.0,3.0,7.0,4.0,11.0,8.0,12.0,0.0,0.0,0.0,0.0
01/12/2021,Everton,Liverpool,1.0,4.0,A,8.0,16.0,2.0,7.0,3.0,11.0,8.0,16.0,4.0,3.0,0.0,0.0
02/12/2021,Tottenham,Brentford,2.0,0.0,H,11.0,6.0,6.0,2.0,11.0,5.0,13.0,11.0,0.0,0.0,0.0,0.0
02/12/2021,Man United,Arsenal,3.0,2.0,H,14.0,17.0,10.0,8.0,3.0,8.0,9.0,10.0,1.0,0.0,0.0,0.0
04/12/2021,West Ham,Chelsea,3.0,2.0,H,11.0,19.0,5.0,7.0,1.0,9.0,10.0,10.0,1.0,3.0,0.0,0.0
04/12/2021,Newcastle,Burnley,1.0,0.0,H,19.0,10.0,4.0,1.0,10.0,3.0,11.0,9.0,1.0,1.0,0.0,0.0
04/12/2021,Southampton,Brighton,1.0,1.0,D,14.0,14.0,4.0,4.0,6.0,2.0,15.0,12.0,4.0,2.0,0.0,0.0
04/12/2021,Wolves,Liverpool,0.0,1.0,A,3.0,17.0,1.0,5.0,2.0,8.0,4.0,7.0,2.0,2.0,0.0,0.0
04/12/2021,Watford,Man City,1.0,3.0,A,11.0,26.0,4.0,13.0,5.0,11.0,10.0,7.0,3.0,0.0,0.0,0.0
05/12/2021,Leeds,Brentford,2.0,2.0,D,13.0,9.0,6.0,3.0,5.0,1.0,11.0,9.0,5.0,3.0,0.0,0.0
05/12/2021,Man United,Crystal Palace,1.0,0.0,H,16.0,8.0,3.0,2.0,9.0,6.0,16.0,9.0,2.0,2.0,0.0,0.0
05/12/2021,Tottenham,Norwich,3.0,0.0,H,17.0,10.0,7.0,1.0,6.0,4.0,11.0,4.0,1.0,2.0,0.0,0.0
05/12/2021,Aston Villa,Leicester,2.0,1.0,H,13.0,12.0,4.0,5.0,3.0,6.0,8.0,25.0,1.0,1.0,0.0,0.0
06/12/2021,Everton,Arsenal,2.0,1.0,H,11.0,10.0,5.0,3.0,3.0,3.0,8.0,12.0,2.0,2.0,0.0,0.0
10/12/2021,Brentford,Watford,2.0,1.0,H,14.0,6.0,5.0,2.0,8.0,2.0,12.0,18.0,4.0,0.0,0.0,0.0
11/12/2021,Man City,Wolves,1.0,0.0,H,24.0,2.0,10.0,1.0,14.0,1.0,12.0,5.0,3.0,2.0,0.0,1.0
11/12/2021,Arsenal,Southampton,3.0,0.0,H,15.0,11.0,5.0,6.0,9.0,8.0,5.0,9.0,2.0,0.0,0.0,0.0
11/12/2021,Chelsea,Leeds,3.0,2.0,H,16.0,12.0,6.0,5.0,5.0,2.0,9.0,15.0,2.0,5.0,0.0,0.0
11/12/2021,Liverpool,Aston Villa,1.0,0.0,H,20.0,4.0,5.0,0.0,11.0,3.0,13.0,6.0,1.0,2.0,0.0,0.0
11/12/2021,Norwich,Man United,0.0,1.0,A,11.0,13.0,5.0,5.0,8.0,6.0,6.0,17.0,1.0,1.0,0.0,0.0
12/12/2021,Burnley,West Ham,0.0,0.0,D,9.0,16.0,1.0,3.0,6.0,4.0,13.0,11.0,2.0,1.0,0.0,0.0
12/12/2021,Leicester,Newcastle,4.0,0.0,H,8.0,12.0,5.0,3.0,4.0,6.0,9.0,16.0,2.0,3.0,0.0,0.0
12/12/2021,Crystal Palace,Everton,3.0,1.0,H,17.0,12.0,6.0,6.0,8.0,2.0,15.0,14.0,0.0,2.0,0.0,0.0
14/12/2021,Norwich,Aston Villa,0.0,2.0,A,7.0,17.0,3.0,6.0,7.0,10.0,12.0,9.0,3.0,1.0,0.0,0.0
14/12/2021,Man City,Leeds,7.0,0.0,H,31.0,6.0,15.0,3.0,6.0,2.0,5.0,9.0,1.0,1.0,0.0,0.0
15/12/2021,Brighton,Wolves,0.0,1.0,A,12.0,8.0,2.0,5.0,7.0,4.0,11.0,14.0,2.0,0.0,0.0,0.0
15/12/2021,Crystal Palace,Southampton,2.0,2.0,D,9.0,15.0,6.0,4.0,4.0,6.0,16.0,20.0,2.0,4.0,0.0,0.0
15/12/2021,Arsenal,West Ham,2.0,0.0,H,21.0,7.0,8.0,1.0,5.0,2.0,8.0,9.0,2.0,0.0,0.0,1.0
16/12/2021,Chelsea,Everton,1.0,1.0,D,23.0,5.0,10.0,3.0,7.0,1.0,11.0,11.0,2.0,3.0,0.0,0.0
16/12/2021,Liverpool,Newcastle,3.0,1.0,H,23.0,4.0,8.0,2.0,11.0,0.0,9.0,4.0,1.0,3.0,0.0,0.0
18/12/2021,Leeds,Arsenal,1.0,4.0,A,9.0,21.0,2.0,12.0,1.0,4.0,11.0,7.0,3.0,1.0,0.0,0.0
19/12/2021,Newcastle,Man City,0.0,4.0,A,5.0,18.0,1.0,7.0,3.0,6.0,9.0,6.0,1.0,2.0,0.0,0.0
19/12/2021,Wolves,Chelsea,0.0,0.0,D,4.0,8.0,1.0,1.0,4.0,9.0,9.0,7.0,0.0,2.0,0.0,0.0
19/12/2021,Tottenham,Liverpool,2.0,2.0,D,10.0,18.0,5.0,6.0,6.0,4.0,12.0,11.0,4.0,4.0,0.0,1.0
26/12/2021,Man City,Leicester,6.0,3.0,H,17.0,14.0,9.0,8.0,14.0,4.0,11.0,9.0,1.0,2.0,0.0,0.0
26/12/2021,Norwich,Arsenal,0.0,5.0,A,4.0,16.0,2.0,6.0,3.0,5.0,13.0,7.0,1.0,2.0,0.0,0.0
26/12/2021,Tottenham,Crystal Palace,3.0,0.0,H,17.0,4.0,6.0,0.0,4.0,2.0,16.0,10.0,1.0,1.0,0.0,1.0
26/12/2021,West Ham,Southampton,2.0,3.0,A,11.0,11.0,5.0,6.0,10.0,2.0,10.0,9.0,2.0,3.0,0.0,0.0
26/12/2021,Aston Villa,Chelsea,1.0,3.0,A,8.0,10.0,1.0,4.0,2.0,5.0,8.0,11.0,3.0,1.0,0.0,0.0
26/12/2021,Brighton,Brentford,2.0,0.0,H,15.0,16.0,5.0,6.0,6.0,9.0,8.0,10.0,1.0,3.0,0.0,0.0
27/12/2021,Newcastle,Man United,1.0,1.0,D,13.0,13.0,8.0,4.0,2.0,4.0,11.0,8.0,3.0,3.0,0.0,0.0
28/12/2021,Crystal Palace,Norwich,3.0,0.0,H,19.0,12.0,6.0,3.0,8.0,8.0,9.0,13.0,1.0,2.0,0.0,0.0
28/12/2021,Southampton,Tottenham,1.0,1.0,D,9.0,21.0,2.0,11.0,3.0,7.0,15.0,5.0,2.0,2.0,1.0,0.0
28/12/2021,Watford,West Ham,1.0,4.0,A,14.0,13.0,5.0,6.0,4.0,5.0,12.0,12.0,0.0,1.0,0.0,0.0
28/12/2021,Leicester,Liverpool,1.0,0.0,H,6.0,21.0,1.0,4.0,1.0,12.0,8.0,11.0,0.0,1.0,0.0,0.0
29/12/2021,Chelsea,Brighton,1.0,1.0,D,11.0,18.0,5.0,6.0,10.0,8.0,14.0,7.0,4.0,1.0,0.0,0.0
29/12/2021,Brentford,Man City,0.0,1.0,A,6.0,12.0,2.0,3.0,3.0,5.0,12.0,10.0,0.0,0.0,0.0,0.0
30/12/2021,Man United,Burnley,3.0,1.0,H,18.0,10.0,6.0,3.0,7.0,5.0,5.0,10.0,0.0,0.0,0.0,0.0
01/01/2022,Arsenal,Man City,1.0,2.0,A,7.0,15.0,2.0,2.0,5.0,5.0,13.0,5.0,3.0,2.0,1.0,0.0
01/01/2022,Watford,Tottenham,0.0,1.0,A,6.0,21.0,4.0,9.0,3.0,7.0,6.0,9.0,0.0,1.0,0.0,0.0
01/01/2022,Crystal Palace,West Ham,2.0,3.0,A,22.0,10.0,6.0,5.0,9.0,1.0,6.0,16.0,0.0,2.0,0.0,0.0
02/01/2022,Brentford,Aston Villa,2.0,1.0,H,10.0,16.0,4.0,5.0,3.0,7.0,17.0,11.0,2.0,2.0,0.0,0.0
02/01/2022,Everton,Brighton,2.0,3.0,A,17.0,12.0,6.0,5.0,8.0,5.0,5.0,12.0,1.0,1.0,0.0,0.0
02/01/2022,Leeds,Burnley,3.0,1.0,H,22.0,8.0,7.0,2.0,9.0,3.0,11.0,7.0,2.0,1.0,0.0,0.0
02/01/2022,Chelsea,Liverpool,2.0,2.0,D,15.0,10.0,6.0,6.0,6.0,7.0,5.0,13.0,1.0,2.0,0.0,0.0
03/01/2022,Man United,Wolves,0.0,1.0,A,9.0,19.0,2.0,6.0,3.0,8.0,9.0,8.0,3.0,1.0,0.0,0.0
11/01/2022,Southampton,Brentford,4.0,1.0,H,12.0,5.0,6.0,4.0,5.0,2.0,9.0,8.0,0.0,1.0,0.0,0.0
12/01/2022,West Ham,Norwich,2.0,0.0,H,13.0,7.0,5.0,3.0,11.0,2.0,9.0,8.0,0.0,0.0,0.0,0.0
14/01/2022,Brighton,Crystal Palace,1.0,1.0,D,19.0,3.0,4.0,1.0,9.0,0.0,11.0,7.0,0.0,2.0,0.0,0.0
15/01/2022,Man City,Chelsea,1.0,0.0,H,11.0,4.0,6.0,1.0,9.0,1.0,11.0,6.0,0.0,2.0,0.0,0.0
15/01/2022,Newcastle,Watford,1.0,1.0,D,12.0,18.0,1.0,5.0,4.0,6.0,13.0,13.0,3.0,2.0,0.0,0.0
15/01/2022,Norwich,Everton,2.0,1.0,H,14.0,12.0,3.0,5.0,8.0,8.0,12.0,14.0,3.0,1.0,0.0,0.0
15/01/2022,Wolves,Southampton,3.0,1.0,H,9.0,13.0,5.0,10.0,2.0,10.0,13.0,14.0,2.0,3.0,0.0,0.0
15/01/2022,Aston Villa,Man United,2.0,2.0,D,13.0,13.0,9.0,6.0,3.0,6.0,8.0,13.0,1.0,2.0,0.0,0.0
16/01/2022,Liverpool,Brentford,3.0,0.0,H,27.0,6.0,13.0,1.0,9.0,0.0,6.0,6.0,0.0,1.0,0.0,0.0
16/01/2022,West Ham,Leeds,2.0,3.0,A,15.0,18.0,5.0,5.0,4.0,3.0,6.0,9.0,3.0,2.0,0.0,0.0
18/01/2022,Brighton,Chelsea,1.0,1.0,D,10.0,15.0,2.0,3.0,5.0,7.0,8.0,5.0,1.0,2.0,0.0,0.0
19/01/2022,Leicester,Tottenham,2.0,3.0,A,14.0,27.0,4.0,10.0,3.0,8.0,6.0,12.0,1.0,2.0,0.0,0.0
19/01/2022,Brentford,Man United,1.0,3.0,A,18.0,13.0,8.0,5.0,6.0,9.0,7.0,9.0,0.0,0.0,0.0,0.0
21/01/2022,Watford,Norwich,0.0,3.0,A,15.0,7.0,4.0,2.0,5.0,1.0,16.0,11.0,0.0,1.0,1.0,0.0
22/01/2022,Everton,Aston Villa,0.0,1.0,A,15.0,8.0,1.0,3.0,9.0,2.0,14.0,16.0,5.0,3.0,0.0,0.0
22/01/2022,Brentford,Wolves,1.0,2.0,A,11.0,7.0,1.0,2.0,6.0,3.0,6.0,7.0,2.0,3.0,0.0,0.0
22/01/2022,Leeds,Newcastle,0.0,1.0,A,13.0,15.0,4.0,3.0,6.0,7.0,9.0,9.0,4.0,2.0,0.0,0.0
22/01/2022,Man United,West Ham,1.0,0.0,H,18.0,6.0,3.0,1.0,3.0,3.0,9.0,8.0,1.0,1.0,0.0,0.0
22/01/2022,Southampton,Man City,1.0,1.0,D,7.0,20.0,3.0,5.0,2.0,11.0,13.0,5.0,3.0,0.0,0.0,0.0
23/01/2022,Arsenal,Burnley,0.0,0.0,D,20.0,10.0,5.0,1.0,12.0,4.0,9.0,13.0,0.0,2.0,0.0,0.0
23/01/2022,Crystal Palace,Liverpool,1.0,3.0,A,8.0,15.0,5.0,7.0,2.0,5.0,12.0,10.0,4.0,1.0,0.0,0.0
23/01/2022,Leicester,Brighton,1.0,1.0,D,15.0,14.0,5.0,5.0,4.0,5.0,6.0,8.0,0.0,1.0,0.0,0.0
23/01/2022,Chelsea,Tottenham,2.0,0.0,H,15.0,6.0,7.0,3.0,10.0,3.0,17.0,14.0,2.0,1.0,0.0,0.0
05/02/2022,Burnley,Watford,0.0,0.0,D,13.0,11.0,2.0,5.0,4.0,7.0,16.0,9.0,1.0,2.0,0.0,0.0
08/02/2022,Newcastle,Everton,3.0,1.0,H,20.0,11.0,9.0,3.0,6.0,2.0,13.0,13.0,2.0,3.0,0.0,0.0
08/02/2022,West Ham,Watford,1.0,0.0,H,9.0,6.0,3.0,1.0,5.0,6.0,1.0,6.0,1.0,0.0,0.0,0.0
08/02/2022,Burnley,Man United,1.0,1.0,D,9.0,22.0,3.0,5.0,2.0,10.0,11.0,10.0,2.0,1.0,0.0,0.0
09/02/2022,Man City,Brentford,2.0,0.0,H,15.0,6.0,7.0,2.0,9.0,3.0,7.0,13.0,0.0,0.0,0.0,0.0
09/02/2022,Norwich,Crystal Palace,1.0,1.0,D,5.0,13.0,1.0,5.0,4.0,6.0,11.0,15.0,1.0,2.0,0.0,0.0
09/02/2022,Tottenham,Southampton,2.0,3.0,A,8.0,23.0,3.0,10.0,2.0,8.0,7.0,13.0,2.0,3.0,0.0,0.0
09/02/2022,Aston Villa,Leeds,3.0,3.0,D,12.0,16.0,4.0,8.0,6.0,11.0,11.0,9.0,1.0,3.0,1.0,0.0
10/02/2022,Liverpool,Leicester,2.0,0.0,H,22.0,5.0,11.0,1.0,7.0,6.0,11.0,7.0,1.0,0.0,0.0,0.0
10/02/2022,Wolves,Arsenal,0.0,1.0,A,15.0,12.0,4.0,2.0,7.0,4.0,12.0,13.0,2.0,3.0,0.0,1.0
12/02/2022,Man United,Southampton,1.0,1.0,D,12.0,13.0,8.0,4.0,1.0,4.0,12.0,13.0,4.0,0.0,0.0,0.0
12/02/2022,Brentford,Crystal Palace,0.0,0.0,D,9.0,6.0,2.0,3.0,3.0,9.0,10.0,10.0,1.0,0.0,0.0,0.0
12/02/2022,Everton,Leeds,3.0,0.0,H,21.0,7.0,10.0,0.0,5.0,3.0,8.0,9.0,1.0,1.0,0.0,0.0
12/02/2022,Watford,Brighton,0.0,2.0,A,9.0,11.0,1.0,6.0,4.0,5.0,16.0,9.0,3.0,2.0,0.0,0.0
12/02/2022,Norwich,Man City,0.0,4.0,A,8.0,22.0,3.0,9.0,4.0,12.0,7.0,8.0,0.0,2.0,0.0,0.0
13/02/2022,Burnley,Liverpool,0.0,1.0,A,8.0,12.0,5.0,4.0,5.0,8.0,7.0,6.0,0.0,1.0,0.0,0.0
13/02/2022,Newcastle,Aston Villa,1.0,0.0,H,10.0,11.0,2.0,1.0,3.0,6.0,22.0,15.0,3.0,4.0,0.0,0.0
13/02/2022,Tottenham,Wolves,0.0,2.0,A,17.0,11.0,7.0,7.0,7.0,3.0,13.0,13.0,3.0,1.0,0.0,0.0
13/02/2022,Leicester,West Ham,2.0,2.0,D,13.0,8.0,2.0,3.0,5.0,4.0,10.0,9.0,1.0,2.0,0.0,0.0
15/02/2022,Man United,Brighton,2.0,0.0,H,19.0,10.0,7.0,3.0,10.0,2.0,8.0,10.0,3.0,1.0,0.0,1.0
19/02/2022,West Ham,Newcastle,1.0,1.0,D,11.0,14.0,3.0,3.0,3.0,7.0,3.0,7.0,3.0,3.0,0.0,0.0
19/02/2022,Arsenal,Brentford,2.0,1.0,H,24.0,6.0,8.0,2.0,14.0,0.0,10.0,5.0,1.0,1.0,0.0,0.0
19/02/2022,Aston Villa,Watford,0.0,1.0,A,20.0,8.0,1.0,4.0,10.0,5.0,12.0,7.0,1.0,2.0,0.0,0.0
19/02/2022,Brighton,Burnley,0.0,3.0,A,11.0,10.0,1.0,4.0,4.0,4.0,12.0,12.0,1.0,4.0,0.0,0.0
19/02/2022,Crystal Palace,Chelsea,0.0,1.0,A,7.0,9.0,0.0,3.0,4.0,4.0,4.0,20.0,1.0,3.0,0.0,0.0
19/02/2022,Liverpool,Norwich,3.0,1.0,H,29.0,6.0,8.0,1.0,9.0,4.0,7.0,8.0,0.0,1.0,0.0,0.0
19/02/2022,Southampton,Everton,2.0,0.0,H,19.0,9.0,11.0,0.0,4.0,4.0,6.0,9.0,0.0,2.0,0.0,0.0
19/02/2022,Man City,Tottenham,2.0,3.0,A,21.0,6.0,4.0,5.0,10.0,0.0,5.0,7.0,0.0,3.0,0.0,0.0
20/02/2022,Leeds,Man United,2.0,4.0,A,16.0,15.0,6.0,9.0,3.0,3.0,13.0,19.0,6.0,3.0,0.0,0.0
20/02/2022,Wolves,Leicester,2.0,1.0,H,11.0,17.0,3.0,7.0,7.0,10.0,12.0,9.0,4.0,4.0,0.0,0.0
23/02/2022,Burnley,Tottenham,1.0,0.0,H,15.0,12.0,4.0,2.0,3.0,7.0,8.0,8.0,0.0,0.0,0.0,0.0
23/02/2022,Watford,Crystal Palace,1.0,4.0,A,8.0,7.0,1.0,5.0,6.0,4.0,12.0,9.0,2.0,1.0,0.0,0.0
23/02/2022,Liverpool,Leeds,6.0,0.0,H,23.0,3.0,15.0,2.0,4.0,0.0,5.0,11.0,0.0,3.0,0.0,0.0
24/02/2022,Arsenal,Wolves,2.0,1.0,H,26.0,6.0,5.0,2.0,5.0,4.0,8.0,9.0,1.0,1.0,0.0,0.0
25/02/2022,Southampton,Norwich,2.0,0.0,H,27.0,8.0,9.0,1.0,13.0,6.0,12.0,9.0,1.0,2.0,0.0,0.0
26/02/2022,Leeds,Tottenham,0.0,4.0,A,19.0,15.0,3.0,11.0,3.0,6.0,16.0,11.0,4.0,2.0,0.0,0.0
26/02/2022,Brentford,Newcastle,0.0,2.0,A,6.0,26.0,1.0,11.0,6.0,6.0,9.0,7.0,3.0,1.0,1.0,0.0
26/02/2022,Crystal Palace,Burnley,1.0,1.0,D,11.0,5.0,4.0,1.0,5.0,4.0,5.0,17.0,0.0,2.0,0.0,0.0
26/02/2022,Man United,Watford,0.0,0.0,D,22.0,10.0,3.0,2.0,4.0,3.0,2.0,7.0,0.0,0.0,0.0,0.0
26/02/2022,Brighton,Aston Villa,0.0,2.0,A,12.0,9.0,1.0,4.0,7.0,2.0,17.0,11.0,4.0,5.0,0.0,0.0
26/02/2022,Everton,Man City,0.0,1.0,A,6.0,13.0,2.0,8.0,3.0,4.0,7.0,14.0,3.0,2.0,0.0,0.0
27/02/2022,West Ham,Wolves,1.0,0.0,H,13.0,14.0,4.0,1.0,3.0,5.0,8.0,2.0,1.0,0.0,0.0,0.0
01/03/2022,Burnley,Leicester,0.0,2.0,A,9.0,22.0,2.0,6.0,6.0,8.0,10.0,13.0,1.0,1.0,0.0,0.0
05/03/2022,Leicester,Leeds,1.0,0.0,H,7.0,19.0,4.0,4.0,5.0,10.0,9.0,12.0,1.0,2.0,0.0,0.0
05/03/2022,Aston Villa,Southampton,4.0,0.0,H,14.0,11.0,9.0,1.0,4.0,7.0,10.0,8.0,1.0,1.0,0.0,0.0
05/03/2022,Burnley,Chelsea,0.0,4.0,A,6.0,11.0,1.0,5.0,5.0,2.0,12.0,7.0,2.0,0.0,0.0,0.0
05/03/2022,Newcastle,Brighton,2.0,1.0,H,10.0,15.0,4.0,4.0,4.0,7.0,8.0,10.0,1.0,1.0,0.0,0.0
05/03/2022,Norwich,Brentford,1.0,3.0,A,15.0,10.0,7.0,6.0,5.0,5.0,13.0,18.0,2.0,5.0,0.0,0.0
05/03/2022,Wolves,Crystal Palace,0.0,2.0,A,12.0,12.0,5.0,8.0,7.0,7.0,13.0,8.0,0.0,3.0,0.0,0.0
05/03/2022,Liverpool,West Ham,1.0,0.0,H,22.0,13.0,5.0,5.0,4.0,6.0,7.0,7.0,2.0,1.0,0.0,0.0
06/03/2022,Watford,Arsenal,2.0,3.0,A,13.0,16.0,7.0,4.0,1.0,5.0,5.0,11.0,1.0,2.0,0.0,0.0
06/03/2022,Man City,Man United,4.0,1.0,H,24.0,5.0,10.0,2.0,9.0,3.0,10.0,14.0,0.0,1.0,0.0,0.0
07/03/2022,Tottenham,Everton,5.0,0.0,H,14.0,6.0,7.0,0.0,5.0,2.0,15.0,10.0,2.0,0.0,0.0,0.0
10/03/2022,Norwich,Chelsea,1.0,3.0,A,9.0,15.0,3.0,7.0,3.0,8.0,8.0,15.0,0.0,2.0,0.0,0.0
10/03/2022,Southampton,Newcastle,1.0,2.0,A,14.0,8.0,5.0,4.0,12.0,5.0,6.0,7.0,1.0,1.0,0.0,0.0
10/03/2022,Wolves,Watford,4.0,0.0,H,10.0,9.0,5.0,0.0,5.0,2.0,11.0,10.0,2.0,2.0,0.0,0.0
10/03/2022,Leeds,Aston Villa,0.0,3.0,A,4.0,15.0,1.0,9.0,3.0,5.0,17.0,11.0,5.0,3.0,0.0,0.0
12/03/2022,Brighton,Liverpool,0.0,2.0,A,8.0,18.0,3.0,9.0,7.0,6.0,12.0,15.0,3.0,1.0,0.0,0.0
12/03/2022,Brentford,Burnley,2.0,0.0,H,13.0,7.0,4.0,1.0,2.0,9.0,6.0,10.0,1.0,1.0,0.0,1.0
12/03/2022,Man United,Tottenham,3.0,2.0,H,10.0,10.0,6.0,3.0,4.0,5.0,8.0,7.0,2.0,1.0,0.0,0.0
13/03/2022,Chelsea,Newcastle,1.0,0.0,H,8.0,7.0,3.0,2.0,7.0,2.0,17.0,16.0,4.0,3.0,0.0,0.0
13/03/2022,Everton,Wolves,0.0,1.0,A,8.0,14.0,2.0,3.0,5.0,2.0,13.0,11.0,2.0,1.0,1.0,0.0
13/03/2022,Leeds,Norwich,2.0,1.0,H,13.0,12.0,7.0,4.0,6.0,2.0,18.0,8.0,3.0,1.0,0.0,0.0
13/03/2022,Southampton,Watford,1.0,2.0,A,13.0,9.0,7.0,5.0,11.0,3.0,8.0,12.0,3.0,2.0,0.0,0.0
13/03/2022,West Ham,Aston Villa,2.0,1.0,H,11.0,13.0,4.0,7.0,5.0,7.0,9.0,3.0,1.0,0.0,0.0,0.0
13/03/2022,Arsenal,Leicester,2.0,0.0,H,21.0,6.0,8.0,3.0,2.0,6.0,8.0,10.0,0.0,3.0,0.0,0.0
14/03/2022,Crystal Palace,Man City,0.0,0.0,D,7.0,18.0,1.0,4.0,2.0,6.0,6.0,11.0,3.0,1.0,0.0,0.0
16/03/2022,Brighton,Tottenham,0.0,2.0,A,15.0,17.0,0.0,7.0,6.0,3.0,11.0,9.0,2.0,2.0,0.0,0.0
16/03/2022,Arsenal,Liverpool,0.0,2.0,A,9.0,9.0,2.0,3.0,1.0,6.0,9.0,9.0,0.0,1.0,0.0,0.0
17/03/2022,Everton,Newcastle,1.0,0.0,H,9.0,17.0,3.0,6.0,5.0,7.0,13.0,11.0,2.0,1.0,1.0,0.0
18/03/2022,Wolves,Leeds,2.0,3.0,A,14.0,15.0,8.0,6.0,2.0,5.0,13.0,14.0,1.0,4.0,1.0,0.0
19/03/2022,Aston Villa,Arsenal,0.0,1.0,A,8.0,10.0,1.0,3.0,6.0,5.0,13.0,14.0,3.0,3.0,0.0,0.0
20/03/2022,Leicester,Brentford,2.0,1.0,H,12.0,15.0,4.0,6.0,2.0,5.0,10.0,10.0,1.0,2.0,0.0,0.0
20/03/2022,Tottenham,West Ham,3.0,1.0,H,17.0,6.0,4.0,1.0,5.0,3.0,7.0,7.0,0.0,1.0,0.0,0.0
02/04/2022,Liverpool,Watford,2.0,0.0,H,20.0,5.0,3.0,2.0,9.0,3.0,9.0,8.0,1.0,1.0,0.0,0.0
02/04/2022,Brighton,Norwich,0.0,0.0,D,31.0,6.0,4.0,0.0,11.0,2.0,12.0,11.0,1.0,1.0,0.0,0.0
02/04/2022,Burnley,Man City,0.0,2.0,A,3.0,18.0,1.0,6.0,1.0,8.0,11.0,6.0,1.0,0.0,0.0,0.0
02/04/2022,Chelsea,Brentford,1.0,4.0,A,21.0,17.0,8.0,6.0,12.0,7.0,11.0,7.0,0.0,0.0,0.0,0.0
02/04/2022,Leeds,Southampton,1.0,1.0,D,12.0,14.0,3.0,6.0,4.0,7.0,14.0,7.0,1.0,1.0,0.0,0.0
02/04/2022,Wolves,Aston Villa,2.0,1.0,H,11.0,15.0,5.0,5.0,4.0,9.0,15.0,8.0,4.0,3.0,0.0,0.0
02/04/2022,Man United,Leicester,1.0,1.0,D,11.0,11.0,5.0,3.0,6.0,5.0,13.0,6.0,2.0,2.0,0.0,0.0
03/04/2022,West Ham,Everton,2.0,1.0,H,11.0,13.0,5.0,2.0,2.0,4.0,9.0,12.0,1.0,1.0,0.0,1.0
03/04/2022,Tottenham,Newcastle,5.0,1.0,H,19.0,8.0,6.0,1.0,2.0,3.0,10.0,7.0,2.0,3.0,0.0,0.0
04/04/2022,Crystal Palace,Arsenal,3.0,0.0,H,6.0,12.0,5.0,3.0,0.0,2.0,11.0,15.0,0.0,2.0,0.0,0.0
06/04/2022,Burnley,Everton,3.0,2.0,H,13.0,16.0,4.0,4.0,9.0,6.0,11.0,16.0,2.0,2.0,0.0,0.0
08/04/2022,Newcastle,Wolves,1.0,0.0,H,12.0,5.0,4.0,2.0,1.0,2.0,6.0,13.0,1.0,1.0,0.0,0.0
09/04/2022,Everton,Man United,1.0,0.0,H,7.0,12.0,3.0,4.0,5.0,7.0,4.0,10.0,2.0,2.0,0.0,0.0
09/04/2022,Arsenal,Brighton,1.0,2.0,A,20.0,8.0,4.0,3.0,11.0,2.0,12.0,19.0,3.0,4.0,0.0,0.0
09/04/2022,Southampton,Chelsea,0.0,6.0,A,4.0,24.0,1.0,14.0,3.0,3.0,11.0,10.0,1.0,0.0,0.0,0.0
09/04/2022,Watford,Leeds,0.0,3.0,A,8.0,10.0,1.0,5.0,3.0,8.0,8.0,12.0,2.0,0.0,0.0,0.0
09/04/2022,Aston Villa,Tottenham,0.0,4.0,A,9.0,11.0,8.0,5.0,9.0,3.0,12.0,14.0,2.0,3.0,0.0,0.0
10/04/2022,Brentford,West Ham,2.0,0.0,H,15.0,5.0,7.0,1.0,4.0,6.0,2.0,6.0,0.0,1.0,0.0,0.0
10/04/2022,Leicester,Crystal Palace,2.0,1.0,H,12.0,11.0,3.0,3.0,3.0,4.0,11.0,12.0,1.0,1.0,0.0,0.0
10/04/2022,Norwich,Burnley,2.0,0.0,H,17.0,18.0,6.0,4.0,6.0,7.0,12.0,10.0,1.0,1.0,0.0,0.0
10/04/2022,Man City,Liverpool,2.0,2.0,D,11.0,6.0,5.0,4.0,4.0,1.0,9.0,11.0,1.0,4.0,0.0,0.0
16/04/2022,Tottenham,Brighton,0.0,1.0,A,5.0,12.0,0.0,5.0,4.0,4.0,14.0,10.0,3.0,3.0,0.0,0.0
16/04/2022,Man United,Norwich,3.0,2.0,H,20.0,15.0,9.0,4.0,6.0,7.0,7.0,6.0,0.0,0.0,0.0,0.0
16/04/2022,Southampton,Arsenal,1.0,0.0,H,9.0,23.0,3.0,6.0,6.0,8.0,6.0,6.0,2.0,1.0,0.0,0.0
16/04/2022,Watford,Brentford,1.0,2.0,A,17.0,16.0,4.0,5.0,6.0,5.0,11.0,9.0,2.0,1.0,0.0,0.0
17/04/2022,Newcastle,Leicester,2.0,1.0,H,16.0,8.0,7.0,2.0,3.0,5.0,10.0,10.0,2.0,2.0,0.0,0.0
17/04/2022,West Ham,Burnley,1.0,1.0,D,21.0,9.0,8.0,1.0,13.0,4.0,9.0,10.0,2.0,2.0,0.0,0.0
19/04/2022,Liverpool,Man United,4.0,0.0,H,14.0,2.0,5.0,1.0,10.0,2.0,3.0,6.0,1.0,2.0,0.0,0.0
20/04/2022,Chelsea,Arsenal,2.0,4.0,A,11.0,14.0,2.0,4.0,6.0,1.0,7.0,6.0,3.0,1.0,0.0,0.0
20/04/2022,Everton,Leicester,1.0,1.0,D,13.0,11.0,3.0,3.0,5.0,4.0,8.0,17.0,3.0,1.0,0.0,0.0
20/04/2022,Newcastle,Crystal Palace,1.0,0.0,H,13.0,10.0,4.0,2.0,2.0,5.0,12.0,12.0,1.0,1.0,0.0,0.0
20/04/2022,Man City,Brighton,3.0,0.0,H,17.0,2.0,5.0,1.0,7.0,4.0,12.0,7.0,0.0,3.0,0.0,0.0
21/04/2022,Burnley,Southampton,2.0,0.0,H,16.0,11.0,6.0,3.0,10.0,10.0,7.0,7.0,2.0,2.0,0.0,0.0
23/04/2022,Arsenal,Man United,3.0,1.0,H,14.0,14.0,7.0,5.0,1.0,7.0,9.0,12.0,3.0,4.0,0.0,0.0
23/04/2022,Leicester,Aston Villa,0.0,0.0,D,5.0,11.0,2.0,3.0,7.0,6.0,15.0,16.0,3.0,2.0,0.0,0.0
23/04/2022,Man City,Watford,5.0,1.0,H,21.0,5.0,8.0,2.0,11.0,4.0,9.0,7.0,1.0,0.0,0.0,0.0
23/04/2022,Norwich,Newcastle,0.0,3.0,A,5.0,13.0,2.0,7.0,2.0,3.0,11.0,10.0,0.0,2.0,0.0,0.0
23/04/2022,Brentford,Tottenham,0.0,0.0,D,15.0,9.0,2.0,0.0,12.0,8.0,8.0,7.0,2.0,1.0,0.0,0.0
24/04/2022,Brighton,Southampton,2.0,2.0,D,8.0,18.0,5.0,5.0,6.0,6.0,12.0,7.0,1.0,0.0,0.0,0.0
24/04/2022,Burnley,Wolves,1.0,0.0,H,14.0,10.0,5.0,4.0,3.0,6.0,8.0,7.0,3.0,1.0,0.0,0.0
24/04/2022,Chelsea,West Ham,1.0,0.0,H,26.0,6.0,5.0,2.0,3.0,1.0,11.0,9.0,1.0,0.0,0.0,1.0
24/04/2022,Liverpool,Everton,2.0,0.0,H,18.0,9.0,4.0,1.0,13.0,1.0,8.0,8.0,2.0,5.0,0.0,0.0
25/04/2022,Crystal Palace,Leeds,0.0,0.0,D,17.0,9.0,7.0,2.0,6.0,3.0,12.0,13.0,2.0,2.0,0.0,0.0
28/04/2022,Man United,Chelsea,1.0,1.0,D,6.0,21.0,3.0,6.0,2.0,9.0,9.0,12.0,0.0,1.0,0.0,0.0
30/04/2022,Newcastle,Liverpool,0.0,1.0,A,4.0,24.0,2.0,10.0,0.0,6.0,11.0,11.0,1.0,3.0,0.0,0.0
30/04/2022,Aston Villa,Norwich,2.0,0.0,H,21.0,9.0,6.0,3.0,2.0,3.0,16.0,8.0,4.0,1.0,0.0,0.0
30/04/2022,Southampton,Crystal Palace,1.0,2.0,A,8.0,14.0,3.0,5.0,6.0,7.0,13.0,11.0,1.0,3.0,0.0,0.0
30/04/2022,Watford,Burnley,1.0,2.0,A,13.0,17.0,1.0,6.0,5.0,6.0,13.0,9.0,1.0,2.0,0.0,0.0
30/04/2022,Wolves,Brighton,0.0,3.0,A,11.0,17.0,1.0,9.0,7.0,3.0,6.0,4.0,2.0,1.0,0.0,0.0
30/04/2022,Leeds,Man City,0.0,4.0,A,7.0,19.0,2.0,6.0,3.0,6.0,13.0,3.0,1.0,2.0,0.0,0.0
01/05/2022,Everton,Chelsea,1.0,0.0,H,9.0,17.0,4.0,5.0,3.0,8.0,9.0,12.0,3.0,5.0,0.0,0.0
01/05/2022,Tottenham,Leicester,3.0,1.0,H,13.0,6.0,7.0,2.0,7.0,3.0,13.0,8.0,2.0,3.0,0.0,0.0
01/05/2022,West Ham,Arsenal,1.0,2.0,A,8.0,13.0,3.0,7.0,3.0,7.0,8.0,9.0,2.0,2.0,0.0,0.0
02/05/2022,Man United,Brentford,3.0,0.0,H,9.0,12.0,5.0,4.0,3.0,8.0,4.0,6.0,1.0,0.0,0.0,0.0
07/05/2022,Brentford,Southampton,3.0,0.0,H,18.0,19.0,5.0,4.0,4.0,7.0,12.0,9.0,0.0,1.0,0.0,0.0
07/05/2022,Burnley,Aston Villa,1.0,3.0,A,14.0,12.0,6.0,7.0,4.0,5.0,13.0,11.0,1.0,2.0,0.0,0.0
07/05/2022,Chelsea,Wolves,2.0,2.0,D,19.0,14.0,6.0,4.0,9.0,3.0,7.0,11.0,1.0,3.0,0.0,0.0
07/05/2022,Crystal Palace,Watford,1.0,0.0,H,15.0,6.0,7.0,1.0,8.0,5.0,11.0,18.0,2.0,1.0,0.0,1.0
07/05/2022,Brighton,Man United,4.0,0.0,H,17.0,15.0,6.0,5.0,7.0,6.0,13.0,9.0,0.0,2.0,0.0,0.0
07/05/2022,Liverpool,Tottenham,1.0,1.0,D,22.0,8.0,3.0,3.0,11.0,5.0,12.0,8.0,3.0,2.0,0.0,0.0
08/05/2022,Arsenal,Leeds,2.0,1.0,H,19.0,3.0,9.0,2.0,8.0,2.0,13.0,15.0,2.0,2.0,0.0,1.0
08/05/2022,Leicester,Everton,1.0,2.0,A,16.0,10.0,9.0,4.0,6.0,1.0,11.0,6.0,3.0,0.0,0.0,0.0
08/05/2022,Norwich,West Ham,0.0,4.0,A,8.0,13.0,2.0,5.0,9.0,5.0,7.0,7.0,1.0,1.0,0.0,0.0
08/05/2022,Man City,Newcastle,5.0,0.0,H,21.0,7.0,9.0,3.0,8.0,2.0,6.0,11.0,1.0,3.0,0.0,0.0
10/05/2022,Aston Villa,Liverpool,1.0,2.0,A,9.0,17.0,4.0,6.0,2.0,3.0,10.0,12.0,0.0,0.0,0.0,0.0
11/05/2022,Leeds,Chelsea,0.0,3.0,A,5.0,17.0,0.0,4.0,1.0,5.0,10.0,14.0,1.0,0.0,1.0,0.0
11/05/2022,Leicester,Norwich,3.0,0.0,H,20.0,9.0,8.0,5.0,10.0,2.0,10.0,5.0,0.0,0.0,0.0,0.0
11/05/2022,Watford,Everton,0.0,0.0,D,6.0,16.0,0.0,5.0,1.0,13.0,5.0,12.0,1.0,2.0,0.0,0.0
11/05/2022,Wolves,Man City,1.0,5.0,A,7.0,16.0,3.0,5.0,6.0,2.0,2.0,10.0,0.0,1.0,0.0,0.0
12/05/2022,Tottenham,Arsenal,3.0,0.0,H,16.0,8.0,6.0,4.0,2.0,2.0,8.0,15.0,1.0,3.0,0.0,1.0
15/05/2022,Tottenham,Burnley,1.0,0.0,H,21.0,8.0,8.0,1.0,8.0,2.0,12.0,8.0,3.0,2.0,0.0,0.0
15/05/2022,Aston Villa,Crystal Palace,1.0,1.0,D,13.0,16.0,4.0,4.0,1.0,5.0,11.0,15.0,1.0,3.0,0.0,0.0
15/05/2022,Leeds,Brighton,1.0,1.0,D,19.0,16.0,5.0,6.0,8.0,1.0,16.0,8.0,3.0,2.0,0.0,0.0
15/05/2022,Watford,Leicester,1.0,5.0,A,13.0,13.0,5.0,7.0,7.0,3.0,4.0,6.0,0.0,1.0,0.0,0.0
15/05/2022,West Ham,Man City,2.0,2.0,D,6.0,31.0,2.0,8.0,4.0,9.0,9.0,5.0,3.0,1.0,0.0,0.0
15/05/2022,Wolves,Norwich,1.0,1.0,D,17.0,11.0,4.0,2.0,5.0,3.0,5.0,10.0,0.0,3.0,0.0,0.0
15/05/2022,Everton,Brentford,2.0,3.0,A,10.0,18.0,5.0,7.0,5.0,2.0,8.0,8.0,0.0,3.0,2.0,0.0
16/05/2022,Newcastle,Arsenal,2.0,0.0,H,16.0,11.0,4.0,2.0,12.0,8.0,11.0,8.0,0.0,3.0,0.0,0.0
17/05/2022,Southampton,Liverpool,1.0,2.0,A,4.0,24.0,2.0,5.0,1.0,9.0,6.0,6.0,2.0,0.0,0.0,0.0
19/05/2022,Everton,Crystal Palace,3.0,2.0,H,12.0,7.0,6.0,5.0,4.0,5.0,9.0,13.0,2.0,3.0,0.0,0.0
19/05/2022,Aston Villa,Burnley,1.0,1.0,D,22.0,10.0,9.0,5.0,13.0,6.0,11.0,20.0,0.0,1.0,0.0,1.0
19/05/2022,Chelsea,Leicester,1.0,1.0,D,20.0,2.0,7.0,1.0,6.0,0.0,13.0,7.0,4.0,1.0,0.0,0.0
22/05/2022,Arsenal,Everton,5.0,1.0,H,26.0,6.0,9.0,2.0,12.0,2.0,8.0,9.0,0.0,1.0,0.0,0.0
22/05/2022,Brentford,Leeds,1.0,2.0,A,14.0,14.0,5.0,6.0,3.0,2.0,11.0,13.0,2.0,1.0,1.0,0.0
22/05/2022,Brighton,West Ham,3.0,1.0,H,18.0,7.0,7.0,2.0,5.0,6.0,9.0,9.0,1.0,1.0,0.0,0.0
22/05/2022,Burnley,Newcastle,1.0,2.0,A,12.0,8.0,5.0,6.0,8.0,2.0,8.0,9.0,1.0,0.0,0.0,0.0
22/05/2022,Chelsea,Watford,2.0,1.0,H,19.0,8.0,8.0,3.0,3.0,3.0,9.0,9.0,0.0,0.0,0.0,0.0
22/05/2022,Crystal Palace,Man United,1.0,0.0,H,6.0,10.0,3.0,4.0,3.0,6.0,12.0,22.0,2.0,4.0,0.0,0.0
22/05/2022,Leicester,Southampton,4.0,1.0,H,12.0,7.0,6.0,2.0,3.0,3.0,10.0,5.0,0.0,1.0,0.0,0.0
22/05/2022,Liverpool,Wolves,3.0,1.0,H,29.0,7.0,8.0,5.0,5.0,3.0,6.0,3.0,1.0,0.0,0.0,0.0
22/05/2022,Man City,Aston Villa,3.0,2.0,H,24.0,4.0,5.0,2.0,13.0,1.0,5.0,11.0,0.0,1.0,0.0,0.0
22/05/2022,Norwich,Tottenham,0.0,5.0,A,9.0,19.0,0.0,13.0,3.0,2.0,13.0,7.0,3.0,1.0,0.0,0.0
05/08/2022,Crystal Palace,Arsenal,0.0,2.0,A,10.0,10.0,2.0,2.0,3.0,5.0,16.0,11.0,1.0,2.0,0.0,0.0
06/08/2022,Fulham,Liverpool,2.0,2.0,D,9.0,11.0,3.0,4.0,4.0,4.0,7.0,9.0,2.0,0.0,0.0,0.0
06/08/2022,Bournemouth,Aston Villa,2.0,0.0,H,7.0,15.0,3.0,2.0,5.0,5.0,18.0,16.0,3.0,3.0,0.0,0.0
06/08/2022,Leeds,Wolves,2.0,1.0,H,12.0,15.0,4.0,6.0,6.0,4.0,13.0,9.0,2.0,0.0,0.0,0.0
06/08/2022,Newcastle,Nott'm Forest,2.0,0.0,H,23.0,5.0,10.0,0.0,11.0,1.0,9.0,14.0,0.0,3.0,0.0,0.0
06/08/2022,Tottenham,Southampton,4.0,1.0,H,18.0,10.0,8.0,2.0,10.0,2.0,11.0,6.0,3.0,0.0,0.0,0.0
06/08/2022,Everton,Chelsea,0.0,1.0,A,8.0,15.0,4.0,6.0,4.0,16.0,14.0,11.0,3.0,2.0,0.0,0.0
07/08/2022,Leicester,Brentford,2.0,2.0,D,14.0,8.0,5.0,3.0,5.0,6.0,6.0,5.0,0.0,0.0,0.0,0.0
07/08/2022,Man United,Brighton,1.0,2.0,A,17.0,15.0,5.0,4.0,6.0,2.0,7.0,12.0,4.0,1.0,0.0,0.0
07/08/2022,West Ham,Man City,0.0,2.0,A,6.0,14.0,1.0,2.0,1.0,4.0,8.0,4.0,0.0,1.0,0.0,0.0
13/08/2022,Aston Villa,Everton,2.0,1.0,H,12.0,15.0,4.0,4.0,5.0,8.0,9.0,7.0,4.0,1.0,0.0,0.0
13/08/2022,Arsenal,Leicester,4.0,2.0,H,19.0,6.0,7.0,2.0,6.0,2.0,15.0,9.0,1.0,1.0,0.0,0.0
13/08/2022,Brighton,Newcastle,0.0,0.0,D,13.0,4.0,7.0,1.0,7.0,3.0,8.0,6.0,2.0,3.0,0.0,0.0
13/08/2022,Man City,Bournemouth,4.0,0.0,H,19.0,3.0,7.0,1.0,11.0,1.0,9.0,9.0,0.0,3.0,0.0,0.0
13/08/2022,Southampton,Leeds,2.0,2.0,D,14.0,13.0,4.0,5.0,2.0,5.0,10.0,12.0,1.0,3.0,0.0,0.0
13/08/2022,Wolves,Fulham,0.0,0.0,D,7.0,9.0,1.0,3.0,5.0,3.0,7.0,14.0,3.0,3.0,0.0,0.0
13/08/2022,Brentford,Man United,4.0,0.0,H,13.0,15.0,7.0,4.0,8.0,2.0,6.0,15.0,0.0,4.0,0.0,0.0
14/08/2022,Nott'm Forest,West Ham,1.0,0.0,H,13.0,19.0,6.0,5.0,6.0,7.0,10.0,11.0,4.0,1.0,0.0,0.0
14/08/2022,Chelsea,Tottenham,2.0,2.0,D,16.0,10.0,3.0,5.0,8.0,5.0,9.0,9.0,3.0,0.0,0.0,0.0
15/08/2022,Liverpool,Crystal Palace,1.0,1.0,D,24.0,7.0,4.0,3.0,4.0,2.0,7.0,8.0,2.0,4.0,1.0,0.0
20/08/2022,Tottenham,Wolves,1.0,0.0,H,11.0,20.0,4.0,3.0,8.0,6.0,10.0,8.0,2.0,2.0,0.0,0.0
20/08/2022,Crystal Palace,Aston Villa,3.0,1.0,H,17.0,13.0,9.0,5.0,4.0,2.0,16.0,14.0,2.0,1.0,0.0,0.0
20/08/2022,Everton,Nott'm Forest,1.0,1.0,D,19.0,14.0,8.0,5.0,6.0,2.0,6.0,9.0,3.0,2.0,0.0,0.0
20/08/2022,Fulham,Brentford,3.0,2.0,H,18.0,13.0,9.0,5.0,6.0,3.0,13.0,7.0,3.0,2.0,0.0,0.0
20/08/2022,Leicester,Southampton,1.0,2.0,A,6.0,9.0,1.0,3.0,2.0,5.0,11.0,15.0,2.0,3.0,0.0,0.0
20/08/2022,Bournemouth,Arsenal,0.0,3.0,A,6.0,14.0,1.0,6.0,3.0,4.0,12.0,10.0,2.0,1.0,0.0,0.0
21/08/2022,Leeds,Chelsea,3.0,0.0,H,12.0,14.0,6.0,3.0,4.0,6.0,16.0,15.0,0.0,1.0,0.0,1.0
21/08/2022,West Ham,Brighton,0.0,2.0,A,13.0,11.0,3.0,2.0,5.0,4.0,10.0,7.0,2.0,0.0,0.0,0.0
21/08/2022,Newcastle,Man City,3.0,3.0,D,12.0,21.0,6.0,10.0,5.0,5.0,14.0,7.0,4.0,2.0,0.0,0.0
22/08/2022,Man United,Liverpool,2.0,1.0,H,12.0,17.0,4.0,5.0,6.0,8.0,11.0,7.0,3.0,1.0,0.0,0.0
27/08/2022,Southampton,Man United,0.0,1.0,A,17.0,11.0,5.0,6.0,5.0,3.0,4.0,14.0,0.0,3.0,0.0,0.0
27/08/2022,Brentford,Everton,1.0,1.0,D,19.0,14.0,5.0,7.0,8.0,5.0,8.0,8.0,2.0,2.0,0.0,0.0
27/08/2022,Brighton,Leeds,1.0,0.0,H,13.0,10.0,4.0,2.0,5.0,3.0,10.0,14.0,2.0,3.0,0.0,0.0
27/08/2022,Chelsea,Leicester,2.0,1.0,H,7.0,17.0,3.0,5.0,3.0,11.0,10.0,7.0,1.0,2.0,1.0,0.0
27/08/2022,Liverpool,Bournemouth,9.0,0.0,H,19.0,5.0,12.0,2.0,8.0,1.0,6.0,5.0,0.0,1.0,0.0,0.0
27/08/2022,Man City,Crystal Palace,4.0,2.0,H,18.0,2.0,5.0,2.0,6.0,1.0,14.0,8.0,1.0,2.0,0.0,0.0
27/08/2022,Arsenal,Fulham,2.0,1.0,H,22.0,11.0,8.0,3.0,9.0,2.0,6.0,12.0,2.0,3.0,0.0,0.0
28/08/2022,Aston Villa,West Ham,0.0,1.0,A,9.0,7.0,3.0,2.0,3.0,2.0,10.0,10.0,2.0,0.0,0.0,0.0
28/08/2022,Wolves,Newcastle,1.0,1.0,D,10.0,21.0,4.0,6.0,4.0,13.0,10.0,11.0,2.0,1.0,0.0,0.0
28/08/2022,Nott'm Forest,Tottenham,0.0,2.0,A,17.0,18.0,1.0,7.0,6.0,1.0,11.0,13.0,6.0,1.0,0.0,0.0
30/08/2022,Crystal Palace,Brentford,1.0,1.0,D,13.0,9.0,4.0,3.0,4.0,6.0,11.0,8.0,1.0,2.0,0.0,0.0
30/08/2022,Fulham,Brighton,2.0,1.0,H,10.0,7.0,3.0,4.0,3.0,3.0,9.0,11.0,2.0,1.0,0.0,0.0
30/08/2022,Southampton,Chelsea,2.0,1.0,H,9.0,10.0,7.0,4.0,5.0,3.0,15.0,10.0,2.0,1.0,0.0,0.0
30/08/2022,Leeds,Everton,1.0,1.0,D,14.0,7.0,5.0,2.0,10.0,2.0,10.0,9.0,3.0,3.0,0.0,0.0
31/08/2022,Arsenal,Aston Villa,2.0,1.0,H,22.0,4.0,9.0,3.0,10.0,3.0,10.0,14.0,2.0,3.0,0.0,0.0
31/08/2022,Bournemouth,Wolves,0.0,0.0,D,5.0,17.0,2.0,4.0,2.0,5.0,12.0,12.0,2.0,1.0,0.0,0.0
31/08/2022,Man City,Nott'm Forest,6.0,0.0,H,17.0,8.0,9.0,1.0,10.0,1.0,9.0,7.0,0.0,1.0,0.0,0.0
31/08/2022,West Ham,Tottenham,1.0,1.0,D,14.0,13.0,4.0,4.0,3.0,4.0,10.0,9.0,2.0,5.0,0.0,0.0
31/08/2022,Liverpool,Newcastle,2.0,1.0,H,23.0,5.0,6.0,2.0,13.0,0.0,9.0,10.0,0.0,2.0,0.0,0.0
01/09/2022,Leicester,Man United,0.0,1.0,A,10.0,9.0,2.0,2.0,1.0,3.0,7.0,15.0,1.0,3.0,0.0,0.0
03/09/2022,Everton,Liverpool,0.0,0.0,D,14.0,23.0,3.0,8.0,7.0,9.0,7.0,11.0,2.0,2.0,0.0,0.0
03/09/2022,Brentford,Leeds,5.0,2.0,H,14.0,17.0,8.0,6.0,2.0,6.0,8.0,9.0,2.0,2.0,0.0,0.0
03/09/2022,Chelsea,West Ham,2.0,1.0,H,8.0,6.0,3.0,3.0,10.0,3.0,6.0,11.0,4.0,2.0,0.0,0.0
03/09/2022,Newcastle,Crystal Palace,0.0,0.0,D,23.0,19.0,6.0,9.0,13.0,5.0,19.0,12.0,2.0,1.0,0.0,0.0
03/09/2022,Nott'm Forest,Bournemouth,2.0,3.0,A,11.0,8.0,3.0,3.0,4.0,6.0,13.0,10.0,2.0,1.0,0.0,0.0
03/09/2022,Tottenham,Fulham,2.0,1.0,H,23.0,9.0,10.0,3.0,10.0,3.0,9.0,6.0,3.0,4.0,0.0,0.0
03/09/2022,Wolves,Southampton,1.0,0.0,H,7.0,12.0,2.0,1.0,5.0,6.0,10.0,14.0,4.0,2.0,0.0,0.0
03/09/2022,Aston Villa,Man City,1.0,1.0,D,3.0,13.0,1.0,4.0,1.0,4.0,7.0,6.0,2.0,0.0,0.0,0.0
04/09/2022,Brighton,Leicester,5.0,2.0,H,23.0,6.0,11.0,4.0,10.0,1.0,6.0,8.0,1.0,1.0,0.0,0.0
04/09/2022,Man United,Arsenal,3.0,1.0,H,10.0,16.0,6.0,3.0,2.0,5.0,13.0,9.0,3.0,3.0,0.0,0.0
16/09/2022,Aston Villa,Southampton,1.0,0.0,H,11.0,7.0,3.0,1.0,6.0,3.0,13.0,13.0,3.0,1.0,0.0,0.0
16/09/2022,Nott'm Forest,Fulham,2.0,3.0,A,11.0,15.0,3.0,7.0,2.0,10.0,11.0,10.0,2.0,4.0,0.0,0.0
17/09/2022,Wolves,Man City,0.0,3.0,A,6.0,16.0,1.0,7.0,5.0,7.0,7.0,9.0,2.0,1.0,1.0,0.0
17/09/2022,Newcastle,Bournemouth,1.0,1.0,D,20.0,10.0,7.0,3.0,8.0,1.0,10.0,11.0,2.0,2.0,0.0,0.0
17/09/2022,Tottenham,Leicester,6.0,2.0,H,16.0,19.0,11.0,7.0,6.0,1.0,9.0,9.0,1.0,2.0,0.0,0.0
18/09/2022,Brentford,Arsenal,0.0,3.0,A,5.0,13.0,2.0,7.0,3.0,3.0,10.0,10.0,0.0,2.0,0.0,0.0
18/09/2022,Everton,West Ham,1.0,0.0,H,7.0,14.0,2.0,4.0,5.0,14.0,8.0,11.0,3.0,1.0,0.0,0.0
01/10/2022,Arsenal,Tottenham,3.0,1.0,H,22.0,7.0,9.0,3.0,5.0,2.0,10.0,10.0,2.0,1.0,0.0,1.0
01/10/2022,Bournemouth,Brentford,0.0,0.0,D,7.0,13.0,1.0,4.0,7.0,8.0,11.0,10.0,1.0,2.0,0.0,0.0
01/10/2022,Crystal Palace,Chelsea,1.0,2.0,A,7.0,13.0,3.0,3.0,5.0,2.0,11.0,13.0,1.0,3.0,0.0,0.0
01/10/2022,Fulham,Newcastle,1.0,4.0,A,3.0,19.0,1.0,10.0,1.0,8.0,9.0,10.0,2.0,0.0,1.0,0.0
01/10/2022,Liverpool,Brighton,3.0,3.0,D,15.0,6.0,7.0,6.0,9.0,2.0,9.0,13.0,1.0,1.0,0.0,0.0
01/10/2022,Southampton,Everton,1.0,2.0,A,22.0,12.0,6.0,5.0,7.0,6.0,11.0,10.0,2.0,2.0,0.0,0.0
01/10/2022,West Ham,Wolves,2.0,0.0,H,18.0,15.0,5.0,4.0,1.0,6.0,8.0,6.0,2.0,2.0,0.0,0.0
02/10/2022,Man City,Man United,6.0,3.0,H,22.0,12.0,10.0,8.0,5.0,1.0,3.0,9.0,0.0,3.0,0.0,0.0
02/10/2022,Leeds,Aston Villa,0.0,0.0,D,9.0,19.0,1.0,7.0,2.0,9.0,23.0,12.0,3.0,2.0,1.0,0.0
03/10/2022,Leicester,Nott'm Forest,4.0,0.0,H,17.0,10.0,7.0,3.0,6.0,6.0,13.0,12.0,2.0,4.0,0.0,0.0
08/10/2022,Bournemouth,Leicester,2.0,1.0,H,10.0,9.0,4.0,5.0,7.0,2.0,8.0,16.0,1.0,2.0,0.0,0.0
08/10/2022,Chelsea,Wolves,3.0,0.0,H,20.0,8.0,7.0,2.0,4.0,2.0,8.0,8.0,2.0,0.0,0.0,0.0
08/10/2022,Man City,Southampton,4.0,0.0,H,21.0,5.0,8.0,0.0,9.0,1.0,4.0,8.0,0.0,1.0,0.0,0.0
08/10/2022,Newcastle,Brentford,5.0,1.0,H,16.0,6.0,6.0,3.0,9.0,5.0,14.0,9.0,0.0,1.0,0.0,0.0
08/10/2022,Brighton,Tottenham,0.0,1.0,A,14.0,8.0,4.0,3.0,6.0,2.0,9.0,14.0,1.0,2.0,0.0,0.0
09/10/2022,Crystal Palace,Leeds,2.0,1.0,H,13.0,10.0,5.0,4.0,5.0,3.0,13.0,23.0,3.0,3.0,0.0,0.0
09/10/2022,West Ham,Fulham,3.0,1.0,H,17.0,8.0,8.0,2.0,4.0,2.0,9.0,7.0,1.0,3.0,0.0,0.0
09/10/2022,Arsenal,Liverpool,3.0,2.0,H,11.0,8.0,7.0,3.0,4.0,3.0,11.0,11.0,1.0,2.0,0.0,0.0
09/10/2022,Everton,Man United,1.0,2.0,A,11.0,12.0,2.0,4.0,5.0,4.0,7.0,13.0,2.0,1.0,0.0,0.0
10/10/2022,Nott'm Forest,Aston Villa,1.0,1.0,D,6.0,12.0,3.0,2.0,1.0,4.0,13.0,19.0,3.0,3.0,0.0,0.0
14/10/2022,Brentford,Brighton,2.0,0.0,H,7.0,21.0,3.0,7.0,2.0,11.0,12.0,15.0,3.0,1.0,0.0,0.0
15/10/2022,Leicester,Crystal Palace,0.0,0.0,D,14.0,8.0,5.0,1.0,9.0,2.0,18.0,13.0,2.0,2.0,0.0,0.0
15/10/2022,Fulham,Bournemouth,2.0,2.0,D,19.0,10.0,4.0,6.0,5.0,6.0,9.0,11.0,2.0,0.0,0.0,0.0
15/10/2022,Wolves,Nott'm Forest,1.0,0.0,H,9.0,10.0,2.0,2.0,4.0,5.0,17.0,13.0,2.0,2.0,0.0,0.0
15/10/2022,Tottenham,Everton,2.0,0.0,H,21.0,4.0,7.0,0.0,7.0,1.0,12.0,13.0,1.0,4.0,0.0,0.0
16/10/2022,Aston Villa,Chelsea,0.0,2.0,A,18.0,8.0,7.0,4.0,7.0,1.0,12.0,11.0,0.0,3.0,0.0,0.0
16/10/2022,Leeds,Arsenal,0.0,1.0,A,16.0,9.0,4.0,4.0,6.0,3.0,10.0,11.0,0.0,2.0,0.0,0.0
16/10/2022,Man United,Newcastle,0.0,0.0,D,15.0,9.0,2.0,2.0,4.0,4.0,13.0,11.0,3.0,1.0,0.0,0.0
16/10/2022,Southampton,West Ham,1.0,1.0,D,10.0,25.0,8.0,4.0,4.0,14.0,7.0,3.0,1.0,1.0,0.0,0.0
16/10/2022,Liverpool,Man City,1.0,0.0,H,13.0,16.0,2.0,6.0,5.0,6.0,10.0,7.0,3.0,1.0,0.0,0.0
18/10/2022,Brighton,Nott'm Forest,0.0,0.0,D,19.0,3.0,7.0,0.0,9.0,1.0,10.0,14.0,3.0,1.0,0.0,0.0
18/10/2022,Crystal Palace,Wolves,2.0,1.0,H,14.0,10.0,4.0,4.0,4.0,3.0,14.0,18.0,3.0,1.0,0.0,0.0
19/10/2022,Bournemouth,Southampton,0.0,1.0,A,15.0,9.0,3.0,3.0,7.0,3.0,8.0,13.0,1.0,3.0,0.0,0.0
19/10/2022,Brentford,Chelsea,0.0,0.0,D,8.0,14.0,5.0,5.0,6.0,2.0,7.0,7.0,0.0,0.0,0.0,0.0
19/10/2022,Liverpool,West Ham,1.0,0.0,H,22.0,8.0,7.0,3.0,8.0,3.0,9.0,8.0,0.0,0.0,0.0,0.0
19/10/2022,Newcastle,Everton,1.0,0.0,H,16.0,1.0,4.0,0.0,8.0,2.0,9.0,12.0,2.0,4.0,0.0,0.0
19/10/2022,Man United,Tottenham,2.0,0.0,H,28.0,9.0,10.0,2.0,8.0,3.0,7.0,7.0,1.0,0.0,0.0,0.0
20/10/2022,Fulham,Aston Villa,3.0,0.0,H,18.0,12.0,8.0,6.0,9.0,7.0,11.0,11.0,0.0,2.0,0.0,1.0
20/10/2022,Leicester,Leeds,2.0,0.0,H,5.0,14.0,1.0,2.0,2.0,9.0,15.0,11.0,2.0,1.0,0.0,0.0
22/10/2022,Nott'm Forest,Liverpool,1.0,0.0,H,10.0,15.0,7.0,7.0,2.0,11.0,14.0,8.0,2.0,1.0,0.0,0.0
22/10/2022,Everton,Crystal Palace,3.0,0.0,H,9.0,9.0,6.0,2.0,3.0,4.0,16.0,14.0,3.0,4.0,0.0,0.0
22/10/2022,Man City,Brighton,3.0,1.0,H,10.0,8.0,4.0,2.0,7.0,3.0,11.0,12.0,1.0,3.0,0.0,0.0
22/10/2022,Chelsea,Man United,1.0,1.0,D,6.0,13.0,2.0,6.0,6.0,4.0,8.0,10.0,1.0,4.0,0.0,0.0
23/10/2022,Aston Villa,Brentford,4.0,0.0,H,19.0,12.0,11.0,3.0,7.0,6.0,14.0,11.0,1.0,0.0,0.0,0.0
23/10/2022,Leeds,Fulham,2.0,3.0,A,14.0,11.0,5.0,5.0,3.0,6.0,12.0,8.0,1.0,1.0,0.0,0.0
23/10/2022,Southampton,Arsenal,1.0,1.0,D,10.0,12.0,3.0,3.0,9.0,4.0,11.0,8.0,2.0,1.0,0.0,0.0
23/10/2022,Wolves,Leicester,0.0,4.0,A,21.0,5.0,5.0,4.0,9.0,2.0,10.0,13.0,2.0,1.0,0.0,0.0
23/10/2022,Tottenham,Newcastle,1.0,2.0,A,17.0,13.0,5.0,5.0,6.0,7.0,12.0,6.0,4.0,2.0,0.0,0.0
24/10/2022,West Ham,Bournemouth,2.0,0.0,H,20.0,5.0,4.0,3.0,5.0,0.0,9.0,11.0,0.0,2.0,0.0,0.0
29/10/2022,Leicester,Man City,0.0,1.0,A,10.0,15.0,5.0,5.0,3.0,10.0,5.0,10.0,0.0,0.0,0.0,0.0
29/10/2022,Bournemouth,Tottenham,2.0,3.0,A,6.0,23.0,4.0,7.0,2.0,19.0,10.0,5.0,1.0,2.0,0.0,0.0
29/10/2022,Brentford,Wolves,1.0,1.0,D,12.0,14.0,3.0,4.0,3.0,6.0,10.0,17.0,3.0,3.0,0.0,1.0
29/10/2022,Brighton,Chelsea,4.0,1.0,H,19.0,15.0,9.0,7.0,8.0,7.0,16.0,6.0,1.0,2.0,0.0,0.0
29/10/2022,Crystal Palace,Southampton,1.0,0.0,H,12.0,14.0,3.0,4.0,8.0,4.0,13.0,12.0,3.0,3.0,0.0,0.0
29/10/2022,Newcastle,Aston Villa,4.0,0.0,H,20.0,3.0,7.0,0.0,3.0,0.0,11.0,11.0,1.0,1.0,0.0,0.0
29/10/2022,Fulham,Everton,0.0,0.0,D,24.0,9.0,6.0,4.0,13.0,4.0,10.0,8.0,2.0,1.0,0.0,0.0
29/10/2022,Liverpool,Leeds,1.0,2.0,A,22.0,14.0,10.0,6.0,14.0,5.0,9.0,3.0,0.0,1.0,0.0,0.0
30/10/2022,Arsenal,Nott'm Forest,5.0,0.0,H,24.0,5.0,10.0,2.0,9.0,4.0,9.0,8.0,0.0,1.0,0.0,0.0
30/10/2022,Man United,West Ham,1.0,0.0,H,16.0,13.0,3.0,5.0,5.0,10.0,12.0,10.0,1.0,3.0,0.0,0.0
05/11/2022,Leeds,Bournemouth,4.0,3.0,H,18.0,9.0,4.0,6.0,13.0,3.0,16.0,10.0,2.0,2.0,0.0,0.0
05/11/2022,Man City,Fulham,2.0,1.0,H,16.0,4.0,5.0,2.0,9.0,0.0,6.0,11.0,2.0,4.0,1.0,0.0
05/11/2022,Nott'm Forest,Brentford,2.0,2.0,D,15.0,6.0,7.0,2.0,3.0,3.0,10.0,11.0,2.0,2.0,0.0,0.0
05/11/2022,Wolves,Brighton,2.0,3.0,A,8.0,19.0,5.0,8.0,4.0,9.0,15.0,11.0,2.0,0.0,1.0,0.0
05/11/2022,Everton,Leicester,0.0,2.0,A,12.0,22.0,2.0,8.0,8.0,3.0,9.0,5.0,0.0,0.0,0.0,0.0
06/11/2022,Chelsea,Arsenal,0.0,1.0,A,5.0,14.0,1.0,2.0,4.0,6.0,20.0,13.0,5.0,2.0,0.0,0.0
06/11/2022,Aston Villa,Man United,3.0,1.0,H,6.0,8.0,4.0,3.0,3.0,5.0,6.0,12.0,3.0,3.0,0.0,0.0
06/11/2022,Southampton,Newcastle,1.0,4.0,A,16.0,7.0,5.0,4.0,8.0,2.0,7.0,10.0,1.0,0.0,0.0,0.0
06/11/2022,West Ham,Crystal Palace,1.0,2.0,A,5.0,15.0,2.0,6.0,2.0,5.0,10.0,7.0,1.0,1.0,0.0,0.0
06/11/2022,Tottenham,Liverpool,1.0,2.0,A,14.0,13.0,5.0,6.0,5.0,3.0,10.0,8.0,0.0,0.0,0.0,0.0
12/11/2022,Man City,Brentford,1.0,2.0,A,29.0,10.0,6.0,8.0,10.0,2.0,9.0,7.0,2.0,2.0,0.0,0.0
12/11/2022,Bournemouth,Everton,3.0,0.0,H,16.0,15.0,9.0,3.0,3.0,5.0,12.0,8.0,2.0,0.0,0.0,0.0
12/11/2022,Liverpool,Southampton,3.0,1.0,H,15.0,9.0,7.0,5.0,6.0,0.0,8.0,8.0,0.0,2.0,0.0,0.0
12/11/2022,Nott'm Forest,Crystal Palace,1.0,0.0,H,9.0,8.0,2.0,0.0,1.0,5.0,11.0,13.0,1.0,4.0,0.0,0.0
12/11/2022,Tottenham,Leeds,4.0,3.0,H,14.0,12.0,8.0,5.0,9.0,2.0,8.0,7.0,1.0,1.0,0.0,1.0
12/11/2022,West Ham,Leicester,0.0,2.0,A,18.0,9.0,6.0,6.0,7.0,2.0,9.0,8.0,3.0,1.0,0.0,0.0
12/11/2022,Newcastle,Chelsea,1.0,0.0,H,10.0,5.0,3.0,2.0,5.0,3.0,14.0,11.0,3.0,2.0,0.0,0.0
12/11/2022,Wolves,Arsenal,0.0,2.0,A,11.0,14.0,2.0,4.0,6.0,4.0,5.0,6.0,3.0,2.0,0.0,0.0
13/11/2022,Brighton,Aston Villa,1.0,2.0,A,7.0,8.0,2.0,2.0,11.0,4.0,14.0,11.0,2.0,7.0,0.0,0.0
13/11/2022,Fulham,Man United,1.0,2.0,A,14.0,14.0,7.0,9.0,10.0,3.0,9.0,10.0,1.0,1.0,0.0,0.0
26/12/2022,Brentford,Tottenham,2.0,2.0,D,9.0,16.0,5.0,8.0,6.0,5.0,11.0,10.0,3.0,1.0,0.0,0.0
26/12/2022,Crystal Palace,Fulham,0.0,3.0,A,4.0,23.0,0.0,11.0,1.0,8.0,12.0,15.0,0.0,0.0,2.0,0.0
26/12/2022,Everton,Wolves,1.0,2.0,A,12.0,7.0,6.0,4.0,2.0,2.0,9.0,22.0,1.0,6.0,0.0,0.0
26/12/2022,Leicester,Newcastle,0.0,3.0,A,8.0,12.0,2.0,5.0,5.0,5.0,9.0,6.0,0.0,0.0,0.0,0.0
26/12/2022,Southampton,Brighton,1.0,3.0,A,14.0,7.0,4.0,4.0,4.0,2.0,9.0,10.0,1.0,2.0,0.0,0.0
26/12/2022,Aston Villa,Liverpool,1.0,3.0,A,12.0,16.0,6.0,9.0,0.0,6.0,7.0,12.0,0.0,0.0,0.0,0.0
26/12/2022,Arsenal,West Ham,3.0,1.0,H,16.0,8.0,5.0,4.0,7.0,5.0,13.0,17.0,0.0,2.0,0.0,0.0
27/12/2022,Chelsea,Bournemouth,2.0,0.0,H,15.0,9.0,5.0,4.0,6.0,8.0,8.0,10.0,0.0,0.0,0.0,0.0
27/12/2022,Man United,Nott'm Forest,3.0,0.0,H,17.0,8.0,8.0,3.0,9.0,9.0,13.0,4.0,3.0,1.0,0.0,0.0
28/12/2022,Leeds,Man City,1.0,3.0,A,9.0,26.0,1.0,9.0,3.0,5.0,11.0,14.0,3.0,3.0,0.0,0.0
30/12/2022,West Ham,Brentford,0.0,2.0,A,20.0,9.0,5.0,6.0,8.0,1.0,9.0,5.0,1.0,0.0,0.0,0.0
30/12/2022,Liverpool,Leicester,2.0,1.0,H,21.0,7.0,5.0,2.0,4.0,5.0,8.0,15.0,0.0,1.0,0.0,0.0
31/12/2022,Wolves,Man United,0.0,1.0,A,10.0,16.0,3.0,6.0,7.0,5.0,11.0,11.0,1.0,3.0,0.0,0.0
31/12/2022,Bournemouth,Crystal Palace,0.0,2.0,A,6.0,15.0,2.0,6.0,2.0,7.0,17.0,11.0,4.0,1.0,0.0,0.0
31/12/2022,Fulham,Southampton,2.0,1.0,H,8.0,9.0,2.0,3.0,4.0,4.0,8.0,13.0,0.0,1.0,0.0,0.0
31/12/2022,Man City,Everton,1.0,1.0,D,16.0,2.0,3.0,1.0,7.0,1.0,13.0,14.0,3.0,4.0,0.0,0.0
31/12/2022,Newcastle,Leeds,0.0,0.0,D,16.0,8.0,5.0,1.0,9.0,3.0,13.0,19.0,3.0,5.0,0.0,0.0
31/12/2022,Brighton,Arsenal,2.0,4.0,A,9.0,14.0,5.0,7.0,7.0,4.0,7.0,11.0,3.0,3.0,0.0,0.0
01/01/2023,Tottenham,Aston Villa,0.0,2.0,A,6.0,13.0,2.0,4.0,5.0,3.0,15.0,10.0,4.0,3.0,0.0,0.0
01/01/2023,Nott'm Forest,Chelsea,1.0,1.0,D,12.0,7.0,5.0,2.0,1.0,2.0,16.0,14.0,2.0,2.0,0.0,0.0
02/01/2023,Brentford,Liverpool,3.0,1.0,H,10.0,16.0,7.0,6.0,4.0,9.0,5.0,8.0,1.0,3.0,0.0,0.0
03/01/2023,Arsenal,Newcastle,0.0,0.0,D,17.0,8.0,4.0,1.0,5.0,5.0,10.0,16.0,4.0,4.0,0.0,0.0
03/01/2023,Everton,Brighton,1.0,4.0,A,10.0,19.0,4.0,8.0,5.0,2.0,8.0,10.0,3.0,1.0,0.0,0.0
03/01/2023,Leicester,Fulham,0.0,1.0,A,15.0,11.0,6.0,2.0,6.0,3.0,12.0,11.0,2.0,6.0,0.0,0.0
03/01/2023,Man United,Bournemouth,3.0,0.0,H,18.0,7.0,6.0,4.0,6.0,5.0,13.0,7.0,0.0,3.0,0.0,0.0
04/01/2023,Southampton,Nott'm Forest,0.0,1.0,A,8.0,11.0,0.0,1.0,6.0,2.0,14.0,17.0,2.0,2.0,0.0,0.0
04/01/2023,Leeds,West Ham,2.0,2.0,D,14.0,15.0,6.0,2.0,8.0,1.0,11.0,18.0,3.0,1.0,0.0,0.0
04/01/2023,Aston Villa,Wolves,1.0,1.0,D,13.0,10.0,4.0,3.0,7.0,8.0,6.0,12.0,1.0,3.0,0.0,0.0
04/01/2023,Crystal Palace,Tottenham,0.0,4.0,A,19.0,14.0,4.0,6.0,10.0,4.0,11.0,8.0,1.0,2.0,0.0,0.0
05/01/2023,Chelsea,Man City,0.0,1.0,A,8.0,12.0,2.0,3.0,3.0,2.0,9.0,9.0,2.0,0.0,0.0,0.0
12/01/2023,Fulham,Chelsea,2.0,1.0,H,8.0,20.0,3.0,10.0,5.0,7.0,12.0,16.0,4.0,3.0,0.0,1.0
13/01/2023,Aston Villa,Leeds,2.0,1.0,H,11.0,16.0,5.0,4.0,0.0,11.0,12.0,8.0,2.0,2.0,0.0,0.0
14/01/2023,Man United,Man City,2.0,1.0,H,8.0,5.0,4.0,1.0,1.0,2.0,15.0,5.0,3.0,0.0,0.0,0.0
14/01/2023,Brighton,Liverpool,3.0,0.0,H,16.0,6.0,9.0,2.0,7.0,1.0,8.0,15.0,1.0,3.0,0.0,0.0
14/01/2023,Everton,Southampton,1.0,2.0,A,12.0,13.0,4.0,5.0,6.0,4.0,7.0,19.0,0.0,3.0,0.0,0.0
14/01/2023,Nott'm Forest,Leicester,2.0,0.0,H,15.0,6.0,5.0,1.0,3.0,5.0,11.0,12.0,1.0,2.0,0.0,0.0
14/01/2023,Wolves,West Ham,1.0,0.0,H,17.0,16.0,4.0,4.0,4.0,3.0,10.0,7.0,0.0,2.0,0.0,0.0
14/01/2023,Brentford,Bournemouth,2.0,0.0,H,12.0,7.0,4.0,2.0,5.0,3.0,5.0,9.0,1.0,1.0,0.0,0.0
15/01/2023,Chelsea,Crystal Palace,1.0,0.0,H,15.0,10.0,5.0,5.0,11.0,7.0,10.0,17.0,2.0,5.0,0.0,0.0
15/01/2023,Newcastle,Fulham,1.0,0.0,H,20.0,5.0,5.0,0.0,10.0,5.0,6.0,14.0,1.0,3.0,0.0,0.0
15/01/2023,Tottenham,Arsenal,0.0,2.0,A,17.0,14.0,7.0,5.0,4.0,3.0,16.0,15.0,4.0,2.0,0.0,0.0
18/01/2023,Crystal Palace,Man United,1.0,1.0,D,10.0,15.0,5.0,4.0,3.0,3.0,9.0,10.0,1.0,2.0,0.0,0.0
19/01/2023,Man City,Tottenham,4.0,2.0,H,16.0,9.0,6.0,3.0,8.0,3.0,10.0,14.0,1.0,2.0,0.0,0.0
21/01/2023,Liverpool,Chelsea,0.0,0.0,D,15.0,11.0,3.0,2.0,5.0,5.0,16.0,9.0,3.0,1.0,0.0,0.0
21/01/2023,Bournemouth,Nott'm Forest,1.0,1.0,D,16.0,20.0,4.0,5.0,4.0,6.0,10.0,7.0,1.0,2.0,0.0,0.0
21/01/2023,Leicester,Brighton,2.0,2.0,D,9.0,13.0,2.0,4.0,5.0,6.0,9.0,9.0,0.0,1.0,0.0,0.0
21/01/2023,Southampton,Aston Villa,0.0,1.0,A,8.0,16.0,5.0,5.0,2.0,2.0,19.0,9.0,1.0,2.0,0.0,0.0
21/01/2023,West Ham,Everton,2.0,0.0,H,11.0,5.0,4.0,2.0,4.0,9.0,9.0,6.0,1.0,1.0,0.0,0.0
21/01/2023,Crystal Palace,Newcastle,0.0,0.0,D,6.0,16.0,1.0,7.0,3.0,15.0,13.0,7.0,4.0,2.0,0.0,0.0
22/01/2023,Leeds,Brentford,0.0,0.0,D,9.0,6.0,5.0,0.0,2.0,3.0,10.0,18.0,2.0,2.0,0.0,0.0
22/01/2023,Man City,Wolves,3.0,0.0,H,13.0,10.0,7.0,1.0,5.0,7.0,10.0,10.0,1.0,2.0,0.0,0.0
22/01/2023,Arsenal,Man United,3.0,2.0,H,25.0,6.0,5.0,4.0,12.0,4.0,8.0,9.0,1.0,2.0,0.0,0.0
23/01/2023,Fulham,Tottenham,0.0,1.0,A,10.0,10.0,5.0,3.0,3.0,8.0,10.0,10.0,1.0,3.0,0.0,0.0
03/02/2023,Chelsea,Fulham,0.0,0.0,D,12.0,10.0,3.0,4.0,6.0,2.0,16.0,12.0,1.0,4.0,0.0,0.0
04/02/2023,Everton,Arsenal,1.0,0.0,H,12.0,15.0,4.0,3.0,7.0,5.0,13.0,8.0,4.0,1.0,0.0,0.0
04/02/2023,Aston Villa,Leicester,2.0,4.0,A,19.0,9.0,4.0,5.0,11.0,3.0,10.0,10.0,0.0,2.0,0.0,0.0
04/02/2023,Brentford,Southampton,3.0,0.0,H,14.0,14.0,4.0,6.0,4.0,4.0,10.0,9.0,1.0,2.0,0.0,0.0
04/02/2023,Brighton,Bournemouth,1.0,0.0,H,20.0,12.0,6.0,2.0,7.0,3.0,14.0,7.0,3.0,1.0,0.0,0.0
04/02/2023,Man United,Crystal Palace,2.0,1.0,H,14.0,10.0,5.0,3.0,5.0,5.0,9.0,9.0,1.0,2.0,1.0,0.0
04/02/2023,Wolves,Liverpool,3.0,0.0,H,12.0,22.0,6.0,4.0,2.0,7.0,9.0,7.0,1.0,1.0,0.0,0.0
04/02/2023,Newcastle,West Ham,1.0,1.0,D,8.0,10.0,2.0,1.0,4.0,2.0,11.0,13.0,2.0,1.0,0.0,0.0
05/02/2023,Nott'm Forest,Leeds,1.0,0.0,H,6.0,10.0,2.0,4.0,0.0,2.0,15.0,14.0,4.0,2.0,0.0,0.0
05/02/2023,Tottenham,Man City,1.0,0.0,H,12.0,15.0,3.0,5.0,4.0,6.0,19.0,14.0,2.0,3.0,1.0,0.0
08/02/2023,Man United,Leeds,2.0,2.0,D,24.0,8.0,7.0,2.0,6.0,5.0,7.0,11.0,1.0,3.0,0.0,0.0
11/02/2023,West Ham,Chelsea,1.0,1.0,D,10.0,12.0,2.0,4.0,5.0,6.0,9.0,11.0,1.0,1.0,0.0,0.0
11/02/2023,Arsenal,Brentford,1.0,1.0,D,23.0,9.0,7.0,2.0,7.0,4.0,9.0,9.0,0.0,2.0,0.0,0.0
11/02/2023,Crystal Palace,Brighton,1.0,1.0,D,6.0,17.0,1.0,7.0,1.0,6.0,10.0,11.0,4.0,1.0,0.0,0.0
11/02/2023,Fulham,Nott'm Forest,2.0,0.0,H,16.0,10.0,3.0,1.0,5.0,4.0,9.0,11.0,0.0,1.0,0.0,0.0
11/02/2023,Leicester,Tottenham,4.0,1.0,H,15.0,11.0,7.0,4.0,1.0,5.0,14.0,9.0,5.0,2.0,0.0,0.0
11/02/2023,Southampton,Wolves,1.0,2.0,A,17.0,11.0,2.0,2.0,5.0,2.0,12.0,14.0,2.0,2.0,0.0,1.0
11/02/2023,Bournemouth,Newcastle,1.0,1.0,D,11.0,15.0,5.0,7.0,4.0,6.0,8.0,10.0,2.0,3.0,0.0,0.0
12/02/2023,Leeds,Man United,0.0,2.0,A,16.0,11.0,6.0,5.0,7.0,3.0,10.0,13.0,2.0,1.0,0.0,0.0
12/02/2023,Man City,Aston Villa,3.0,1.0,H,17.0,6.0,9.0,2.0,8.0,4.0,13.0,14.0,1.0,2.0,0.0,0.0
13/02/2023,Liverpool,Everton,2.0,0.0,H,15.0,6.0,6.0,1.0,3.0,3.0,8.0,16.0,1.0,3.0,0.0,0.0
15/02/2023,Arsenal,Man City,1.0,3.0,A,10.0,9.0,1.0,6.0,1.0,3.0,11.0,15.0,2.0,3.0,0.0,0.0
18/02/2023,Aston Villa,Arsenal,2.0,4.0,A,7.0,20.0,5.0,5.0,2.0,9.0,13.0,4.0,2.0,1.0,0.0,0.0
18/02/2023,Brentford,Crystal Palace,1.0,1.0,D,12.0,10.0,5.0,4.0,2.0,6.0,10.0,8.0,2.0,2.0,0.0,0.0
18/02/2023,Brighton,Fulham,0.0,1.0,A,21.0,5.0,7.0,2.0,10.0,2.0,12.0,14.0,0.0,5.0,0.0,0.0
18/02/2023,Chelsea,Southampton,0.0,1.0,A,17.0,8.0,5.0,5.0,8.0,2.0,16.0,24.0,3.0,6.0,0.0,0.0
18/02/2023,Everton,Leeds,1.0,0.0,H,15.0,8.0,6.0,0.0,6.0,4.0,8.0,6.0,2.0,3.0,0.0,0.0
18/02/2023,Nott'm Forest,Man City,1.0,1.0,D,4.0,26.0,1.0,6.0,0.0,10.0,8.0,6.0,1.0,0.0,0.0,0.0
18/02/2023,Wolves,Bournemouth,0.0,1.0,A,15.0,5.0,4.0,1.0,12.0,2.0,12.0,10.0,3.0,3.0,0.0,0.0
18/02/2023,Newcastle,Liverpool,0.0,2.0,A,14.0,13.0,4.0,7.0,6.0,7.0,3.0,8.0,1.0,1.0,1.0,0.0
19/02/2023,Man United,Leicester,3.0,0.0,H,26.0,19.0,8.0,3.0,6.0,6.0,9.0,9.0,0.0,2.0,0.0,0.0
19/02/2023,Tottenham,West Ham,2.0,0.0,H,16.0,6.0,6.0,1.0,4.0,7.0,16.0,10.0,2.0,1.0,0.0,0.0
24/02/2023,Fulham,Wolves,1.0,1.0,D,10.0,8.0,5.0,2.0,4.0,3.0,12.0,17.0,2.0,0.0,0.0,0.0
25/02/2023,Everton,Aston Villa,0.0,2.0,A,15.0,9.0,5.0,5.0,5.0,1.0,12.0,12.0,2.0,1.0,0.0,0.0
25/02/2023,Leeds,Southampton,1.0,0.0,H,14.0,8.0,4.0,2.0,9.0,2.0,15.0,13.0,2.0,4.0,0.0,0.0
25/02/2023,Leicester,Arsenal,0.0,1.0,A,1.0,10.0,0.0,2.0,0.0,8.0,14.0,9.0,0.0,1.0,0.0,0.0
25/02/2023,West Ham,Nott'm Forest,4.0,0.0,H,18.0,8.0,5.0,3.0,12.0,3.0,8.0,5.0,0.0,0.0,0.0,0.0
25/02/2023,Bournemouth,Man City,1.0,4.0,A,13.0,20.0,2.0,5.0,4.0,6.0,10.0,9.0,2.0,2.0,0.0,0.0
25/02/2023,Crystal Palace,Liverpool,0.0,0.0,D,6.0,12.0,0.0,4.0,5.0,3.0,11.0,14.0,2.0,5.0,0.0,0.0
26/02/2023,Tottenham,Chelsea,2.0,0.0,H,8.0,10.0,3.0,2.0,4.0,4.0,10.0,10.0,2.0,3.0,0.0,0.0
01/03/2023,Arsenal,Everton,4.0,0.0,H,15.0,8.0,5.0,5.0,5.0,1.0,5.0,12.0,0.0,2.0,0.0,0.0
01/03/2023,Liverpool,Wolves,2.0,0.0,H,15.0,4.0,6.0,1.0,5.0,2.0,13.0,14.0,2.0,3.0,0.0,0.0
04/03/2023,Man City,Newcastle,2.0,0.0,H,11.0,5.0,3.0,2.0,8.0,4.0,8.0,13.0,2.0,4.0,0.0,0.0
04/03/2023,Arsenal,Bournemouth,3.0,2.0,H,31.0,4.0,9.0,4.0,17.0,1.0,6.0,8.0,0.0,2.0,0.0,0.0
04/03/2023,Aston Villa,Crystal Palace,1.0,0.0,H,8.0,3.0,1.0,0.0,2.0,4.0,14.0,17.0,2.0,3.0,0.0,1.0
04/03/2023,Brighton,West Ham,4.0,0.0,H,20.0,3.0,9.0,2.0,7.0,3.0,6.0,8.0,0.0,3.0,0.0,0.0
04/03/2023,Chelsea,Leeds,1.0,0.0,H,13.0,11.0,3.0,2.0,5.0,7.0,10.0,7.0,2.0,0.0,0.0,0.0
04/03/2023,Wolves,Tottenham,1.0,0.0,H,8.0,21.0,5.0,6.0,4.0,8.0,11.0,18.0,1.0,1.0,0.0,0.0
04/03/2023,Southampton,Leicester,1.0,0.0,H,11.0,11.0,5.0,0.0,3.0,4.0,12.0,11.0,4.0,2.0,0.0,0.0
05/03/2023,Nott'm Forest,Everton,2.0,2.0,D,10.0,10.0,4.0,3.0,3.0,3.0,11.0,17.0,3.0,5.0,0.0,0.0
05/03/2023,Liverpool,Man United,7.0,0.0,H,18.0,8.0,8.0,4.0,4.0,3.0,13.0,14.0,2.0,3.0,0.0,0.0
06/03/2023,Brentford,Fulham,3.0,2.0,H,14.0,9.0,6.0,5.0,2.0,3.0,12.0,17.0,0.0,3.0,0.0,0.0
11/03/2023,Bournemouth,Liverpool,1.0,0.0,H,5.0,15.0,2.0,6.0,3.0,8.0,7.0,9.0,2.0,1.0,0.0,0.0
11/03/2023,Everton,Brentford,1.0,0.0,H,13.0,12.0,6.0,4.0,5.0,8.0,11.0,12.0,2.0,1.0,0.0,0.0
11/03/2023,Leeds,Brighton,2.0,2.0,D,12.0,14.0,4.0,2.0,4.0,7.0,12.0,9.0,1.0,1.0,0.0,0.0
11/03/2023,Leicester,Chelsea,1.0,3.0,A,17.0,12.0,7.0,6.0,2.0,5.0,10.0,11.0,1.0,2.0,1.0,0.0
11/03/2023,Tottenham,Nott'm Forest,3.0,1.0,H,15.0,9.0,7.0,5.0,2.0,10.0,13.0,13.0,3.0,1.0,0.0,0.0
11/03/2023,Crystal Palace,Man City,0.0,1.0,A,4.0,14.0,0.0,4.0,2.0,6.0,11.0,17.0,2.0,2.0,0.0,0.0
12/03/2023,Fulham,Arsenal,0.0,3.0,A,12.0,15.0,2.0,7.0,4.0,8.0,10.0,9.0,0.0,1.0,0.0,0.0
12/03/2023,Man United,Southampton,0.0,0.0,D,10.0,17.0,4.0,4.0,7.0,8.0,12.0,9.0,2.0,0.0,0.0,0.0
12/03/2023,West Ham,Aston Villa,1.0,1.0,D,17.0,12.0,6.0,4.0,13.0,2.0,8.0,6.0,1.0,0.0,0.0,0.0
12/03/2023,Newcastle,Wolves,2.0,1.0,H,19.0,7.0,8.0,4.0,10.0,3.0,11.0,10.0,1.0,2.0,0.0,0.0
15/03/2023,Brighton,Crystal Palace,1.0,0.0,H,11.0,11.0,5.0,3.0,1.0,4.0,13.0,20.0,1.0,2.0,0.0,0.0
15/03/2023,Southampton,Brentford,0.0,2.0,A,7.0,11.0,1.0,5.0,3.0,3.0,14.0,10.0,1.0,2.0,0.0,0.0
17/03/2023,Nott'm Forest,Newcastle,1.0,2.0,A,5.0,15.0,3.0,4.0,3.0,7.0,17.0,9.0,5.0,1.0,0.0,0.0
18/03/2023,Aston Villa,Bournemouth,3.0,0.0,H,20.0,10.0,9.0,3.0,9.0,6.0,8.0,13.0,1.0,4.0,0.0,0.0
18/03/2023,Brentford,Leicester,1.0,1.0,D,11.0,14.0,2.0,1.0,8.0,4.0,10.0,11.0,1.0,2.0,1.0,0.0
18/03/2023,Southampton,Tottenham,3.0,3.0,D,19.0,17.0,7.0,3.0,10.0,3.0,13.0,8.0,1.0,1.0,0.0,0.0
18/03/2023,Wolves,Leeds,2.0,4.0,A,23.0,11.0,8.0,4.0,5.0,4.0,15.0,9.0,3.0,5.0,1.0,0.0
18/03/2023,Chelsea,Everton,2.0,2.0,D,20.0,12.0,7.0,3.0,8.0,2.0,8.0,12.0,2.0,2.0,0.0,0.0
19/03/2023,Arsenal,Crystal Palace,4.0,1.0,H,15.0,8.0,5.0,4.0,5.0,4.0,8.0,10.0,0.0,1.0,0.0,0.0
01/04/2023,Man City,Liverpool,4.0,1.0,H,17.0,4.0,8.0,1.0,7.0,1.0,9.0,12.0,1.0,1.0,0.0,0.0
01/04/2023,Arsenal,Leeds,4.0,1.0,H,13.0,7.0,6.0,5.0,4.0,3.0,11.0,13.0,0.0,2.0,0.0,0.0
01/04/2023,Bournemouth,Fulham,2.0,1.0,H,12.0,10.0,7.0,2.0,4.0,3.0,15.0,13.0,1.0,4.0,0.0,0.0
01/04/2023,Brighton,Brentford,3.0,3.0,D,33.0,7.0,15.0,5.0,14.0,0.0,16.0,10.0,2.0,1.0,0.0,0.0
01/04/2023,Crystal Palace,Leicester,2.0,1.0,H,31.0,3.0,9.0,2.0,10.0,1.0,12.0,16.0,3.0,4.0,0.0,0.0
01/04/2023,Nott'm Forest,Wolves,1.0,1.0,D,17.0,8.0,7.0,1.0,4.0,3.0,14.0,13.0,3.0,5.0,0.0,0.0
01/04/2023,Chelsea,Aston Villa,0.0,2.0,A,27.0,5.0,8.0,2.0,13.0,2.0,14.0,16.0,3.0,3.0,0.0,0.0
02/04/2023,West Ham,Southampton,1.0,0.0,H,12.0,9.0,2.0,3.0,5.0,3.0,10.0,11.0,0.0,2.0,0.0,0.0
02/04/2023,Newcastle,Man United,2.0,0.0,H,22.0,6.0,6.0,1.0,7.0,4.0,8.0,12.0,0.0,0.0,0.0,0.0
03/04/2023,Everton,Tottenham,1.0,1.0,D,15.0,8.0,6.0,2.0,3.0,3.0,10.0,14.0,0.0,3.0,1.0,1.0
04/04/2023,Bournemouth,Brighton,0.0,2.0,A,14.0,16.0,3.0,6.0,5.0,5.0,11.0,5.0,1.0,1.0,0.0,0.0
04/04/2023,Leeds,Nott'm Forest,2.0,1.0,H,21.0,13.0,6.0,1.0,11.0,4.0,11.0,13.0,1.0,4.0,0.0,0.0
04/04/2023,Leicester,Aston Villa,1.0,2.0,A,9.0,15.0,4.0,5.0,4.0,8.0,10.0,14.0,2.0,0.0,1.0,0.0
04/04/2023,Chelsea,Liverpool,0.0,0.0,D,12.0,7.0,3.0,4.0,3.0,5.0,6.0,17.0,1.0,4.0,0.0,0.0
05/04/2023,Man United,Brentford,1.0,0.0,H,18.0,6.0,3.0,1.0,12.0,3.0,8.0,13.0,3.0,2.0,0.0,0.0
05/04/2023,West Ham,Newcastle,1.0,5.0,A,7.0,15.0,2.0,8.0,7.0,6.0,11.0,12.0,2.0,1.0,0.0,0.0
08/04/2023,Man United,Everton,2.0,0.0,H,29.0,15.0,11.0,1.0,10.0,4.0,10.0,9.0,0.0,0.0,0.0,0.0
08/04/2023,Aston Villa,Nott'm Forest,2.0,0.0,H,8.0,6.0,3.0,2.0,1.0,8.0,7.0,17.0,3.0,4.0,0.0,0.0
08/04/2023,Brentford,Newcastle,1.0,2.0,A,12.0,10.0,6.0,4.0,6.0,5.0,10.0,15.0,0.0,0.0,0.0,0.0
08/04/2023,Fulham,West Ham,0.0,1.0,A,16.0,9.0,3.0,5.0,11.0,4.0,10.0,12.0,1.0,1.0,0.0,0.0
08/04/2023,Leicester,Bournemouth,0.0,1.0,A,14.0,19.0,4.0,7.0,6.0,6.0,10.0,13.0,0.0,3.0,0.0,0.0
08/04/2023,Tottenham,Brighton,2.0,1.0,H,9.0,17.0,3.0,4.0,3.0,7.0,15.0,15.0,3.0,1.0,0.0,0.0
08/04/2023,Wolves,Chelsea,1.0,0.0,H,9.0,13.0,4.0,1.0,8.0,8.0,14.0,10.0,2.0,5.0,0.0,0.0
08/04/2023,Southampton,Man City,1.0,4.0,A,4.0,13.0,1.0,8.0,0.0,10.0,6.0,10.0,0.0,2.0,0.0,0.0
09/04/2023,Leeds,Crystal Palace,1.0,5.0,A,11.0,16.0,7.0,8.0,2.0,4.0,11.0,8.0,3.0,1.0,0.0,0.0
09/04/2023,Liverpool,Arsenal,2.0,2.0,D,21.0,9.0,6.0,5.0,5.0,4.0,11.0,11.0,4.0,4.0,0.0,0.0
15/04/2023,Aston Villa,Newcastle,3.0,0.0,H,16.0,8.0,6.0,2.0,7.0,2.0,13.0,15.0,1.0,1.0,0.0,0.0
15/04/2023,Chelsea,Brighton,1.0,2.0,A,8.0,26.0,2.0,10.0,2.0,8.0,11.0,11.0,2.0,2.0,0.0,0.0
15/04/2023,Everton,Fulham,1.0,3.0,A,15.0,21.0,7.0,7.0,4.0,8.0,10.0,6.0,3.0,2.0,0.0,0.0
15/04/2023,Southampton,Crystal Palace,0.0,2.0,A,11.0,9.0,4.0,2.0,6.0,2.0,6.0,13.0,3.0,1.0,0.0,0.0
15/04/2023,Tottenham,Bournemouth,2.0,3.0,A,24.0,6.0,8.0,6.0,8.0,1.0,8.0,9.0,1.0,2.0,0.0,0.0
15/04/2023,Wolves,Brentford,2.0,0.0,H,11.0,10.0,9.0,3.0,5.0,2.0,12.0,8.0,1.0,1.0,0.0,0.0
15/04/2023,Man City,Leicester,3.0,1.0,H,12.0,10.0,4.0,4.0,6.0,2.0,8.0,8.0,1.0,1.0,0.0,0.0
16/04/2023,West Ham,Arsenal,2.0,2.0,D,16.0,11.0,3.0,5.0,7.0,2.0,11.0,8.0,1.0,2.0,0.0,0.0
16/04/2023,Nott'm Forest,Man United,0.0,2.0,A,6.0,22.0,0.0,8.0,4.0,9.0,9.0,9.0,2.0,2.0,0.0,0.0
17/04/2023,Leeds,Liverpool,1.0,6.0,A,13.0,13.0,3.0,7.0,4.0,2.0,6.0,12.0,0.0,1.0,0.0,0.0
21/04/2023,Arsenal,Southampton,3.0,3.0,D,25.0,8.0,6.0,6.0,7.0,2.0,10.0,14.0,1.0,5.0,0.0,0.0
22/04/2023,Fulham,Leeds,2.0,1.0,H,12.0,10.0,5.0,2.0,8.0,6.0,10.0,15.0,1.0,4.0,0.0,0.0
22/04/2023,Brentford,Aston Villa,1.0,1.0,D,6.0,14.0,5.0,2.0,8.0,4.0,12.0,8.0,3.0,2.0,0.0,0.0
22/04/2023,Crystal Palace,Everton,0.0,0.0,D,12.0,10.0,2.0,5.0,8.0,1.0,12.0,14.0,1.0,1.0,0.0,1.0
22/04/2023,Leicester,Wolves,2.0,1.0,H,15.0,16.0,8.0,3.0,1.0,7.0,17.0,16.0,1.0,3.0,0.0,0.0
22/04/2023,Liverpool,Nott'm Forest,3.0,2.0,H,18.0,11.0,6.0,5.0,9.0,3.0,9.0,12.0,0.0,1.0,0.0,0.0
23/04/2023,Bournemouth,West Ham,0.0,4.0,A,17.0,18.0,5.0,10.0,8.0,5.0,7.0,8.0,1.0,2.0,0.0,0.0
23/04/2023,Newcastle,Tottenham,6.0,1.0,H,25.0,11.0,8.0,3.0,9.0,3.0,7.0,13.0,0.0,3.0,0.0,0.0
25/04/2023,Wolves,Crystal Palace,2.0,0.0,H,9.0,14.0,3.0,4.0,6.0,11.0,13.0,14.0,5.0,4.0,0.0,0.0
25/04/2023,Aston Villa,Fulham,1.0,0.0,H,14.0,1.0,3.0,0.0,8.0,2.0,6.0,18.0,3.0,2.0,0.0,0.0
25/04/2023,Leeds,Leicester,1.0,1.0,D,13.0,15.0,3.0,3.0,3.0,6.0,14.0,15.0,4.0,2.0,0.0,0.0
26/04/2023,Nott'm Forest,Brighton,3.0,1.0,H,12.0,17.0,5.0,7.0,2.0,7.0,7.0,8.0,2.0,0.0,0.0,0.0
26/04/2023,Chelsea,Brentford,0.0,2.0,A,15.0,7.0,4.0,1.0,5.0,2.0,5.0,13.0,1.0,2.0,0.0,0.0
26/04/2023,West Ham,Liverpool,1.0,2.0,A,7.0,20.0,2.0,4.0,3.0,6.0,6.0,8.0,0.0,0.0,0.0,0.0
26/04/2023,Man City,Arsenal,4.0,1.0,H,14.0,8.0,9.0,2.0,1.0,3.0,13.0,13.0,3.0,1.0,0.0,0.0
27/04/2023,Everton,Newcastle,1.0,4.0,A,13.0,15.0,5.0,8.0,3.0,14.0,8.0,6.0,2.0,1.0,0.0,0.0
27/04/2023,Southampton,Bournemouth,0.0,1.0,A,11.0,16.0,2.0,2.0,6.0,4.0,9.0,11.0,0.0,3.0,0.0,0.0
27/04/2023,Tottenham,Man United,2.0,2.0,D,18.0,17.0,7.0,8.0,6.0,8.0,8.0,7.0,1.0,2.0,0.0,0.0
29/04/2023,Crystal Palace,West Ham,4.0,3.0,H,16.0,8.0,6.0,4.0,8.0,5.0,9.0,17.0,1.0,2.0,0.0,0.0
29/04/2023,Brentford,Nott'm Forest,2.0,1.0,H,14.0,5.0,8.0,3.0,6.0,0.0,6.0,13.0,1.0,2.0,0.0,0.0
29/04/2023,Brighton,Wolves,6.0,0.0,H,22.0,10.0,8.0,2.0,2.0,5.0,14.0,11.0,1.0,1.0,0.0,0.0
30/04/2023,Bournemouth,Leeds,4.0,1.0,H,12.0,15.0,7.0,6.0,2.0,6.0,12.0,14.0,1.0,0.0,0.0,0.0
30/04/2023,Fulham,Man City,1.0,2.0,A,4.0,12.0,1.0,9.0,2.0,5.0,9.0,10.0,1.0,3.0,0.0,0.0
30/04/2023,Man United,Aston Villa,1.0,0.0,H,14.0,7.0,6.0,1.0,1.0,4.0,16.0,7.0,2.0,0.0,0.0,0.0
30/04/2023,Newcastle,Southampton,3.0,1.0,H,22.0,4.0,5.0,3.0,11.0,2.0,7.0,10.0,1.0,4.0,0.0,0.0
30/04/2023,Liverpool,Tottenham,4.0,3.0,H,12.0,10.0,4.0,7.0,5.0,2.0,12.0,6.0,3.0,2.0,0.0,0.0
01/05/2023,Leicester,Everton,2.0,2.0,D,15.0,23.0,6.0,8.0,2.0,9.0,10.0,12.0,4.0,1.0,0.0,0.0
02/05/2023,Arsenal,Chelsea,3.0,1.0,H,16.0,7.0,10.0,4.0,7.0,2.0,10.0,10.0,0.0,2.0,0.0,0.0
03/05/2023,Liverpool,Fulham,1.0,0.0,H,15.0,9.0,3.0,3.0,7.0,5.0,10.0,8.0,0.0,0.0,0.0,0.0
03/05/2023,Man City,West Ham,3.0,0.0,H,16.0,6.0,7.0,2.0,6.0,3.0,8.0,8.0,0.0,1.0,0.0,0.0
04/05/2023,Brighton,Man United,1.0,0.0,H,22.0,16.0,6.0,5.0,8.0,6.0,10.0,14.0,4.0,4.0,0.0,0.0
06/05/2023,Bournemouth,Chelsea,1.0,3.0,A,10.0,11.0,4.0,5.0,7.0,7.0,9.0,11.0,1.0,3.0,0.0,0.0
06/05/2023,Man City,Leeds,2.0,1.0,H,18.0,4.0,6.0,2.0,10.0,1.0,3.0,16.0,0.0,3.0,0.0,0.0
06/05/2023,Tottenham,Crystal Palace,1.0,0.0,H,8.0,7.0,3.0,2.0,8.0,4.0,15.0,14.0,3.0,5.0,0.0,0.0
06/05/2023,Wolves,Aston Villa,1.0,0.0,H,6.0,16.0,2.0,3.0,5.0,6.0,20.0,9.0,3.0,3.0,0.0,0.0
06/05/2023,Liverpool,Brentford,1.0,0.0,H,15.0,5.0,5.0,1.0,7.0,3.0,19.0,10.0,4.0,2.0,0.0,0.0
07/05/2023,Newcastle,Arsenal,0.0,2.0,A,12.0,10.0,5.0,6.0,9.0,4.0,16.0,12.0,2.0,1.0,0.0,0.0
07/05/2023,West Ham,Man United,1.0,0.0,H,15.0,19.0,4.0,4.0,5.0,6.0,4.0,9.0,0.0,2.0,0.0,0.0
08/05/2023,Fulham,Leicester,5.0,3.0,H,17.0,18.0,7.0,9.0,2.0,7.0,13.0,15.0,0.0,3.0,0.0,0.0
08/05/2023,Brighton,Everton,1.0,5.0,A,23.0,10.0,5.0,5.0,15.0,1.0,11.0,13.0,1.0,5.0,0.0,0.0
08/05/2023,Nott'm Forest,Southampton,4.0,3.0,H,9.0,19.0,4.0,5.0,2.0,11.0,16.0,10.0,1.0,0.0,0.0,0.0
13/05/2023,Leeds,Newcastle,2.0,2.0,D,9.0,18.0,4.0,5.0,2.0,6.0,16.0,14.0,3.0,2.0,1.0,0.0
13/05/2023,Aston Villa,Tottenham,2.0,1.0,H,8.0,5.0,4.0,2.0,8.0,3.0,9.0,14.0,3.0,3.0,0.0,0.0
13/05/2023,Chelsea,Nott'm Forest,2.0,2.0,D,14.0,11.0,6.0,2.0,2.0,5.0,13.0,15.0,3.0,1.0,0.0,0.0
13/05/2023,Crystal Palace,Bournemouth,2.0,0.0,H,17.0,5.0,5.0,0.0,11.0,2.0,5.0,12.0,0.0,2.0,0.0,0.0
13/05/2023,Man United,Wolves,2.0,0.0,H,27.0,5.0,9.0,0.0,11.0,7.0,9.0,9.0,3.0,2.0,0.0,0.0
13/05/2023,Southampton,Fulham,0.0,2.0,A,5.0,9.0,1.0,4.0,1.0,8.0,17.0,12.0,2.0,0.0,0.0,0.0
14/05/2023,Brentford,West Ham,2.0,0.0,H,24.0,4.0,10.0,4.0,7.0,5.0,5.0,5.0,1.0,0.0,0.0,0.0
14/05/2023,Everton,Man City,0.0,3.0,A,7.0,9.0,3.0,4.0,8.0,6.0,12.0,4.0,1.0,0.0,0.0,0.0
14/05/2023,Arsenal,Brighton,0.0,3.0,A,14.0,12.0,2.0,6.0,5.0,2.0,13.0,17.0,1.0,2.0,0.0,0.0
15/05/2023,Leicester,Liverpool,0.0,3.0,A,4.0,16.0,4.0,5.0,4.0,4.0,11.0,17.0,2.0,1.0,0.0,0.0
18/05/2023,Newcastle,Brighton,4.0,1.0,H,22.0,8.0,9.0,2.0,6.0,1.0,17.0,16.0,2.0,4.0,0.0,0.0
20/05/2023,Tottenham,Brentford,1.0,3.0,A,22.0,11.0,8.0,4.0,8.0,2.0,11.0,9.0,1.0,1.0,0.0,0.0
20/05/2023,Bournemouth,Man United,0.0,1.0,A,10.0,20.0,4.0,5.0,3.0,6.0,6.0,7.0,1.0,0.0,0.0,0.0
20/05/2023,Fulham,Crystal Palace,2.0,2.0,D,11.0,11.0,4.0,5.0,7.0,4.0,13.0,12.0,3.0,0.0,0.0,0.0
20/05/2023,Liverpool,Aston Villa,1.0,1.0,D,10.0,6.0,5.0,3.0,9.0,4.0,16.0,13.0,3.0,5.0,0.0,0.0
20/05/2023,Wolves,Everton,1.0,1.0,D,13.0,19.0,5.0,4.0,1.0,7.0,18.0,10.0,5.0,1.0,0.0,0.0
20/05/2023,Nott'm Forest,Arsenal,1.0,0.0,H,6.0,11.0,2.0,3.0,3.0,6.0,11.0,12.0,3.0,2.0,0.0,0.0
21/05/2023,West Ham,Leeds,3.0,1.0,H,19.0,12.0,9.0,3.0,9.0,5.0,6.0,11.0,1.0,3.0,0.0,0.0
21/05/2023,Brighton,Southampton,3.0,1.0,H,26.0,5.0,8.0,1.0,4.0,3.0,8.0,9.0,2.0,5.0,0.0,0.0
21/05/2023,Man City,Chelsea,1.0,0.0,H,15.0,13.0,2.0,6.0,5.0,2.0,12.0,9.0,0.0,2.0,0.0,0.0
22/05/2023,Newcastle,Leicester,0.0,0.0,D,23.0,1.0,4.0,1.0,12.0,1.0,9.0,5.0,2.0,0.0,0.0,0.0
24/05/2023,Brighton,Man City,1.0,1.0,D,20.0,13.0,7.0,4.0,5.0,1.0,16.0,11.0,2.0,1.0,0.0,0.0
25/05/2023,Man United,Chelsea,4.0,1.0,H,18.0,14.0,9.0,5.0,3.0,4.0,12.0,6.0,1.0,1.0,0.0,0.0
28/05/2023,Arsenal,Wolves,5.0,0.0,H,14.0,6.0,8.0,0.0,8.0,4.0,8.0,11.0,0.0,0.0,0.0,0.0
28/05/2023,Aston Villa,Brighton,2.0,1.0,H,12.0,8.0,5.0,4.0,4.0,3.0,15.0,16.0,4.0,4.0,0.0,0.0
28/05/2023,Brentford,Man City,1.0,0.0,H,11.0,17.0,4.0,3.0,3.0,4.0,12.0,8.0,4.0,0.0,0.0,0.0
28/05/2023,Chelsea,Newcastle,1.0,1.0,D,22.0,13.0,5.0,4.0,10.0,3.0,9.0,11.0,0.0,0.0,0.0,0.0
28/05/2023,Crystal Palace,Nott'm Forest,1.0,1.0,D,16.0,7.0,4.0,4.0,5.0,4.0,9.0,13.0,0.0,2.0,0.0,0.0
28/05/2023,Everton,Bournemouth,1.0,0.0,H,13.0,7.0,6.0,2.0,9.0,3.0,11.0,12.0,1.0,3.0,0.0,0.0
28/05/2023,Leeds,Tottenham,1.0,4.0,A,19.0,11.0,2.0,7.0,12.0,3.0,7.0,5.0,3.0,0.0,0.0,0.0
28/05/2023,Leicester,West Ham,2.0,1.0,H,13.0,16.0,4.0,3.0,3.0,5.0,8.0,10.0,1.0,1.0,0.0,0.0
28/05/2023,Man United,Fulham,2.0,1.0,H,21.0,10.0,8.0,3.0,5.0,4.0,14.0,10.0,1.0,2.0,0.0,0.0
28/05/2023,Southampton,Liverpool,4.0,4.0,D,15.0,30.0,10.0,8.0,2.0,9.0,4.0,10.0,0.0,2.0,0.0,0.0
11/08/2023,Burnley,Man City,0.0,3.0,A,6.0,17.0,1.0,8.0,6.0,5.0,11.0,8.0,0.0,0.0,1.0,0.0
12/08/2023,Arsenal,Nott'm Forest,2.0,1.0,H,15.0,6.0,7.0,2.0,8.0,3.0,12.0,12.0,2.0,2.0,0.0,0.0
12/08/2023,Bournemouth,West Ham,1.0,1.0,D,14.0,16.0,5.0,3.0,10.0,4.0,9.0,14.0,1.0,4.0,0.0,0.0
12/08/2023,Brighton,Luton,4.0,1.0,H,27.0,9.0,12.0,3.0,6.0,7.0,11.0,12.0,2.0,2.0,0.0,0.0
12/08/2023,Everton,Fulham,0.0,1.0,A,19.0,9.0,9.0,2.0,10.0,4.0,12.0,6.0,0.0,2.0,0.0,0.0
12/08/2023,Sheffield United,Crystal Palace,0.0,1.0,A,8.0,24.0,1.0,8.0,5.0,5.0,18.0,11.0,3.0,0.0,0.0,0.0
12/08/2023,Newcastle,Aston Villa,5.0,1.0,H,17.0,16.0,13.0,6.0,6.0,5.0,12.0,17.0,4.0,4.0,0.0,0.0
13/08/2023,Brentford,Tottenham,2.0,2.0,D,11.0,18.0,6.0,6.0,3.0,6.0,12.0,13.0,1.0,4.0,0.0,0.0
13/08/2023,Chelsea,Liverpool,1.0,1.0,D,10.0,13.0,4.0,1.0,4.0,4.0,5.0,12.0,3.0,3.0,0.0,0.0
14/08/2023,Man United,Wolves,1.0,0.0,H,15.0,23.0,3.0,6.0,8.0,7.0,14.0,10.0,2.0,3.0,0.0,0.0
18/08/2023,Nott'm Forest,Sheffield United,2.0,1.0,H,16.0,7.0,4.0,3.0,6.0,7.0,5.0,9.0,2.0,3.0,0.0,0.0
19/08/2023,Fulham,Brentford,0.0,3.0,A,10.0,17.0,2.0,8.0,5.0,5.0,13.0,12.0,2.0,2.0,1.0,0.0
19/08/2023,Liverpool,Bournemouth,3.0,1.0,H,26.0,13.0,10.0,5.0,10.0,2.0,11.0,13.0,1.0,3.0,1.0,0.0
19/08/2023,Wolves,Brighton,1.0,4.0,A,16.0,16.0,5.0,8.0,5.0,3.0,14.0,11.0,3.0,6.0,1.0,0.0
19/08/2023,Tottenham,Man United,2.0,0.0,H,17.0,22.0,6.0,6.0,5.0,6.0,9.0,8.0,1.0,3.0,0.0,0.0
19/08/2023,Man City,Newcastle,1.0,0.0,H,14.0,7.0,4.0,1.0,3.0,0.0,12.0,11.0,1.0,5.0,0.0,0.0
20/08/2023,Aston Villa,Everton,4.0,0.0,H,13.0,9.0,7.0,2.0,7.0,6.0,8.0,12.0,3.0,4.0,0.0,0.0
20/08/2023,West Ham,Chelsea,3.0,1.0,H,12.0,17.0,6.0,4.0,3.0,9.0,12.0,9.0,2.0,3.0,1.0,0.0
21/08/2023,Crystal Palace,Arsenal,0.0,1.0,A,14.0,14.0,2.0,3.0,1.0,8.0,14.0,10.0,2.0,1.0,0.0,1.0
25/08/2023,Chelsea,Luton,3.0,0.0,H,19.0,11.0,8.0,1.0,6.0,4.0,15.0,12.0,2.0,3.0,0.0,0.0
26/08/2023,Bournemouth,Tottenham,0.0,2.0,A,11.0,17.0,3.0,6.0,6.0,2.0,18.0,11.0,1.0,3.0,0.0,0.0
26/08/2023,Arsenal,Fulham,2.0,2.0,D,19.0,8.0,11.0,3.0,8.0,3.0,6.0,5.0,0.0,3.0,0.0,1.0
26/08/2023,Brentford,Crystal Palace,1.0,1.0,D,12.0,15.0,1.0,5.0,8.0,6.0,9.0,15.0,0.0,0.0,0.0,0.0
26/08/2023,Everton,Wolves,0.0,1.0,A,15.0,11.0,7.0,2.0,7.0,0.0,10.0,14.0,3.0,4.0,0.0,0.0
26/08/2023,Man United,Nott'm Forest,3.0,2.0,H,18.0,9.0,9.0,4.0,11.0,3.0,13.0,11.0,4.0,4.0,0.0,1.0
26/08/2023,Brighton,West Ham,1.0,3.0,A,25.0,12.0,10.0,3.0,17.0,4.0,10.0,9.0,1.0,3.0,0.0,0.0
27/08/2023,Burnley,Aston Villa,1.0,3.0,A,9.0,16.0,2.0,6.0,4.0,6.0,12.0,11.0,2.0,0.0,0.0,0.0
27/08/2023,Sheffield United,Man City,1.0,2.0,A,6.0,30.0,2.0,9.0,1.0,12.0,11.0,2.0,3.0,0.0,0.0,0.0
27/08/2023,Newcastle,Liverpool,1.0,2.0,A,23.0,9.0,8.0,4.0,5.0,9.0,16.0,10.0,1.0,2.0,0.0,1.0
01/09/2023,Luton,West Ham,1.0,2.0,A,16.0,9.0,1.0,3.0,9.0,6.0,8.0,13.0,1.0,1.0,0.0,0.0
02/09/2023,Sheffield United,Everton,2.0,2.0,D,13.0,16.0,8.0,6.0,4.0,6.0,11.0,13.0,1.0,2.0,0.0,0.0
02/09/2023,Brentford,Bournemouth,2.0,2.0,D,21.0,12.0,7.0,5.0,5.0,2.0,6.0,13.0,1.0,2.0,0.0,0.0
02/09/2023,Burnley,Tottenham,2.0,5.0,A,16.0,20.0,4.0,10.0,7.0,4.0,15.0,9.0,4.0,3.0,0.0,0.0
02/09/2023,Chelsea,Nott'm Forest,0.0,1.0,A,21.0,7.0,2.0,3.0,8.0,0.0,10.0,9.0,3.0,4.0,0.0,0.0
02/09/2023,Man City,Fulham,5.0,1.0,H,7.0,6.0,5.0,4.0,4.0,5.0,12.0,12.0,2.0,4.0,0.0,0.0
02/09/2023,Brighton,Newcastle,3.0,1.0,H,15.0,9.0,6.0,2.0,5.0,3.0,14.0,17.0,4.0,4.0,0.0,0.0
03/09/2023,Crystal Palace,Wolves,3.0,2.0,H,16.0,12.0,11.0,4.0,4.0,2.0,12.0,12.0,1.0,3.0,0.0,0.0
03/09/2023,Liverpool,Aston Villa,3.0,0.0,H,17.0,9.0,4.0,3.0,7.0,3.0,12.0,7.0,0.0,1.0,0.0,0.0
03/09/2023,Arsenal,Man United,3.0,1.0,H,17.0,10.0,5.0,2.0,12.0,3.0,8.0,7.0,2.0,3.0,0.0,0.0
16/09/2023,Wolves,Liverpool,1.0,3.0,A,11.0,16.0,2.0,6.0,4.0,4.0,10.0,4.0,1.0,3.0,0.0,0.0
16/09/2023,Aston Villa,Crystal Palace,3.0,1.0,H,16.0,6.0,5.0,3.0,4.0,2.0,13.0,9.0,5.0,3.0,0.0,0.0
16/09/2023,Fulham,Luton,1.0,0.0,H,13.0,7.0,2.0,2.0,6.0,2.0,6.0,14.0,2.0,2.0,0.0,0.0
16/09/2023,Man United,Brighton,1.0,3.0,A,14.0,10.0,4.0,8.0,8.0,1.0,8.0,9.0,2.0,2.0,0.0,0.0
16/09/2023,Tottenham,Sheffield United,2.0,1.0,H,28.0,7.0,10.0,5.0,15.0,2.0,13.0,14.0,6.0,5.0,0.0,1.0
16/09/2023,West Ham,Man City,1.0,3.0,A,6.0,29.0,3.0,15.0,4.0,11.0,7.0,11.0,3.0,2.0,0.0,0.0
16/09/2023,Newcastle,Brentford,1.0,0.0,H,9.0,11.0,2.0,2.0,8.0,3.0,8.0,12.0,3.0,5.0,0.0,0.0
17/09/2023,Bournemouth,Chelsea,0.0,0.0,D,13.0,14.0,4.0,6.0,1.0,7.0,15.0,20.0,1.0,5.0,0.0,0.0
17/09/2023,Everton,Arsenal,0.0,1.0,A,8.0,13.0,1.0,4.0,1.0,11.0,12.0,10.0,1.0,1.0,0.0,0.0
18/09/2023,Nott'm Forest,Burnley,1.0,1.0,D,14.0,10.0,4.0,3.0,5.0,4.0,16.0,10.0,2.0,3.0,0.0,1.0
23/09/2023,Crystal Palace,Fulham,0.0,0.0,D,7.0,10.0,3.0,5.0,3.0,2.0,10.0,15.0,3.0,2.0,0.0,0.0
23/09/2023,Luton,Wolves,1.0,1.0,D,20.0,3.0,4.0,3.0,10.0,1.0,12.0,17.0,0.0,2.0,0.0,1.0
23/09/2023,Man City,Nott'm Forest,2.0,0.0,H,7.0,10.0,4.0,3.0,6.0,6.0,5.0,17.0,3.0,7.0,1.0,0.0
23/09/2023,Brentford,Everton,1.0,3.0,A,12.0,18.0,2.0,6.0,1.0,4.0,9.0,12.0,2.0,2.0,0.0,0.0
23/09/2023,Burnley,Man United,0.0,1.0,A,12.0,11.0,4.0,4.0,9.0,5.0,6.0,12.0,1.0,2.0,0.0,0.0
24/09/2023,Arsenal,Tottenham,2.0,2.0,D,13.0,13.0,6.0,5.0,11.0,4.0,12.0,19.0,3.0,4.0,0.0,0.0
24/09/2023,Brighton,Bournemouth,3.0,1.0,H,13.0,12.0,4.0,4.0,4.0,4.0,12.0,17.0,3.0,3.0,0.0,0.0
24/09/2023,Chelsea,Aston Villa,0.0,1.0,A,10.0,15.0,4.0,7.0,5.0,11.0,9.0,11.0,2.0,3.0,0.0,0.0
24/09/2023,Liverpool,West Ham,3.0,1.0,H,22.0,11.0,7.0,4.0,7.0,4.0,12.0,13.0,0.0,2.0,0.0,0.0
24/09/2023,Sheffield United,Newcastle,0.0,8.0,A,9.0,22.0,1.0,15.0,2.0,6.0,12.0,8.0,3.0,0.0,0.0,0.0
30/09/2023,Aston Villa,Brighton,6.0,1.0,H,19.0,11.0,9.0,3.0,1.0,3.0,19.0,21.0,4.0,4.0,0.0,0.0
30/09/2023,Bournemouth,Arsenal,0.0,4.0,A,8.0,15.0,1.0,8.0,6.0,6.0,11.0,10.0,0.0,1.0,0.0,0.0
30/09/2023,Everton,Luton,1.0,2.0,A,23.0,9.0,5.0,2.0,3.0,6.0,8.0,10.0,0.0,1.0,0.0,0.0
30/09/2023,Man United,Crystal Palace,0.0,1.0,A,19.0,8.0,4.0,2.0,10.0,4.0,10.0,8.0,3.0,2.0,0.0,0.0
30/09/2023,Newcastle,Burnley,2.0,0.0,H,20.0,8.0,8.0,2.0,5.0,3.0,7.0,15.0,1.0,3.0,0.0,0.0
30/09/2023,West Ham,Sheffield United,2.0,0.0,H,20.0,16.0,9.0,2.0,7.0,4.0,6.0,9.0,1.0,1.0,0.0,0.0
30/09/2023,Wolves,Man City,2.0,1.0,H,3.0,23.0,1.0,8.0,0.0,6.0,18.0,12.0,5.0,4.0,0.0,0.0
30/09/2023,Tottenham,Liverpool,2.0,1.0,H,24.0,12.0,8.0,4.0,12.0,5.0,11.0,17.0,5.0,4.0,0.0,2.0
01/10/2023,Nott'm Forest,Brentford,1.0,1.0,D,6.0,18.0,1.0,5.0,1.0,11.0,6.0,10.0,1.0,2.0,1.0,0.0
02/10/2023,Fulham,Chelsea,0.0,2.0,A,10.0,11.0,3.0,4.0,8.0,1.0,15.0,12.0,1.0,4.0,0.0,0.0
03/10/2023,Luton,Burnley,1.0,2.0,A,18.0,14.0,3.0,4.0,7.0,6.0,14.0,6.0,4.0,2.0,0.0,0.0
07/10/2023,Luton,Tottenham,0.0,1.0,A,12.0,15.0,2.0,4.0,5.0,6.0,16.0,7.0,2.0,1.0,0.0,1.0
07/10/2023,Burnley,Chelsea,1.0,4.0,A,10.0,9.0,3.0,5.0,7.0,3.0,11.0,8.0,2.0,4.0,0.0,0.0
07/10/2023,Everton,Bournemouth,3.0,0.0,H,25.0,11.0,8.0,4.0,8.0,7.0,14.0,15.0,1.0,2.0,0.0,0.0
07/10/2023,Fulham,Sheffield United,3.0,1.0,H,20.0,5.0,6.0,2.0,9.0,4.0,8.0,10.0,1.0,2.0,0.0,0.0
07/10/2023,Man United,Brentford,2.0,1.0,H,21.0,11.0,8.0,3.0,7.0,5.0,10.0,17.0,0.0,5.0,0.0,0.0
07/10/2023,Crystal Palace,Nott'm Forest,0.0,0.0,D,8.0,16.0,2.0,5.0,3.0,7.0,7.0,12.0,0.0,1.0,0.0,0.0
08/10/2023,Brighton,Liverpool,2.0,2.0,D,14.0,14.0,3.0,4.0,8.0,1.0,12.0,20.0,1.0,2.0,0.0,0.0
08/10/2023,West Ham,Newcastle,2.0,2.0,D,5.0,10.0,3.0,3.0,4.0,2.0,11.0,18.0,3.0,3.0,0.0,0.0
08/10/2023,Wolves,Aston Villa,1.0,1.0,D,8.0,18.0,3.0,4.0,2.0,10.0,19.0,9.0,2.0,2.0,1.0,0.0
08/10/2023,Arsenal,Man City,1.0,0.0,H,12.0,4.0,2.0,1.0,5.0,4.0,8.0,7.0,2.0,3.0,0.0,0.0
21/10/2023,Liverpool,Everton,2.0,0.0,H,26.0,6.0,6.0,1.0,12.0,4.0,9.0,9.0,1.0,1.0,0.0,1.0
21/10/2023,Bournemouth,Wolves,1.0,2.0,A,7.0,20.0,4.0,7.0,3.0,12.0,15.0,10.0,2.0,6.0,1.0,0.0
21/10/2023,Brentford,Burnley,3.0,0.0,H,23.0,6.0,10.0,1.0,5.0,5.0,14.0,12.0,5.0,2.0,0.0,1.0
21/10/2023,Man City,Brighton,2.0,1.0,H,10.0,5.0,6.0,3.0,2.0,2.0,9.0,11.0,2.0,2.0,1.0,0.0
21/10/2023,Newcastle,Crystal Palace,4.0,0.0,H,10.0,17.0,7.0,3.0,6.0,8.0,7.0,12.0,2.0,3.0,0.0,0.0
21/10/2023,Nott'm Forest,Luton,2.0,2.0,D,19.0,13.0,8.0,4.0,4.0,2.0,12.0,11.0,3.0,0.0,0.0,0.0
21/10/2023,Chelsea,Arsenal,2.0,2.0,D,11.0,13.0,5.0,3.0,2.0,7.0,7.0,14.0,3.0,3.0,0.0,0.0
21/10/2023,Sheffield United,Man United,1.0,2.0,A,12.0,14.0,6.0,5.0,5.0,4.0,12.0,10.0,3.0,1.0,0.0,0.0
22/10/2023,Aston Villa,West Ham,4.0,1.0,H,15.0,14.0,7.0,4.0,8.0,7.0,9.0,15.0,0.0,1.0,0.0,0.0
23/10/2023,Tottenham,Fulham,2.0,0.0,H,15.0,10.0,5.0,3.0,3.0,5.0,10.0,14.0,2.0,0.0,0.0,0.0
27/10/2023,Crystal Palace,Tottenham,1.0,2.0,A,13.0,10.0,3.0,1.0,11.0,2.0,19.0,11.0,2.0,1.0,0.0,0.0
28/10/2023,Chelsea,Brentford,0.0,2.0,A,17.0,7.0,2.0,5.0,10.0,1.0,12.0,7.0,1.0,4.0,0.0,0.0
28/10/2023,Arsenal,Sheffield United,5.0,0.0,H,13.0,2.0,8.0,0.0,6.0,1.0,9.0,13.0,0.0,3.0,0.0,0.0
28/10/2023,Bournemouth,Burnley,2.0,1.0,H,13.0,6.0,6.0,3.0,10.0,5.0,9.0,12.0,2.0,3.0,0.0,0.0
28/10/2023,Wolves,Newcastle,2.0,2.0,D,11.0,13.0,6.0,5.0,8.0,7.0,13.0,15.0,1.0,4.0,0.0,0.0
29/10/2023,West Ham,Everton,0.0,1.0,A,12.0,10.0,2.0,4.0,4.0,3.0,7.0,11.0,4.0,1.0,0.0,0.0
29/10/2023,Aston Villa,Luton,3.0,1.0,H,17.0,7.0,6.0,1.0,6.0,4.0,11.0,10.0,3.0,2.0,0.0,0.0
29/10/2023,Brighton,Fulham,1.0,1.0,D,18.0,10.0,7.0,5.0,7.0,3.0,12.0,8.0,0.0,3.0,0.0,0.0
29/10/2023,Liverpool,Nott'm Forest,3.0,0.0,H,21.0,9.0,8.0,1.0,8.0,3.0,9.0,13.0,2.0,3.0,0.0,0.0
29/10/2023,Man United,Man City,0.0,3.0,A,7.0,21.0,3.0,10.0,7.0,12.0,9.0,4.0,4.0,1.0,0.0,0.0
04/11/2023,Fulham,Man United,0.0,1.0,A,18.0,12.0,3.0,5.0,9.0,4.0,9.0,15.0,5.0,2.0,0.0,0.0
04/11/2023,Brentford,West Ham,3.0,2.0,H,16.0,12.0,4.0,2.0,4.0,3.0,12.0,14.0,1.0,4.0,0.0,0.0
04/11/2023,Burnley,Crystal Palace,0.0,2.0,A,17.0,4.0,5.0,3.0,12.0,1.0,9.0,12.0,0.0,5.0,0.0,0.0
04/11/2023,Everton,Brighton,1.0,1.0,D,10.0,7.0,4.0,2.0,3.0,3.0,15.0,5.0,4.0,2.0,0.0,0.0
04/11/2023,Man City,Bournemouth,6.0,1.0,H,21.0,5.0,8.0,1.0,12.0,1.0,8.0,9.0,0.0,1.0,0.0,0.0
04/11/2023,Sheffield United,Wolves,2.0,1.0,H,11.0,10.0,2.0,3.0,4.0,4.0,13.0,10.0,2.0,3.0,0.0,0.0
04/11/2023,Newcastle,Arsenal,1.0,0.0,H,9.0,14.0,2.0,1.0,0.0,11.0,14.0,9.0,5.0,1.0,0.0,0.0
05/11/2023,Nott'm Forest,Aston Villa,2.0,0.0,H,5.0,13.0,3.0,3.0,0.0,10.0,6.0,9.0,1.0,1.0,0.0,0.0
05/11/2023,Luton,Liverpool,1.0,1.0,D,8.0,24.0,5.0,6.0,4.0,7.0,7.0,13.0,1.0,1.0,0.0,0.0
06/11/2023,Tottenham,Chelsea,1.0,4.0,A,8.0,17.0,5.0,8.0,1.0,6.0,12.0,21.0,1.0,5.0,2.0,0.0
11/11/2023,Wolves,Tottenham,2.0,1.0,H,17.0,6.0,4.0,2.0,11.0,3.0,19.0,15.0,4.0,3.0,0.0,0.0
11/11/2023,Arsenal,Burnley,3.0,1.0,H,16.0,8.0,6.0,5.0,3.0,3.0,8.0,9.0,0.0,1.0,1.0,0.0
11/11/2023,Crystal Palace,Everton,2.0,3.0,A,13.0,8.0,4.0,4.0,9.0,2.0,9.0,18.0,1.0,4.0,0.0,0.0
11/11/2023,Man United,Luton,1.0,0.0,H,15.0,10.0,4.0,4.0,11.0,3.0,9.0,11.0,0.0,2.0,0.0,0.0
11/11/2023,Bournemouth,Newcastle,2.0,0.0,H,19.0,8.0,10.0,5.0,6.0,5.0,10.0,4.0,2.0,1.0,0.0,0.0
12/11/2023,Aston Villa,Fulham,3.0,1.0,H,12.0,9.0,6.0,5.0,2.0,2.0,4.0,17.0,2.0,5.0,0.0,0.0
12/11/2023,Brighton,Sheffield United,1.0,1.0,D,11.0,9.0,6.0,1.0,6.0,3.0,13.0,16.0,3.0,2.0,1.0,0.0
12/11/2023,Liverpool,Brentford,3.0,0.0,H,17.0,16.0,10.0,3.0,6.0,8.0,16.0,12.0,1.0,2.0,0.0,0.0
12/11/2023,West Ham,Nott'm Forest,3.0,2.0,H,16.0,10.0,6.0,5.0,9.0,4.0,9.0,12.0,2.0,2.0,0.0,0.0
12/11/2023,Chelsea,Man City,4.0,4.0,D,17.0,15.0,9.0,10.0,3.0,3.0,12.0,15.0,5.0,3.0,0.0,0.0
25/11/2023,Man City,Liverpool,1.0,1.0,D,16.0,8.0,5.0,3.0,9.0,6.0,9.0,11.0,1.0,3.0,0.0,0.0
25/11/2023,Burnley,West Ham,1.0,2.0,A,11.0,11.0,5.0,3.0,4.0,5.0,11.0,7.0,1.0,3.0,0.0,0.0
25/11/2023,Luton,Crystal Palace,2.0,1.0,H,8.0,16.0,3.0,8.0,4.0,5.0,15.0,12.0,6.0,1.0,0.0,0.0
25/11/2023,Newcastle,Chelsea,4.0,1.0,H,14.0,7.0,5.0,4.0,4.0,2.0,13.0,19.0,4.0,4.0,0.0,1.0
25/11/2023,Nott'm Forest,Brighton,2.0,3.0,A,18.0,11.0,5.0,5.0,6.0,4.0,12.0,7.0,2.0,4.0,0.0,1.0
25/11/2023,Sheffield United,Bournemouth,1.0,3.0,A,10.0,23.0,2.0,11.0,4.0,7.0,6.0,8.0,4.0,1.0,0.0,0.0
25/11/2023,Brentford,Arsenal,0.0,1.0,A,9.0,15.0,3.0,4.0,1.0,8.0,9.0,7.0,1.0,1.0,0.0,0.0
26/11/2023,Tottenham,Aston Villa,1.0,2.0,A,18.0,15.0,8.0,5.0,9.0,3.0,11.0,13.0,0.0,4.0,0.0,0.0
26/11/2023,Everton,Man United,0.0,3.0,A,24.0,9.0,6.0,4.0,6.0,5.0,10.0,8.0,3.0,0.0,0.0,0.0
27/11/2023,Fulham,Wolves,3.0,2.0,H,12.0,10.0,6.0,6.0,6.0,2.0,13.0,13.0,2.0,2.0,0.0,0.0
02/12/2023,Arsenal,Wolves,2.0,1.0,H,19.0,6.0,6.0,3.0,4.0,0.0,10.0,10.0,1.0,2.0,0.0,0.0
02/12/2023,Brentford,Luton,3.0,1.0,H,27.0,7.0,6.0,1.0,7.0,5.0,10.0,8.0,1.0,2.0,0.0,0.0
02/12/2023,Burnley,Sheffield United,5.0,0.0,H,19.0,6.0,7.0,3.0,6.0,1.0,9.0,12.0,2.0,5.0,0.0,1.0
02/12/2023,Nott'm Forest,Everton,0.0,1.0,A,13.0,12.0,2.0,3.0,4.0,3.0,15.0,14.0,1.0,0.0,0.0,0.0
02/12/2023,Newcastle,Man United,1.0,0.0,H,22.0,8.0,4.0,1.0,7.0,3.0,6.0,13.0,1.0,2.0,0.0,0.0
03/12/2023,Bournemouth,Aston Villa,2.0,2.0,D,15.0,11.0,7.0,3.0,7.0,7.0,16.0,12.0,5.0,3.0,0.0,0.0
03/12/2023,Chelsea,Brighton,3.0,2.0,H,8.0,18.0,5.0,9.0,5.0,8.0,16.0,12.0,3.0,5.0,1.0,0.0
03/12/2023,Liverpool,Fulham,4.0,3.0,H,26.0,9.0,12.0,5.0,3.0,4.0,6.0,7.0,0.0,0.0,0.0,0.0
03/12/2023,West Ham,Crystal Palace,1.0,1.0,D,9.0,9.0,3.0,2.0,2.0,3.0,17.0,7.0,2.0,0.0,0.0,0.0
03/12/2023,Man City,Tottenham,3.0,3.0,D,18.0,8.0,4.0,4.0,10.0,8.0,14.0,14.0,4.0,4.0,0.0,0.0
05/12/2023,Wolves,Burnley,1.0,0.0,H,7.0,12.0,4.0,3.0,6.0,8.0,11.0,15.0,2.0,4.0,0.0,0.0
05/12/2023,Luton,Arsenal,3.0,4.0,A,6.0,23.0,4.0,9.0,3.0,8.0,14.0,7.0,2.0,1.0,0.0,0.0
06/12/2023,Brighton,Brentford,2.0,1.0,H,18.0,8.0,7.0,2.0,7.0,3.0,10.0,8.0,3.0,1.0,0.0,0.0
06/12/2023,Crystal Palace,Bournemouth,0.0,2.0,A,16.0,11.0,3.0,4.0,3.0,9.0,10.0,17.0,1.0,3.0,0.0,0.0
06/12/2023,Fulham,Nott'm Forest,5.0,0.0,H,14.0,4.0,6.0,1.0,6.0,1.0,7.0,10.0,0.0,1.0,0.0,0.0
06/12/2023,Sheffield United,Liverpool,0.0,2.0,A,6.0,15.0,1.0,8.0,2.0,12.0,12.0,8.0,2.0,3.0,0.0,0.0
06/12/2023,Aston Villa,Man City,1.0,0.0,H,22.0,2.0,7.0,2.0,6.0,0.0,13.0,13.0,2.0,2.0,0.0,0.0
06/12/2023,Man United,Chelsea,2.0,1.0,H,28.0,13.0,9.0,3.0,12.0,4.0,12.0,12.0,4.0,0.0,0.0,0.0
07/12/2023,Everton,Newcastle,3.0,0.0,H,21.0,13.0,6.0,3.0,5.0,2.0,18.0,8.0,3.0,0.0,0.0,0.0
07/12/2023,Tottenham,West Ham,1.0,2.0,A,23.0,11.0,7.0,5.0,8.0,4.0,11.0,12.0,3.0,3.0,0.0,0.0
09/12/2023,Crystal Palace,Liverpool,1.0,2.0,A,8.0,14.0,4.0,2.0,6.0,5.0,17.0,17.0,5.0,2.0,1.0,0.0
09/12/2023,Brighton,Burnley,1.0,1.0,D,29.0,6.0,11.0,3.0,9.0,1.0,5.0,8.0,0.0,4.0,0.0,0.0
09/12/2023,Man United,Bournemouth,0.0,3.0,A,20.0,10.0,3.0,4.0,10.0,4.0,7.0,10.0,3.0,1.0,0.0,0.0
09/12/2023,Sheffield United,Brentford,1.0,0.0,H,9.0,10.0,4.0,4.0,3.0,4.0,14.0,13.0,5.0,1.0,0.0,0.0
09/12/2023,Wolves,Nott'm Forest,1.0,1.0,D,10.0,8.0,4.0,2.0,4.0,3.0,9.0,11.0,0.0,1.0,0.0,0.0
09/12/2023,Aston Villa,Arsenal,1.0,0.0,H,10.0,12.0,3.0,5.0,3.0,3.0,16.0,11.0,4.0,2.0,0.0,0.0
10/12/2023,Everton,Chelsea,2.0,0.0,H,9.0,16.0,5.0,4.0,4.0,8.0,12.0,12.0,2.0,2.0,0.0,0.0
10/12/2023,Fulham,West Ham,5.0,0.0,H,14.0,9.0,8.0,5.0,3.0,6.0,5.0,10.0,2.0,1.0,0.0,0.0
10/12/2023,Luton,Man City,1.0,2.0,A,4.0,18.0,2.0,6.0,6.0,3.0,16.0,6.0,2.0,1.0,0.0,0.0
10/12/2023,Tottenham,Newcastle,4.0,1.0,H,23.0,9.0,12.0,3.0,3.0,6.0,10.0,12.0,1.0,3.0,0.0,0.0
15/12/2023,Nott'm Forest,Tottenham,0.0,2.0,A,15.0,12.0,1.0,6.0,6.0,4.0,16.0,11.0,2.0,4.0,0.0,1.0
16/12/2023,Chelsea,Sheffield United,2.0,0.0,H,15.0,6.0,6.0,1.0,7.0,6.0,9.0,14.0,1.0,3.0,0.0,0.0
16/12/2023,Man City,Crystal Palace,2.0,2.0,D,19.0,5.0,9.0,2.0,6.0,1.0,12.0,9.0,1.0,1.0,0.0,0.0
16/12/2023,Newcastle,Fulham,3.0,0.0,H,27.0,6.0,10.0,4.0,5.0,1.0,7.0,12.0,0.0,2.0,0.0,1.0
16/12/2023,Burnley,Everton,0.0,2.0,A,14.0,9.0,2.0,6.0,8.0,6.0,9.0,8.0,0.0,1.0,0.0,0.0
17/12/2023,Arsenal,Brighton,2.0,0.0,H,26.0,6.0,9.0,1.0,10.0,1.0,11.0,9.0,1.0,3.0,0.0,0.0
17/12/2023,Brentford,Aston Villa,1.0,2.0,A,4.0,15.0,3.0,5.0,7.0,12.0,19.0,6.0,6.0,4.0,1.0,1.0
17/12/2023,West Ham,Wolves,3.0,0.0,H,13.0,14.0,4.0,3.0,6.0,6.0,12.0,15.0,3.0,1.0,0.0,0.0
17/12/2023,Liverpool,Man United,0.0,0.0,D,34.0,6.0,8.0,1.0,12.0,0.0,13.0,8.0,2.0,4.0,0.0,1.0
21/12/2023,Crystal Palace,Brighton,1.0,1.0,D,11.0,18.0,3.0,6.0,3.0,1.0,12.0,11.0,5.0,2.0,0.0,0.0
22/12/2023,Aston Villa,Sheffield United,1.0,1.0,D,12.0,5.0,4.0,2.0,9.0,1.0,11.0,16.0,3.0,3.0,0.0,0.0
23/12/2023,West Ham,Man United,2.0,0.0,H,12.0,11.0,5.0,3.0,4.0,4.0,13.0,15.0,2.0,3.0,0.0,0.0
23/12/2023,Fulham,Burnley,0.0,2.0,A,19.0,7.0,5.0,2.0,8.0,6.0,5.0,17.0,2.0,1.0,0.0,0.0
23/12/2023,Luton,Newcastle,1.0,0.0,H,16.0,15.0,5.0,2.0,6.0,7.0,11.0,5.0,2.0,1.0,0.0,0.0
23/12/2023,Nott'm Forest,Bournemouth,2.0,3.0,A,11.0,18.0,5.0,7.0,6.0,6.0,10.0,10.0,0.0,3.0,1.0,0.0
23/12/2023,Tottenham,Everton,2.0,1.0,H,13.0,18.0,6.0,8.0,3.0,8.0,6.0,18.0,1.0,4.0,0.0,0.0
23/12/2023,Liverpool,Arsenal,1.0,1.0,D,13.0,13.0,3.0,2.0,4.0,5.0,13.0,14.0,2.0,5.0,0.0,0.0
24/12/2023,Wolves,Chelsea,2.0,1.0,H,14.0,16.0,6.0,5.0,10.0,6.0,11.0,9.0,3.0,5.0,0.0,0.0
26/12/2023,Newcastle,Nott'm Forest,1.0,3.0,A,19.0,15.0,7.0,6.0,10.0,2.0,10.0,11.0,3.0,3.0,0.0,0.0
26/12/2023,Bournemouth,Fulham,3.0,0.0,H,16.0,8.0,4.0,3.0,6.0,5.0,10.0,10.0,0.0,2.0,0.0,0.0
26/12/2023,Sheffield United,Luton,2.0,3.0,A,21.0,12.0,6.0,4.0,9.0,4.0,13.0,13.0,5.0,0.0,0.0,0.0
26/12/2023,Burnley,Liverpool,0.0,2.0,A,9.0,19.0,0.0,10.0,4.0,4.0,7.0,10.0,2.0,1.0,0.0,0.0
26/12/2023,Man United,Aston Villa,3.0,2.0,H,13.0,10.0,7.0,4.0,3.0,6.0,10.0,10.0,1.0,3.0,0.0,0.0
27/12/2023,Brentford,Wolves,1.0,4.0,A,14.0,11.0,4.0,5.0,8.0,2.0,5.0,14.0,1.0,1.0,0.0,0.0
27/12/2023,Chelsea,Crystal Palace,2.0,1.0,H,9.0,13.0,4.0,5.0,4.0,3.0,13.0,16.0,3.0,2.0,0.0,0.0
27/12/2023,Everton,Man City,1.0,3.0,A,7.0,23.0,2.0,9.0,8.0,4.0,13.0,5.0,4.0,2.0,0.0,0.0
28/12/2023,Brighton,Tottenham,4.0,2.0,H,15.0,19.0,9.0,3.0,7.0,6.0,18.0,6.0,3.0,2.0,0.0,0.0
28/12/2023,Arsenal,West Ham,0.0,2.0,A,30.0,6.0,8.0,3.0,10.0,3.0,8.0,8.0,2.0,0.0,0.0,0.0
30/12/2023,Luton,Chelsea,2.0,3.0,A,15.0,12.0,6.0,8.0,7.0,2.0,14.0,21.0,2.0,2.0,0.0,0.0
30/12/2023,Aston Villa,Burnley,3.0,2.0,H,19.0,9.0,7.0,5.0,6.0,2.0,9.0,14.0,4.0,1.0,0.0,1.0
30/12/2023,Crystal Palace,Brentford,3.0,1.0,H,13.0,9.0,6.0,4.0,7.0,4.0,14.0,10.0,0.0,1.0,0.0,0.0
30/12/2023,Man City,Sheffield United,2.0,0.0,H,18.0,4.0,4.0,2.0,12.0,2.0,5.0,6.0,1.0,1.0,0.0,0.0
30/12/2023,Wolves,Everton,3.0,0.0,H,12.0,10.0,6.0,0.0,5.0,2.0,9.0,14.0,2.0,3.0,0.0,0.0
30/12/2023,Nott'm Forest,Man United,2.0,1.0,H,8.0,10.0,2.0,5.0,4.0,5.0,9.0,11.0,2.0,4.0,0.0,0.0
31/12/2023,Fulham,Arsenal,2.0,1.0,H,15.0,13.0,4.0,3.0,5.0,4.0,11.0,10.0,4.0,1.0,0.0,0.0
31/12/2023,Tottenham,Bournemouth,3.0,1.0,H,12.0,24.0,6.0,4.0,4.0,13.0,9.0,18.0,3.0,3.0,0.0,0.0
01/01/2024,Liverpool,Newcastle,4.0,2.0,H,34.0,5.0,15.0,3.0,7.0,3.0,16.0,15.0,3.0,5.0,0.0,0.0
02/01/2024,West Ham,Brighton,0.0,0.0,D,6.0,22.0,2.0,8.0,2.0,0.0,4.0,6.0,1.0,0.0,0.0,0.0
12/01/2024,Burnley,Luton,1.0,1.0,D,13.0,14.0,7.0,5.0,2.0,8.0,7.0,12.0,1.0,0.0,0.0,0.0
13/01/2024,Chelsea,Fulham,1.0,0.0,H,17.0,14.0,3.0,4.0,6.0,4.0,13.0,9.0,5.0,1.0,0.0,0.0
13/01/2024,Newcastle,Man City,2.0,3.0,A,12.0,27.0,5.0,11.0,3.0,13.0,7.0,7.0,1.0,2.0,0.0,0.0
14/01/2024,Everton,Aston Villa,0.0,0.0,D,10.0,16.0,2.0,5.0,4.0,5.0,13.0,14.0,1.0,4.0,0.0,0.0
14/01/2024,Man United,Tottenham,2.0,2.0,D,9.0,16.0,2.0,6.0,8.0,13.0,8.0,5.0,2.0,1.0,0.0,0.0
20/01/2024,Arsenal,Crystal Palace,5.0,0.0,H,21.0,12.0,6.0,5.0,6.0,7.0,8.0,12.0,0.0,0.0,0.0,0.0
20/01/2024,Brentford,Nott'm Forest,3.0,2.0,H,11.0,12.0,5.0,3.0,6.0,4.0,10.0,14.0,1.0,3.0,0.0,0.0
21/01/2024,Sheffield United,West Ham,2.0,2.0,D,21.0,16.0,6.0,5.0,4.0,1.0,11.0,10.0,3.0,1.0,1.0,1.0
21/01/2024,Bournemouth,Liverpool,0.0,4.0,A,11.0,14.0,1.0,7.0,8.0,5.0,9.0,12.0,1.0,2.0,0.0,0.0
22/01/2024,Brighton,Wolves,0.0,0.0,D,11.0,8.0,4.0,3.0,8.0,2.0,10.0,13.0,1.0,4.0,0.0,0.0
30/01/2024,Nott'm Forest,Arsenal,1.0,2.0,A,9.0,19.0,3.0,3.0,2.0,11.0,6.0,7.0,0.0,1.0,0.0,0.0
30/01/2024,Fulham,Everton,0.0,0.0,D,25.0,21.0,6.0,4.0,15.0,6.0,6.0,13.0,1.0,2.0,0.0,0.0
30/01/2024,Luton,Brighton,4.0,0.0,H,18.0,9.0,8.0,2.0,7.0,4.0,13.0,14.0,2.0,2.0,0.0,0.0
30/01/2024,Crystal Palace,Sheffield United,3.0,2.0,H,12.0,9.0,4.0,5.0,11.0,1.0,8.0,18.0,1.0,4.0,0.0,0.0
30/01/2024,Aston Villa,Newcastle,1.0,3.0,A,12.0,14.0,6.0,5.0,8.0,7.0,14.0,12.0,4.0,1.0,0.0,0.0
31/01/2024,Man City,Burnley,3.0,1.0,H,14.0,8.0,4.0,3.0,7.0,3.0,3.0,13.0,2.0,2.0,0.0,0.0
31/01/2024,Tottenham,Brentford,3.0,2.0,H,19.0,9.0,5.0,5.0,5.0,3.0,13.0,15.0,2.0,3.0,0.0,0.0
31/01/2024,Liverpool,Chelsea,4.0,1.0,H,28.0,4.0,13.0,3.0,8.0,1.0,15.0,16.0,2.0,4.0,0.0,0.0
01/02/2024,West Ham,Bournemouth,1.0,1.0,D,9.0,9.0,3.0,4.0,1.0,5.0,13.0,11.0,1.0,3.0,0.0,0.0
01/02/2024,Wolves,Man United,3.0,4.0,A,16.0,21.0,7.0,8.0,4.0,5.0,10.0,10.0,2.0,5.0,0.0,0.0
03/02/2024,Everton,Tottenham,2.0,2.0,D,14.0,9.0,5.0,6.0,9.0,5.0,8.0,14.0,3.0,0.0,0.0,0.0
03/02/2024,Brighton,Crystal Palace,4.0,1.0,H,13.0,7.0,6.0,5.0,3.0,2.0,8.0,14.0,1.0,3.0,0.0,0.0
03/02/2024,Burnley,Fulham,2.0,2.0,D,12.0,15.0,4.0,7.0,2.0,13.0,11.0,7.0,2.0,2.0,0.0,0.0
03/02/2024,Newcastle,Luton,4.0,4.0,D,19.0,11.0,6.0,8.0,8.0,2.0,13.0,16.0,2.0,2.0,0.0,0.0
03/02/2024,Sheffield United,Aston Villa,0.0,5.0,A,10.0,14.0,5.0,10.0,3.0,4.0,10.0,7.0,1.0,0.0,0.0,0.0
04/02/2024,Bournemouth,Nott'm Forest,1.0,1.0,D,9.0,8.0,2.0,6.0,11.0,6.0,19.0,12.0,3.0,2.0,1.0,0.0
04/02/2024,Chelsea,Wolves,2.0,4.0,A,15.0,14.0,6.0,7.0,10.0,1.0,15.0,11.0,3.0,2.0,0.0,0.0
04/02/2024,Man United,West Ham,3.0,0.0,H,12.0,22.0,5.0,3.0,5.0,8.0,10.0,5.0,0.0,1.0,0.0,0.0
04/02/2024,Arsenal,Liverpool,3.0,1.0,H,15.0,10.0,7.0,1.0,2.0,4.0,11.0,11.0,6.0,2.0,0.0,1.0
05/02/2024,Brentford,Man City,1.0,3.0,A,9.0,25.0,3.0,15.0,8.0,13.0,2.0,4.0,1.0,0.0,0.0,0.0
10/02/2024,Man City,Everton,2.0,0.0,H,19.0,5.0,3.0,1.0,9.0,0.0,6.0,11.0,0.0,2.0,0.0,0.0
10/02/2024,Fulham,Bournemouth,3.0,1.0,H,7.0,25.0,6.0,4.0,1.0,14.0,11.0,11.0,1.0,2.0,0.0,0.0
10/02/2024,Liverpool,Burnley,3.0,1.0,H,25.0,9.0,10.0,4.0,9.0,3.0,11.0,13.0,3.0,2.0,0.0,0.0
10/02/2024,Luton,Sheffield United,1.0,3.0,A,20.0,7.0,5.0,3.0,13.0,1.0,7.0,12.0,1.0,2.0,0.0,0.0
10/02/2024,Tottenham,Brighton,2.0,1.0,H,16.0,6.0,6.0,3.0,9.0,6.0,14.0,13.0,2.0,3.0,0.0,0.0
10/02/2024,Wolves,Brentford,0.0,2.0,A,17.0,9.0,5.0,6.0,7.0,4.0,11.0,9.0,2.0,3.0,0.0,0.0
10/02/2024,Nott'm Forest,Newcastle,2.0,3.0,A,13.0,7.0,3.0,5.0,4.0,4.0,9.0,6.0,1.0,2.0,0.0,0.0
11/02/2024,West Ham,Arsenal,0.0,6.0,A,5.0,25.0,1.0,12.0,2.0,6.0,17.0,11.0,4.0,0.0,0.0,0.0
11/02/2024,Aston Villa,Man United,1.0,2.0,A,23.0,17.0,10.0,5.0,10.0,8.0,9.0,7.0,3.0,2.0,0.0,0.0
12/02/2024,Crystal Palace,Chelsea,1.0,3.0,A,13.0,14.0,4.0,5.0,1.0,7.0,14.0,7.0,2.0,2.0,0.0,0.0
17/02/2024,Brentford,Liverpool,1.0,4.0,A,15.0,15.0,6.0,8.0,1.0,6.0,4.0,18.0,2.0,1.0,0.0,0.0
17/02/2024,Burnley,Arsenal,0.0,5.0,A,8.0,16.0,0.0,7.0,4.0,6.0,11.0,8.0,2.0,1.0,0.0,0.0
17/02/2024,Fulham,Aston Villa,1.0,2.0,A,15.0,12.0,4.0,3.0,4.0,4.0,11.0,6.0,5.0,2.0,0.0,0.0
17/02/2024,Newcastle,Bournemouth,2.0,2.0,D,17.0,12.0,5.0,7.0,4.0,2.0,9.0,22.0,1.0,3.0,0.0,0.0
17/02/2024,Nott'm Forest,West Ham,2.0,0.0,H,19.0,10.0,8.0,3.0,5.0,3.0,13.0,15.0,4.0,4.0,0.0,1.0
17/02/2024,Tottenham,Wolves,1.0,2.0,A,15.0,12.0,4.0,7.0,10.0,4.0,8.0,13.0,0.0,1.0,0.0,0.0
17/02/2024,Man City,Chelsea,1.0,1.0,D,31.0,9.0,5.0,6.0,12.0,1.0,7.0,12.0,1.0,3.0,0.0,0.0
18/02/2024,Sheffield United,Brighton,0.0,5.0,A,6.0,24.0,1.0,10.0,5.0,10.0,3.0,5.0,1.0,4.0,1.0,0.0
18/02/2024,Luton,Man United,1.0,2.0,A,22.0,21.0,4.0,9.0,8.0,6.0,7.0,21.0,3.0,5.0,0.0,0.0
19/02/2024,Everton,Crystal Palace,1.0,1.0,D,19.0,10.0,4.0,4.0,3.0,6.0,8.0,12.0,0.0,2.0,0.0,0.0
20/02/2024,Man City,Brentford,1.0,0.0,H,25.0,6.0,11.0,2.0,10.0,1.0,12.0,6.0,2.0,4.0,0.0,0.0
21/02/2024,Liverpool,Luton,4.0,1.0,H,29.0,12.0,13.0,3.0,13.0,4.0,15.0,14.0,1.0,4.0,0.0,0.0
24/02/2024,Aston Villa,Nott'm Forest,4.0,2.0,H,16.0,10.0,6.0,3.0,7.0,2.0,7.0,16.0,1.0,2.0,0.0,0.0
24/02/2024,Brighton,Everton,1.0,1.0,D,23.0,6.0,7.0,3.0,11.0,3.0,9.0,14.0,2.0,3.0,1.0,0.0
24/02/2024,Crystal Palace,Burnley,3.0,0.0,H,15.0,2.0,6.0,0.0,12.0,3.0,8.0,13.0,3.0,1.0,0.0,1.0
24/02/2024,Man United,Fulham,1.0,2.0,A,21.0,17.0,9.0,5.0,10.0,9.0,6.0,11.0,2.0,5.0,0.0,0.0
24/02/2024,Bournemouth,Man City,0.0,1.0,A,13.0,15.0,4.0,6.0,3.0,8.0,14.0,6.0,2.0,2.0,0.0,0.0
24/02/2024,Arsenal,Newcastle,4.0,1.0,H,18.0,3.0,8.0,2.0,9.0,0.0,15.0,6.0,1.0,0.0,0.0,0.0
25/02/2024,Wolves,Sheffield United,1.0,0.0,H,13.0,12.0,2.0,4.0,5.0,6.0,8.0,4.0,2.0,1.0,0.0,0.0
26/02/2024,West Ham,Brentford,4.0,2.0,H,17.0,14.0,6.0,8.0,1.0,7.0,5.0,9.0,1.0,2.0,0.0,0.0
02/03/2024,Brentford,Chelsea,2.0,2.0,D,14.0,17.0,5.0,6.0,0.0,6.0,10.0,9.0,3.0,1.0,0.0,0.0
02/03/2024,Everton,West Ham,1.0,3.0,A,22.0,12.0,11.0,5.0,4.0,5.0,9.0,6.0,1.0,2.0,0.0,0.0
02/03/2024,Fulham,Brighton,3.0,0.0,H,12.0,15.0,5.0,5.0,2.0,6.0,16.0,10.0,1.0,2.0,0.0,0.0
02/03/2024,Newcastle,Wolves,3.0,0.0,H,14.0,12.0,7.0,3.0,3.0,5.0,8.0,11.0,0.0,1.0,0.0,0.0
02/03/2024,Nott'm Forest,Liverpool,0.0,1.0,A,8.0,22.0,2.0,2.0,3.0,12.0,11.0,12.0,2.0,2.0,0.0,0.0
02/03/2024,Tottenham,Crystal Palace,3.0,1.0,H,14.0,4.0,6.0,1.0,11.0,1.0,7.0,16.0,1.0,2.0,0.0,0.0
02/03/2024,Luton,Aston Villa,2.0,3.0,A,13.0,12.0,5.0,8.0,8.0,6.0,8.0,19.0,1.0,4.0,0.0,0.0
03/03/2024,Burnley,Bournemouth,0.0,2.0,A,20.0,10.0,6.0,3.0,7.0,2.0,8.0,13.0,2.0,4.0,0.0,0.0
03/03/2024,Man City,Man United,3.0,1.0,H,27.0,3.0,8.0,1.0,15.0,2.0,5.0,10.0,0.0,1.0,0.0,0.0
04/03/2024,Sheffield United,Arsenal,0.0,6.0,A,4.0,22.0,0.0,10.0,0.0,7.0,11.0,4.0,1.0,0.0,0.0,0.0
09/03/2024,Man United,Everton,2.0,0.0,H,15.0,23.0,8.0,6.0,5.0,8.0,13.0,11.0,1.0,2.0,0.0,0.0
09/03/2024,Bournemouth,Sheffield United,2.0,2.0,D,32.0,13.0,12.0,9.0,10.0,3.0,12.0,11.0,3.0,5.0,0.0,0.0
09/03/2024,Crystal Palace,Luton,1.0,1.0,D,21.0,8.0,4.0,2.0,8.0,6.0,20.0,11.0,2.0,3.0,0.0,0.0
09/03/2024,Wolves,Fulham,2.0,1.0,H,8.0,23.0,3.0,6.0,3.0,4.0,7.0,11.0,2.0,2.0,0.0,0.0
09/03/2024,Arsenal,Brentford,2.0,1.0,H,17.0,9.0,6.0,4.0,10.0,4.0,9.0,10.0,2.0,4.0,0.0,0.0
10/03/2024,Aston Villa,Tottenham,0.0,4.0,A,10.0,9.0,1.0,5.0,6.0,4.0,11.0,15.0,0.0,2.0,1.0,0.0
10/03/2024,Brighton,Nott'm Forest,1.0,0.0,H,10.0,9.0,3.0,4.0,6.0,3.0,14.0,14.0,4.0,4.0,0.0,0.0
10/03/2024,West Ham,Burnley,2.0,2.0,D,22.0,11.0,4.0,4.0,4.0,4.0,11.0,18.0,2.0,4.0,0.0,0.0
10/03/2024,Liverpool,Man City,1.0,1.0,D,19.0,10.0,6.0,6.0,7.0,4.0,6.0,10.0,0.0,3.0,0.0,0.0
11/03/2024,Chelsea,Newcastle,3.0,2.0,H,12.0,11.0,8.0,3.0,0.0,4.0,12.0,7.0,3.0,1.0,0.0,0.0
13/03/2024,Bournemouth,Luton,4.0,3.0,H,24.0,8.0,10.0,4.0,11.0,3.0,16.0,11.0,1.0,2.0,0.0,0.0
16/03/2024,Burnley,Brentford,2.0,1.0,H,17.0,9.0,6.0,5.0,5.0,4.0,14.0,17.0,2.0,4.0,0.0,1.0
16/03/2024,Luton,Nott'm Forest,1.0,1.0,D,10.0,16.0,4.0,6.0,6.0,7.0,10.0,17.0,1.0,2.0,0.0,0.0
16/03/2024,Fulham,Tottenham,3.0,0.0,H,16.0,14.0,7.0,5.0,4.0,5.0,9.0,10.0,2.0,3.0,0.0,0.0
17/03/2024,West Ham,Aston Villa,1.0,1.0,D,13.0,13.0,5.0,5.0,7.0,11.0,13.0,12.0,3.0,3.0,0.0,0.0
30/03/2024,Newcastle,West Ham,4.0,3.0,H,24.0,10.0,9.0,4.0,3.0,4.0,9.0,8.0,1.0,1.0,1.0,0.0
30/03/2024,Bournemouth,Everton,2.0,1.0,H,11.0,7.0,4.0,3.0,9.0,8.0,14.0,11.0,1.0,2.0,0.0,0.0
30/03/2024,Chelsea,Burnley,2.0,2.0,D,33.0,18.0,13.0,7.0,12.0,4.0,12.0,7.0,2.0,2.0,0.0,1.0
30/03/2024,Nott'm Forest,Crystal Palace,1.0,1.0,D,12.0,10.0,5.0,3.0,4.0,6.0,14.0,12.0,1.0,1.0,0.0,0.0
30/03/2024,Sheffield United,Fulham,3.0,3.0,D,8.0,24.0,4.0,9.0,2.0,15.0,10.0,13.0,4.0,1.0,0.0,0.0
30/03/2024,Tottenham,Luton,2.0,1.0,H,17.0,7.0,4.0,3.0,3.0,6.0,16.0,14.0,2.0,4.0,0.0,0.0
30/03/2024,Aston Villa,Wolves,2.0,0.0,H,11.0,13.0,5.0,3.0,5.0,4.0,11.0,19.0,3.0,4.0,0.0,0.0
30/03/2024,Brentford,Man United,1.0,1.0,D,31.0,11.0,5.0,5.0,14.0,4.0,7.0,14.0,2.0,2.0,0.0,0.0
31/03/2024,Liverpool,Brighton,2.0,1.0,H,30.0,9.0,8.0,3.0,8.0,4.0,20.0,6.0,5.0,3.0,0.0,0.0
31/03/2024,Man City,Arsenal,0.0,0.0,D,12.0,6.0,1.0,2.0,7.0,4.0,9.0,20.0,0.0,2.0,0.0,0.0
02/04/2024,Newcastle,Everton,1.0,1.0,D,18.0,10.0,6.0,3.0,7.0,3.0,9.0,14.0,0.0,3.0,0.0,0.0
02/04/2024,Nott'm Forest,Fulham,3.0,1.0,H,16.0,18.0,4.0,3.0,3.0,8.0,7.0,8.0,0.0,0.0,0.0,0.0
02/04/2024,Bournemouth,Crystal Palace,1.0,0.0,H,11.0,3.0,6.0,2.0,9.0,2.0,13.0,14.0,3.0,2.0,0.0,0.0
02/04/2024,Burnley,Wolves,1.0,1.0,D,13.0,8.0,6.0,2.0,7.0,4.0,10.0,12.0,0.0,2.0,0.0,0.0
02/04/2024,West Ham,Tottenham,1.0,1.0,D,11.0,13.0,4.0,4.0,9.0,5.0,13.0,9.0,1.0,4.0,0.0,0.0
03/04/2024,Arsenal,Luton,2.0,0.0,H,13.0,5.0,4.0,1.0,3.0,1.0,12.0,8.0,1.0,1.0,0.0,0.0
03/04/2024,Brentford,Brighton,0.0,0.0,D,5.0,24.0,2.0,6.0,1.0,5.0,9.0,12.0,1.0,1.0,0.0,0.0
03/04/2024,Man City,Aston Villa,4.0,1.0,H,25.0,8.0,11.0,3.0,2.0,3.0,6.0,13.0,1.0,2.0,0.0,0.0
04/04/2024,Liverpool,Sheffield United,3.0,1.0,H,29.0,8.0,9.0,3.0,13.0,1.0,6.0,9.0,0.0,1.0,0.0,0.0
04/04/2024,Chelsea,Man United,4.0,3.0,H,28.0,19.0,10.0,5.0,12.0,3.0,7.0,15.0,3.0,0.0,0.0,0.0
06/04/2024,Crystal Palace,Man City,2.0,4.0,A,7.0,18.0,4.0,8.0,2.0,9.0,13.0,3.0,1.0,1.0,0.0,0.0
06/04/2024,Aston Villa,Brentford,3.0,3.0,D,11.0,8.0,3.0,3.0,11.0,3.0,15.0,11.0,2.0,2.0,0.0,0.0
06/04/2024,Everton,Burnley,1.0,0.0,H,12.0,6.0,3.0,1.0,3.0,5.0,11.0,13.0,2.0,1.0,0.0,1.0
06/04/2024,Fulham,Newcastle,0.0,1.0,A,14.0,12.0,4.0,5.0,14.0,3.0,10.0,13.0,1.0,2.0,0.0,0.0
06/04/2024,Luton,Bournemouth,2.0,1.0,H,19.0,8.0,9.0,1.0,7.0,2.0,7.0,14.0,0.0,0.0,0.0,0.0
06/04/2024,Wolves,West Ham,1.0,2.0,A,14.0,11.0,7.0,4.0,4.0,4.0,15.0,7.0,5.0,2.0,0.0,0.0
06/04/2024,Brighton,Arsenal,0.0,3.0,A,10.0,20.0,2.0,7.0,8.0,7.0,14.0,13.0,1.0,2.0,0.0,0.0
07/04/2024,Man United,Liverpool,2.0,2.0,D,9.0,28.0,5.0,7.0,6.0,11.0,9.0,10.0,5.0,2.0,0.0,0.0
07/04/2024,Sheffield United,Chelsea,2.0,2.0,D,11.0,6.0,6.0,3.0,7.0,6.0,12.0,10.0,4.0,2.0,0.0,0.0
07/04/2024,Tottenham,Nott'm Forest,3.0,1.0,H,17.0,13.0,7.0,6.0,12.0,2.0,11.0,12.0,2.0,3.0,0.0,0.0
13/04/2024,Newcastle,Tottenham,4.0,0.0,H,18.0,11.0,5.0,2.0,16.0,3.0,14.0,12.0,0.0,4.0,0.0,0.0
13/04/2024,Brentford,Sheffield United,2.0,0.0,H,9.0,8.0,5.0,2.0,3.0,6.0,8.0,11.0,3.0,1.0,0.0,0.0
13/04/2024,Burnley,Brighton,1.0,1.0,D,11.0,20.0,3.0,8.0,4.0,5.0,18.0,8.0,1.0,2.0,0.0,0.0
13/04/2024,Man City,Luton,5.0,1.0,H,33.0,4.0,13.0,2.0,12.0,1.0,7.0,6.0,1.0,0.0,0.0,0.0
13/04/2024,Nott'm Forest,Wolves,2.0,2.0,D,18.0,11.0,9.0,4.0,10.0,1.0,15.0,10.0,2.0,3.0,0.0,0.0
13/04/2024,Bournemouth,Man United,2.0,2.0,D,20.0,8.0,5.0,2.0,7.0,2.0,13.0,14.0,4.0,0.0,0.0,0.0
14/04/2024,Liverpool,Crystal Palace,0.0,1.0,A,21.0,8.0,6.0,5.0,11.0,1.0,10.0,10.0,1.0,1.0,0.0,0.0
14/04/2024,West Ham,Fulham,0.0,2.0,A,15.0,18.0,4.0,10.0,8.0,3.0,6.0,13.0,1.0,2.0,0.0,0.0
14/04/2024,Arsenal,Aston Villa,0.0,2.0,A,18.0,11.0,4.0,2.0,4.0,6.0,12.0,7.0,3.0,1.0,0.0,0.0
15/04/2024,Chelsea,Everton,6.0,0.0,H,14.0,10.0,10.0,2.0,4.0,8.0,5.0,21.0,1.0,4.0,0.0,0.0
20/04/2024,Luton,Brentford,1.0,5.0,A,6.0,21.0,3.0,9.0,4.0,9.0,13.0,9.0,1.0,2.0,0.0,0.0
20/04/2024,Sheffield United,Burnley,1.0,4.0,A,18.0,16.0,11.0,9.0,11.0,2.0,10.0,9.0,1.0,0.0,0.0,0.0
20/04/2024,Wolves,Arsenal,0.0,2.0,A,5.0,24.0,3.0,9.0,1.0,2.0,14.0,9.0,3.0,2.0,0.0,0.0
21/04/2024,Everton,Nott'm Forest,2.0,0.0,H,7.0,8.0,4.0,3.0,6.0,4.0,15.0,9.0,3.0,2.0,0.0,0.0
21/04/2024,Aston Villa,Bournemouth,3.0,1.0,H,14.0,14.0,4.0,6.0,8.0,4.0,8.0,14.0,1.0,3.0,0.0,0.0
21/04/2024,Crystal Palace,West Ham,5.0,2.0,H,18.0,4.0,7.0,1.0,4.0,0.0,9.0,9.0,3.0,2.0,0.0,0.0
21/04/2024,Fulham,Liverpool,1.0,3.0,A,12.0,14.0,5.0,7.0,1.0,4.0,5.0,11.0,3.0,0.0,0.0,0.0
23/04/2024,Arsenal,Chelsea,5.0,0.0,H,27.0,7.0,10.0,1.0,4.0,2.0,12.0,11.0,2.0,2.0,0.0,0.0
24/04/2024,Wolves,Bournemouth,0.0,1.0,A,15.0,21.0,4.0,6.0,8.0,12.0,10.0,17.0,4.0,1.0,0.0,1.0
24/04/2024,Crystal Palace,Newcastle,2.0,0.0,H,20.0,7.0,7.0,2.0,7.0,2.0,10.0,15.0,3.0,3.0,0.0,0.0
24/04/2024,Everton,Liverpool,2.0,0.0,H,16.0,23.0,6.0,7.0,4.0,13.0,6.0,13.0,0.0,3.0,0.0,0.0
24/04/2024,Man United,Sheffield United,4.0,2.0,H,25.0,10.0,13.0,4.0,9.0,4.0,7.0,9.0,0.0,1.0,0.0,0.0
25/04/2024,Brighton,Man City,0.0,4.0,A,7.0,14.0,3.0,6.0,4.0,4.0,10.0,3.0,2.0,0.0,0.0,0.0
27/04/2024,West Ham,Liverpool,2.0,2.0,D,11.0,28.0,8.0,8.0,5.0,8.0,8.0,10.0,0.0,2.0,0.0,0.0
27/04/2024,Fulham,Crystal Palace,1.0,1.0,D,9.0,14.0,2.0,4.0,5.0,9.0,11.0,15.0,0.0,2.0,0.0,0.0
27/04/2024,Man United,Burnley,1.0,1.0,D,27.0,16.0,10.0,7.0,6.0,5.0,7.0,11.0,1.0,3.0,0.0,0.0
27/04/2024,Newcastle,Sheffield United,5.0,1.0,H,20.0,15.0,7.0,5.0,4.0,5.0,9.0,10.0,0.0,0.0,0.0,0.0
27/04/2024,Wolves,Luton,2.0,1.0,H,13.0,9.0,5.0,6.0,4.0,4.0,14.0,14.0,3.0,1.0,0.0,0.0
27/04/2024,Everton,Brentford,1.0,0.0,H,18.0,10.0,1.0,4.0,6.0,6.0,10.0,12.0,1.0,2.0,0.0,0.0
27/04/2024,Aston Villa,Chelsea,2.0,2.0,D,9.0,21.0,4.0,5.0,2.0,4.0,13.0,14.0,3.0,5.0,0.0,0.0
28/04/2024,Bournemouth,Brighton,3.0,0.0,H,15.0,13.0,6.0,1.0,8.0,2.0,14.0,10.0,2.0,2.0,0.0,0.0
28/04/2024,Tottenham,Arsenal,2.0,3.0,A,14.0,9.0,2.0,3.0,8.0,6.0,12.0,16.0,2.0,1.0,0.0,0.0
28/04/2024,Nott'm Forest,Man City,0.0,2.0,A,14.0,11.0,2.0,5.0,4.0,5.0,8.0,6.0,0.0,0.0,0.0,0.0
02/05/2024,Chelsea,Tottenham,2.0,0.0,H,16.0,19.0,5.0,3.0,4.0,9.0,12.0,16.0,0.0,1.0,0.0,0.0
03/05/2024,Luton,Everton,1.0,1.0,D,18.0,10.0,5.0,3.0,8.0,7.0,14.0,12.0,1.0,3.0,0.0,0.0
04/05/2024,Arsenal,Bournemouth,3.0,0.0,H,25.0,7.0,9.0,2.0,6.0,1.0,16.0,12.0,2.0,3.0,0.0,0.0
04/05/2024,Brentford,Fulham,0.0,0.0,D,7.0,15.0,3.0,3.0,7.0,6.0,3.0,6.0,1.0,1.0,0.0,0.0
04/05/2024,Burnley,Newcastle,1.0,4.0,A,17.0,23.0,5.0,11.0,4.0,11.0,8.0,8.0,2.0,2.0,0.0,0.0
04/05/2024,Sheffield United,Nott'm Forest,1.0,3.0,A,17.0,15.0,5.0,4.0,5.0,3.0,9.0,7.0,0.0,1.0,1.0,0.0
04/05/2024,Man City,Wolves,5.0,1.0,H,20.0,2.0,12.0,1.0,6.0,0.0,4.0,17.0,0.0,4.0,0.0,0.0
05/05/2024,Brighton,Aston Villa,1.0,0.0,H,15.0,2.0,8.0,1.0,7.0,3.0,13.0,10.0,2.0,1.0,0.0,0.0
05/05/2024,Chelsea,West Ham,5.0,0.0,H,25.0,13.0,14.0,2.0,8.0,6.0,12.0,10.0,1.0,3.0,0.0,0.0
05/05/2024,Liverpool,Tottenham,4.0,2.0,H,25.0,11.0,13.0,6.0,8.0,3.0,14.0,12.0,1.0,4.0,0.0,0.0
06/05/2024,Crystal Palace,Man United,4.0,0.0,H,18.0,7.0,10.0,2.0,6.0,3.0,12.0,8.0,1.0,1.0,0.0,0.0
11/05/2024,Fulham,Man City,0.0,4.0,A,1.0,16.0,1.0,9.0,1.0,7.0,9.0,6.0,1.0,0.0,1.0,0.0
11/05/2024,Bournemouth,Brentford,1.0,2.0,A,13.0,11.0,4.0,5.0,3.0,8.0,16.0,12.0,2.0,2.0,0.0,0.0
11/05/2024,Everton,Sheffield United,1.0,0.0,H,15.0,13.0,6.0,1.0,3.0,6.0,6.0,11.0,1.0,2.0,0.0,0.0
11/05/2024,Newcastle,Brighton,1.0,1.0,D,18.0,15.0,7.0,4.0,8.0,4.0,9.0,16.0,3.0,4.0,0.0,0.0
11/05/2024,Tottenham,Burnley,2.0,1.0,H,21.0,7.0,9.0,3.0,9.0,3.0,10.0,14.0,3.0,5.0,0.0,0.0
11/05/2024,West Ham,Luton,3.0,1.0,H,24.0,4.0,8.0,1.0,7.0,6.0,9.0,15.0,1.0,3.0,0.0,0.0
11/05/2024,Wolves,Crystal Palace,1.0,3.0,A,13.0,13.0,7.0,3.0,8.0,3.0,13.0,12.0,3.0,2.0,0.0,1.0
11/05/2024,Nott'm Forest,Chelsea,2.0,3.0,A,20.0,12.0,4.0,5.0,5.0,6.0,14.0,8.0,2.0,3.0,0.0,0.0
12/05/2024,Man United,Arsenal,0.0,1.0,A,14.0,11.0,2.0,5.0,4.0,7.0,5.0,6.0,0.0,2.0,0.0,0.0
13/05/2024,Aston Villa,Liverpool,3.0,3.0,D,19.0,14.0,5.0,7.0,5.0,4.0,11.0,15.0,1.0,1.0,0.0,0.0
14/05/2024,Tottenham,Man City,0.0,2.0,A,10.0,8.0,5.0,5.0,7.0,4.0,14.0,11.0,3.0,3.0,0.0,0.0
15/05/2024,Brighton,Chelsea,1.0,2.0,A,12.0,13.0,2.0,6.0,4.0,6.0,13.0,14.0,2.0,2.0,0.0,1.0
15/05/2024,Man United,Newcastle,3.0,2.0,H,17.0,21.0,8.0,8.0,9.0,9.0,16.0,7.0,3.0,3.0,0.0,0.0
19/05/2024,Arsenal,Everton,2.0,1.0,H,26.0,5.0,5.0,2.0,8.0,1.0,8.0,11.0,4.0,3.0,0.0,0.0
19/05/2024,Brentford,Newcastle,2.0,4.0,A,10.0,12.0,5.0,7.0,3.0,0.0,15.0,11.0,4.0,4.0,0.0,0.0
19/05/2024,Brighton,Man United,0.0,2.0,A,17.0,11.0,3.0,4.0,7.0,5.0,10.0,9.0,1.0,3.0,0.0,0.0
19/05/2024,Burnley,Nott'm Forest,1.0,2.0,A,20.0,12.0,3.0,6.0,4.0,3.0,11.0,5.0,1.0,0.0,0.0,0.0
19/05/2024,Chelsea,Bournemouth,2.0,1.0,H,16.0,22.0,6.0,5.0,6.0,5.0,5.0,9.0,2.0,3.0,0.0,0.0
19/05/2024,Crystal Palace,Aston Villa,5.0,0.0,H,15.0,8.0,9.0,2.0,2.0,4.0,10.0,8.0,1.0,4.0,0.0,0.0
19/05/2024,Liverpool,Wolves,2.0,0.0,H,36.0,4.0,14.0,3.0,10.0,2.0,14.0,11.0,1.0,1.0,0.0,1.0
19/05/2024,Luton,Fulham,2.0,4.0,A,15.0,15.0,6.0,7.0,4.0,4.0,15.0,20.0,5.0,4.0,0.0,0.0
19/05/2024,Man City,West Ham,3.0,1.0,H,28.0,3.0,12.0,2.0,11.0,2.0,3.0,12.0,0.0,1.0,0.0,0.0
19/05/2024,Sheffield United,Tottenham,0.0,3.0,A,6.0,18.0,1.0,9.0,2.0,6.0,11.0,9.0,2.0,0.0,0.0,0.0
16/08/2024,Man United,Fulham,1.0,0.0,H,14.0,10.0,5.0,2.0,7.0,8.0,12.0,10.0,2.0,3.0,0.0,0.0
17/08/2024,Ipswich,Liverpool,0.0,2.0,A,7.0,18.0,2.0,5.0,2.0,10.0,9.0,18.0,3.0,1.0,0.0,0.0
17/08/2024,Arsenal,Wolves,2.0,0.0,H,18.0,9.0,6.0,3.0,8.0,2.0,17.0,14.0,2.0,2.0,0.0,0.0
17/08/2024,Everton,Brighton,0.0,3.0,A,9.0,10.0,1.0,5.0,1.0,5.0,8.0,8.0,1.0,1.0,1.0,0.0
17/08/2024,Newcastle,Southampton,1.0,0.0,H,3.0,19.0,1.0,4.0,3.0,12.0,15.0,16.0,2.0,4.0,1.0,0.0
17/08/2024,Nott'm Forest,Bournemouth,1.0,1.0,D,14.0,13.0,8.0,4.0,2.0,6.0,17.0,8.0,1.0,3.0,0.0,0.0
17/08/2024,West Ham,Aston Villa,1.0,2.0,A,14.0,15.0,3.0,3.0,5.0,3.0,18.0,11.0,1.0,2.0,0.0,0.0
18/08/2024,Brentford,Crystal Palace,2.0,1.0,H,9.0,14.0,5.0,6.0,4.0,7.0,6.0,15.0,1.0,5.0,0.0,0.0
18/08/2024,Chelsea,Man City,0.0,2.0,A,10.0,11.0,3.0,5.0,4.0,3.0,12.0,9.0,1.0,1.0,0.0,0.0
19/08/2024,Leicester,Tottenham,1.0,1.0,D,7.0,15.0,3.0,7.0,2.0,13.0,11.0,12.0,1.0,1.0,0.0,0.0
24/08/2024,Brighton,Man United,2.0,1.0,H,14.0,11.0,5.0,4.0,4.0,4.0,9.0,13.0,1.0,2.0,0.0,0.0
24/08/2024,Crystal Palace,West Ham,0.0,2.0,A,14.0,18.0,2.0,3.0,3.0,3.0,9.0,17.0,1.0,1.0,0.0,0.0
24/08/2024,Fulham,Leicester,2.0,1.0,H,18.0,10.0,6.0,4.0,7.0,5.0,14.0,13.0,2.0,2.0,0.0,0.0
24/08/2024,Man City,Ipswich,4.0,1.0,H,14.0,1.0,5.0,1.0,10.0,1.0,4.0,15.0,2.0,3.0,0.0,0.0
24/08/2024,Southampton,Nott'm Forest,0.0,1.0,A,5.0,23.0,1.0,8.0,4.0,10.0,14.0,14.0,3.0,3.0,0.0,0.0
24/08/2024,Tottenham,Everton,4.0,0.0,H,13.0,10.0,7.0,1.0,12.0,5.0,11.0,15.0,0.0,0.0,0.0,0.0
24/08/2024,Aston Villa,Arsenal,0.0,2.0,A,11.0,9.0,3.0,4.0,4.0,1.0,8.0,15.0,1.0,3.0,0.0,0.0
25/08/2024,Bournemouth,Newcastle,1.0,1.0,D,16.0,14.0,4.0,5.0,8.0,9.0,19.0,8.0,2.0,2.0,0.0,0.0
25/08/2024,Wolves,Chelsea,2.0,6.0,A,12.0,14.0,4.0,8.0,5.0,5.0,13.0,13.0,2.0,3.0,0.0,0.0
25/08/2024,Liverpool,Brentford,2.0,0.0,H,19.0,8.0,8.0,2.0,9.0,4.0,10.0,7.0,2.0,3.0,0.0,0.0
31/08/2024,Arsenal,Brighton,1.0,1.0,D,11.0,22.0,7.0,4.0,3.0,7.0,12.0,7.0,3.0,2.0,1.0,0.0
31/08/2024,Brentford,Southampton,3.0,1.0,H,20.0,18.0,7.0,6.0,2.0,8.0,10.0,7.0,2.0,1.0,0.0,0.0
31/08/2024,Everton,Bournemouth,2.0,3.0,A,18.0,17.0,8.0,7.0,8.0,4.0,6.0,1.0,2.0,1.0,0.0,0.0
31/08/2024,Ipswich,Fulham,1.0,1.0,D,11.0,9.0,4.0,4.0,8.0,6.0,15.0,15.0,2.0,3.0,0.0,0.0
31/08/2024,Leicester,Aston Villa,1.0,2.0,A,9.0,10.0,3.0,5.0,1.0,4.0,13.0,21.0,4.0,5.0,0.0,0.0
31/08/2024,Nott'm Forest,Wolves,1.0,1.0,D,16.0,11.0,5.0,3.0,7.0,3.0,15.0,18.0,3.0,4.0,0.0,0.0
31/08/2024,West Ham,Man City,1.0,3.0,A,10.0,23.0,2.0,8.0,3.0,11.0,10.0,3.0,3.0,2.0,0.0,0.0
01/09/2024,Chelsea,Crystal Palace,1.0,1.0,D,13.0,9.0,7.0,3.0,4.0,5.0,9.0,13.0,4.0,2.0,0.0,0.0
01/09/2024,Newcastle,Tottenham,2.0,1.0,H,9.0,20.0,3.0,6.0,7.0,12.0,16.0,13.0,4.0,4.0,0.0,0.0
01/09/2024,Man United,Liverpool,0.0,3.0,A,8.0,11.0,3.0,3.0,5.0,2.0,7.0,7.0,4.0,1.0,0.0,0.0
14/09/2024,Southampton,Man United,0.0,3.0,A,6.0,20.0,4.0,10.0,0.0,7.0,11.0,14.0,1.0,4.0,1.0,0.0
14/09/2024,Brighton,Ipswich,0.0,0.0,D,21.0,6.0,6.0,1.0,9.0,2.0,14.0,16.0,4.0,3.0,0.0,0.0
14/09/2024,Crystal Palace,Leicester,2.0,2.0,D,20.0,9.0,4.0,4.0,5.0,2.0,11.0,15.0,0.0,3.0,0.0,0.0
14/09/2024,Fulham,West Ham,1.0,1.0,D,21.0,11.0,5.0,3.0,3.0,2.0,15.0,18.0,2.0,3.0,0.0,0.0
14/09/2024,Liverpool,Nott'm Forest,0.0,1.0,A,14.0,5.0,5.0,3.0,7.0,2.0,15.0,6.0,4.0,4.0,0.0,0.0
14/09/2024,Man City,Brentford,2.0,1.0,H,18.0,8.0,7.0,5.0,12.0,3.0,9.0,3.0,3.0,1.0,0.0,0.0
14/09/2024,Aston Villa,Everton,3.0,2.0,H,17.0,6.0,8.0,2.0,6.0,2.0,10.0,12.0,1.0,4.0,0.0,0.0
14/09/2024,Bournemouth,Chelsea,0.0,1.0,A,19.0,10.0,7.0,3.0,6.0,3.0,16.0,9.0,6.0,8.0,0.0,0.0
15/09/2024,Tottenham,Arsenal,0.0,1.0,A,15.0,7.0,5.0,4.0,7.0,6.0,13.0,10.0,5.0,3.0,0.0,0.0
15/09/2024,Wolves,Newcastle,1.0,2.0,A,12.0,14.0,5.0,6.0,4.0,7.0,17.0,6.0,3.0,3.0,0.0,0.0
21/09/2024,West Ham,Chelsea,0.0,3.0,A,15.0,12.0,7.0,5.0,6.0,5.0,17.0,9.0,5.0,2.0,0.0,0.0
21/09/2024,Aston Villa,Wolves,3.0,1.0,H,9.0,10.0,4.0,4.0,6.0,5.0,11.0,16.0,3.0,6.0,0.0,0.0
21/09/2024,Fulham,Newcastle,3.0,1.0,H,22.0,15.0,11.0,4.0,6.0,0.0,16.0,8.0,6.0,0.0,0.0,0.0
21/09/2024,Leicester,Everton,1.0,1.0,D,12.0,16.0,2.0,5.0,6.0,1.0,11.0,12.0,1.0,2.0,0.0,0.0
21/09/2024,Liverpool,Bournemouth,3.0,0.0,H,19.0,19.0,13.0,6.0,3.0,9.0,10.0,12.0,1.0,4.0,0.0,0.0
21/09/2024,Southampton,Ipswich,1.0,1.0,D,11.0,13.0,3.0,6.0,2.0,10.0,16.0,16.0,4.0,4.0,0.0,0.0
21/09/2024,Tottenham,Brentford,3.0,1.0,H,23.0,6.0,10.0,6.0,9.0,4.0,11.0,9.0,3.0,1.0,0.0,0.0
21/09/2024,Crystal Palace,Man United,0.0,0.0,D,9.0,15.0,4.0,6.0,4.0,11.0,7.0,12.0,3.0,1.0,0.0,0.0
22/09/2024,Brighton,Nott'm Forest,2.0,2.0,D,14.0,4.0,3.0,3.0,9.0,1.0,12.0,11.0,3.0,4.0,0.0,1.0
22/09/2024,Man City,Arsenal,2.0,2.0,D,33.0,5.0,11.0,3.0,8.0,2.0,7.0,10.0,3.0,4.0,0.0,1.0
28/09/2024,Newcastle,Man City,1.0,1.0,D,11.0,16.0,4.0,6.0,5.0,6.0,14.0,10.0,4.0,4.0,0.0,0.0
28/09/2024,Arsenal,Leicester,4.0,2.0,H,36.0,5.0,16.0,3.0,17.0,0.0,11.0,6.0,2.0,4.0,0.0,0.0
28/09/2024,Brentford,West Ham,1.0,1.0,D,8.0,19.0,3.0,3.0,7.0,7.0,2.0,11.0,2.0,3.0,0.0,0.0
28/09/2024,Chelsea,Brighton,4.0,2.0,H,15.0,15.0,7.0,5.0,8.0,2.0,11.0,8.0,3.0,2.0,0.0,0.0
28/09/2024,Everton,Crystal Palace,2.0,1.0,H,8.0,17.0,2.0,5.0,5.0,8.0,13.0,11.0,2.0,1.0,0.0,0.0
28/09/2024,Nott'm Forest,Fulham,0.0,1.0,A,11.0,14.0,1.0,2.0,6.0,5.0,11.0,15.0,2.0,4.0,0.0,0.0
28/09/2024,Wolves,Liverpool,1.0,2.0,A,8.0,10.0,3.0,6.0,2.0,10.0,16.0,8.0,2.0,3.0,0.0,0.0
29/09/2024,Ipswich,Aston Villa,2.0,2.0,D,15.0,7.0,5.0,3.0,10.0,0.0,10.0,14.0,4.0,1.0,0.0,0.0
29/09/2024,Man United,Tottenham,0.0,3.0,A,11.0,24.0,2.0,10.0,5.0,3.0,16.0,14.0,5.0,3.0,1.0,0.0
30/09/2024,Bournemouth,Southampton,3.0,1.0,H,14.0,9.0,6.0,3.0,7.0,4.0,19.0,12.0,2.0,5.0,0.0,0.0
05/10/2024,Crystal Palace,Liverpool,0.0,1.0,A,9.0,16.0,5.0,4.0,3.0,8.0,7.0,15.0,4.0,2.0,0.0,0.0
05/10/2024,Arsenal,Southampton,3.0,1.0,H,29.0,8.0,6.0,2.0,13.0,1.0,10.0,9.0,0.0,3.0,0.0,0.0
05/10/2024,Brentford,Wolves,5.0,3.0,H,19.0,17.0,12.0,6.0,10.0,3.0,9.0,10.0,2.0,3.0,0.0,0.0
05/10/2024,Leicester,Bournemouth,1.0,0.0,H,6.0,17.0,2.0,2.0,0.0,9.0,12.0,14.0,4.0,1.0,0.0,0.0
05/10/2024,Man City,Fulham,3.0,2.0,H,20.0,11.0,7.0,4.0,8.0,3.0,4.0,10.0,2.0,1.0,0.0,0.0
05/10/2024,West Ham,Ipswich,4.0,1.0,H,23.0,9.0,13.0,2.0,5.0,5.0,12.0,6.0,0.0,1.0,0.0,0.0
05/10/2024,Everton,Newcastle,0.0,0.0,D,8.0,14.0,2.0,3.0,0.0,10.0,12.0,8.0,1.0,2.0,0.0,0.0
06/10/2024,Aston Villa,Man United,0.0,0.0,D,11.0,10.0,1.0,4.0,6.0,3.0,12.0,11.0,1.0,5.0,0.0,0.0
06/10/2024,Chelsea,Nott'm Forest,1.0,1.0,D,22.0,16.0,8.0,9.0,11.0,3.0,12.0,11.0,6.0,2.0,0.0,1.0
06/10/2024,Brighton,Tottenham,3.0,2.0,H,11.0,13.0,4.0,3.0,4.0,7.0,14.0,10.0,2.0,2.0,0.0,0.0
19/10/2024,Tottenham,West Ham,4.0,1.0,H,22.0,11.0,7.0,4.0,13.0,5.0,10.0,15.0,1.0,3.0,0.0,1.0
19/10/2024,Fulham,Aston Villa,1.0,3.0,A,10.0,14.0,4.0,5.0,6.0,11.0,8.0,11.0,3.0,3.0,1.0,1.0
19/10/2024,Ipswich,Everton,0.0,2.0,A,13.0,11.0,2.0,8.0,5.0,8.0,12.0,10.0,1.0,1.0,0.0,0.0
19/10/2024,Man United,Brentford,2.0,1.0,H,23.0,8.0,11.0,2.0,9.0,2.0,14.0,5.0,2.0,2.0,0.0,0.0
19/10/2024,Newcastle,Brighton,0.0,1.0,A,21.0,10.0,6.0,5.0,9.0,4.0,11.0,9.0,2.0,2.0,0.0,0.0
19/10/2024,Southampton,Leicester,2.0,3.0,A,14.0,18.0,7.0,4.0,10.0,6.0,10.0,10.0,5.0,3.0,1.0,0.0
19/10/2024,Bournemouth,Arsenal,2.0,0.0,H,13.0,6.0,4.0,1.0,7.0,4.0,12.0,11.0,1.0,1.0,0.0,1.0
20/10/2024,Wolves,Man City,1.0,2.0,A,3.0,22.0,2.0,7.0,1.0,18.0,8.0,5.0,4.0,1.0,0.0,0.0
20/10/2024,Liverpool,Chelsea,2.0,1.0,H,9.0,12.0,5.0,2.0,1.0,6.0,12.0,13.0,4.0,3.0,0.0,0.0
21/10/2024,Nott'm Forest,Crystal Palace,1.0,0.0,H,20.0,20.0,6.0,7.0,6.0,6.0,9.0,12.0,2.0,3.0,0.0,0.0
25/10/2024,Leicester,Nott'm Forest,1.0,3.0,A,11.0,20.0,1.0,5.0,6.0,7.0,16.0,9.0,5.0,2.0,0.0,0.0
26/10/2024,Aston Villa,Bournemouth,1.0,1.0,D,18.0,11.0,8.0,3.0,9.0,7.0,12.0,14.0,7.0,6.0,0.0,0.0
26/10/2024,Brentford,Ipswich,4.0,3.0,H,20.0,11.0,9.0,5.0,5.0,5.0,7.0,10.0,0.0,1.0,0.0,1.0
26/10/2024,Brighton,Wolves,2.0,2.0,D,19.0,14.0,6.0,7.0,9.0,6.0,12.0,10.0,3.0,3.0,0.0,0.0
26/10/2024,Man City,Southampton,1.0,0.0,H,22.0,5.0,8.0,2.0,12.0,1.0,9.0,9.0,1.0,3.0,0.0,0.0
26/10/2024,Everton,Fulham,1.0,1.0,D,10.0,14.0,5.0,3.0,4.0,2.0,8.0,8.0,1.0,0.0,0.0,0.0
27/10/2024,Chelsea,Newcastle,2.0,1.0,H,17.0,11.0,7.0,3.0,7.0,4.0,13.0,16.0,6.0,3.0,0.0,0.0
27/10/2024,Crystal Palace,Tottenham,1.0,0.0,H,14.0,11.0,6.0,3.0,8.0,8.0,16.0,12.0,4.0,4.0,0.0,0.0
27/10/2024,West Ham,Man United,2.0,1.0,H,12.0,18.0,3.0,5.0,6.0,5.0,6.0,7.0,5.0,1.0,0.0,0.0
27/10/2024,Arsenal,Liverpool,2.0,2.0,D,9.0,9.0,3.0,4.0,1.0,3.0,14.0,14.0,2.0,2.0,0.0,0.0
02/11/2024,Newcastle,Arsenal,1.0,0.0,H,9.0,10.0,4.0,1.0,4.0,6.0,16.0,18.0,4.0,4.0,0.0,0.0
02/11/2024,Bournemouth,Man City,2.0,1.0,H,12.0,18.0,6.0,4.0,3.0,10.0,11.0,6.0,2.0,1.0,0.0,0.0
02/11/2024,Ipswich,Leicester,1.0,1.0,D,14.0,20.0,2.0,6.0,4.0,6.0,11.0,10.0,4.0,2.0,1.0,0.0
02/11/2024,Liverpool,Brighton,2.0,1.0,H,16.0,13.0,8.0,5.0,10.0,7.0,10.0,18.0,1.0,1.0,0.0,0.0
02/11/2024,Nott'm Forest,West Ham,3.0,0.0,H,19.0,4.0,6.0,2.0,11.0,6.0,7.0,9.0,1.0,2.0,0.0,1.0
02/11/2024,Southampton,Everton,1.0,0.0,H,9.0,16.0,2.0,5.0,3.0,6.0,14.0,18.0,4.0,2.0,0.0,0.0
02/11/2024,Wolves,Crystal Palace,2.0,2.0,D,11.0,19.0,6.0,7.0,3.0,6.0,7.0,9.0,1.0,2.0,0.0,0.0
03/11/2024,Tottenham,Aston Villa,4.0,1.0,H,16.0,12.0,6.0,1.0,6.0,4.0,14.0,14.0,2.0,0.0,0.0,0.0
03/11/2024,Man United,Chelsea,1.0,1.0,D,11.0,12.0,4.0,3.0,4.0,8.0,19.0,14.0,6.0,2.0,0.0,0.0
04/11/2024,Fulham,Brentford,2.0,1.0,H,26.0,5.0,12.0,2.0,11.0,3.0,3.0,10.0,2.0,1.0,0.0,0.0
09/11/2024,Brentford,Bournemouth,3.0,2.0,H,12.0,15.0,6.0,3.0,6.0,4.0,8.0,16.0,2.0,4.0,0.0,0.0
09/11/2024,Crystal Palace,Fulham,0.0,2.0,A,13.0,17.0,5.0,7.0,1.0,8.0,10.0,11.0,1.0,1.0,1.0,0.0
09/11/2024,West Ham,Everton,0.0,0.0,D,11.0,18.0,6.0,4.0,7.0,6.0,10.0,9.0,1.0,2.0,0.0,0.0
09/11/2024,Wolves,Southampton,2.0,0.0,H,8.0,9.0,4.0,0.0,1.0,9.0,14.0,12.0,1.0,4.0,0.0,0.0
09/11/2024,Brighton,Man City,2.0,1.0,H,10.0,15.0,4.0,6.0,0.0,4.0,12.0,10.0,3.0,3.0,0.0,0.0
09/11/2024,Liverpool,Aston Villa,2.0,0.0,H,14.0,12.0,5.0,2.0,2.0,9.0,11.0,15.0,0.0,3.0,0.0,0.0
10/11/2024,Man United,Leicester,3.0,0.0,H,13.0,6.0,3.0,5.0,1.0,5.0,9.0,5.0,0.0,1.0,0.0,0.0
10/11/2024,Nott'm Forest,Newcastle,1.0,3.0,A,9.0,17.0,3.0,6.0,4.0,5.0,13.0,6.0,1.0,1.0,0.0,0.0
10/11/2024,Tottenham,Ipswich,1.0,2.0,A,17.0,8.0,5.0,3.0,12.0,2.0,10.0,19.0,1.0,5.0,0.0,0.0
10/11/2024,Chelsea,Arsenal,1.0,1.0,D,17.0,13.0,3.0,3.0,4.0,3.0,12.0,12.0,4.0,2.0,0.0,0.0
23/11/2024,Leicester,Chelsea,1.0,2.0,A,4.0,16.0,1.0,7.0,2.0,9.0,15.0,12.0,4.0,3.0,0.0,0.0
23/11/2024,Arsenal,Nott'm Forest,3.0,0.0,H,19.0,7.0,7.0,0.0,8.0,1.0,10.0,1.0,3.0,2.0,0.0,0.0
23/11/2024,Aston Villa,Crystal Palace,2.0,2.0,D,17.0,13.0,5.0,6.0,10.0,1.0,10.0,11.0,3.0,2.0,0.0,0.0
23/11/2024,Bournemouth,Brighton,1.0,2.0,A,19.0,6.0,5.0,4.0,7.0,0.0,13.0,10.0,2.0,2.0,0.0,1.0
23/11/2024,Everton,Brentford,0.0,0.0,D,27.0,9.0,5.0,2.0,10.0,4.0,8.0,10.0,0.0,0.0,0.0,1.0
23/11/2024,Fulham,Wolves,1.0,4.0,A,10.0,10.0,3.0,5.0,7.0,2.0,14.0,14.0,3.0,0.0,0.0,0.0
23/11/2024,Man City,Tottenham,0.0,4.0,A,23.0,9.0,5.0,7.0,9.0,3.0,19.0,9.0,4.0,2.0,0.0,0.0
24/11/2024,Southampton,Liverpool,2.0,3.0,A,7.0,27.0,5.0,11.0,3.0,10.0,11.0,9.0,3.0,4.0,0.0,0.0
24/11/2024,Ipswich,Man United,1.0,1.0,D,11.0,11.0,6.0,4.0,4.0,3.0,11.0,10.0,0.0,0.0,0.0,0.0
25/11/2024,Newcastle,West Ham,0.0,2.0,A,18.0,15.0,2.0,6.0,8.0,3.0,11.0,8.0,1.0,0.0,0.0,0.0
29/11/2024,Brighton,Southampton,1.0,1.0,D,22.0,10.0,5.0,2.0,7.0,6.0,20.0,16.0,2.0,4.0,0.0,0.0
30/11/2024,Brentford,Leicester,4.0,1.0,H,13.0,7.0,6.0,3.0,5.0,4.0,9.0,10.0,1.0,1.0,0.0,0.0
30/11/2024,Crystal Palace,Newcastle,1.0,1.0,D,16.0,1.0,4.0,0.0,8.0,9.0,12.0,11.0,3.0,3.0,0.0,0.0
30/11/2024,Nott'm Forest,Ipswich,1.0,0.0,H,12.0,7.0,5.0,3.0,8.0,7.0,5.0,16.0,1.0,3.0,0.0,0.0
30/11/2024,Wolves,Bournemouth,2.0,4.0,A,10.0,12.0,3.0,8.0,3.0,4.0,13.0,11.0,4.0,1.0,0.0,0.0
30/11/2024,West Ham,Arsenal,2.0,5.0,A,12.0,16.0,5.0,7.0,2.0,10.0,10.0,13.0,4.0,1.0,0.0,0.0
01/12/2024,Chelsea,Aston Villa,3.0,0.0,H,17.0,10.0,8.0,4.0,3.0,4.0,21.0,6.0,2.0,2.0,0.0,0.0
01/12/2024,Man United,Everton,4.0,0.0,H,11.0,8.0,5.0,2.0,2.0,2.0,12.0,12.0,2.0,3.0,0.0,0.0
01/12/2024,Tottenham,Fulham,1.0,1.0,D,8.0,14.0,3.0,6.0,7.0,11.0,4.0,14.0,0.0,1.0,0.0,1.0
01/12/2024,Liverpool,Man City,2.0,0.0,H,18.0,8.0,7.0,2.0,7.0,4.0,9.0,8.0,1.0,3.0,0.0,0.0
03/12/2024,Ipswich,Crystal Palace,0.0,1.0,A,9.0,13.0,2.0,3.0,4.0,7.0,14.0,13.0,2.0,4.0,0.0,0.0
03/12/2024,Leicester,West Ham,3.0,1.0,H,8.0,31.0,6.0,10.0,3.0,9.0,9.0,7.0,2.0,2.0,0.0,0.0
04/12/2024,Everton,Wolves,4.0,0.0,H,13.0,6.0,4.0,2.0,3.0,4.0,10.0,8.0,2.0,0.0,0.0,0.0
04/12/2024,Man City,Nott'm Forest,3.0,0.0,H,17.0,12.0,7.0,3.0,8.0,2.0,7.0,15.0,2.0,4.0,0.0,0.0
04/12/2024,Newcastle,Liverpool,3.0,3.0,D,17.0,16.0,6.0,5.0,5.0,6.0,9.0,17.0,2.0,5.0,0.0,0.0
04/12/2024,Southampton,Chelsea,1.0,5.0,A,6.0,26.0,4.0,13.0,5.0,7.0,7.0,14.0,1.0,0.0,1.0,0.0
04/12/2024,Arsenal,Man United,2.0,0.0,H,14.0,5.0,6.0,2.0,13.0,0.0,12.0,8.0,1.0,3.0,0.0,0.0
04/12/2024,Aston Villa,Brentford,3.0,1.0,H,20.0,9.0,10.0,1.0,10.0,5.0,11.0,15.0,2.0,2.0,0.0,0.0
05/12/2024,Fulham,Brighton,3.0,1.0,H,6.0,13.0,2.0,3.0,5.0,6.0,7.0,8.0,2.0,2.0,0.0,0.0
05/12/2024,Bournemouth,Tottenham,1.0,0.0,H,21.0,12.0,8.0,4.0,5.0,9.0,15.0,8.0,2.0,2.0,0.0,0.0
07/12/2024,Aston Villa,Southampton,1.0,0.0,H,18.0,4.0,5.0,0.0,14.0,1.0,18.0,15.0,1.0,3.0,0.0,0.0
07/12/2024,Brentford,Newcastle,4.0,2.0,H,11.0,16.0,8.0,3.0,3.0,4.0,10.0,7.0,3.0,0.0,0.0,0.0
07/12/2024,Crystal Palace,Man City,2.0,2.0,D,12.0,12.0,3.0,4.0,6.0,8.0,4.0,10.0,1.0,0.0,0.0,1.0
07/12/2024,Man United,Nott'm Forest,2.0,3.0,A,17.0,11.0,7.0,3.0,5.0,3.0,10.0,13.0,0.0,2.0,0.0,0.0
08/12/2024,Fulham,Arsenal,1.0,1.0,D,2.0,12.0,2.0,4.0,0.0,6.0,10.0,9.0,4.0,2.0,0.0,0.0
08/12/2024,Ipswich,Bournemouth,1.0,2.0,A,18.0,22.0,5.0,6.0,6.0,13.0,9.0,13.0,2.0,1.0,0.0,0.0
08/12/2024,Leicester,Brighton,2.0,2.0,D,10.0,16.0,3.0,7.0,5.0,5.0,9.0,10.0,1.0,2.0,0.0,0.0
08/12/2024,Tottenham,Chelsea,3.0,4.0,A,13.0,17.0,5.0,8.0,5.0,10.0,17.0,11.0,2.0,2.0,0.0,0.0
09/12/2024,West Ham,Wolves,2.0,1.0,H,19.0,19.0,4.0,5.0,11.0,0.0,12.0,17.0,5.0,4.0,0.0,0.0
14/12/2024,Arsenal,Everton,0.0,0.0,D,13.0,2.0,5.0,0.0,8.0,2.0,6.0,9.0,0.0,3.0,0.0,0.0
14/12/2024,Liverpool,Fulham,2.0,2.0,D,16.0,12.0,4.0,3.0,5.0,4.0,10.0,7.0,3.0,4.0,1.0,0.0
14/12/2024,Newcastle,Leicester,4.0,0.0,H,27.0,4.0,11.0,1.0,5.0,2.0,7.0,16.0,3.0,3.0,0.0,0.0
14/12/2024,Wolves,Ipswich,1.0,2.0,A,16.0,10.0,6.0,5.0,7.0,3.0,13.0,9.0,0.0,2.0,1.0,0.0
14/12/2024,Nott'm Forest,Aston Villa,2.0,1.0,H,17.0,8.0,6.0,2.0,4.0,3.0,12.0,6.0,0.0,1.0,0.0,0.0
15/12/2024,Brighton,Crystal Palace,1.0,3.0,A,17.0,13.0,5.0,5.0,8.0,5.0,11.0,15.0,1.0,4.0,0.0,0.0
15/12/2024,Man City,Man United,1.0,2.0,A,10.0,10.0,3.0,3.0,8.0,2.0,5.0,14.0,1.0,1.0,0.0,0.0
15/12/2024,Chelsea,Brentford,2.0,1.0,H,26.0,9.0,8.0,4.0,8.0,5.0,11.0,7.0,0.0,2.0,1.0,0.0
15/12/2024,Southampton,Tottenham,0.0,5.0,A,9.0,18.0,3.0,9.0,2.0,5.0,8.0,15.0,1.0,3.0,0.0,0.0
16/12/2024,Bournemouth,West Ham,1.0,1.0,D,29.0,16.0,9.0,3.0,12.0,6.0,6.0,11.0,0.0,2.0,0.0,0.0
21/12/2024,Aston Villa,Man City,2.0,1.0,H,11.0,12.0,6.0,6.0,5.0,4.0,14.0,7.0,3.0,3.0,0.0,0.0
21/12/2024,Brentford,Nott'm Forest,0.0,2.0,A,7.0,10.0,3.0,6.0,9.0,5.0,9.0,14.0,3.0,4.0,0.0,0.0
21/12/2024,Ipswich,Newcastle,0.0,4.0,A,10.0,15.0,2.0,7.0,2.0,1.0,9.0,7.0,2.0,0.0,0.0,0.0
21/12/2024,West Ham,Brighton,1.0,1.0,D,11.0,12.0,4.0,6.0,8.0,4.0,14.0,20.0,2.0,2.0,0.0,0.0
21/12/2024,Crystal Palace,Arsenal,1.0,5.0,A,15.0,14.0,6.0,6.0,3.0,3.0,9.0,8.0,2.0,2.0,0.0,0.0
22/12/2024,Everton,Chelsea,0.0,0.0,D,5.0,12.0,4.0,5.0,2.0,5.0,20.0,12.0,4.0,1.0,0.0,0.0
22/12/2024,Fulham,Southampton,0.0,0.0,D,16.0,5.0,5.0,1.0,6.0,5.0,8.0,15.0,1.0,3.0,0.0,0.0
22/12/2024,Leicester,Wolves,0.0,3.0,A,9.0,8.0,5.0,4.0,6.0,1.0,15.0,16.0,2.0,0.0,0.0,0.0
22/12/2024,Man United,Bournemouth,0.0,3.0,A,23.0,10.0,7.0,5.0,13.0,1.0,11.0,11.0,1.0,3.0,0.0,0.0
22/12/2024,Tottenham,Liverpool,3.0,6.0,A,9.0,24.0,5.0,12.0,7.0,5.0,7.0,9.0,1.0,2.0,0.0,0.0
26/12/2024,Man City,Everton,1.0,1.0,D,24.0,8.0,5.0,3.0,8.0,5.0,5.0,10.0,1.0,4.0,0.0,0.0
26/12/2024,Bournemouth,Crystal Palace,0.0,0.0,D,18.0,10.0,4.0,4.0,5.0,2.0,13.0,12.0,2.0,2.0,0.0,0.0
26/12/2024,Chelsea,Fulham,1.0,2.0,A,12.0,14.0,8.0,7.0,3.0,1.0,13.0,13.0,1.0,3.0,0.0,0.0
26/12/2024,Newcastle,Aston Villa,3.0,0.0,H,22.0,4.0,8.0,1.0,9.0,6.0,15.0,10.0,2.0,1.0,0.0,1.0
26/12/2024,Nott'm Forest,Tottenham,1.0,0.0,H,10.0,13.0,3.0,4.0,2.0,7.0,12.0,13.0,3.0,2.0,0.0,1.0
26/12/2024,Southampton,West Ham,0.0,1.0,A,18.0,16.0,5.0,2.0,2.0,2.0,15.0,8.0,1.0,2.0,0.0,0.0
26/12/2024,Wolves,Man United,2.0,0.0,H,7.0,11.0,4.0,4.0,4.0,4.0,12.0,12.0,2.0,2.0,0.0,1.0
26/12/2024,Liverpool,Leicester,3.0,1.0,H,19.0,4.0,7.0,1.0,14.0,1.0,17.0,5.0,3.0,2.0,0.0,0.0
27/12/2024,Brighton,Brentford,0.0,0.0,D,24.0,8.0,7.0,3.0,5.0,3.0,6.0,12.0,0.0,2.0,0.0,0.0
27/12/2024,Arsenal,Ipswich,1.0,0.0,H,13.0,3.0,5.0,0.0,5.0,1.0,7.0,12.0,1.0,1.0,0.0,0.0
29/12/2024,Leicester,Man City,0.0,2.0,A,11.0,14.0,4.0,5.0,4.0,4.0,11.0,6.0,2.0,1.0,0.0,0.0
29/12/2024,Crystal Palace,Southampton,2.0,1.0,H,19.0,7.0,10.0,3.0,8.0,7.0,18.0,19.0,2.0,3.0,0.0,0.0
29/12/2024,Everton,Nott'm Forest,0.0,2.0,A,13.0,11.0,2.0,7.0,5.0,4.0,13.0,10.0,4.0,1.0,0.0,0.0
29/12/2024,Fulham,Bournemouth,2.0,2.0,D,11.0,16.0,6.0,9.0,1.0,7.0,7.0,16.0,1.0,3.0,0.0,0.0
29/12/2024,Tottenham,Wolves,2.0,2.0,D,13.0,11.0,3.0,3.0,5.0,5.0,9.0,10.0,1.0,2.0,0.0,0.0
29/12/2024,West Ham,Liverpool,0.0,5.0,A,7.0,22.0,0.0,13.0,3.0,6.0,7.0,10.0,0.0,0.0,0.0,0.0
30/12/2024,Aston Villa,Brighton,2.0,2.0,D,20.0,13.0,4.0,4.0,12.0,3.0,9.0,14.0,2.0,3.0,0.0,0.0
30/12/2024,Ipswich,Chelsea,2.0,0.0,H,9.0,20.0,6.0,5.0,4.0,7.0,9.0,5.0,4.0,4.0,0.0,0.0
30/12/2024,Man United,Newcastle,0.0,2.0,A,10.0,12.0,0.0,4.0,2.0,3.0,13.0,8.0,1.0,1.0,0.0,0.0
01/01/2025,Brentford,Arsenal,1.0,3.0,A,5.0,14.0,2.0,5.0,4.0,3.0,6.0,8.0,1.0,2.0,0.0,0.0
04/01/2025,Tottenham,Newcastle,1.0,2.0,A,13.0,14.0,4.0,4.0,9.0,10.0,11.0,15.0,1.0,4.0,0.0,0.0
04/01/2025,Aston Villa,Leicester,2.0,1.0,H,13.0,4.0,5.0,2.0,7.0,2.0,10.0,11.0,0.0,1.0,0.0,0.0
04/01/2025,Bournemouth,Everton,1.0,0.0,H,19.0,9.0,8.0,0.0,9.0,3.0,15.0,14.0,2.0,2.0,0.0,0.0
04/01/2025,Crystal Palace,Chelsea,1.0,1.0,D,13.0,15.0,6.0,1.0,6.0,6.0,9.0,12.0,0.0,2.0,0.0,0.0
04/01/2025,Man City,West Ham,4.0,1.0,H,10.0,17.0,7.0,4.0,7.0,1.0,8.0,13.0,2.0,1.0,0.0,0.0
04/01/2025,Southampton,Brentford,0.0,5.0,A,8.0,20.0,1.0,11.0,2.0,2.0,10.0,4.0,2.0,0.0,0.0,0.0
04/01/2025,Brighton,Arsenal,1.0,1.0,D,11.0,9.0,4.0,3.0,2.0,5.0,17.0,14.0,2.0,3.0,0.0,0.0
05/01/2025,Fulham,Ipswich,2.0,2.0,D,15.0,7.0,4.0,3.0,9.0,2.0,10.0,14.0,1.0,5.0,0.0,0.0
05/01/2025,Liverpool,Man United,2.0,2.0,D,19.0,13.0,6.0,4.0,6.0,9.0,10.0,13.0,2.0,4.0,0.0,0.0
06/01/2025,Wolves,Nott'm Forest,0.0,3.0,A,13.0,11.0,6.0,3.0,5.0,3.0,10.0,8.0,1.0,2.0,0.0,0.0
14/01/2025,Brentford,Man City,2.0,2.0,D,18.0,21.0,6.0,8.0,4.0,5.0,4.0,4.0,0.0,0.0,0.0,0.0
14/01/2025,Chelsea,Bournemouth,2.0,2.0,D,26.0,7.0,10.0,3.0,9.0,3.0,15.0,16.0,2.0,3.0,0.0,0.0
14/01/2025,West Ham,Fulham,3.0,2.0,H,4.0,21.0,3.0,5.0,0.0,3.0,9.0,18.0,3.0,3.0,0.0,0.0
14/01/2025,Nott'm Forest,Liverpool,1.0,1.0,D,6.0,23.0,3.0,7.0,0.0,9.0,7.0,10.0,2.0,1.0,0.0,0.0
15/01/2025,Everton,Aston Villa,0.0,1.0,A,10.0,11.0,3.0,3.0,8.0,5.0,17.0,10.0,2.0,1.0,0.0,0.0
15/01/2025,Leicester,Crystal Palace,0.0,2.0,A,21.0,9.0,4.0,4.0,4.0,3.0,7.0,6.0,0.0,0.0,0.0,0.0
15/01/2025,Newcastle,Wolves,3.0,0.0,H,17.0,13.0,5.0,7.0,4.0,2.0,10.0,13.0,0.0,2.0,0.0,0.0
15/01/2025,Arsenal,Tottenham,2.0,1.0,H,14.0,10.0,4.0,2.0,10.0,4.0,16.0,9.0,3.0,1.0,0.0,0.0
16/01/2025,Ipswich,Brighton,0.0,2.0,A,5.0,11.0,3.0,5.0,1.0,9.0,13.0,14.0,2.0,2.0,0.0,0.0
16/01/2025,Man United,Southampton,3.0,1.0,H,23.0,13.0,9.0,5.0,5.0,4.0,7.0,10.0,1.0,3.0,0.0,0.0
18/01/2025,Newcastle,Bournemouth,1.0,4.0,A,13.0,19.0,5.0,10.0,7.0,6.0,7.0,18.0,1.0,6.0,0.0,0.0
18/01/2025,Brentford,Liverpool,0.0,2.0,A,11.0,37.0,6.0,8.0,2.0,15.0,6.0,14.0,2.0,3.0,0.0,0.0
18/01/2025,Leicester,Fulham,0.0,2.0,A,8.0,17.0,4.0,2.0,5.0,2.0,8.0,8.0,3.0,1.0,0.0,0.0
18/01/2025,West Ham,Crystal Palace,0.0,2.0,A,7.0,12.0,0.0,7.0,2.0,4.0,13.0,10.0,1.0,0.0,1.0,0.0
18/01/2025,Arsenal,Aston Villa,2.0,2.0,D,18.0,8.0,6.0,4.0,10.0,1.0,10.0,18.0,2.0,3.0,0.0,0.0
19/01/2025,Everton,Tottenham,3.0,2.0,H,12.0,11.0,6.0,6.0,3.0,8.0,14.0,14.0,2.0,1.0,0.0,0.0
19/01/2025,Man United,Brighton,1.0,3.0,A,10.0,6.0,1.0,3.0,4.0,2.0,13.0,12.0,3.0,3.0,0.0,0.0
19/01/2025,Nott'm Forest,Southampton,3.0,2.0,H,14.0,10.0,5.0,4.0,2.0,8.0,4.0,18.0,0.0,4.0,0.0,0.0
19/01/2025,Ipswich,Man City,0.0,6.0,A,8.0,17.0,4.0,9.0,4.0,7.0,4.0,7.0,0.0,1.0,0.0,0.0
20/01/2025,Chelsea,Wolves,3.0,1.0,H,19.0,9.0,7.0,4.0,3.0,6.0,8.0,14.0,4.0,2.0,0.0,0.0
25/01/2025,Bournemouth,Nott'm Forest,5.0,0.0,H,16.0,18.0,10.0,4.0,3.0,9.0,9.0,12.0,2.0,3.0,0.0,0.0
25/01/2025,Brighton,Everton,0.0,1.0,A,16.0,3.0,1.0,1.0,9.0,1.0,8.0,11.0,3.0,4.0,0.0,0.0
25/01/2025,Liverpool,Ipswich,4.0,1.0,H,16.0,3.0,6.0,3.0,3.0,4.0,10.0,11.0,0.0,2.0,0.0,0.0
25/01/2025,Southampton,Newcastle,1.0,3.0,A,12.0,17.0,5.0,9.0,3.0,8.0,10.0,5.0,1.0,0.0,0.0,0.0
25/01/2025,Wolves,Arsenal,0.0,1.0,A,9.0,9.0,4.0,3.0,1.0,5.0,20.0,10.0,0.0,1.0,1.0,1.0
25/01/2025,Man City,Chelsea,3.0,1.0,H,15.0,10.0,6.0,4.0,2.0,4.0,6.0,8.0,3.0,2.0,0.0,0.0
26/01/2025,Crystal Palace,Brentford,1.0,2.0,A,16.0,13.0,5.0,6.0,4.0,7.0,8.0,11.0,2.0,2.0,0.0,0.0
26/01/2025,Tottenham,Leicester,1.0,2.0,A,15.0,12.0,6.0,3.0,6.0,4.0,6.0,16.0,1.0,5.0,0.0,0.0
26/01/2025,Aston Villa,West Ham,1.0,1.0,D,14.0,14.0,4.0,4.0,4.0,3.0,13.0,16.0,2.0,3.0,0.0,0.0
26/01/2025,Fulham,Man United,0.0,1.0,A,9.0,4.0,3.0,1.0,3.0,0.0,7.0,9.0,0.0,1.0,0.0,0.0
01/02/2025,Nott'm Forest,Brighton,7.0,0.0,H,14.0,10.0,9.0,5.0,4.0,6.0,8.0,13.0,1.0,3.0,0.0,0.0
01/02/2025,Bournemouth,Liverpool,0.0,2.0,A,14.0,19.0,3.0,7.0,3.0,3.0,15.0,9.0,2.0,3.0,0.0,0.0
01/02/2025,Everton,Leicester,4.0,0.0,H,13.0,9.0,7.0,1.0,5.0,6.0,7.0,13.0,0.0,0.0,0.0,0.0
01/02/2025,Ipswich,Southampton,1.0,2.0,A,15.0,9.0,6.0,4.0,1.0,2.0,11.0,14.0,0.0,3.0,0.0,0.0
01/02/2025,Newcastle,Fulham,1.0,2.0,A,11.0,15.0,4.0,4.0,4.0,7.0,10.0,15.0,4.0,4.0,0.0,0.0
01/02/2025,Wolves,Aston Villa,2.0,0.0,H,8.0,10.0,5.0,3.0,5.0,8.0,20.0,13.0,2.0,3.0,0.0,0.0
02/02/2025,Brentford,Tottenham,0.0,2.0,A,20.0,13.0,4.0,2.0,10.0,3.0,4.0,11.0,0.0,1.0,0.0,0.0
02/02/2025,Man United,Crystal Palace,0.0,2.0,A,17.0,11.0,2.0,3.0,11.0,0.0,12.0,13.0,3.0,1.0,0.0,0.0
02/02/2025,Arsenal,Man City,5.0,1.0,H,12.0,7.0,7.0,4.0,5.0,2.0,6.0,7.0,2.0,0.0,0.0,0.0
03/02/2025,Chelsea,West Ham,2.0,1.0,H,22.0,14.0,3.0,5.0,4.0,3.0,11.0,10.0,3.0,1.0,0.0,0.0
12/02/2025,Everton,Liverpool,2.0,2.0,D,10.0,6.0,3.0,4.0,2.0,3.0,9.0,20.0,2.0,2.0,1.0,1.0
14/02/2025,Brighton,Chelsea,3.0,0.0,H,13.0,8.0,5.0,0.0,2.0,9.0,12.0,15.0,1.0,2.0,0.0,0.0
15/02/2025,Leicester,Arsenal,0.0,2.0,A,6.0,11.0,2.0,5.0,3.0,7.0,9.0,10.0,2.0,1.0,0.0,0.0
15/02/2025,Aston Villa,Ipswich,1.0,1.0,D,25.0,4.0,6.0,3.0,16.0,1.0,7.0,11.0,0.0,3.0,0.0,1.0
15/02/2025,Fulham,Nott'm Forest,2.0,1.0,H,24.0,8.0,10.0,2.0,8.0,4.0,13.0,8.0,0.0,0.0,0.0,0.0
15/02/2025,Man City,Newcastle,4.0,0.0,H,11.0,3.0,7.0,1.0,7.0,4.0,5.0,13.0,0.0,1.0,0.0,0.0
15/02/2025,Southampton,Bournemouth,1.0,3.0,A,11.0,14.0,4.0,7.0,4.0,6.0,13.0,15.0,1.0,3.0,0.0,0.0
15/02/2025,West Ham,Brentford,0.0,1.0,A,13.0,14.0,3.0,5.0,9.0,2.0,10.0,13.0,1.0,1.0,0.0,0.0
15/02/2025,Crystal Palace,Everton,1.0,2.0,A,17.0,11.0,6.0,6.0,6.0,2.0,9.0,12.0,0.0,1.0,0.0,0.0
16/02/2025,Liverpool,Wolves,2.0,1.0,H,10.0,16.0,3.0,4.0,4.0,3.0,15.0,13.0,2.0,2.0,0.0,0.0
16/02/2025,Tottenham,Man United,1.0,0.0,H,22.0,16.0,7.0,6.0,10.0,5.0,13.0,9.0,1.0,2.0,0.0,0.0
19/02/2025,Aston Villa,Liverpool,2.0,2.0,D,9.0,17.0,4.0,3.0,6.0,8.0,8.0,6.0,1.0,0.0,0.0,0.0
21/02/2025,Leicester,Brentford,0.0,4.0,A,8.0,14.0,3.0,6.0,5.0,6.0,10.0,10.0,4.0,0.0,0.0,0.0
22/02/2025,Everton,Man United,2.0,2.0,D,9.0,9.0,8.0,3.0,7.0,9.0,12.0,9.0,4.0,1.0,0.0,0.0
22/02/2025,Arsenal,West Ham,0.0,1.0,A,20.0,5.0,2.0,2.0,2.0,0.0,16.0,15.0,1.0,3.0,1.0,0.0
22/02/2025,Bournemouth,Wolves,0.0,1.0,A,8.0,13.0,3.0,5.0,6.0,7.0,17.0,9.0,3.0,3.0,1.0,0.0
22/02/2025,Fulham,Crystal Palace,0.0,2.0,A,10.0,10.0,0.0,5.0,7.0,7.0,10.0,7.0,1.0,3.0,0.0,0.0
22/02/2025,Ipswich,Tottenham,1.0,4.0,A,17.0,10.0,5.0,6.0,4.0,4.0,15.0,14.0,2.0,1.0,0.0,0.0
22/02/2025,Southampton,Brighton,0.0,4.0,A,6.0,18.0,1.0,12.0,5.0,6.0,11.0,12.0,2.0,0.0,0.0,0.0
22/02/2025,Aston Villa,Chelsea,2.0,1.0,H,12.0,15.0,6.0,7.0,2.0,3.0,15.0,16.0,1.0,3.0,0.0,0.0
23/02/2025,Newcastle,Nott'm Forest,4.0,3.0,H,13.0,17.0,5.0,5.0,7.0,6.0,11.0,13.0,1.0,4.0,0.0,0.0
23/02/2025,Man City,Liverpool,0.0,2.0,A,16.0,8.0,5.0,4.0,7.0,5.0,3.0,10.0,0.0,0.0,0.0,0.0
25/02/2025,Brighton,Bournemouth,2.0,1.0,H,11.0,19.0,4.0,5.0,1.0,9.0,12.0,14.0,2.0,1.0,0.0,0.0
25/02/2025,Crystal Palace,Aston Villa,4.0,1.0,H,19.0,6.0,6.0,2.0,3.0,8.0,19.0,10.0,3.0,1.0,0.0,0.0
25/02/2025,Wolves,Fulham,1.0,2.0,A,18.0,11.0,5.0,5.0,7.0,5.0,8.0,15.0,1.0,3.0,0.0,0.0
25/02/2025,Chelsea,Southampton,4.0,0.0,H,19.0,7.0,10.0,2.0,4.0,2.0,6.0,9.0,1.0,2.0,0.0,0.0
26/02/2025,Brentford,Everton,1.0,1.0,D,12.0,14.0,3.0,4.0,2.0,5.0,3.0,6.0,2.0,1.0,0.0,0.0
26/02/2025,Man United,Ipswich,3.0,2.0,H,10.0,12.0,6.0,3.0,5.0,6.0,9.0,16.0,4.0,4.0,1.0,0.0
26/02/2025,Nott'm Forest,Arsenal,0.0,0.0,D,6.0,13.0,2.0,1.0,3.0,11.0,10.0,17.0,1.0,1.0,0.0,0.0
26/02/2025,Tottenham,Man City,0.0,1.0,A,11.0,12.0,6.0,5.0,8.0,3.0,12.0,15.0,3.0,0.0,0.0,0.0
26/02/2025,Liverpool,Newcastle,2.0,0.0,H,12.0,3.0,3.0,0.0,4.0,2.0,12.0,11.0,0.0,1.0,0.0,0.0
27/02/2025,West Ham,Leicester,2.0,0.0,H,8.0,10.0,2.0,2.0,3.0,3.0,12.0,6.0,0.0,0.0,0.0,0.0
08/03/2025,Nott'm Forest,Man City,1.0,0.0,H,9.0,14.0,4.0,3.0,3.0,2.0,9.0,7.0,3.0,2.0,0.0,0.0
08/03/2025,Brighton,Fulham,2.0,1.0,H,9.0,6.0,4.0,1.0,3.0,7.0,6.0,12.0,0.0,2.0,0.0,0.0
08/03/2025,Crystal Palace,Ipswich,1.0,0.0,H,19.0,15.0,4.0,8.0,5.0,4.0,8.0,7.0,4.0,3.0,0.0,0.0
08/03/2025,Liverpool,Southampton,3.0,1.0,H,28.0,6.0,7.0,4.0,6.0,4.0,10.0,9.0,2.0,1.0,0.0,0.0
08/03/2025,Brentford,Aston Villa,0.0,1.0,A,13.0,12.0,3.0,4.0,6.0,5.0,10.0,5.0,2.0,2.0,0.0,0.0
08/03/2025,Wolves,Everton,1.0,1.0,D,11.0,12.0,3.0,4.0,5.0,5.0,11.0,16.0,2.0,2.0,0.0,0.0
09/03/2025,Chelsea,Leicester,1.0,0.0,H,20.0,3.0,7.0,3.0,12.0,2.0,12.0,13.0,1.0,0.0,0.0,0.0
09/03/2025,Tottenham,Bournemouth,2.0,2.0,D,12.0,17.0,4.0,8.0,3.0,6.0,15.0,16.0,3.0,3.0,0.0,0.0
09/03/2025,Man United,Arsenal,1.0,1.0,D,10.0,17.0,6.0,6.0,2.0,9.0,8.0,11.0,0.0,1.0,0.0,0.0
10/03/2025,West Ham,Newcastle,0.0,1.0,A,9.0,9.0,2.0,3.0,3.0,4.0,7.0,15.0,0.0,1.0,0.0,0.0
15/03/2025,Everton,West Ham,1.0,1.0,D,13.0,10.0,5.0,5.0,6.0,5.0,12.0,8.0,1.0,2.0,0.0,0.0
15/03/2025,Ipswich,Nott'm Forest,2.0,4.0,A,11.0,11.0,4.0,6.0,6.0,3.0,4.0,13.0,1.0,1.0,0.0,0.0
15/03/2025,Man City,Brighton,2.0,2.0,D,11.0,15.0,3.0,3.0,4.0,5.0,10.0,10.0,2.0,5.0,0.0,0.0
15/03/2025,Southampton,Wolves,1.0,2.0,A,10.0,5.0,3.0,3.0,5.0,1.0,12.0,13.0,0.0,0.0,0.0,0.0
15/03/2025,Bournemouth,Brentford,1.0,2.0,A,17.0,10.0,5.0,4.0,4.0,3.0,13.0,7.0,3.0,0.0,0.0,0.0
16/03/2025,Arsenal,Chelsea,1.0,0.0,H,12.0,8.0,4.0,2.0,5.0,4.0,10.0,13.0,3.0,3.0,0.0,0.0
16/03/2025,Fulham,Tottenham,2.0,0.0,H,13.0,12.0,4.0,4.0,6.0,5.0,13.0,10.0,0.0,0.0,0.0,0.0
16/03/2025,Leicester,Man United,0.0,3.0,A,11.0,18.0,3.0,5.0,6.0,4.0,6.0,6.0,2.0,0.0,0.0,0.0
01/04/2025,Arsenal,Fulham,2.0,1.0,H,17.0,9.0,4.0,3.0,5.0,4.0,2.0,10.0,1.0,2.0,0.0,0.0
01/04/2025,Wolves,West Ham,1.0,0.0,H,9.0,10.0,2.0,1.0,1.0,2.0,16.0,12.0,4.0,2.0,0.0,0.0
01/04/2025,Nott'm Forest,Man United,1.0,0.0,H,8.0,23.0,2.0,6.0,3.0,10.0,5.0,12.0,1.0,3.0,0.0,0.0
02/04/2025,Bournemouth,Ipswich,1.0,2.0,A,24.0,10.0,7.0,2.0,8.0,3.0,14.0,15.0,1.0,2.0,0.0,0.0
02/04/2025,Brighton,Aston Villa,0.0,3.0,A,11.0,8.0,4.0,5.0,4.0,0.0,16.0,11.0,1.0,3.0,0.0,0.0
02/04/2025,Man City,Leicester,2.0,0.0,H,18.0,2.0,5.0,0.0,5.0,0.0,11.0,8.0,1.0,4.0,0.0,0.0
02/04/2025,Newcastle,Brentford,2.0,1.0,H,21.0,12.0,4.0,3.0,4.0,5.0,12.0,12.0,1.0,1.0,0.0,0.0
02/04/2025,Southampton,Crystal Palace,1.0,1.0,D,8.0,9.0,2.0,3.0,2.0,2.0,14.0,9.0,2.0,1.0,0.0,0.0
02/04/2025,Liverpool,Everton,1.0,0.0,H,17.0,5.0,3.0,0.0,11.0,5.0,7.0,11.0,2.0,2.0,0.0,0.0
03/04/2025,Chelsea,Tottenham,1.0,0.0,H,11.0,8.0,5.0,2.0,4.0,6.0,7.0,16.0,5.0,5.0,0.0,0.0
05/04/2025,Everton,Arsenal,1.0,1.0,D,5.0,14.0,2.0,5.0,3.0,8.0,17.0,13.0,3.0,1.0,0.0,0.0
05/04/2025,Crystal Palace,Brighton,2.0,1.0,H,8.0,11.0,3.0,5.0,2.0,4.0,12.0,13.0,0.0,1.0,2.0,1.0
05/04/2025,Ipswich,Wolves,1.0,2.0,A,6.0,22.0,2.0,7.0,4.0,8.0,12.0,16.0,2.0,2.0,0.0,0.0
05/04/2025,West Ham,Bournemouth,2.0,2.0,D,9.0,11.0,3.0,4.0,4.0,7.0,13.0,13.0,2.0,2.0,0.0,0.0
05/04/2025,Aston Villa,Nott'm Forest,2.0,1.0,H,17.0,19.0,8.0,3.0,4.0,4.0,7.0,15.0,2.0,2.0,0.0,0.0
06/04/2025,Brentford,Chelsea,0.0,0.0,D,9.0,21.0,2.0,5.0,3.0,6.0,12.0,12.0,1.0,3.0,0.0,0.0
06/04/2025,Fulham,Liverpool,3.0,2.0,H,12.0,14.0,6.0,6.0,4.0,4.0,10.0,9.0,3.0,0.0,0.0,0.0
06/04/2025,Tottenham,Southampton,3.0,1.0,H,13.0,12.0,8.0,4.0,4.0,1.0,16.0,20.0,1.0,1.0,0.0,0.0
06/04/2025,Man United,Man City,0.0,0.0,D,13.0,9.0,2.0,5.0,5.0,3.0,13.0,9.0,3.0,2.0,0.0,0.0
07/04/2025,Leicester,Newcastle,0.0,3.0,A,7.0,16.0,2.0,5.0,12.0,2.0,8.0,9.0,2.0,0.0,0.0,0.0
12/04/2025,Man City,Crystal Palace,5.0,2.0,H,21.0,8.0,9.0,3.0,1.0,4.0,10.0,16.0,2.0,3.0,0.0,0.0
12/04/2025,Brighton,Leicester,2.0,2.0,D,21.0,15.0,7.0,6.0,3.0,6.0,9.0,11.0,2.0,5.0,0.0,0.0
12/04/2025,Nott'm Forest,Everton,0.0,1.0,A,10.0,13.0,5.0,5.0,1.0,7.0,9.0,13.0,0.0,3.0,0.0,0.0
12/04/2025,Southampton,Aston Villa,0.0,3.0,A,7.0,25.0,2.0,10.0,2.0,14.0,11.0,4.0,3.0,1.0,0.0,0.0
12/04/2025,Arsenal,Brentford,1.0,1.0,D,14.0,3.0,3.0,2.0,13.0,5.0,7.0,9.0,1.0,3.0,0.0,0.0
13/04/2025,Chelsea,Ipswich,2.0,2.0,D,34.0,13.0,9.0,4.0,15.0,4.0,11.0,7.0,2.0,2.0,0.0,0.0
13/04/2025,Liverpool,West Ham,2.0,1.0,H,15.0,11.0,6.0,4.0,10.0,3.0,15.0,8.0,0.0,2.0,0.0,0.0
13/04/2025,Wolves,Tottenham,4.0,2.0,H,13.0,11.0,5.0,4.0,1.0,4.0,12.0,15.0,1.0,2.0,0.0,0.0
13/04/2025,Newcastle,Man United,4.0,1.0,H,13.0,9.0,6.0,5.0,7.0,2.0,7.0,9.0,0.0,2.0,0.0,0.0
14/04/2025,Bournemouth,Fulham,1.0,0.0,H,12.0,12.0,3.0,7.0,6.0,9.0,11.0,10.0,3.0,2.0,0.0,0.0
16/04/2025,Newcastle,Crystal Palace,5.0,0.0,H,14.0,11.0,7.0,4.0,5.0,4.0,9.0,15.0,2.0,3.0,0.0,0.0
19/04/2025,Brentford,Brighton,4.0,2.0,H,16.0,12.0,8.0,3.0,4.0,8.0,7.0,11.0,3.0,3.0,0.0,1.0
19/04/2025,Crystal Palace,Bournemouth,0.0,0.0,D,5.0,15.0,0.0,4.0,5.0,4.0,13.0,10.0,3.0,4.0,1.0,0.0
19/04/2025,Everton,Man City,0.0,2.0,A,8.0,12.0,3.0,7.0,2.0,5.0,7.0,6.0,4.0,0.0,0.0,0.0
19/04/2025,West Ham,Southampton,1.0,1.0,D,12.0,15.0,4.0,4.0,2.0,5.0,14.0,13.0,2.0,1.0,0.0,0.0
19/04/2025,Aston Villa,Newcastle,4.0,1.0,H,23.0,10.0,9.0,3.0,7.0,7.0,9.0,12.0,1.0,3.0,0.0,0.0
20/04/2025,Fulham,Chelsea,1.0,2.0,A,6.0,13.0,1.0,8.0,6.0,4.0,13.0,9.0,1.0,3.0,0.0,0.0
20/04/2025,Ipswich,Arsenal,0.0,4.0,A,4.0,24.0,0.0,7.0,0.0,12.0,10.0,7.0,0.0,0.0,1.0,0.0
20/04/2025,Man United,Wolves,0.0,1.0,A,12.0,4.0,2.0,2.0,9.0,2.0,11.0,18.0,2.0,3.0,0.0,0.0
20/04/2025,Leicester,Liverpool,0.0,1.0,A,5.0,28.0,0.0,10.0,1.0,13.0,11.0,7.0,1.0,2.0,0.0,0.0
21/04/2025,Tottenham,Nott'm Forest,1.0,2.0,A,22.0,4.0,6.0,3.0,7.0,1.0,11.0,12.0,1.0,4.0,0.0,0.0
22/04/2025,Man City,Aston Villa,2.0,1.0,H,14.0,7.0,6.0,3.0,10.0,2.0,9.0,10.0,3.0,3.0,0.0,0.0
23/04/2025,Arsenal,Crystal Palace,2.0,2.0,D,12.0,15.0,6.0,4.0,3.0,6.0,4.0,6.0,1.0,1.0,0.0,0.0
26/04/2025,Chelsea,Everton,1.0,0.0,H,10.0,6.0,7.0,3.0,10.0,2.0,11.0,11.0,0.0,0.0,0.0,0.0
26/04/2025,Brighton,West Ham,3.0,2.0,H,16.0,12.0,9.0,4.0,8.0,1.0,7.0,9.0,1.0,1.0,0.0,0.0
26/04/2025,Newcastle,Ipswich,3.0,0.0,H,25.0,4.0,5.0,0.0,11.0,2.0,9.0,9.0,1.0,2.0,0.0,1.0
26/04/2025,Southampton,Fulham,1.0,2.0,A,7.0,26.0,3.0,5.0,0.0,13.0,10.0,12.0,1.0,1.0,0.0,0.0
26/04/2025,Wolves,Leicester,3.0,0.0,H,20.0,8.0,6.0,2.0,4.0,2.0,7.0,17.0,1.0,4.0,0.0,0.0
27/04/2025,Bournemouth,Man United,1.0,1.0,D,8.0,25.0,1.0,6.0,5.0,10.0,11.0,12.0,4.0,2.0,1.0,0.0
27/04/2025,Liverpool,Tottenham,5.0,1.0,H,25.0,8.0,8.0,3.0,8.0,2.0,16.0,9.0,2.0,1.0,0.0,0.0
01/05/2025,Nott'm Forest,Brentford,0.0,2.0,A,14.0,11.0,5.0,3.0,4.0,5.0,10.0,12.0,3.0,5.0,0.0,0.0
02/05/2025,Man City,Wolves,1.0,0.0,H,9.0,6.0,2.0,1.0,4.0,5.0,7.0,11.0,0.0,0.0,0.0,0.0
03/05/2025,Aston Villa,Fulham,1.0,0.0,H,10.0,11.0,3.0,3.0,5.0,3.0,6.0,17.0,0.0,5.0,0.0,0.0
03/05/2025,Everton,Ipswich,2.0,2.0,D,8.0,12.0,3.0,5.0,3.0,3.0,12.0,15.0,4.0,4.0,0.0,0.0
03/05/2025,Leicester,Southampton,2.0,0.0,H,14.0,8.0,4.0,2.0,7.0,7.0,12.0,13.0,1.0,3.0,0.0,0.0
03/05/2025,Arsenal,Bournemouth,1.0,2.0,A,13.0,9.0,4.0,2.0,2.0,3.0,7.0,16.0,0.0,2.0,0.0,0.0
04/05/2025,Brentford,Man United,4.0,3.0,H,12.0,14.0,6.0,5.0,7.0,4.0,8.0,10.0,0.0,2.0,0.0,0.0
04/05/2025,Brighton,Newcastle,1.0,1.0,D,5.0,13.0,2.0,5.0,1.0,4.0,15.0,10.0,2.0,1.0,0.0,0.0
04/05/2025,West Ham,Tottenham,1.0,1.0,D,11.0,7.0,2.0,2.0,1.0,3.0,18.0,15.0,2.0,2.0,0.0,0.0
04/05/2025,Chelsea,Liverpool,3.0,1.0,H,17.0,11.0,7.0,2.0,3.0,6.0,10.0,11.0,2.0,2.0,0.0,0.0
05/05/2025,Crystal Palace,Nott'm Forest,1.0,1.0,D,20.0,12.0,3.0,4.0,7.0,4.0,9.0,15.0,3.0,8.0,0.0,0.0
10/05/2025,Fulham,Everton,1.0,3.0,A,18.0,11.0,6.0,7.0,5.0,5.0,15.0,9.0,1.0,0.0,0.0,0.0
10/05/2025,Ipswich,Brentford,0.0,1.0,A,11.0,15.0,4.0,5.0,5.0,6.0,6.0,12.0,2.0,4.0,0.0,0.0
10/05/2025,Southampton,Man City,0.0,0.0,D,2.0,26.0,0.0,5.0,1.0,15.0,9.0,8.0,2.0,0.0,0.0,0.0
10/05/2025,Wolves,Brighton,0.0,2.0,A,10.0,7.0,3.0,2.0,7.0,4.0,8.0,12.0,1.0,1.0,0.0,0.0
10/05/2025,Bournemouth,Aston Villa,0.0,1.0,A,10.0,6.0,4.0,3.0,10.0,0.0,19.0,12.0,4.0,3.0,0.0,1.0
11/05/2025,Newcastle,Chelsea,2.0,0.0,H,15.0,10.0,6.0,3.0,2.0,8.0,9.0,13.0,4.0,2.0,0.0,1.0
11/05/2025,Man United,West Ham,0.0,2.0,A,20.0,9.0,5.0,4.0,8.0,5.0,3.0,13.0,0.0,1.0,0.0,0.0
11/05/2025,Nott'm Forest,Leicester,2.0,2.0,D,15.0,10.0,4.0,6.0,4.0,4.0,11.0,11.0,3.0,3.0,0.0,0.0
11/05/2025,Tottenham,Crystal Palace,0.0,2.0,A,8.0,23.0,1.0,10.0,4.0,8.0,12.0,10.0,1.0,1.0,0.0,0.0
11/05/2025,Liverpool,Arsenal,2.0,2.0,D,14.0,15.0,5.0,7.0,3.0,1.0,13.0,10.0,1.0,1.0,0.0,1.0
16/05/2025,Aston Villa,Tottenham,2.0,0.0,H,18.0,3.0,7.0,1.0,9.0,1.0,5.0,12.0,1.0,2.0,0.0,0.0
16/05/2025,Chelsea,Man United,1.0,0.0,H,11.0,4.0,3.0,1.0,7.0,2.0,10.0,14.0,1.0,6.0,0.0,0.0
18/05/2025,Everton,Southampton,2.0,0.0,H,13.0,6.0,5.0,2.0,4.0,5.0,6.0,10.0,1.0,1.0,0.0,0.0
18/05/2025,West Ham,Nott'm Forest,1.0,2.0,A,16.0,10.0,5.0,5.0,8.0,7.0,14.0,7.0,6.0,3.0,0.0,0.0
18/05/2025,Brentford,Fulham,2.0,3.0,A,11.0,16.0,6.0,7.0,5.0,3.0,12.0,8.0,4.0,4.0,0.0,0.0
18/05/2025,Leicester,Ipswich,2.0,0.0,H,9.0,20.0,3.0,2.0,2.0,2.0,15.0,12.0,1.0,0.0,0.0,0.0
18/05/2025,Arsenal,Newcastle,1.0,0.0,H,12.0,14.0,4.0,5.0,10.0,7.0,9.0,9.0,3.0,3.0,0.0,0.0
19/05/2025,Brighton,Liverpool,3.0,2.0,H,25.0,18.0,12.0,5.0,3.0,3.0,9.0,8.0,1.0,0.0,0.0,0.0
20/05/2025,Crystal Palace,Wolves,4.0,2.0,H,14.0,12.0,10.0,3.0,0.0,10.0,14.0,8.0,1.0,2.0,0.0,0.0
20/05/2025,Man City,Bournemouth,3.0,1.0,H,12.0,8.0,5.0,2.0,3.0,1.0,7.0,13.0,1.0,3.0,1.0,1.0
25/05/2025,Bournemouth,Leicester,2.0,0.0,H,20.0,3.0,7.0,0.0,6.0,1.0,19.0,16.0,0.0,2.0,0.0,0.0
25/05/2025,Fulham,Man City,0.0,2.0,A,13.0,20.0,3.0,5.0,1.0,6.0,11.0,5.0,0.0,0.0,0.0,0.0
25/05/2025,Ipswich,West Ham,1.0,3.0,A,14.0,10.0,4.0,6.0,4.0,0.0,10.0,9.0,1.0,1.0,0.0,0.0
25/05/2025,Liverpool,Crystal Palace,1.0,1.0,D,14.0,8.0,3.0,5.0,11.0,0.0,7.0,10.0,1.0,0.0,1.0,0.0
25/05/2025,Man United,Aston Villa,2.0,0.0,H,25.0,6.0,10.0,1.0,4.0,3.0,10.0,10.0,2.0,2.0,0.0,1.0
25/05/2025,Newcastle,Everton,0.0,1.0,A,17.0,14.0,6.0,6.0,12.0,3.0,12.0,9.0,1.0,4.0,0.0,0.0
25/05/2025,Nott'm Forest,Chelsea,0.0,1.0,A,10.0,6.0,2.0,2.0,7.0,4.0,10.0,11.0,2.0,2.0,0.0,0.0
25/05/2025,Southampton,Arsenal,1.0,2.0,A,7.0,23.0,2.0,8.0,5.0,8.0,7.0,8.0,0.0,0.0,0.0,0.0
25/05/2025,Tottenham,Brighton,1.0,4.0,A,4.0,23.0,2.0,8.0,2.0,11.0,13.0,8.0,3.0,1.0,0.0,0.0
25/05/2025,Wolves,Brentford,1.0,1.0,D,18.0,13.0,6.0,7.0,8.0,3.0,7.0,9.0,2.0,1.0,0.0,0.0
15/08/2025,Liverpool,Bournemouth,4.0,2.0,H,19.0,10.0,10.0,3.0,6.0,7.0,7.0,10.0,1.0,2.0,0.0,0.0
16/08/2025,Aston Villa,Newcastle,0.0,0.0,D,3.0,16.0,3.0,3.0,3.0,6.0,13.0,11.0,1.0,1.0,1.0,0.0
16/08/2025,Brighton,Fulham,1.0,1.0,D,10.0,7.0,4.0,2.0,4.0,3.0,16.0,15.0,3.0,3.0,0.0,0.0
16/08/2025,Sunderland,West Ham,3.0,0.0,H,10.0,12.0,5.0,4.0,5.0,7.0,8.0,10.0,0.0,1.0,0.0,0.0
16/08/2025,Tottenham,Burnley,3.0,0.0,H,16.0,14.0,6.0,4.0,6.0,5.0,14.0,8.0,0.0,0.0,0.0,0.0
16/08/2025,Wolves,Man City,0.0,4.0,A,9.0,15.0,3.0,4.0,4.0,6.0,13.0,7.0,1.0,2.0,0.0,0.0
17/08/2025,Chelsea,Crystal Palace,0.0,0.0,D,19.0,12.0,3.0,4.0,11.0,2.0,10.0,12.0,2.0,3.0,0.0,0.0
17/08/2025,Nott'm Forest,Brentford,3.0,1.0,H,11.0,10.0,5.0,3.0,5.0,5.0,7.0,15.0,1.0,2.0,0.0,0.0
17/08/2025,Man United,Arsenal,0.0,1.0,A,22.0,9.0,7.0,3.0,3.0,4.0,10.0,19.0,1.0,4.0,0.0,0.0
18/08/2025,Leeds,Everton,1.0,0.0,H,21.0,7.0,3.0,1.0,7.0,2.0,6.0,8.0,0.0,2.0,0.0,0.0
22/08/2025,West Ham,Chelsea,1.0,5.0,A,12.0,12.0,4.0,7.0,7.0,5.0,7.0,10.0,0.0,1.0,0.0,0.0
23/08/2025,Man City,Tottenham,0.0,2.0,A,10.0,12.0,4.0,5.0,7.0,2.0,7.0,12.0,1.0,4.0,0.0,0.0
23/08/2025,Bournemouth,Wolves,1.0,0.0,H,14.0,6.0,4.0,1.0,8.0,3.0,13.0,16.0,2.0,4.0,0.0,1.0
23/08/2025,Brentford,Aston Villa,1.0,0.0,H,9.0,17.0,2.0,2.0,2.0,9.0,11.0,9.0,1.0,2.0,0.0,0.0
23/08/2025,Burnley,Sunderland,2.0,0.0,H,7.0,9.0,2.0,1.0,4.0,3.0,9.0,5.0,0.0,1.0,0.0,0.0
23/08/2025,Arsenal,Leeds,5.0,0.0,H,18.0,3.0,5.0,1.0,2.0,2.0,8.0,11.0,0.0,2.0,0.0,0.0
24/08/2025,Crystal Palace,Nott'm Forest,1.0,1.0,D,8.0,9.0,4.0,1.0,1.0,3.0,11.0,11.0,3.0,3.0,0.0,0.0
24/08/2025,Everton,Brighton,2.0,0.0,H,11.0,13.0,3.0,4.0,2.0,2.0,7.0,15.0,4.0,3.0,0.0,0.0
24/08/2025,Fulham,Man United,1.0,1.0,D,13.0,10.0,4.0,3.0,9.0,6.0,12.0,10.0,1.0,1.0,0.0,0.0
25/08/2025,Newcastle,Liverpool,2.0,3.0,A,10.0,5.0,3.0,4.0,7.0,1.0,17.0,15.0,2.0,3.0,1.0,0.0
30/08/2025,Chelsea,Fulham,2.0,0.0,H,13.0,11.0,6.0,3.0,6.0,4.0,11.0,17.0,2.0,2.0,0.0,0.0
30/08/2025,Man United,Burnley,3.0,2.0,H,26.0,6.0,6.0,3.0,7.0,1.0,9.0,9.0,1.0,5.0,0.0,0.0
30/08/2025,Sunderland,Brentford,2.0,1.0,H,12.0,7.0,3.0,4.0,3.0,4.0,11.0,12.0,3.0,2.0,0.0,0.0
30/08/2025,Tottenham,Bournemouth,0.0,1.0,A,5.0,20.0,1.0,6.0,0.0,8.0,17.0,13.0,2.0,4.0,0.0,0.0
30/08/2025,Wolves,Everton,2.0,3.0,A,12.0,10.0,4.0,4.0,2.0,2.0,15.0,10.0,0.0,1.0,0.0,0.0
30/08/2025,Leeds,Newcastle,0.0,0.0,D,10.0,8.0,1.0,2.0,5.0,5.0,10.0,15.0,1.0,1.0,0.0,0.0
31/08/2025,Brighton,Man City,2.0,1.0,H,12.0,12.0,7.0,3.0,3.0,2.0,16.0,14.0,2.0,2.0,0.0,0.0
31/08/2025,Nott'm Forest,West Ham,0.0,3.0,A,11.0,12.0,3.0,8.0,9.0,7.0,14.0,6.0,0.0,0.0,0.0,0.0
31/08/2025,Liverpool,Arsenal,1.0,0.0,H,9.0,11.0,3.0,1.0,3.0,8.0,7.0,10.0,2.0,2.0,0.0,0.0
31/08/2025,Aston Villa,Crystal Palace,0.0,3.0,A,13.0,6.0,4.0,4.0,10.0,1.0,7.0,14.0,2.0,3.0,0.0,0.0
13/09/2025,Arsenal,Nott'm Forest,3.0,0.0,H,16.0,5.0,5.0,1.0,8.0,4.0,8.0,11.0,1.0,1.0,0.0,0.0
13/09/2025,Bournemouth,Brighton,2.0,1.0,H,13.0,6.0,5.0,2.0,4.0,4.0,16.0,10.0,4.0,4.0,0.0,0.0
13/09/2025,Crystal Palace,Sunderland,0.0,0.0,D,14.0,6.0,6.0,0.0,5.0,3.0,10.0,8.0,1.0,1.0,0.0,0.0
13/09/2025,Everton,Aston Villa,0.0,0.0,D,20.0,7.0,2.0,1.0,10.0,3.0,17.0,15.0,3.0,3.0,0.0,0.0
13/09/2025,Fulham,Leeds,1.0,0.0,H,5.0,10.0,3.0,3.0,3.0,3.0,20.0,15.0,1.0,2.0,0.0,0.0
13/09/2025,Newcastle,Wolves,1.0,0.0,H,16.0,8.0,4.0,3.0,10.0,4.0,10.0,17.0,1.0,4.0,0.0,0.0
13/09/2025,West Ham,Tottenham,0.0,3.0,A,7.0,14.0,4.0,5.0,2.0,13.0,8.0,7.0,0.0,1.0,1.0,0.0
13/09/2025,Brentford,Chelsea,2.0,2.0,D,7.0,16.0,4.0,6.0,5.0,6.0,13.0,9.0,3.0,2.0,0.0,0.0
14/09/2025,Burnley,Liverpool,0.0,1.0,A,3.0,27.0,0.0,4.0,1.0,13.0,9.0,9.0,0.0,2.0,0.0,0.0
14/09/2025,Man City,Man United,3.0,0.0,H,13.0,12.0,6.0,2.0,2.0,4.0,8.0,8.0,0.0,0.0,0.0,0.0
20/09/2025,Liverpool,Everton,2.0,1.0,H,11.0,9.0,3.0,2.0,5.0,4.0,11.0,10.0,2.0,3.0,0.0,0.0
20/09/2025,Brighton,Tottenham,2.0,2.0,D,12.0,11.0,4.0,3.0,2.0,10.0,10.0,13.0,1.0,2.0,0.0,0.0
20/09/2025,Burnley,Nott'm Forest,1.0,1.0,D,12.0,17.0,5.0,8.0,4.0,5.0,12.0,11.0,1.0,1.0,0.0,0.0
20/09/2025,West Ham,Crystal Palace,1.0,2.0,A,8.0,18.0,3.0,3.0,8.0,8.0,15.0,5.0,3.0,3.0,0.0,0.0
20/09/2025,Wolves,Leeds,1.0,3.0,A,16.0,6.0,6.0,4.0,4.0,0.0,11.0,9.0,1.0,1.0,0.0,0.0
20/09/2025,Man United,Chelsea,2.0,1.0,H,11.0,5.0,4.0,1.0,5.0,5.0,13.0,14.0,0.0,5.0,1.0,1.0
20/09/2025,Fulham,Brentford,3.0,1.0,H,14.0,8.0,3.0,3.0,2.0,10.0,11.0,13.0,4.0,1.0,0.0,0.0
21/09/2025,Bournemouth,Newcastle,0.0,0.0,D,11.0,4.0,2.0,1.0,5.0,2.0,7.0,10.0,2.0,1.0,0.0,0.0
21/09/2025,Sunderland,Aston Villa,1.0,1.0,D,14.0,12.0,4.0,2.0,6.0,5.0,14.0,8.0,2.0,1.0,1.0,0.0
21/09/2025,Arsenal,Man City,1.0,1.0,D,12.0,5.0,3.0,3.0,11.0,2.0,11.0,10.0,1.0,2.0,0.0,0.0
27/09/2025,Brentford,Man United,3.0,1.0,H,10.0,14.0,8.0,6.0,4.0,2.0,14.0,10.0,2.0,2.0,0.0,0.0
27/09/2025,Chelsea,Brighton,1.0,3.0,A,13.0,12.0,3.0,3.0,5.0,7.0,9.0,16.0,3.0,5.0,1.0,0.0
27/09/2025,Crystal Palace,Liverpool,2.0,1.0,H,16.0,20.0,7.0,4.0,2.0,6.0,10.0,8.0,1.0,3.0,0.0,0.0
27/09/2025,Leeds,Bournemouth,2.0,2.0,D,19.0,12.0,8.0,5.0,7.0,4.0,12.0,13.0,2.0,2.0,0.0,0.0
27/09/2025,Man City,Burnley,5.0,1.0,H,21.0,9.0,8.0,2.0,10.0,2.0,5.0,7.0,1.0,3.0,0.0,0.0
27/09/2025,Nott'm Forest,Sunderland,0.0,1.0,A,22.0,11.0,6.0,3.0,7.0,4.0,11.0,6.0,4.0,2.0,0.0,0.0
27/09/2025,Tottenham,Wolves,1.0,1.0,D,10.0,9.0,3.0,3.0,10.0,9.0,9.0,11.0,3.0,2.0,0.0,0.0
28/09/2025,Aston Villa,Fulham,3.0,1.0,H,9.0,11.0,4.0,4.0,2.0,8.0,10.0,13.0,1.0,4.0,0.0,0.0
28/09/2025,Newcastle,Arsenal,1.0,2.0,A,8.0,20.0,3.0,7.0,7.0,12.0,8.0,9.0,2.0,1.0,0.0,0.0
29/09/2025,Everton,West Ham,1.0,1.0,D,12.0,14.0,6.0,3.0,3.0,5.0,7.0,16.0,3.0,4.0,0.0,0.0
03/10/2025,Bournemouth,Fulham,3.0,1.0,H,11.0,12.0,6.0,4.0,4.0,3.0,8.0,10.0,0.0,1.0,0.0,0.0
04/10/2025,Leeds,Tottenham,1.0,2.0,A,16.0,9.0,4.0,3.0,4.0,1.0,10.0,12.0,2.0,3.0,0.0,0.0
04/10/2025,Arsenal,West Ham,2.0,0.0,H,21.0,4.0,5.0,0.0,8.0,3.0,14.0,14.0,0.0,2.0,0.0,0.0
04/10/2025,Man United,Sunderland,2.0,0.0,H,15.0,8.0,6.0,3.0,2.0,3.0,10.0,12.0,1.0,4.0,0.0,0.0
04/10/2025,Chelsea,Liverpool,2.0,1.0,H,12.0,12.0,6.0,2.0,7.0,2.0,9.0,8.0,0.0,2.0,0.0,0.0
05/10/2025,Aston Villa,Burnley,2.0,1.0,H,15.0,5.0,7.0,2.0,6.0,4.0,9.0,15.0,3.0,1.0,0.0,0.0
05/10/2025,Everton,Crystal Palace,2.0,1.0,H,14.0,15.0,7.0,8.0,2.0,4.0,13.0,16.0,2.0,3.0,0.0,0.0
05/10/2025,Newcastle,Nott'm Forest,2.0,0.0,H,18.0,5.0,9.0,4.0,8.0,1.0,16.0,15.0,0.0,4.0,0.0,0.0
05/10/2025,Wolves,Brighton,1.0,1.0,D,6.0,17.0,3.0,6.0,2.0,8.0,13.0,9.0,2.0,4.0,0.0,0.0
05/10/2025,Brentford,Man City,0.0,1.0,A,6.0,10.0,1.0,4.0,3.0,2.0,10.0,6.0,3.0,2.0,0.0,0.0
18/10/2025,Nott'm Forest,Chelsea,0.0,3.0,A,12.0,17.0,2.0,6.0,5.0,2.0,13.0,16.0,2.0,2.0,0.0,1.0
18/10/2025,Brighton,Newcastle,2.0,1.0,H,13.0,16.0,5.0,3.0,8.0,4.0,9.0,9.0,0.0,1.0,0.0,0.0
18/10/2025,Burnley,Leeds,2.0,0.0,H,4.0,19.0,3.0,4.0,1.0,5.0,10.0,7.0,2.0,1.0,0.0,0.0
18/10/2025,Crystal Palace,Bournemouth,3.0,3.0,D,20.0,8.0,7.0,5.0,6.0,5.0,8.0,16.0,1.0,4.0,0.0,0.0
18/10/2025,Man City,Everton,2.0,0.0,H,19.0,5.0,7.0,1.0,11.0,3.0,8.0,14.0,0.0,2.0,0.0,0.0
18/10/2025,Sunderland,Wolves,2.0,0.0,H,8.0,16.0,2.0,3.0,3.0,2.0,5.0,12.0,0.0,0.0,0.0,0.0
18/10/2025,Fulham,Arsenal,0.0,1.0,A,9.0,16.0,0.0,5.0,6.0,10.0,11.0,4.0,0.0,0.0,0.0,0.0
19/10/2025,Tottenham,Aston Villa,1.0,2.0,A,9.0,8.0,3.0,2.0,6.0,6.0,11.0,7.0,2.0,0.0,0.0,0.0
19/10/2025,Liverpool,Man United,1.0,2.0,A,19.0,12.0,6.0,4.0,9.0,4.0,8.0,14.0,0.0,2.0,0.0,0.0
20/10/2025,West Ham,Brentford,0.0,2.0,A,7.0,22.0,1.0,7.0,6.0,10.0,10.0,10.0,1.0,1.0,0.0,0.0
24/10/2025,Leeds,West Ham,2.0,1.0,H,13.0,9.0,5.0,3.0,3.0,4.0,12.0,11.0,3.0,3.0,0.0,0.0
25/10/2025,Chelsea,Sunderland,1.0,2.0,A,16.0,10.0,7.0,4.0,9.0,1.0,15.0,13.0,1.0,1.0,0.0,0.0
25/10/2025,Newcastle,Fulham,2.0,1.0,H,18.0,12.0,7.0,5.0,4.0,3.0,11.0,18.0,0.0,2.0,0.0,0.0
25/10/2025,Man United,Brighton,4.0,2.0,H,13.0,17.0,9.0,5.0,1.0,6.0,4.0,13.0,2.0,2.0,0.0,0.0
25/10/2025,Brentford,Liverpool,3.0,2.0,H,17.0,18.0,8.0,5.0,5.0,4.0,7.0,10.0,3.0,2.0,0.0,0.0
26/10/2025,Arsenal,Crystal Palace,1.0,0.0,H,10.0,7.0,3.0,1.0,4.0,3.0,6.0,11.0,0.0,0.0,0.0,0.0
26/10/2025,Aston Villa,Man City,1.0,0.0,H,9.0,18.0,3.0,4.0,5.0,6.0,8.0,16.0,1.0,4.0,0.0,0.0
26/10/2025,Bournemouth,Nott'm Forest,2.0,0.0,H,13.0,8.0,5.0,4.0,6.0,4.0,17.0,7.0,3.0,1.0,0.0,0.0
26/10/2025,Wolves,Burnley,2.0,3.0,A,15.0,11.0,7.0,7.0,5.0,3.0,12.0,7.0,1.0,0.0,0.0,0.0
26/10/2025,Everton,Tottenham,0.0,3.0,A,12.0,7.0,2.0,4.0,9.0,8.0,9.0,8.0,2.0,0.0,0.0,0.0
01/11/2025,Brighton,Leeds,3.0,0.0,H,14.0,5.0,7.0,2.0,4.0,7.0,10.0,7.0,0.0,1.0,0.0,0.0
01/11/2025,Burnley,Arsenal,0.0,2.0,A,3.0,12.0,0.0,8.0,1.0,6.0,10.0,13.0,2.0,1.0,0.0,0.0
01/11/2025,Crystal Palace,Brentford,2.0,0.0,H,9.0,6.0,2.0,2.0,6.0,5.0,7.0,11.0,0.0,3.0,0.0,0.0
01/11/2025,Fulham,Wolves,3.0,0.0,H,19.0,5.0,6.0,2.0,10.0,1.0,13.0,14.0,1.0,3.0,0.0,1.0
01/11/2025,Nott'm Forest,Man United,2.0,2.0,D,17.0,18.0,3.0,7.0,8.0,5.0,10.0,7.0,1.0,1.0,0.0,0.0
01/11/2025,Tottenham,Chelsea,0.0,1.0,A,3.0,15.0,1.0,9.0,6.0,5.0,14.0,12.0,4.0,2.0,0.0,0.0
01/11/2025,Liverpool,Aston Villa,2.0,0.0,H,16.0,10.0,4.0,3.0,1.0,4.0,13.0,11.0,2.0,3.0,0.0,0.0
02/11/2025,West Ham,Newcastle,3.0,1.0,H,15.0,12.0,9.0,4.0,7.0,6.0,5.0,10.0,1.0,2.0,0.0,0.0
02/11/2025,Man City,Bournemouth,3.0,1.0,H,15.0,8.0,8.0,5.0,10.0,4.0,8.0,11.0,2.0,2.0,0.0,0.0
03/11/2025,Sunderland,Everton,1.0,1.0,D,17.0,8.0,3.0,2.0,4.0,1.0,10.0,12.0,3.0,2.0,0.0,0.0
08/11/2025,Tottenham,Man United,2.0,2.0,D,10.0,5.0,4.0,2.0,5.0,3.0,10.0,8.0,5.0,1.0,0.0,0.0
08/11/2025,Everton,Fulham,2.0,0.0,H,14.0,8.0,5.0,4.0,7.0,5.0,11.0,14.0,2.0,2.0,0.0,0.0
08/11/2025,West Ham,Burnley,3.0,2.0,H,15.0,16.0,6.0,7.0,7.0,4.0,15.0,13.0,2.0,2.0,0.0,0.0
08/11/2025,Sunderland,Arsenal,2.0,2.0,D,6.0,17.0,2.0,7.0,2.0,2.0,13.0,13.0,2.0,1.0,0.0,0.0
08/11/2025,Chelsea,Wolves,3.0,0.0,H,20.0,3.0,8.0,0.0,10.0,1.0,12.0,14.0,1.0,2.0,0.0,0.0
09/11/2025,Aston Villa,Bournemouth,4.0,0.0,H,16.0,13.0,8.0,4.0,6.0,9.0,8.0,20.0,2.0,2.0,0.0,0.0
09/11/2025,Brentford,Newcastle,3.0,1.0,H,15.0,5.0,7.0,1.0,6.0,2.0,10.0,13.0,2.0,1.0,0.0,0.0
09/11/2025,Crystal Palace,Brighton,0.0,0.0,D,10.0,7.0,2.0,3.0,4.0,8.0,10.0,12.0,1.0,4.0,0.0,0.0
09/11/2025,Nott'm Forest,Leeds,3.0,1.0,H,14.0,10.0,6.0,3.0,6.0,4.0,10.0,11.0,2.0,1.0,0.0,0.0
09/11/2025,Man City,Liverpool,3.0,0.0,H,14.0,7.0,6.0,1.0,7.0,7.0,14.0,15.0,2.0,4.0,0.0,0.0
22/11/2025,Burnley,Chelsea,0.0,2.0,A,8.0,15.0,2.0,5.0,1.0,9.0,13.0,8.0,2.0,3.0,0.0,0.0
22/11/2025,Bournemouth,West Ham,2.0,2.0,D,28.0,5.0,10.0,2.0,9.0,2.0,9.0,10.0,3.0,2.0,0.0,0.0
22/11/2025,Brighton,Brentford,2.0,1.0,H,14.0,10.0,5.0,4.0,7.0,4.0,10.0,9.0,4.0,2.0,0.0,0.0
22/11/2025,Fulham,Sunderland,1.0,0.0,H,24.0,4.0,6.0,2.0,7.0,4.0,5.0,13.0,3.0,3.0,0.0,0.0
22/11/2025,Liverpool,Nott'm Forest,0.0,3.0,A,21.0,15.0,4.0,7.0,8.0,6.0,11.0,8.0,2.0,0.0,0.0,0.0
22/11/2025,Wolves,Crystal Palace,0.0,2.0,A,8.0,10.0,1.0,4.0,1.0,4.0,13.0,9.0,2.0,3.0,0.0,0.0
22/11/2025,Newcastle,Man City,2.0,1.0,H,9.0,17.0,5.0,4.0,5.0,9.0,13.0,8.0,1.0,3.0,0.0,0.0
23/11/2025,Leeds,Aston Villa,1.0,2.0,A,14.0,14.0,5.0,3.0,3.0,3.0,18.0,16.0,5.0,1.0,0.0,0.0
23/11/2025,Arsenal,Tottenham,4.0,1.0,H,17.0,3.0,8.0,2.0,4.0,1.0,11.0,15.0,1.0,3.0,0.0,0.0
24/11/2025,Man United,Everton,0.0,1.0,A,25.0,3.0,6.0,1.0,9.0,1.0,12.0,9.0,2.0,0.0,0.0,1.0
29/11/2025,Brentford,Burnley,3.0,1.0,H,14.0,6.0,4.0,2.0,5.0,6.0,7.0,7.0,0.0,2.0,0.0,0.0
29/11/2025,Man City,Leeds,3.0,2.0,H,18.0,9.0,9.0,4.0,8.0,1.0,17.0,11.0,4.0,1.0,0.0,0.0
29/11/2025,Sunderland,Bournemouth,3.0,2.0,H,12.0,18.0,6.0,6.0,6.0,3.0,14.0,13.0,5.0,5.0,0.0,1.0
29/11/2025,Everton,Newcastle,1.0,4.0,A,10.0,13.0,2.0,8.0,8.0,7.0,4.0,6.0,0.0,0.0,0.0,0.0
29/11/2025,Tottenham,Fulham,1.0,2.0,A,14.0,7.0,2.0,3.0,8.0,2.0,11.0,7.0,3.0,2.0,0.0,0.0
30/11/2025,Crystal Palace,Man United,1.0,2.0,A,14.0,14.0,3.0,6.0,4.0,4.0,14.0,14.0,3.0,2.0,0.0,0.0
30/11/2025,Aston Villa,Wolves,1.0,0.0,H,16.0,9.0,6.0,4.0,7.0,3.0,13.0,21.0,0.0,4.0,0.0,0.0
30/11/2025,Nott'm Forest,Brighton,0.0,2.0,A,19.0,17.0,3.0,6.0,9.0,2.0,11.0,10.0,0.0,1.0,0.0,0.0
30/11/2025,West Ham,Liverpool,0.0,2.0,A,7.0,9.0,0.0,5.0,7.0,2.0,12.0,14.0,1.0,0.0,1.0,0.0
30/11/2025,Chelsea,Arsenal,1.0,1.0,D,11.0,8.0,4.0,4.0,3.0,3.0,12.0,13.0,1.0,6.0,1.0,0.0
02/12/2025,Bournemouth,Everton,0.0,1.0,A,5.0,13.0,2.0,3.0,1.0,6.0,14.0,14.0,3.0,3.0,0.0,0.0
02/12/2025,Fulham,Man City,4.0,5.0,A,12.0,11.0,6.0,4.0,7.0,2.0,9.0,7.0,0.0,1.0,0.0,0.0
02/12/2025,Newcastle,Tottenham,2.0,2.0,D,19.0,8.0,7.0,2.0,11.0,8.0,5.0,12.0,0.0,3.0,0.0,0.0
03/12/2025,Arsenal,Brentford,2.0,0.0,H,15.0,6.0,7.0,1.0,4.0,8.0,7.0,9.0,0.0,1.0,0.0,0.0
03/12/2025,Brighton,Aston Villa,3.0,4.0,A,16.0,14.0,7.0,10.0,5.0,6.0,10.0,9.0,2.0,2.0,0.0,0.0
03/12/2025,Burnley,Crystal Palace,0.0,1.0,A,11.0,3.0,4.0,3.0,3.0,4.0,9.0,8.0,0.0,0.0,0.0,0.0
03/12/2025,Wolves,Nott'm Forest,0.0,1.0,A,5.0,10.0,1.0,3.0,3.0,9.0,19.0,11.0,2.0,2.0,0.0,0.0
03/12/2025,Leeds,Chelsea,3.0,1.0,H,17.0,14.0,5.0,2.0,4.0,2.0,10.0,13.0,1.0,1.0,0.0,0.0
03/12/2025,Liverpool,Sunderland,1.0,1.0,D,23.0,9.0,4.0,6.0,7.0,3.0,10.0,5.0,1.0,1.0,0.0,0.0
04/12/2025,Man United,West Ham,1.0,1.0,D,17.0,11.0,4.0,3.0,6.0,6.0,13.0,9.0,2.0,2.0,0.0,0.0
06/12/2025,Aston Villa,Arsenal,2.0,1.0,H,15.0,15.0,6.0,9.0,3.0,3.0,10.0,8.0,0.0,2.0,0.0,0.0
06/12/2025,Bournemouth,Chelsea,0.0,0.0,D,13.0,11.0,5.0,4.0,5.0,0.0,15.0,13.0,0.0,2.0,0.0,0.0
06/12/2025,Everton,Nott'm Forest,3.0,0.0,H,11.0,7.0,5.0,3.0,6.0,3.0,17.0,15.0,4.0,3.0,0.0,0.0
06/12/2025,Man City,Sunderland,3.0,0.0,H,18.0,8.0,6.0,1.0,6.0,5.0,9.0,10.0,1.0,0.0,0.0,1.0
06/12/2025,Newcastle,Burnley,2.0,1.0,H,17.0,9.0,7.0,3.0,9.0,9.0,9.0,11.0,2.0,2.0,0.0,1.0
06/12/2025,Tottenham,Brentford,2.0,0.0,H,15.0,4.0,7.0,1.0,7.0,6.0,8.0,9.0,3.0,4.0,0.0,0.0
06/12/2025,Leeds,Liverpool,3.0,3.0,D,12.0,16.0,5.0,7.0,5.0,4.0,14.0,14.0,3.0,3.0,0.0,0.0
07/12/2025,Brighton,West Ham,1.0,1.0,D,22.0,14.0,4.0,5.0,10.0,6.0,12.0,8.0,2.0,2.0,0.0,0.0
07/12/2025,Fulham,Crystal Palace,1.0,2.0,A,12.0,11.0,4.0,5.0,6.0,4.0,5.0,8.0,0.0,0.0,0.0,0.0
08/12/2025,Wolves,Man United,1.0,4.0,A,8.0,27.0,2.0,10.0,1.0,9.0,17.0,12.0,3.0,2.0,0.0,0.0
13/12/2025,Chelsea,Everton,2.0,0.0,H,17.0,11.0,5.0,2.0,4.0,7.0,13.0,11.0,1.0,0.0,0.0,0.0
13/12/2025,Liverpool,Brighton,2.0,0.0,H,18.0,14.0,4.0,1.0,2.0,2.0,8.0,15.0,1.0,2.0,0.0,0.0
13/12/2025,Burnley,Fulham,2.0,3.0,A,16.0,6.0,8.0,4.0,10.0,4.0,8.0,8.0,1.0,2.0,0.0,0.0
13/12/2025,Arsenal,Wolves,2.0,1.0,H,16.0,3.0,2.0,2.0,8.0,0.0,7.0,15.0,0.0,4.0,0.0,0.0
14/12/2025,Crystal Palace,Man City,0.0,3.0,A,16.0,7.0,4.0,6.0,2.0,2.0,9.0,6.0,2.0,0.0,0.0,0.0
14/12/2025,Nott'm Forest,Tottenham,3.0,0.0,H,15.0,6.0,6.0,1.0,3.0,3.0,9.0,13.0,1.0,3.0,0.0,0.0
14/12/2025,Sunderland,Newcastle,1.0,0.0,H,5.0,6.0,1.0,2.0,3.0,6.0,10.0,10.0,5.0,4.0,0.0,0.0
14/12/2025,West Ham,Aston Villa,2.0,3.0,A,10.0,7.0,3.0,4.0,5.0,3.0,18.0,13.0,1.0,2.0,0.0,0.0
14/12/2025,Brentford,Leeds,1.0,1.0,D,7.0,18.0,2.0,4.0,0.0,3.0,8.0,9.0,0.0,0.0,0.0,0.0
15/12/2025,Man United,Bournemouth,4.0,4.0,D,25.0,14.0,9.0,9.0,5.0,4.0,15.0,12.0,2.0,3.0,0.0,0.0
20/12/2025,Newcastle,Chelsea,2.0,2.0,D,11.0,13.0,5.0,4.0,6.0,4.0,13.0,14.0,3.0,6.0,0.0,0.0
20/12/2025,Bournemouth,Burnley,1.0,1.0,D,16.0,4.0,1.0,1.0,5.0,3.0,11.0,11.0,1.0,1.0,0.0,0.0
20/12/2025,Brighton,Sunderland,0.0,0.0,D,16.0,14.0,4.0,6.0,3.0,4.0,11.0,15.0,2.0,2.0,0.0,0.0
20/12/2025,Man City,West Ham,3.0,0.0,H,17.0,7.0,8.0,3.0,6.0,0.0,16.0,10.0,1.0,1.0,0.0,0.0
20/12/2025,Wolves,Brentford,0.0,2.0,A,9.0,7.0,2.0,6.0,3.0,4.0,12.0,15.0,2.0,4.0,0.0,0.0
20/12/2025,Tottenham,Liverpool,1.0,2.0,A,15.0,8.0,4.0,4.0,2.0,6.0,9.0,7.0,3.0,3.0,2.0,0.0
20/12/2025,Everton,Arsenal,0.0,1.0,A,5.0,13.0,1.0,2.0,2.0,3.0,4.0,5.0,2.0,2.0,0.0,0.0
20/12/2025,Leeds,Crystal Palace,4.0,1.0,H,20.0,9.0,8.0,3.0,9.0,5.0,5.0,10.0,1.0,3.0,0.0,0.0
21/12/2025,Aston Villa,Man United,2.0,1.0,H,12.0,15.0,4.0,6.0,5.0,5.0,11.0,14.0,1.0,2.0,0.0,0.0
22/12/2025,Fulham,Nott'm Forest,1.0,0.0,H,11.0,12.0,1.0,2.0,1.0,5.0,5.0,9.0,5.0,4.0,0.0,0.0
26/12/2025,Man United,Newcastle,1.0,0.0,H,10.0,16.0,4.0,3.0,2.0,11.0,9.0,5.0,2.0,1.0,0.0,0.0
27/12/2025,Nott'm Forest,Man City,1.0,2.0,A,7.0,16.0,2.0,5.0,5.0,5.0,5.0,13.0,1.0,2.0,0.0,0.0
27/12/2025,Arsenal,Brighton,2.0,1.0,H,24.0,8.0,6.0,3.0,7.0,2.0,7.0,13.0,2.0,3.0,0.0,0.0
27/12/2025,Brentford,Bournemouth,4.0,1.0,H,15.0,20.0,7.0,10.0,2.0,15.0,9.0,8.0,2.0,2.0,0.0,0.0
27/12/2025,Burnley,Everton,0.0,0.0,D,16.0,15.0,0.0,6.0,6.0,5.0,8.0,8.0,0.0,2.0,0.0,0.0
27/12/2025,Liverpool,Wolves,2.0,1.0,H,14.0,9.0,4.0,4.0,6.0,4.0,5.0,13.0,0.0,1.0,0.0,0.0
27/12/2025,West Ham,Fulham,0.0,1.0,A,11.0,15.0,2.0,4.0,5.0,4.0,8.0,8.0,1.0,3.0,0.0,0.0
27/12/2025,Chelsea,Aston Villa,1.0,2.0,A,14.0,11.0,3.0,8.0,6.0,7.0,16.0,8.0,5.0,3.0,0.0,0.0
28/12/2025,Sunderland,Leeds,1.0,1.0,D,8.0,17.0,3.0,6.0,3.0,9.0,7.0,9.0,1.0,0.0,0.0,0.0
28/12/2025,Crystal Palace,Tottenham,0.0,1.0,A,15.0,8.0,2.0,4.0,3.0,2.0,7.0,5.0,3.0,2.0,0.0,0.0
30/12/2025,Burnley,Newcastle,1.0,3.0,A,15.0,20.0,4.0,9.0,3.0,4.0,9.0,3.0,2.0,1.0,0.0,0.0
30/12/2025,Chelsea,Bournemouth,2.0,2.0,D,17.0,17.0,3.0,6.0,12.0,3.0,5.0,12.0,1.0,1.0,0.0,0.0
30/12/2025,Nott'm Forest,Everton,0.0,2.0,A,21.0,11.0,6.0,3.0,9.0,2.0,11.0,9.0,1.0,0.0,0.0,0.0
30/12/2025,West Ham,Brighton,2.0,2.0,D,10.0,16.0,4.0,6.0,5.0,5.0,11.0,18.0,3.0,5.0,0.0,0.0
30/12/2025,Arsenal,Aston Villa,4.0,1.0,H,22.0,11.0,7.0,3.0,3.0,3.0,18.0,9.0,2.0,3.0,0.0,0.0
30/12/2025,Man United,Wolves,1.0,1.0,D,15.0,11.0,6.0,4.0,8.0,4.0,9.0,12.0,0.0,2.0,0.0,0.0
01/01/2026,Crystal Palace,Fulham,1.0,1.0,D,11.0,17.0,2.0,5.0,6.0,3.0,7.0,10.0,0.0,5.0,0.0,0.0
01/01/2026,Liverpool,Leeds,0.0,0.0,D,19.0,4.0,4.0,2.0,8.0,3.0,10.0,8.0,0.0,2.0,0.0,0.0
01/01/2026,Brentford,Tottenham,0.0,0.0,D,7.0,9.0,2.0,3.0,3.0,1.0,8.0,10.0,1.0,2.0,0.0,0.0
01/01/2026,Sunderland,Man City,0.0,0.0,D,10.0,14.0,4.0,4.0,3.0,5.0,9.0,6.0,1.0,1.0,0.0,0.0
03/01/2026,Aston Villa,Nott'm Forest,3.0,1.0,H,11.0,10.0,4.0,5.0,4.0,4.0,10.0,20.0,1.0,2.0,0.0,0.0
03/01/2026,Brighton,Burnley,2.0,0.0,H,15.0,5.0,4.0,3.0,4.0,4.0,7.0,17.0,0.0,4.0,0.0,0.0
03/01/2026,Wolves,West Ham,3.0,0.0,H,11.0,6.0,8.0,0.0,6.0,7.0,11.0,10.0,1.0,0.0,0.0,0.0
03/01/2026,Bournemouth,Arsenal,2.0,3.0,A,15.0,12.0,3.0,5.0,7.0,5.0,13.0,8.0,3.0,1.0,0.0,0.0
04/01/2026,Leeds,Man United,1.0,1.0,D,11.0,15.0,3.0,2.0,6.0,4.0,9.0,9.0,0.0,1.0,0.0,0.0
04/01/2026,Everton,Brentford,2.0,4.0,A,14.0,11.0,6.0,7.0,4.0,5.0,9.0,8.0,0.0,2.0,0.0,0.0
04/01/2026,Newcastle,Crystal Palace,2.0,0.0,H,12.0,11.0,7.0,1.0,8.0,6.0,5.0,12.0,1.0,3.0,0.0,0.0
04/01/2026,Tottenham,Sunderland,1.0,1.0,D,13.0,10.0,5.0,3.0,3.0,5.0,10.0,6.0,2.0,3.0,0.0,0.0
04/01/2026,Fulham,Liverpool,2.0,2.0,D,8.0,10.0,2.0,2.0,3.0,8.0,11.0,4.0,1.0,1.0,0.0,0.0
04/01/2026,Man City,Chelsea,1.0,1.0,D,14.0,8.0,3.0,3.0,8.0,2.0,12.0,14.0,3.0,3.0,0.0,0.0
06/01/2026,West Ham,Nott'm Forest,1.0,2.0,A,14.0,13.0,3.0,5.0,6.0,5.0,15.0,9.0,3.0,0.0,0.0,0.0
07/01/2026,Bournemouth,Tottenham,3.0,2.0,H,11.0,16.0,3.0,4.0,3.0,7.0,19.0,10.0,3.0,3.0,0.0,0.0
07/01/2026,Brentford,Sunderland,3.0,0.0,H,18.0,11.0,6.0,3.0,7.0,4.0,13.0,13.0,2.0,1.0,0.0,0.0
07/01/2026,Crystal Palace,Aston Villa,0.0,0.0,D,11.0,15.0,5.0,3.0,3.0,5.0,8.0,3.0,2.0,0.0,0.0,0.0
07/01/2026,Everton,Wolves,1.0,1.0,D,13.0,13.0,2.0,4.0,2.0,7.0,13.0,15.0,1.0,3.0,2.0,0.0
07/01/2026,Fulham,Chelsea,2.0,1.0,H,16.0,14.0,5.0,6.0,2.0,11.0,11.0,6.0,3.0,3.0,0.0,1.0
07/01/2026,Man City,Brighton,1.0,1.0,D,22.0,6.0,6.0,3.0,6.0,2.0,6.0,16.0,1.0,6.0,0.0,0.0
07/01/2026,Burnley,Man United,2.0,2.0,D,7.0,30.0,1.0,10.0,2.0,6.0,9.0,8.0,2.0,0.0,0.0,0.0
07/01/2026,Newcastle,Leeds,4.0,3.0,H,18.0,14.0,8.0,6.0,8.0,4.0,11.0,10.0,3.0,2.0,0.0,0.0
08/01/2026,Arsenal,Liverpool,0.0,0.0,D,9.0,8.0,4.0,0.0,3.0,0.0,10.0,9.0,2.0,2.0,0.0,0.0
17/01/2026,Man United,Man City,2.0,0.0,H,11.0,7.0,7.0,1.0,1.0,6.0,13.0,8.0,2.0,3.0,0.0,0.0
17/01/2026,Chelsea,Brentford,2.0,0.0,H,6.0,15.0,2.0,5.0,3.0,9.0,7.0,10.0,3.0,2.0,0.0,0.0
17/01/2026,Leeds,Fulham,1.0,0.0,H,14.0,8.0,5.0,1.0,7.0,3.0,6.0,11.0,1.0,5.0,0.0,0.0
17/01/2026,Liverpool,Burnley,1.0,1.0,D,32.0,7.0,11.0,1.0,9.0,1.0,8.0,10.0,1.0,2.0,0.0,0.0
17/01/2026,Sunderland,Crystal Palace,2.0,1.0,H,13.0,6.0,7.0,2.0,3.0,4.0,8.0,15.0,3.0,3.0,0.0,0.0
17/01/2026,Tottenham,West Ham,1.0,2.0,A,21.0,17.0,6.0,4.0,11.0,5.0,12.0,17.0,5.0,3.0,0.0,0.0
17/01/2026,Nott'm Forest,Arsenal,0.0,0.0,D,6.0,15.0,0.0,3.0,4.0,9.0,8.0,14.0,1.0,1.0,0.0,0.0
18/01/2026,Wolves,Newcastle,0.0,0.0,D,6.0,12.0,2.0,2.0,4.0,7.0,14.0,8.0,2.0,2.0,0.0,0.0
18/01/2026,Aston Villa,Everton,0.0,1.0,A,18.0,9.0,5.0,3.0,6.0,4.0,15.0,13.0,1.0,2.0,0.0,0.0
19/01/2026,Brighton,Bournemouth,1.0,1.0,D,17.0,11.0,5.0,2.0,11.0,6.0,7.0,6.0,2.0,3.0,0.0,0.0
24/01/2026,West Ham,Sunderland,3.0,1.0,H,13.0,7.0,5.0,2.0,3.0,3.0,9.0,16.0,2.0,4.0,0.0,0.0
24/01/2026,Burnley,Tottenham,2.0,2.0,D,9.0,18.0,4.0,11.0,1.0,3.0,8.0,9.0,1.0,0.0,0.0,0.0
24/01/2026,Fulham,Brighton,2.0,1.0,H,12.0,13.0,4.0,5.0,6.0,6.0,10.0,6.0,1.0,1.0,0.0,0.0
24/01/2026,Man City,Wolves,2.0,0.0,H,11.0,11.0,4.0,1.0,4.0,6.0,16.0,14.0,1.0,3.0,0.0,0.0
24/01/2026,Bournemouth,Liverpool,3.0,2.0,H,12.0,14.0,5.0,4.0,3.0,11.0,7.0,7.0,1.0,1.0,0.0,0.0
25/01/2026,Brentford,Nott'm Forest,0.0,2.0,A,10.0,7.0,1.0,2.0,6.0,5.0,11.0,10.0,1.0,0.0,0.0,0.0
25/01/2026,Crystal Palace,Chelsea,1.0,3.0,A,13.0,10.0,7.0,6.0,4.0,5.0,11.0,10.0,2.0,2.0,1.0,0.0
25/01/2026,Newcastle,Aston Villa,0.0,2.0,A,15.0,14.0,4.0,8.0,6.0,5.0,7.0,12.0,1.0,2.0,0.0,0.0
25/01/2026,Arsenal,Man United,2.0,3.0,A,15.0,10.0,4.0,3.0,9.0,2.0,11.0,9.0,2.0,0.0,0.0,0.0
26/01/2026,Everton,Leeds,1.0,1.0,D,10.0,14.0,3.0,4.0,4.0,4.0,9.0,13.0,0.0,3.0,0.0,0.0
31/01/2026,Brighton,Everton,1.0,1.0,D,11.0,7.0,2.0,4.0,5.0,2.0,13.0,14.0,1.0,2.0,0.0,0.0
31/01/2026,Leeds,Arsenal,0.0,4.0,A,3.0,14.0,1.0,8.0,4.0,12.0,10.0,7.0,1.0,1.0,0.0,0.0
31/01/2026,Wolves,Bournemouth,0.0,2.0,A,17.0,9.0,7.0,4.0,5.0,6.0,11.0,15.0,3.0,3.0,0.0,0.0
31/01/2026,Chelsea,West Ham,3.0,2.0,H,14.0,11.0,6.0,6.0,9.0,3.0,11.0,13.0,3.0,2.0,0.0,1.0
31/01/2026,Liverpool,Newcastle,4.0,1.0,H,17.0,8.0,7.0,2.0,7.0,11.0,11.0,7.0,1.0,3.0,0.0,0.0
01/02/2026,Aston Villa,Brentford,0.0,1.0,A,27.0,6.0,5.0,2.0,12.0,1.0,8.0,8.0,0.0,3.0,0.0,0.0
01/02/2026,Man United,Fulham,3.0,2.0,H,13.0,14.0,6.0,6.0,3.0,7.0,6.0,9.0,2.0,1.0,0.0,0.0
01/02/2026,Nott'm Forest,Crystal Palace,1.0,1.0,D,9.0,14.0,1.0,3.0,5.0,7.0,4.0,12.0,1.0,3.0,0.0,0.0
01/02/2026,Tottenham,Man City,2.0,2.0,D,12.0,15.0,6.0,3.0,3.0,4.0,15.0,12.0,3.0,3.0,0.0,0.0
02/02/2026,Sunderland,Burnley,3.0,0.0,H,14.0,5.0,5.0,0.0,1.0,2.0,12.0,10.0,1.0,4.0,0.0,0.0
06/02/2026,Leeds,Nott'm Forest,3.0,1.0,H,14.0,16.0,5.0,6.0,5.0,10.0,9.0,12.0,1.0,1.0,0.0,0.0
07/02/2026,Man United,Tottenham,2.0,0.0,H,23.0,7.0,10.0,1.0,7.0,0.0,12.0,11.0,1.0,2.0,0.0,1.0
07/02/2026,Arsenal,Sunderland,3.0,0.0,H,16.0,5.0,5.0,3.0,5.0,2.0,11.0,8.0,1.0,2.0,0.0,0.0
07/02/2026,Bournemouth,Aston Villa,1.0,1.0,D,20.0,7.0,9.0,4.0,11.0,4.0,4.0,11.0,1.0,1.0,0.0,0.0
07/02/2026,Burnley,West Ham,0.0,2.0,A,18.0,6.0,5.0,4.0,5.0,2.0,11.0,10.0,3.0,1.0,0.0,0.0
07/02/2026,Fulham,Everton,1.0,2.0,A,13.0,16.0,3.0,3.0,6.0,6.0,11.0,12.0,1.0,5.0,0.0,0.0
07/02/2026,Wolves,Chelsea,1.0,3.0,A,11.0,15.0,3.0,6.0,3.0,4.0,9.0,10.0,1.0,1.0,0.0,0.0
07/02/2026,Newcastle,Brentford,2.0,3.0,A,16.0,11.0,4.0,5.0,9.0,3.0,14.0,18.0,2.0,2.0,0.0,0.0
08/02/2026,Brighton,Crystal Palace,0.0,1.0,A,7.0,7.0,2.0,4.0,3.0,4.0,12.0,9.0,1.0,3.0,0.0,0.0
08/02/2026,Liverpool,Man City,1.0,2.0,A,15.0,17.0,4.0,7.0,5.0,4.0,13.0,16.0,2.0,4.0,1.0,0.0
10/02/2026,Chelsea,Leeds,2.0,2.0,D,19.0,4.0,4.0,2.0,4.0,1.0,9.0,13.0,4.0,4.0,0.0,0.0
10/02/2026,Everton,Bournemouth,1.0,2.0,A,16.0,11.0,6.0,4.0,7.0,2.0,14.0,15.0,1.0,3.0,1.0,0.0
10/02/2026,Tottenham,Newcastle,1.0,2.0,A,16.0,21.0,2.0,5.0,2.0,12.0,15.0,11.0,3.0,2.0,0.0,0.0
10/02/2026,West Ham,Man United,1.0,1.0,D,7.0,9.0,3.0,3.0,5.0,3.0,10.0,4.0,1.0,1.0,0.0,0.0
11/02/2026,Aston Villa,Brighton,1.0,0.0,H,15.0,9.0,1.0,3.0,7.0,5.0,9.0,15.0,2.0,3.0,0.0,0.0
11/02/2026,Crystal Palace,Burnley,2.0,3.0,A,21.0,8.0,3.0,3.0,8.0,2.0,11.0,8.0,2.0,1.0,0.0,0.0
11/02/2026,Man City,Fulham,3.0,0.0,H,13.0,14.0,5.0,3.0,4.0,4.0,8.0,10.0,3.0,1.0,0.0,0.0
11/02/2026,Nott'm Forest,Wolves,0.0,0.0,D,35.0,7.0,10.0,3.0,8.0,2.0,12.0,13.0,0.0,2.0,0.0,0.0
11/02/2026,Sunderland,Liverpool,0.0,1.0,A,11.0,23.0,2.0,3.0,3.0,11.0,8.0,10.0,1.0,0.0,0.0,0.0
12/02/2026,Brentford,Arsenal,1.0,1.0,D,12.0,7.0,3.0,2.0,6.0,4.0,12.0,11.0,3.0,2.0,0.0,0.0
18/02/2026,Wolves,Arsenal,2.0,2.0,D,5.0,10.0,2.0,4.0,1.0,3.0,6.0,8.0,2.0,1.0,0.0,0.0
21/02/2026,Aston Villa,Leeds,1.0,1.0,D,16.0,14.0,4.0,4.0,7.0,2.0,11.0,16.0,1.0,4.0,0.0,0.0
21/02/2026,Brentford,Brighton,0.0,2.0,A,13.0,11.0,3.0,7.0,6.0,4.0,9.0,14.0,1.0,2.0,0.0,0.0
21/02/2026,Chelsea,Burnley,1.0,1.0,D,12.0,12.0,2.0,4.0,9.0,5.0,13.0,11.0,2.0,2.0,1.0,0.0
21/02/2026,West Ham,Bournemouth,0.0,0.0,D,20.0,10.0,3.0,5.0,9.0,5.0,10.0,11.0,1.0,1.0,0.0,0.0
21/02/2026,Man City,Newcastle,2.0,1.0,H,15.0,13.0,7.0,7.0,5.0,5.0,12.0,13.0,2.0,5.0,0.0,0.0
22/02/2026,Crystal Palace,Wolves,1.0,0.0,H,14.0,12.0,3.0,7.0,7.0,3.0,19.0,13.0,5.0,1.0,0.0,1.0
22/02/2026,Nott'm Forest,Liverpool,0.0,1.0,A,18.0,10.0,2.0,4.0,7.0,2.0,13.0,9.0,2.0,0.0,0.0,0.0
22/02/2026,Sunderland,Fulham,1.0,3.0,A,12.0,12.0,2.0,4.0,6.0,4.0,6.0,13.0,1.0,1.0,0.0,0.0
22/02/2026,Tottenham,Arsenal,1.0,4.0,A,6.0,20.0,5.0,7.0,2.0,5.0,17.0,11.0,2.0,1.0,0.0,0.0
23/02/2026,Everton,Man United,0.0,1.0,A,12.0,11.0,4.0,3.0,10.0,1.0,12.0,7.0,2.0,3.0,0.0,0.0
27/02/2026,Wolves,Aston Villa,2.0,0.0,H,9.0,14.0,2.0,5.0,0.0,5.0,13.0,19.0,3.0,3.0,0.0,0.0
28/02/2026,Bournemouth,Sunderland,1.0,1.0,D,21.0,8.0,5.0,4.0,7.0,3.0,15.0,12.0,4.0,2.0,0.0,0.0
28/02/2026,Burnley,Brentford,3.0,4.0,A,12.0,16.0,3.0,7.0,4.0,8.0,9.0,9.0,2.0,2.0,0.0,0.0
28/02/2026,Liverpool,West Ham,5.0,2.0,H,18.0,11.0,7.0,4.0,10.0,5.0,12.0,11.0,2.0,2.0,0.0,0.0
28/02/2026,Newcastle,Everton,2.0,3.0,A,17.0,9.0,7.0,5.0,7.0,2.0,15.0,7.0,2.0,3.0,0.0,0.0
28/02/2026,Leeds,Man City,0.0,1.0,A,14.0,14.0,2.0,5.0,5.0,3.0,10.0,8.0,0.0,3.0,0.0,0.0
01/03/2026,Brighton,Nott'm Forest,2.0,1.0,H,14.0,13.0,7.0,4.0,4.0,4.0,12.0,13.0,3.0,1.0,0.0,0.0
01/03/2026,Fulham,Tottenham,2.0,1.0,H,18.0,13.0,4.0,1.0,5.0,8.0,11.0,14.0,3.0,3.0,0.0,0.0
01/03/2026,Man United,Crystal Palace,2.0,1.0,H,20.0,8.0,11.0,3.0,7.0,1.0,13.0,12.0,2.0,2.0,0.0,1.0
01/03/2026,Arsenal,Chelsea,2.0,1.0,H,12.0,9.0,5.0,3.0,5.0,10.0,11.0,14.0,1.0,3.0,0.0,1.0
03/03/2026,Bournemouth,Brentford,0.0,0.0,D,13.0,5.0,2.0,2.0,4.0,3.0,9.0,10.0,2.0,1.0,0.0,0.0
03/03/2026,Everton,Burnley,2.0,0.0,H,14.0,5.0,5.0,2.0,6.0,3.0,10.0,12.0,0.0,1.0,0.0,0.0
03/03/2026,Leeds,Sunderland,0.0,1.0,A,18.0,3.0,4.0,1.0,9.0,2.0,15.0,19.0,1.0,3.0,0.0,0.0
03/03/2026,Wolves,Liverpool,2.0,1.0,H,4.0,19.0,3.0,7.0,2.0,11.0,10.0,13.0,2.0,1.0,0.0,0.0
04/03/2026,Aston Villa,Chelsea,1.0,4.0,A,9.0,15.0,4.0,8.0,3.0,8.0,10.0,9.0,3.0,2.0,0.0,0.0
04/03/2026,Brighton,Arsenal,0.0,1.0,A,11.0,7.0,3.0,2.0,4.0,3.0,14.0,12.0,4.0,1.0,0.0,0.0
04/03/2026,Fulham,West Ham,0.0,1.0,A,13.0,9.0,5.0,3.0,7.0,5.0,14.0,12.0,2.0,4.0,0.0,0.0
04/03/2026,Man City,Nott'm Forest,2.0,2.0,D,21.0,9.0,7.0,4.0,6.0,1.0,10.0,6.0,0.0,4.0,0.0,0.0
04/03/2026,Newcastle,Man United,2.0,1.0,H,12.0,14.0,5.0,5.0,2.0,4.0,15.0,16.0,2.0,3.0,1.0,0.0
05/03/2026,Tottenham,Crystal Palace,1.0,3.0,A,12.0,9.0,4.0,4.0,6.0,3.0,14.0,14.0,3.0,2.0,0.0,0.0
14/03/2026,Burnley,Bournemouth,0.0,0.0,D,15.0,22.0,2.0,3.0,5.0,8.0,11.0,5.0,1.0,0.0,0.0,0.0
14/03/2026,Sunderland,Brighton,0.0,1.0,A,14.0,12.0,4.0,4.0,7.0,3.0,7.0,12.0,1.0,2.0,0.0,0.0
14/03/2026,Arsenal,Everton,2.0,0.0,H,25.0,9.0,7.0,3.0,8.0,3.0,11.0,12.0,0.0,0.0,0.0,0.0
14/03/2026,Chelsea,Newcastle,0.0,1.0,A,22.0,7.0,3.0,5.0,8.0,1.0,9.0,10.0,2.0,2.0,0.0,0.0
14/03/2026,West Ham,Man City,1.0,1.0,D,1.0,24.0,1.0,6.0,1.0,15.0,14.0,5.0,2.0,2.0,0.0,0.0
15/03/2026,Crystal Palace,Leeds,0.0,0.0,D,12.0,10.0,0.0,3.0,8.0,3.0,12.0,11.0,2.0,1.0,0.0,1.0
15/03/2026,Man United,Aston Villa,3.0,1.0,H,16.0,9.0,6.0,2.0,6.0,6.0,10.0,5.0,3.0,2.0,0.0,0.0
15/03/2026,Nott'm Forest,Fulham,0.0,0.0,D,11.0,5.0,2.0,0.0,5.0,4.0,8.0,10.0,2.0,3.0,0.0,0.0
15/03/2026,Liverpool,Tottenham,1.0,1.0,D,17.0,13.0,4.0,7.0,3.0,4.0,8.0,13.0,0.0,0.0,0.0,0.0
16/03/2026,Brentford,Wolves,2.0,2.0,D,10.0,13.0,3.0,4.0,1.0,5.0,12.0,10.0,2.0,4.0,0.0,0.0
20/03/2026,Bournemouth,Man United,2.0,2.0,D,16.0,14.0,5.0,5.0,6.0,8.0,10.0,9.0,2.0,2.0,0.0,1.0
21/03/2026,Brighton,Liverpool,2.0,1.0,H,16.0,12.0,7.0,5.0,4.0,8.0,11.0,11.0,5.0,5.0,0.0,0.0
21/03/2026,Fulham,Burnley,3.0,1.0,H,22.0,9.0,6.0,5.0,6.0,6.0,6.0,9.0,2.0,2.0,0.0,1.0
21/03/2026,Everton,Chelsea,3.0,0.0,H,10.0,12.0,9.0,4.0,3.0,9.0,6.0,7.0,0.0,2.0,0.0,0.0
21/03/2026,Leeds,Brentford,0.0,0.0,D,14.0,6.0,4.0,2.0,6.0,2.0,6.0,9.0,2.0,0.0,0.0,0.0
22/03/2026,Newcastle,Sunderland,1.0,2.0,A,16.0,17.0,4.0,7.0,9.0,5.0,8.0,19.0,1.0,6.0,0.0,0.0
22/03/2026,Aston Villa,West Ham,2.0,0.0,H,23.0,9.0,7.0,1.0,6.0,6.0,3.0,7.0,0.0,1.0,0.0,0.0
22/03/2026,Tottenham,Nott'm Forest,0.0,3.0,A,14.0,8.0,3.0,7.0,13.0,3.0,13.0,13.0,1.0,2.0,0.0,0.0
10/04/2026,West Ham,Wolves,4.0,0.0,H,18.0,14.0,7.0,3.0,5.0,2.0,11.0,7.0,2.0,2.0,0.0,0.0
11/04/2026,Arsenal,Bournemouth,1.0,2.0,A,15.0,8.0,3.0,3.0,10.0,1.0,12.0,18.0,1.0,3.0,0.0,0.0
11/04/2026,Brentford,Everton,2.0,2.0,D,17.0,14.0,4.0,7.0,2.0,3.0,6.0,7.0,0.0,2.0,0.0,0.0
11/04/2026,Burnley,Brighton,0.0,2.0,A,10.0,13.0,5.0,6.0,8.0,2.0,7.0,11.0,2.0,1.0,0.0,0.0
11/04/2026,Liverpool,Fulham,2.0,0.0,H,18.0,19.0,5.0,4.0,6.0,9.0,10.0,4.0,0.0,0.0,0.0,0.0
12/04/2026,Crystal Palace,Newcastle,2.0,1.0,H,11.0,7.0,5.0,3.0,2.0,4.0,17.0,12.0,0.0,3.0,0.0,0.0
12/04/2026,Nott'm Forest,Aston Villa,1.0,1.0,D,15.0,12.0,4.0,5.0,7.0,3.0,15.0,10.0,2.0,2.0,0.0,0.0
12/04/2026,Sunderland,Tottenham,1.0,0.0,H,13.0,11.0,2.0,7.0,2.0,6.0,14.0,15.0,3.0,3.0,0.0,0.0
12/04/2026,Chelsea,Man City,0.0,3.0,A,12.0,18.0,3.0,8.0,4.0,12.0,10.0,14.0,3.0,1.0,0.0,0.0
13/04/2026,Man United,Leeds,1.0,2.0,A,20.0,15.0,9.0,6.0,11.0,4.0,12.0,15.0,3.0,2.0,1.0,0.0
18/04/2026,Brentford,Fulham,0.0,0.0,D,13.0,11.0,4.0,0.0,9.0,3.0,8.0,13.0,0.0,1.0,0.0,0.0
18/04/2026,Leeds,Wolves,3.0,0.0,H,17.0,7.0,6.0,2.0,5.0,6.0,9.0,17.0,2.0,1.0,0.0,0.0
18/04/2026,Newcastle,Bournemouth,1.0,2.0,A,12.0,12.0,3.0,3.0,2.0,3.0,11.0,12.0,2.0,4.0,0.0,0.0
18/04/2026,Tottenham,Brighton,2.0,2.0,D,13.0,10.0,6.0,3.0,7.0,5.0,14.0,14.0,3.0,1.0,0.0,0.0
18/04/2026,Chelsea,Man United,0.0,1.0,A,21.0,4.0,3.0,1.0,7.0,1.0,12.0,13.0,1.0,3.0,0.0,0.0
19/04/2026,Aston Villa,Sunderland,4.0,3.0,H,15.0,10.0,7.0,7.0,4.0,5.0,11.0,11.0,1.0,3.0,0.0,0.0
19/04/2026,Everton,Liverpool,1.0,2.0,A,10.0,14.0,4.0,6.0,1.0,6.0,8.0,12.0,2.0,0.0,0.0,0.0
19/04/2026,Nott'm Forest,Burnley,4.0,1.0,H,10.0,4.0,4.0,3.0,4.0,4.0,8.0,12.0,0.0,2.0,0.0,0.0
19/04/2026,Man City,Arsenal,2.0,1.0,H,15.0,9.0,5.0,3.0,8.0,5.0,5.0,12.0,2.0,2.0,0.0,0.0
20/04/2026,Crystal Palace,West Ham,0.0,0.0,D,9.0,9.0,1.0,4.0,4.0,6.0,13.0,12.0,2.0,1.0,0.0,0.0
21/04/2026,Brighton,Chelsea,3.0,0.0,H,15.0,6.0,9.0,0.0,6.0,5.0,15.0,6.0,1.0,1.0,0.0,0.0
22/04/2026,Bournemouth,Leeds,2.0,2.0,D,17.0,10.0,7.0,3.0,12.0,1.0,6.0,10.0,3.0,0.0,0.0,0.0
22/04/2026,Burnley,Man City,0.0,1.0,A,9.0,28.0,1.0,9.0,3.0,11.0,10.0,12.0,0.0,0.0,0.0,0.0
