Date,HomeTeam,AwayTeam,FTHG,FTAG,FTR,HS,AS,HST,AST,HC,AC,HF,AF,HY,AY,HR,AR
30/08/14,Chievo,Juventus,0.0,1.0,A,7.0,21.0,2.0,3.0,4.0,11.0,13.0,14.0,2.0,1.0,0.0,0.0
30/08/14,Roma,Fiorentina,2.0,0.0,H,20.0,10.0,5.0,4.0,2.0,0.0,15.0,17.0,4.0,4.0,0.0,0.0
31/08/14,Atalanta,Verona,0.0,0.0,D,11.0,9.0,1.0,3.0,6.0,2.0,17.0,16.0,2.0,3.0,0.0,0.0
31/08/14,Cesena,Parma,1.0,0.0,H,9.0,12.0,5.0,1.0,4.0,7.0,10.0,19.0,2.0,1.0,0.0,0.0
31/08/14,Genoa,Napoli,1.0,2.0,A,11.0,15.0,5.0,5.0,7.0,5.0,10.0,10.0,3.0,1.0,0.0,0.0
31/08/14,Milan,Lazio,3.0,1.0,H,7.0,19.0,4.0,4.0,0.0,10.0,10.0,20.0,2.0,3.0,0.0,0.0
31/08/14,Palermo,Sampdoria,1.0,1.0,D,8.0,10.0,1.0,3.0,1.0,7.0,15.0,18.0,1.0,2.0,0.0,1.0
31/08/14,Sassuolo,Cagliari,1.0,1.0,D,13.0,10.0,5.0,4.0,4.0,4.0,22.0,26.0,3.0,2.0,0.0,0.0
31/08/14,Torino,Inter,0.0,0.0,D,11.0,14.0,2.0,2.0,6.0,10.0,9.0,10.0,1.0,1.0,0.0,1.0
31/08/14,Udinese,Empoli,2.0,0.0,H,15.0,13.0,5.0,2.0,3.0,9.0,10.0,9.0,2.0,2.0,0.0,0.0
13/09/14,Empoli,Roma,0.0,1.0,A,17.0,5.0,3.0,2.0,7.0,0.0,4.0,10.0,0.0,1.0,0.0,0.0
13/09/14,Juventus,Udinese,2.0,0.0,H,18.0,9.0,7.0,1.0,4.0,6.0,13.0,14.0,0.0,1.0,0.0,0.0
14/09/14,Cagliari,Atalanta,1.0,2.0,A,19.0,7.0,9.0,3.0,7.0,7.0,14.0,21.0,4.0,4.0,0.0,0.0
14/09/14,Fiorentina,Genoa,0.0,0.0,D,22.0,6.0,7.0,1.0,12.0,3.0,13.0,18.0,1.0,3.0,0.0,1.0
14/09/14,Inter,Sassuolo,7.0,0.0,H,22.0,14.0,11.0,2.0,6.0,1.0,16.0,12.0,0.0,1.0,0.0,1.0
14/09/14,Lazio,Cesena,3.0,0.0,H,17.0,7.0,6.0,1.0,7.0,1.0,26.0,10.0,3.0,1.0,0.0,0.0
14/09/14,Napoli,Chievo,0.0,1.0,A,33.0,8.0,9.0,1.0,15.0,2.0,14.0,12.0,2.0,2.0,0.0,0.0
14/09/14,Parma,Milan,4.0,5.0,A,11.0,11.0,3.0,7.0,5.0,4.0,24.0,12.0,3.0,1.0,1.0,1.0
14/09/14,Sampdoria,Torino,2.0,0.0,H,8.0,10.0,4.0,0.0,3.0,5.0,18.0,17.0,3.0,4.0,0.0,0.0
15/09/14,Verona,Palermo,2.0,1.0,H,14.0,18.0,5.0,4.0,10.0,5.0,9.0,12.0,4.0,2.0,0.0,0.0
20/09/14,Cesena,Empoli,2.0,2.0,D,8.0,18.0,5.0,6.0,3.0,7.0,20.0,9.0,4.0,1.0,0.0,0.0
20/09/14,Milan,Juventus,0.0,1.0,A,9.0,14.0,3.0,4.0,3.0,4.0,9.0,18.0,2.0,3.0,0.0,0.0
21/09/14,Atalanta,Fiorentina,0.0,1.0,A,23.0,16.0,6.0,6.0,4.0,7.0,10.0,23.0,1.0,4.0,0.0,0.0
21/09/14,Chievo,Parma,2.0,3.0,A,11.0,12.0,4.0,4.0,4.0,5.0,17.0,21.0,1.0,4.0,0.0,0.0
21/09/14,Genoa,Lazio,1.0,0.0,H,9.0,17.0,4.0,7.0,3.0,7.0,11.0,19.0,2.0,1.0,0.0,1.0
21/09/14,Palermo,Inter,1.0,1.0,D,13.0,13.0,2.0,3.0,5.0,2.0,16.0,9.0,2.0,4.0,0.0,0.0
21/09/14,Roma,Cagliari,2.0,0.0,H,7.0,9.0,3.0,2.0,0.0,6.0,16.0,13.0,1.0,1.0,0.0,0.0
21/09/14,Sassuolo,Sampdoria,0.0,0.0,D,14.0,12.0,5.0,3.0,3.0,7.0,19.0,23.0,3.0,2.0,0.0,0.0
21/09/14,Torino,Verona,0.0,1.0,A,22.0,11.0,4.0,2.0,11.0,1.0,15.0,8.0,3.0,1.0,0.0,0.0
21/09/14,Udinese,Napoli,1.0,0.0,H,9.0,10.0,3.0,3.0,0.0,9.0,12.0,12.0,1.0,3.0,0.0,0.0
23/09/14,Empoli,Milan,2.0,2.0,D,13.0,15.0,6.0,6.0,3.0,5.0,13.0,21.0,2.0,3.0,1.0,0.0
24/09/14,Cagliari,Torino,1.0,2.0,A,11.0,12.0,5.0,4.0,3.0,6.0,14.0,11.0,2.0,2.0,0.0,0.0
24/09/14,Fiorentina,Sassuolo,0.0,0.0,D,18.0,5.0,2.0,0.0,11.0,3.0,13.0,12.0,2.0,2.0,0.0,0.0
24/09/14,Inter,Atalanta,2.0,0.0,H,21.0,14.0,6.0,2.0,6.0,13.0,13.0,14.0,1.0,3.0,0.0,0.0
24/09/14,Juventus,Cesena,3.0,0.0,H,29.0,1.0,13.0,1.0,6.0,2.0,10.0,14.0,0.0,3.0,0.0,0.0
24/09/14,Napoli,Palermo,3.0,3.0,D,16.0,10.0,8.0,6.0,6.0,4.0,11.0,10.0,1.0,4.0,0.0,0.0
24/09/14,Parma,Roma,1.0,2.0,A,6.0,13.0,4.0,4.0,6.0,9.0,15.0,12.0,2.0,3.0,0.0,0.0
24/09/14,Sampdoria,Chievo,2.0,1.0,H,16.0,5.0,5.0,3.0,6.0,1.0,25.0,27.0,1.0,3.0,0.0,0.0
24/09/14,Verona,Genoa,2.0,2.0,D,16.0,16.0,7.0,9.0,7.0,4.0,13.0,15.0,2.0,2.0,0.0,0.0
25/09/14,Lazio,Udinese,0.0,1.0,A,18.0,5.0,8.0,2.0,7.0,3.0,18.0,12.0,3.0,1.0,0.0,0.0
27/09/14,Atalanta,Juventus,0.0,3.0,A,10.0,16.0,1.0,7.0,2.0,3.0,17.0,15.0,2.0,3.0,0.0,0.0
27/09/14,Roma,Verona,2.0,0.0,H,23.0,9.0,6.0,3.0,10.0,2.0,13.0,4.0,1.0,1.0,0.0,0.0
28/09/14,Cesena,Milan,1.0,1.0,D,10.0,11.0,2.0,4.0,4.0,9.0,14.0,12.0,4.0,2.0,0.0,1.0
28/09/14,Chievo,Empoli,1.0,1.0,D,18.0,6.0,5.0,3.0,11.0,1.0,20.0,14.0,3.0,1.0,0.0,0.0
28/09/14,Genoa,Sampdoria,0.0,1.0,A,7.0,10.0,4.0,1.0,3.0,5.0,22.0,23.0,3.0,4.0,0.0,0.0
28/09/14,Inter,Cagliari,1.0,4.0,A,15.0,16.0,5.0,7.0,10.0,3.0,23.0,8.0,1.0,3.0,1.0,0.0
28/09/14,Sassuolo,Napoli,0.0,1.0,A,11.0,11.0,1.0,3.0,6.0,6.0,19.0,12.0,4.0,2.0,0.0,0.0
28/09/14,Torino,Fiorentina,1.0,1.0,D,15.0,19.0,3.0,7.0,6.0,4.0,14.0,15.0,3.0,2.0,0.0,0.0
29/09/14,Palermo,Lazio,0.0,4.0,A,17.0,15.0,4.0,10.0,4.0,1.0,12.0,16.0,2.0,4.0,0.0,0.0
29/09/14,Udinese,Parma,4.0,2.0,H,12.0,18.0,5.0,6.0,6.0,4.0,8.0,11.0,2.0,0.0,0.0,1.0
04/10/14,Milan,Chievo,2.0,0.0,H,22.0,10.0,4.0,2.0,9.0,2.0,10.0,25.0,2.0,5.0,0.0,0.0
04/10/14,Verona,Cagliari,1.0,0.0,H,13.0,19.0,5.0,7.0,5.0,11.0,13.0,17.0,1.0,3.0,0.0,0.0
05/10/14,Empoli,Palermo,3.0,0.0,H,20.0,7.0,11.0,2.0,12.0,4.0,18.0,25.0,0.0,4.0,0.0,0.0
05/10/14,Fiorentina,Inter,3.0,0.0,H,15.0,14.0,8.0,4.0,2.0,5.0,12.0,17.0,2.0,3.0,0.0,0.0
05/10/14,Juventus,Roma,3.0,2.0,H,20.0,8.0,5.0,2.0,5.0,5.0,14.0,15.0,4.0,3.0,1.0,1.0
05/10/14,Lazio,Sassuolo,3.0,2.0,H,13.0,12.0,9.0,6.0,4.0,1.0,22.0,12.0,2.0,1.0,1.0,1.0
05/10/14,Napoli,Torino,2.0,1.0,H,24.0,5.0,9.0,2.0,9.0,2.0,17.0,16.0,3.0,3.0,0.0,0.0
05/10/14,Parma,Genoa,1.0,2.0,A,12.0,13.0,3.0,5.0,6.0,3.0,26.0,12.0,2.0,2.0,0.0,1.0
05/10/14,Sampdoria,Atalanta,1.0,0.0,H,16.0,8.0,3.0,1.0,3.0,4.0,19.0,14.0,3.0,3.0,0.0,0.0
05/10/14,Udinese,Cesena,1.0,1.0,D,14.0,7.0,3.0,5.0,7.0,1.0,10.0,12.0,3.0,3.0,0.0,0.0
18/10/14,Roma,Chievo,3.0,0.0,H,14.0,11.0,8.0,3.0,6.0,2.0,12.0,13.0,1.0,1.0,0.0,0.0
18/10/14,Sassuolo,Juventus,1.0,1.0,D,7.0,19.0,2.0,7.0,2.0,6.0,14.0,15.0,2.0,2.0,0.0,1.0
19/10/14,Atalanta,Parma,1.0,0.0,H,18.0,6.0,3.0,1.0,3.0,1.0,11.0,18.0,2.0,3.0,0.0,0.0
19/10/14,Cagliari,Sampdoria,2.0,2.0,D,13.0,13.0,4.0,8.0,8.0,0.0,19.0,15.0,3.0,5.0,0.0,1.0
19/10/14,Fiorentina,Lazio,0.0,2.0,A,15.0,10.0,2.0,5.0,6.0,4.0,11.0,24.0,1.0,5.0,0.0,0.0
19/10/14,Inter,Napoli,2.0,2.0,D,22.0,12.0,5.0,4.0,6.0,4.0,8.0,12.0,2.0,3.0,0.0,0.0
19/10/14,Palermo,Cesena,2.0,1.0,H,12.0,4.0,4.0,2.0,12.0,3.0,16.0,16.0,5.0,3.0,0.0,1.0
19/10/14,Torino,Udinese,1.0,0.0,H,23.0,11.0,5.0,3.0,8.0,5.0,16.0,8.0,3.0,2.0,0.0,0.0
19/10/14,Verona,Milan,1.0,3.0,A,22.0,12.0,8.0,5.0,8.0,5.0,10.0,15.0,2.0,1.0,1.0,0.0
20/10/14,Genoa,Empoli,1.0,1.0,D,13.0,9.0,3.0,4.0,10.0,4.0,16.0,13.0,3.0,1.0,0.0,0.0
25/10/14,Empoli,Cagliari,0.0,4.0,A,9.0,15.0,5.0,6.0,6.0,6.0,10.0,23.0,2.0,2.0,0.0,0.0
25/10/14,Parma,Sassuolo,1.0,3.0,A,11.0,8.0,4.0,3.0,7.0,3.0,19.0,16.0,4.0,2.0,0.0,0.0
25/10/14,Sampdoria,Roma,0.0,0.0,D,9.0,20.0,2.0,4.0,6.0,14.0,14.0,12.0,2.0,3.0,0.0,0.0
26/10/14,Cesena,Inter,0.0,1.0,A,8.0,18.0,2.0,6.0,2.0,3.0,20.0,15.0,5.0,1.0,1.0,0.0
26/10/14,Chievo,Genoa,1.0,2.0,A,13.0,13.0,5.0,4.0,4.0,7.0,23.0,22.0,2.0,3.0,1.0,0.0
26/10/14,Juventus,Palermo,2.0,0.0,H,20.0,6.0,5.0,1.0,6.0,1.0,8.0,10.0,2.0,1.0,0.0,0.0
26/10/14,Lazio,Torino,2.0,1.0,H,12.0,15.0,7.0,4.0,3.0,6.0,13.0,9.0,2.0,1.0,0.0,0.0
26/10/14,Milan,Fiorentina,1.0,1.0,D,15.0,12.0,2.0,2.0,5.0,4.0,13.0,13.0,2.0,2.0,0.0,0.0
26/10/14,Napoli,Verona,6.0,2.0,H,26.0,8.0,16.0,6.0,14.0,3.0,11.0,7.0,1.0,1.0,0.0,0.0
26/10/14,Udinese,Atalanta,2.0,0.0,H,15.0,14.0,4.0,3.0,5.0,7.0,16.0,15.0,2.0,1.0,0.0,0.0
28/10/14,Sassuolo,Empoli,3.0,1.0,H,23.0,16.0,6.0,6.0,6.0,3.0,9.0,12.0,2.0,3.0,0.0,0.0
29/10/14,Atalanta,Napoli,1.0,1.0,D,7.0,18.0,2.0,6.0,4.0,5.0,18.0,12.0,3.0,2.0,1.0,0.0
29/10/14,Cagliari,Milan,1.0,1.0,D,16.0,13.0,5.0,3.0,6.0,4.0,13.0,13.0,3.0,2.0,0.0,0.0
29/10/14,Fiorentina,Udinese,3.0,0.0,H,27.0,5.0,9.0,1.0,4.0,2.0,15.0,14.0,2.0,3.0,0.0,0.0
29/10/14,Genoa,Juventus,1.0,0.0,H,4.0,16.0,3.0,4.0,1.0,13.0,22.0,17.0,2.0,4.0,0.0,0.0
29/10/14,Inter,Sampdoria,1.0,0.0,H,17.0,10.0,5.0,4.0,4.0,4.0,11.0,19.0,2.0,2.0,0.0,0.0
29/10/14,Palermo,Chievo,1.0,0.0,H,16.0,15.0,6.0,3.0,4.0,3.0,15.0,17.0,2.0,1.0,0.0,0.0
29/10/14,Roma,Cesena,2.0,0.0,H,16.0,4.0,6.0,1.0,7.0,3.0,11.0,13.0,1.0,1.0,0.0,0.0
29/10/14,Torino,Parma,1.0,0.0,H,15.0,10.0,5.0,2.0,4.0,7.0,11.0,17.0,1.0,3.0,0.0,1.0
30/10/14,Verona,Lazio,1.0,1.0,D,11.0,10.0,3.0,3.0,2.0,3.0,13.0,14.0,2.0,2.0,0.0,1.0
01/11/14,Empoli,Juventus,0.0,2.0,A,12.0,18.0,4.0,7.0,6.0,6.0,15.0,16.0,2.0,1.0,1.0,0.0
01/11/14,Napoli,Roma,2.0,0.0,H,15.0,8.0,6.0,2.0,6.0,5.0,13.0,11.0,2.0,3.0,0.0,0.0
01/11/14,Parma,Inter,2.0,0.0,H,11.0,14.0,4.0,1.0,5.0,2.0,18.0,19.0,3.0,1.0,0.0,0.0
02/11/14,Chievo,Sassuolo,0.0,0.0,D,12.0,9.0,1.0,3.0,5.0,5.0,20.0,16.0,1.0,6.0,0.0,0.0
02/11/14,Milan,Palermo,0.0,2.0,A,14.0,13.0,3.0,7.0,4.0,4.0,10.0,15.0,3.0,3.0,0.0,0.0
02/11/14,Sampdoria,Fiorentina,3.0,1.0,H,12.0,16.0,6.0,5.0,3.0,10.0,17.0,26.0,3.0,4.0,0.0,0.0
02/11/14,Torino,Atalanta,0.0,0.0,D,20.0,7.0,2.0,1.0,10.0,6.0,12.0,23.0,0.0,5.0,0.0,0.0
02/11/14,Udinese,Genoa,2.0,4.0,A,15.0,13.0,2.0,6.0,7.0,5.0,10.0,14.0,2.0,3.0,0.0,0.0
03/11/14,Cesena,Verona,1.0,1.0,D,8.0,11.0,4.0,2.0,4.0,4.0,14.0,19.0,1.0,4.0,0.0,0.0
03/11/14,Lazio,Cagliari,4.0,2.0,H,11.0,9.0,5.0,4.0,4.0,7.0,24.0,15.0,2.0,3.0,0.0,1.0
08/11/14,Sampdoria,Milan,2.0,2.0,D,19.0,10.0,8.0,3.0,5.0,5.0,13.0,23.0,1.0,3.0,0.0,1.0
08/11/14,Sassuolo,Atalanta,0.0,0.0,D,14.0,10.0,5.0,0.0,8.0,4.0,19.0,22.0,3.0,1.0,0.0,0.0
09/11/14,Cagliari,Genoa,1.0,1.0,D,13.0,9.0,5.0,5.0,6.0,2.0,19.0,24.0,5.0,4.0,0.0,1.0
09/11/14,Chievo,Cesena,2.0,1.0,H,19.0,9.0,6.0,3.0,5.0,2.0,16.0,18.0,4.0,4.0,0.0,0.0
09/11/14,Empoli,Lazio,2.0,1.0,H,7.0,7.0,2.0,1.0,3.0,4.0,13.0,24.0,1.0,2.0,0.0,0.0
09/11/14,Fiorentina,Napoli,0.0,1.0,A,14.0,19.0,2.0,5.0,7.0,5.0,9.0,13.0,3.0,3.0,0.0,0.0
09/11/14,Inter,Verona,2.0,2.0,D,18.0,17.0,4.0,5.0,5.0,8.0,9.0,13.0,0.0,2.0,1.0,0.0
09/11/14,Juventus,Parma,7.0,0.0,H,22.0,4.0,11.0,1.0,5.0,0.0,3.0,11.0,0.0,1.0,0.0,0.0
09/11/14,Palermo,Udinese,1.0,1.0,D,20.0,12.0,4.0,6.0,7.0,5.0,14.0,22.0,1.0,5.0,0.0,0.0
09/11/14,Roma,Torino,3.0,0.0,H,14.0,12.0,8.0,4.0,2.0,5.0,12.0,11.0,1.0,2.0,0.0,0.0
22/11/14,Atalanta,Roma,1.0,2.0,A,9.0,6.0,1.0,2.0,3.0,3.0,27.0,16.0,2.0,5.0,1.0,0.0
22/11/14,Lazio,Juventus,0.0,3.0,A,14.0,10.0,4.0,4.0,6.0,4.0,23.0,13.0,2.0,2.0,0.0,1.0
23/11/14,Cesena,Sampdoria,1.0,1.0,D,8.0,19.0,3.0,6.0,4.0,4.0,21.0,14.0,2.0,0.0,0.0,0.0
23/11/14,Milan,Inter,1.0,1.0,D,10.0,8.0,2.0,3.0,7.0,4.0,17.0,12.0,2.0,2.0,0.0,0.0
23/11/14,Napoli,Cagliari,3.0,3.0,D,14.0,11.0,6.0,8.0,6.0,4.0,17.0,9.0,1.0,2.0,0.0,0.0
23/11/14,Parma,Empoli,0.0,2.0,A,10.0,6.0,2.0,5.0,6.0,10.0,19.0,17.0,4.0,1.0,0.0,0.0
23/11/14,Torino,Sassuolo,0.0,1.0,A,12.0,14.0,5.0,6.0,6.0,4.0,16.0,13.0,2.0,3.0,0.0,0.0
23/11/14,Udinese,Chievo,1.0,1.0,D,9.0,14.0,3.0,5.0,3.0,5.0,8.0,11.0,3.0,2.0,0.0,0.0
23/11/14,Verona,Fiorentina,1.0,2.0,A,10.0,14.0,3.0,6.0,6.0,10.0,17.0,18.0,2.0,4.0,0.0,0.0
24/11/14,Genoa,Palermo,1.0,1.0,D,15.0,11.0,2.0,5.0,3.0,3.0,10.0,11.0,2.0,0.0,0.0,0.0
29/11/14,Chievo,Lazio,0.0,0.0,D,8.0,12.0,2.0,4.0,1.0,13.0,9.0,8.0,1.0,0.0,0.0,0.0
29/11/14,Sassuolo,Verona,2.0,1.0,H,17.0,11.0,4.0,1.0,9.0,5.0,18.0,18.0,4.0,3.0,0.0,0.0
30/11/14,Cagliari,Fiorentina,0.0,4.0,A,14.0,17.0,5.0,7.0,6.0,6.0,17.0,22.0,2.0,2.0,0.0,0.0
30/11/14,Cesena,Genoa,0.0,3.0,A,11.0,15.0,3.0,5.0,4.0,10.0,14.0,18.0,3.0,2.0,0.0,0.0
30/11/14,Empoli,Atalanta,0.0,0.0,D,21.0,6.0,4.0,1.0,11.0,2.0,14.0,23.0,2.0,3.0,0.0,0.0
30/11/14,Juventus,Torino,2.0,1.0,H,16.0,16.0,3.0,5.0,8.0,4.0,17.0,13.0,1.0,4.0,1.0,0.0
30/11/14,Milan,Udinese,2.0,0.0,H,18.0,6.0,6.0,0.0,7.0,0.0,8.0,10.0,0.0,2.0,1.0,1.0
30/11/14,Palermo,Parma,2.0,1.0,H,15.0,14.0,4.0,5.0,9.0,2.0,18.0,17.0,1.0,1.0,1.0,1.0
30/11/14,Roma,Inter,4.0,2.0,H,18.0,10.0,6.0,4.0,7.0,4.0,11.0,14.0,1.0,3.0,0.0,0.0
01/12/14,Sampdoria,Napoli,1.0,1.0,D,14.0,14.0,3.0,2.0,10.0,6.0,18.0,20.0,3.0,2.0,0.0,1.0
05/12/14,Fiorentina,Juventus,0.0,0.0,D,9.0,10.0,1.0,3.0,4.0,5.0,11.0,17.0,2.0,3.0,0.0,0.0
06/12/14,Roma,Sassuolo,2.0,2.0,D,21.0,6.0,5.0,3.0,11.0,1.0,17.0,15.0,2.0,2.0,1.0,1.0
06/12/14,Torino,Palermo,2.0,2.0,D,20.0,7.0,6.0,3.0,6.0,1.0,10.0,16.0,1.0,3.0,0.0,0.0
07/12/14,Atalanta,Cesena,3.0,2.0,H,20.0,8.0,6.0,3.0,4.0,3.0,23.0,27.0,3.0,5.0,0.0,0.0
07/12/14,Genoa,Milan,1.0,0.0,H,13.0,15.0,4.0,6.0,12.0,10.0,16.0,13.0,3.0,2.0,0.0,0.0
07/12/14,Inter,Udinese,1.0,2.0,A,16.0,16.0,2.0,6.0,9.0,4.0,11.0,8.0,2.0,1.0,0.0,0.0
07/12/14,Napoli,Empoli,2.0,2.0,D,20.0,10.0,10.0,4.0,9.0,2.0,14.0,15.0,2.0,2.0,0.0,0.0
07/12/14,Parma,Lazio,1.0,2.0,A,8.0,15.0,1.0,5.0,1.0,3.0,16.0,26.0,4.0,4.0,0.0,0.0
08/12/14,Cagliari,Chievo,0.0,2.0,A,10.0,10.0,1.0,5.0,6.0,3.0,20.0,26.0,6.0,3.0,0.0,0.0
08/12/14,Verona,Sampdoria,1.0,3.0,A,15.0,13.0,6.0,7.0,10.0,4.0,16.0,17.0,2.0,3.0,1.0,0.0
13/12/14,Lazio,Atalanta,3.0,0.0,H,23.0,6.0,9.0,1.0,10.0,3.0,14.0,13.0,0.0,2.0,0.0,0.0
13/12/14,Palermo,Sassuolo,2.0,1.0,H,13.0,14.0,4.0,7.0,5.0,4.0,17.0,8.0,1.0,3.0,0.0,2.0
14/12/14,Cesena,Fiorentina,1.0,4.0,A,5.0,15.0,0.0,6.0,3.0,5.0,17.0,13.0,2.0,1.0,1.0,0.0
14/12/14,Genoa,Roma,0.0,1.0,A,7.0,19.0,1.0,6.0,5.0,6.0,7.0,14.0,2.0,3.0,1.0,0.0
14/12/14,Juventus,Sampdoria,1.0,1.0,D,19.0,10.0,8.0,3.0,8.0,4.0,18.0,11.0,2.0,5.0,0.0,0.0
14/12/14,Milan,Napoli,2.0,0.0,H,11.0,14.0,3.0,7.0,3.0,5.0,12.0,17.0,3.0,2.0,0.0,0.0
14/12/14,Parma,Cagliari,0.0,0.0,D,6.0,12.0,0.0,3.0,4.0,3.0,22.0,20.0,4.0,4.0,0.0,0.0
14/12/14,Udinese,Verona,1.0,2.0,A,13.0,9.0,6.0,4.0,1.0,6.0,13.0,10.0,2.0,5.0,0.0,0.0
15/12/14,Chievo,Inter,0.0,2.0,A,8.0,18.0,3.0,8.0,7.0,12.0,15.0,23.0,4.0,1.0,1.0,0.0
15/12/14,Empoli,Torino,0.0,0.0,D,17.0,10.0,3.0,3.0,10.0,2.0,13.0,17.0,2.0,3.0,0.0,1.0
18/12/14,Cagliari,Juventus,1.0,3.0,A,16.0,13.0,2.0,7.0,8.0,7.0,16.0,7.0,4.0,0.0,0.0,0.0
18/12/14,Napoli,Parma,2.0,0.0,H,18.0,3.0,7.0,0.0,3.0,2.0,11.0,17.0,1.0,4.0,0.0,0.0
20/12/14,Roma,Milan,0.0,0.0,D,16.0,9.0,5.0,7.0,10.0,2.0,17.0,21.0,4.0,2.0,0.0,1.0
20/12/14,Sassuolo,Cesena,1.0,1.0,D,17.0,6.0,9.0,2.0,12.0,6.0,15.0,17.0,4.0,1.0,0.0,0.0
21/12/14,Atalanta,Palermo,3.0,3.0,D,13.0,15.0,5.0,5.0,3.0,6.0,20.0,17.0,5.0,2.0,0.0,0.0
21/12/14,Fiorentina,Empoli,1.0,1.0,D,18.0,9.0,6.0,4.0,11.0,3.0,11.0,16.0,3.0,4.0,0.0,0.0
21/12/14,Inter,Lazio,2.0,2.0,D,16.0,5.0,6.0,2.0,9.0,0.0,7.0,14.0,1.0,4.0,0.0,0.0
21/12/14,Sampdoria,Udinese,2.0,2.0,D,20.0,8.0,5.0,4.0,13.0,5.0,14.0,23.0,3.0,4.0,0.0,1.0
21/12/14,Torino,Genoa,2.0,1.0,H,10.0,12.0,4.0,4.0,3.0,4.0,24.0,19.0,1.0,4.0,0.0,0.0
21/12/14,Verona,Chievo,0.0,1.0,A,12.0,10.0,1.0,4.0,6.0,4.0,15.0,16.0,3.0,2.0,0.0,0.0
05/01/15,Lazio,Sampdoria,3.0,0.0,H,21.0,2.0,8.0,1.0,12.0,1.0,20.0,9.0,2.0,2.0,0.0,0.0
06/01/15,Cesena,Napoli,1.0,4.0,A,10.0,16.0,3.0,6.0,2.0,6.0,7.0,14.0,2.0,2.0,0.0,0.0
06/01/15,Chievo,Torino,0.0,0.0,D,18.0,8.0,6.0,3.0,9.0,0.0,18.0,17.0,2.0,3.0,0.0,0.0
06/01/15,Empoli,Verona,0.0,0.0,D,19.0,10.0,5.0,5.0,11.0,1.0,17.0,20.0,0.0,3.0,1.0,1.0
06/01/15,Genoa,Atalanta,2.0,2.0,D,17.0,7.0,7.0,6.0,12.0,2.0,13.0,14.0,4.0,4.0,0.0,0.0
06/01/15,Juventus,Inter,1.0,1.0,D,11.0,13.0,5.0,2.0,11.0,3.0,10.0,12.0,2.0,5.0,0.0,1.0
06/01/15,Milan,Sassuolo,1.0,2.0,A,13.0,8.0,4.0,2.0,9.0,1.0,19.0,17.0,3.0,3.0,0.0,0.0
06/01/15,Palermo,Cagliari,5.0,0.0,H,16.0,11.0,7.0,2.0,7.0,1.0,16.0,17.0,3.0,3.0,0.0,1.0
06/01/15,Parma,Fiorentina,1.0,0.0,H,6.0,17.0,2.0,7.0,3.0,2.0,20.0,15.0,6.0,1.0,0.0,2.0
06/01/15,Udinese,Roma,0.0,1.0,A,8.0,13.0,2.0,7.0,5.0,4.0,12.0,16.0,1.0,5.0,0.0,0.0
10/01/15,Sassuolo,Udinese,1.0,1.0,D,18.0,6.0,2.0,3.0,10.0,4.0,13.0,22.0,3.0,2.0,0.0,0.0
10/01/15,Torino,Milan,1.0,1.0,D,26.0,8.0,5.0,1.0,9.0,0.0,15.0,15.0,1.0,3.0,0.0,1.0
11/01/15,Atalanta,Chievo,1.0,1.0,D,16.0,11.0,6.0,4.0,9.0,7.0,13.0,20.0,3.0,0.0,1.0,0.0
11/01/15,Cagliari,Cesena,2.0,1.0,H,9.0,16.0,6.0,5.0,4.0,11.0,20.0,17.0,1.0,3.0,0.0,0.0
11/01/15,Fiorentina,Palermo,4.0,3.0,H,22.0,7.0,8.0,5.0,7.0,3.0,10.0,12.0,4.0,2.0,0.0,0.0
11/01/15,Inter,Genoa,3.0,1.0,H,16.0,13.0,7.0,6.0,5.0,5.0,18.0,13.0,1.0,2.0,0.0,0.0
11/01/15,Napoli,Juventus,1.0,3.0,A,10.0,8.0,2.0,5.0,9.0,2.0,14.0,12.0,4.0,2.0,0.0,0.0
11/01/15,Roma,Lazio,2.0,2.0,D,11.0,13.0,4.0,7.0,3.0,5.0,14.0,13.0,4.0,4.0,0.0,0.0
11/01/15,Sampdoria,Empoli,1.0,0.0,H,17.0,7.0,6.0,2.0,8.0,2.0,19.0,15.0,1.0,2.0,0.0,0.0
11/01/15,Verona,Parma,3.0,1.0,H,11.0,9.0,6.0,2.0,2.0,4.0,13.0,12.0,1.0,0.0,0.0,0.0
17/01/15,Empoli,Inter,0.0,0.0,D,18.0,8.0,5.0,1.0,10.0,3.0,12.0,15.0,1.0,2.0,0.0,0.0
17/01/15,Palermo,Roma,1.0,1.0,D,6.0,12.0,3.0,3.0,1.0,3.0,15.0,18.0,2.0,3.0,0.0,0.0
18/01/15,Cesena,Torino,2.0,3.0,A,13.0,8.0,4.0,4.0,1.0,1.0,22.0,17.0,5.0,5.0,0.0,0.0
18/01/15,Chievo,Fiorentina,1.0,2.0,A,18.0,21.0,7.0,6.0,4.0,10.0,17.0,13.0,2.0,1.0,0.0,0.0
18/01/15,Genoa,Sassuolo,3.0,3.0,D,13.0,15.0,7.0,9.0,4.0,5.0,16.0,22.0,1.0,4.0,0.0,0.0
18/01/15,Juventus,Verona,4.0,0.0,H,18.0,5.0,8.0,1.0,6.0,0.0,11.0,9.0,0.0,2.0,0.0,0.0
18/01/15,Lazio,Napoli,0.0,1.0,A,21.0,9.0,3.0,5.0,5.0,2.0,10.0,15.0,3.0,3.0,0.0,0.0
18/01/15,Milan,Atalanta,0.0,1.0,A,15.0,15.0,4.0,5.0,11.0,4.0,10.0,17.0,2.0,5.0,0.0,0.0
18/01/15,Parma,Sampdoria,0.0,2.0,A,8.0,14.0,1.0,5.0,3.0,2.0,15.0,12.0,2.0,1.0,0.0,0.0
18/01/15,Udinese,Cagliari,2.0,2.0,D,12.0,12.0,3.0,6.0,5.0,7.0,18.0,18.0,1.0,4.0,0.0,0.0
24/01/15,Cagliari,Sassuolo,2.0,1.0,H,10.0,13.0,4.0,3.0,4.0,6.0,21.0,13.0,4.0,2.0,0.0,1.0
24/01/15,Lazio,Milan,3.0,1.0,H,18.0,2.0,6.0,2.0,5.0,1.0,19.0,17.0,4.0,3.0,0.0,1.0
25/01/15,Fiorentina,Roma,1.0,1.0,D,18.0,15.0,3.0,6.0,6.0,4.0,19.0,17.0,2.0,2.0,0.0,0.0
25/01/15,Inter,Torino,0.0,1.0,A,14.0,9.0,2.0,2.0,8.0,5.0,16.0,18.0,2.0,2.0,0.0,0.0
25/01/15,Juventus,Chievo,2.0,0.0,H,29.0,8.0,8.0,1.0,9.0,1.0,19.0,14.0,2.0,4.0,0.0,0.0
25/01/15,Parma,Cesena,1.0,2.0,A,18.0,10.0,2.0,5.0,5.0,3.0,26.0,19.0,4.0,3.0,0.0,0.0
25/01/15,Sampdoria,Palermo,1.0,1.0,D,14.0,16.0,6.0,6.0,11.0,8.0,20.0,17.0,3.0,3.0,0.0,1.0
25/01/15,Verona,Atalanta,1.0,0.0,H,17.0,16.0,6.0,3.0,0.0,3.0,10.0,14.0,2.0,2.0,0.0,0.0
26/01/15,Empoli,Udinese,1.0,2.0,A,17.0,10.0,4.0,3.0,6.0,4.0,14.0,17.0,2.0,2.0,0.0,1.0
26/01/15,Napoli,Genoa,2.0,1.0,H,16.0,12.0,5.0,5.0,6.0,7.0,14.0,17.0,3.0,4.0,0.0,0.0
31/01/15,Genoa,Fiorentina,1.0,1.0,D,14.0,9.0,4.0,5.0,8.0,3.0,19.0,17.0,1.0,1.0,1.0,0.0
31/01/15,Roma,Empoli,1.0,1.0,D,20.0,7.0,3.0,1.0,7.0,3.0,18.0,10.0,3.0,2.0,1.0,1.0
01/02/15,Atalanta,Cagliari,2.0,1.0,H,14.0,13.0,6.0,6.0,13.0,4.0,10.0,13.0,2.0,2.0,0.0,0.0
01/02/15,Cesena,Lazio,2.0,1.0,H,13.0,10.0,4.0,6.0,2.0,5.0,15.0,14.0,1.0,3.0,0.0,0.0
01/02/15,Chievo,Napoli,1.0,2.0,A,16.0,12.0,3.0,4.0,2.0,6.0,12.0,14.0,1.0,0.0,0.0,0.0
01/02/15,Milan,Parma,3.0,1.0,H,17.0,13.0,9.0,5.0,1.0,6.0,19.0,23.0,2.0,3.0,0.0,0.0
01/02/15,Palermo,Verona,2.0,1.0,H,14.0,11.0,5.0,4.0,10.0,4.0,16.0,12.0,1.0,2.0,0.0,0.0
01/02/15,Sassuolo,Inter,3.0,1.0,H,10.0,15.0,4.0,4.0,5.0,8.0,15.0,14.0,3.0,4.0,1.0,1.0
01/02/15,Torino,Sampdoria,5.0,1.0,H,18.0,12.0,9.0,1.0,4.0,7.0,12.0,20.0,1.0,2.0,0.0,0.0
01/02/15,Udinese,Juventus,0.0,0.0,D,11.0,13.0,2.0,2.0,5.0,9.0,13.0,16.0,2.0,1.0,0.0,0.0
07/02/15,Juventus,Milan,3.0,1.0,H,20.0,11.0,8.0,3.0,7.0,6.0,20.0,14.0,2.0,1.0,0.0,0.0
07/02/15,Verona,Torino,1.0,3.0,A,17.0,13.0,5.0,5.0,8.0,4.0,15.0,16.0,1.0,3.0,0.0,0.0
08/02/15,Cagliari,Roma,1.0,2.0,A,17.0,11.0,6.0,6.0,5.0,6.0,10.0,13.0,2.0,3.0,0.0,0.0
08/02/15,Empoli,Cesena,2.0,0.0,H,14.0,10.0,5.0,2.0,4.0,3.0,14.0,22.0,2.0,4.0,0.0,0.0
08/02/15,Fiorentina,Atalanta,3.0,2.0,H,18.0,12.0,8.0,4.0,7.0,7.0,11.0,19.0,1.0,1.0,0.0,0.0
08/02/15,Inter,Palermo,3.0,0.0,H,17.0,8.0,5.0,1.0,8.0,3.0,19.0,16.0,2.0,3.0,0.0,0.0
08/02/15,Napoli,Udinese,3.0,1.0,H,10.0,11.0,4.0,3.0,1.0,7.0,11.0,14.0,2.0,4.0,0.0,0.0
08/02/15,Sampdoria,Sassuolo,1.0,1.0,D,10.0,19.0,5.0,4.0,4.0,5.0,29.0,20.0,4.0,5.0,0.0,0.0
09/02/15,Lazio,Genoa,0.0,1.0,A,7.0,9.0,1.0,5.0,4.0,1.0,27.0,12.0,4.0,5.0,1.0,0.0
11/02/15,Parma,Chievo,0.0,1.0,A,10.0,14.0,2.0,3.0,3.0,5.0,29.0,21.0,3.0,3.0,1.0,0.0
14/02/15,Palermo,Napoli,3.0,1.0,H,7.0,8.0,4.0,3.0,1.0,7.0,18.0,18.0,3.0,2.0,0.0,0.0
14/02/15,Sassuolo,Fiorentina,1.0,3.0,A,15.0,15.0,6.0,10.0,8.0,5.0,17.0,21.0,3.0,2.0,0.0,0.0
15/02/15,Atalanta,Inter,1.0,4.0,A,9.0,18.0,2.0,7.0,6.0,9.0,9.0,13.0,4.0,2.0,1.0,0.0
15/02/15,Cesena,Juventus,2.0,2.0,D,12.0,15.0,6.0,4.0,4.0,3.0,11.0,18.0,2.0,2.0,0.0,0.0
15/02/15,Chievo,Sampdoria,2.0,1.0,H,8.0,13.0,4.0,3.0,2.0,11.0,17.0,14.0,3.0,3.0,0.0,0.0
15/02/15,Genoa,Verona,5.0,2.0,H,11.0,12.0,6.0,6.0,4.0,5.0,26.0,30.0,2.0,4.0,0.0,0.0
15/02/15,Milan,Empoli,1.0,1.0,D,7.0,16.0,2.0,3.0,2.0,3.0,23.0,17.0,3.0,2.0,1.0,0.0
15/02/15,Roma,Parma,0.0,0.0,D,19.0,5.0,4.0,0.0,10.0,5.0,7.0,14.0,0.0,4.0,0.0,0.0
15/02/15,Torino,Cagliari,1.0,1.0,D,17.0,11.0,7.0,3.0,4.0,5.0,19.0,15.0,3.0,3.0,0.0,0.0
15/02/15,Udinese,Lazio,0.0,1.0,A,12.0,12.0,6.0,2.0,3.0,2.0,15.0,20.0,2.0,5.0,0.0,0.0
20/02/15,Juventus,Atalanta,2.0,1.0,H,13.0,11.0,6.0,3.0,6.0,5.0,13.0,15.0,5.0,3.0,0.0,0.0
22/02/15,Empoli,Chievo,3.0,0.0,H,15.0,10.0,5.0,3.0,9.0,3.0,11.0,14.0,0.0,2.0,0.0,0.0
22/02/15,Fiorentina,Torino,1.0,1.0,D,23.0,11.0,4.0,5.0,8.0,1.0,19.0,12.0,1.0,4.0,0.0,0.0
22/02/15,Lazio,Palermo,2.0,1.0,H,16.0,9.0,8.0,6.0,6.0,2.0,19.0,19.0,3.0,3.0,0.0,1.0
22/02/15,Milan,Cesena,2.0,0.0,H,14.0,10.0,2.0,2.0,7.0,4.0,13.0,26.0,1.0,5.0,0.0,0.0
22/02/15,Verona,Roma,1.0,1.0,D,8.0,16.0,2.0,7.0,6.0,8.0,11.0,8.0,2.0,3.0,0.0,0.0
23/02/15,Cagliari,Inter,1.0,2.0,A,13.0,19.0,5.0,9.0,8.0,7.0,18.0,21.0,2.0,2.0,0.0,0.0
23/02/15,Napoli,Sassuolo,2.0,0.0,H,14.0,10.0,3.0,1.0,7.0,3.0,20.0,15.0,3.0,2.0,1.0,0.0
24/02/15,Sampdoria,Genoa,1.0,1.0,D,9.0,17.0,3.0,4.0,3.0,8.0,18.0,19.0,4.0,1.0,0.0,0.0
28/02/15,Chievo,Milan,0.0,0.0,D,11.0,11.0,3.0,2.0,6.0,4.0,16.0,14.0,1.0,3.0,0.0,0.0
01/03/15,Atalanta,Sampdoria,1.0,2.0,A,14.0,21.0,3.0,7.0,5.0,8.0,18.0,19.0,2.0,4.0,0.0,0.0
01/03/15,Cagliari,Verona,1.0,2.0,A,22.0,5.0,5.0,3.0,10.0,1.0,15.0,21.0,3.0,3.0,0.0,0.0
01/03/15,Cesena,Udinese,1.0,0.0,H,17.0,10.0,3.0,3.0,5.0,7.0,14.0,16.0,4.0,3.0,0.0,0.0
01/03/15,Inter,Fiorentina,0.0,1.0,A,12.0,8.0,5.0,4.0,5.0,1.0,15.0,12.0,3.0,2.0,0.0,0.0
01/03/15,Palermo,Empoli,0.0,0.0,D,17.0,15.0,3.0,3.0,9.0,3.0,14.0,16.0,3.0,3.0,0.0,0.0
01/03/15,Sassuolo,Lazio,0.0,3.0,A,10.0,18.0,4.0,6.0,0.0,3.0,16.0,17.0,4.0,2.0,0.0,0.0
01/03/15,Torino,Napoli,1.0,0.0,H,10.0,15.0,4.0,3.0,2.0,6.0,11.0,10.0,2.0,3.0,0.0,0.0
02/03/15,Roma,Juventus,1.0,1.0,D,8.0,10.0,3.0,1.0,1.0,5.0,11.0,16.0,,5.0,1.0,0.0
07/03/15,Milan,Verona,2.0,2.0,D,18.0,13.0,4.0,4.0,9.0,3.0,11.0,20.0,1.0,3.0,0.0,0.0
07/03/15,Sampdoria,Cagliari,2.0,0.0,H,17.0,10.0,5.0,4.0,7.0,1.0,19.0,13.0,2.0,1.0,0.0,1.0
08/03/15,Cesena,Palermo,0.0,0.0,D,3.0,7.0,2.0,1.0,5.0,3.0,17.0,15.0,1.0,2.0,0.0,0.0
08/03/15,Chievo,Roma,0.0,0.0,D,11.0,11.0,2.0,3.0,4.0,8.0,19.0,16.0,4.0,2.0,0.0,0.0
08/03/15,Empoli,Genoa,1.0,1.0,D,6.0,15.0,2.0,2.0,9.0,6.0,15.0,15.0,2.0,2.0,0.0,0.0
08/03/15,Napoli,Inter,2.0,2.0,D,17.0,13.0,7.0,5.0,5.0,5.0,16.0,19.0,1.0,3.0,1.0,0.0
08/03/15,Parma,Atalanta,0.0,0.0,D,14.0,8.0,4.0,2.0,5.0,4.0,24.0,18.0,1.0,2.0,1.0,0.0
08/03/15,Udinese,Torino,3.0,2.0,H,12.0,14.0,3.0,7.0,3.0,4.0,14.0,16.0,3.0,2.0,0.0,0.0
09/03/15,Juventus,Sassuolo,1.0,0.0,H,16.0,2.0,4.0,1.0,13.0,1.0,21.0,18.0,2.0,4.0,0.0,0.0
09/03/15,Lazio,Fiorentina,4.0,0.0,H,16.0,6.0,13.0,0.0,3.0,5.0,12.0,10.0,2.0,3.0,0.0,0.0
14/03/15,Cagliari,Empoli,1.0,1.0,D,16.0,13.0,5.0,2.0,4.0,5.0,11.0,12.0,2.0,1.0,0.0,0.0
14/03/15,Palermo,Juventus,0.0,1.0,A,7.0,12.0,0.0,3.0,5.0,4.0,10.0,19.0,3.0,4.0,0.0,0.0
15/03/15,Atalanta,Udinese,0.0,0.0,D,19.0,8.0,5.0,0.0,5.0,3.0,17.0,16.0,2.0,3.0,1.0,0.0
15/03/15,Genoa,Chievo,0.0,2.0,A,19.0,15.0,3.0,6.0,3.0,5.0,17.0,18.0,4.0,3.0,0.0,0.0
15/03/15,Inter,Cesena,1.0,1.0,D,20.0,9.0,4.0,1.0,7.0,2.0,15.0,18.0,1.0,1.0,0.0,0.0
15/03/15,Sassuolo,Parma,4.0,1.0,H,15.0,8.0,7.0,3.0,4.0,3.0,15.0,32.0,2.0,4.0,0.0,1.0
15/03/15,Verona,Napoli,2.0,0.0,H,12.0,16.0,5.0,7.0,5.0,6.0,16.0,10.0,5.0,5.0,1.0,0.0
16/03/15,Fiorentina,Milan,2.0,1.0,H,18.0,6.0,5.0,2.0,8.0,8.0,11.0,15.0,3.0,4.0,0.0,0.0
16/03/15,Roma,Sampdoria,0.0,2.0,A,17.0,8.0,9.0,2.0,12.0,3.0,11.0,17.0,2.0,3.0,1.0,0.0
16/03/15,Torino,Lazio,0.0,2.0,A,9.0,16.0,2.0,6.0,5.0,6.0,7.0,15.0,3.0,2.0,0.0,0.0
21/03/15,Chievo,Palermo,1.0,0.0,H,14.0,19.0,5.0,4.0,5.0,8.0,16.0,17.0,1.0,1.0,0.0,1.0
21/03/15,Milan,Cagliari,3.0,1.0,H,14.0,11.0,7.0,1.0,10.0,5.0,15.0,13.0,1.0,4.0,0.0,0.0
22/03/15,Cesena,Roma,0.0,1.0,A,7.0,15.0,1.0,4.0,7.0,3.0,17.0,14.0,3.0,2.0,0.0,0.0
22/03/15,Empoli,Sassuolo,3.0,1.0,H,14.0,10.0,6.0,1.0,10.0,4.0,12.0,14.0,0.0,2.0,0.0,0.0
22/03/15,Juventus,Genoa,1.0,0.0,H,13.0,9.0,4.0,1.0,5.0,4.0,11.0,19.0,1.0,4.0,0.0,0.0
22/03/15,Lazio,Verona,2.0,0.0,H,21.0,2.0,6.0,0.0,12.0,1.0,10.0,9.0,0.0,1.0,0.0,0.0
22/03/15,Napoli,Atalanta,1.0,1.0,D,20.0,9.0,9.0,3.0,8.0,5.0,17.0,16.0,4.0,4.0,0.0,1.0
22/03/15,Parma,Torino,0.0,2.0,A,16.0,15.0,1.0,5.0,8.0,5.0,16.0,11.0,4.0,2.0,1.0,0.0
22/03/15,Sampdoria,Inter,1.0,0.0,H,10.0,12.0,2.0,2.0,5.0,7.0,9.0,17.0,3.0,6.0,0.0,0.0
22/03/15,Udinese,Fiorentina,2.0,2.0,D,11.0,13.0,5.0,5.0,8.0,6.0,12.0,11.0,3.0,3.0,0.0,0.0
04/04/15,Atalanta,Torino,1.0,2.0,A,12.0,11.0,4.0,7.0,6.0,6.0,17.0,29.0,3.0,5.0,1.0,1.0
04/04/15,Cagliari,Lazio,1.0,3.0,A,10.0,14.0,3.0,10.0,3.0,1.0,20.0,19.0,4.0,4.0,1.0,0.0
04/04/15,Fiorentina,Sampdoria,2.0,0.0,H,20.0,9.0,5.0,0.0,6.0,3.0,7.0,12.0,2.0,1.0,0.0,0.0
04/04/15,Genoa,Udinese,1.0,1.0,D,13.0,14.0,5.0,6.0,9.0,5.0,18.0,17.0,2.0,3.0,0.0,0.0
04/04/15,Inter,Parma,1.0,1.0,D,18.0,13.0,6.0,2.0,5.0,2.0,10.0,12.0,2.0,0.0,0.0,0.0
04/04/15,Juventus,Empoli,2.0,0.0,H,16.0,12.0,7.0,4.0,5.0,4.0,11.0,8.0,2.0,2.0,0.0,0.0
04/04/15,Palermo,Milan,1.0,2.0,A,16.0,13.0,3.0,5.0,5.0,6.0,14.0,12.0,2.0,3.0,0.0,0.0
04/04/15,Roma,Napoli,1.0,0.0,H,7.0,13.0,2.0,5.0,2.0,5.0,18.0,10.0,4.0,1.0,0.0,0.0
04/04/15,Sassuolo,Chievo,1.0,0.0,H,7.0,14.0,2.0,3.0,4.0,9.0,17.0,11.0,3.0,2.0,1.0,0.0
04/04/15,Verona,Cesena,3.0,3.0,D,15.0,20.0,5.0,8.0,7.0,4.0,16.0,12.0,3.0,3.0,0.0,0.0
08/04/15,Parma,Udinese,1.0,0.0,H,17.0,7.0,7.0,0.0,2.0,4.0,8.0,16.0,2.0,1.0,0.0,0.0
11/04/15,Genoa,Cagliari,2.0,0.0,H,19.0,14.0,6.0,6.0,7.0,8.0,16.0,21.0,2.0,3.0,0.0,0.0
11/04/15,Parma,Juventus,1.0,0.0,H,9.0,19.0,1.0,3.0,4.0,4.0,17.0,12.0,3.0,3.0,0.0,0.0
11/04/15,Verona,Inter,0.0,3.0,A,18.0,12.0,5.0,2.0,4.0,5.0,6.0,13.0,2.0,4.0,0.0,0.0
12/04/15,Atalanta,Sassuolo,2.0,1.0,H,11.0,7.0,5.0,2.0,2.0,1.0,21.0,18.0,2.0,1.0,1.0,1.0
12/04/15,Cesena,Chievo,0.0,1.0,A,16.0,16.0,1.0,5.0,3.0,5.0,19.0,16.0,2.0,1.0,0.0,0.0
12/04/15,Lazio,Empoli,4.0,0.0,H,9.0,12.0,6.0,5.0,2.0,7.0,24.0,12.0,3.0,0.0,1.0,0.0
12/04/15,Milan,Sampdoria,1.0,1.0,D,26.0,11.0,6.0,3.0,7.0,5.0,11.0,17.0,3.0,2.0,0.0,0.0
12/04/15,Napoli,Fiorentina,3.0,0.0,H,11.0,6.0,6.0,0.0,4.0,4.0,22.0,16.0,3.0,1.0,0.0,0.0
12/04/15,Torino,Roma,1.0,1.0,D,14.0,22.0,2.0,6.0,4.0,7.0,11.0,9.0,5.0,3.0,0.0,0.0
12/04/15,Udinese,Palermo,1.0,3.0,A,11.0,11.0,1.0,5.0,7.0,3.0,16.0,15.0,3.0,0.0,0.0,0.0
15/04/15,Genoa,Parma,2.0,0.0,H,15.0,9.0,4.0,3.0,7.0,2.0,15.0,23.0,3.0,5.0,0.0,0.0
18/04/15,Juventus,Lazio,2.0,0.0,H,8.0,17.0,4.0,4.0,2.0,9.0,12.0,22.0,3.0,4.0,0.0,1.0
18/04/15,Sampdoria,Cesena,0.0,0.0,D,18.0,5.0,3.0,3.0,13.0,4.0,8.0,19.0,2.0,3.0,0.0,0.0
19/04/15,Cagliari,Napoli,0.0,3.0,A,7.0,14.0,3.0,5.0,6.0,5.0,13.0,14.0,4.0,1.0,0.0,1.0
19/04/15,Chievo,Udinese,1.0,1.0,D,15.0,8.0,7.0,1.0,4.0,3.0,18.0,15.0,3.0,4.0,0.0,0.0
19/04/15,Empoli,Parma,2.0,2.0,D,12.0,15.0,5.0,5.0,13.0,2.0,11.0,16.0,0.0,1.0,0.0,0.0
19/04/15,Inter,Milan,0.0,0.0,D,17.0,7.0,3.0,3.0,9.0,3.0,16.0,10.0,4.0,2.0,0.0,0.0
19/04/15,Palermo,Genoa,2.0,1.0,H,14.0,10.0,7.0,1.0,6.0,5.0,21.0,18.0,4.0,3.0,0.0,0.0
19/04/15,Roma,Atalanta,1.0,1.0,D,17.0,5.0,7.0,3.0,11.0,1.0,15.0,19.0,4.0,5.0,0.0,0.0
19/04/15,Sassuolo,Torino,1.0,1.0,D,9.0,21.0,1.0,8.0,4.0,6.0,16.0,16.0,2.0,3.0,0.0,0.0
20/04/15,Fiorentina,Verona,0.0,1.0,A,21.0,12.0,3.0,4.0,11.0,7.0,16.0,21.0,2.0,5.0,0.0,0.0
25/04/15,Inter,Roma,2.0,1.0,H,11.0,11.0,3.0,4.0,4.0,4.0,17.0,14.0,5.0,4.0,0.0,0.0
25/04/15,Udinese,Milan,2.0,1.0,H,20.0,6.0,5.0,1.0,9.0,1.0,26.0,16.0,2.0,1.0,0.0,0.0
26/04/15,Atalanta,Empoli,2.0,2.0,D,16.0,21.0,5.0,10.0,7.0,1.0,17.0,15.0,3.0,1.0,0.0,0.0
26/04/15,Fiorentina,Cagliari,1.0,3.0,A,19.0,15.0,2.0,7.0,10.0,3.0,14.0,15.0,1.0,5.0,0.0,0.0
26/04/15,Genoa,Cesena,3.0,1.0,H,19.0,13.0,5.0,4.0,11.0,7.0,13.0,18.0,2.0,3.0,0.0,1.0
26/04/15,Lazio,Chievo,1.0,1.0,D,23.0,7.0,7.0,1.0,8.0,2.0,16.0,16.0,2.0,5.0,0.0,0.0
26/04/15,Napoli,Sampdoria,4.0,2.0,H,27.0,9.0,11.0,2.0,8.0,4.0,11.0,13.0,1.0,2.0,0.0,0.0
26/04/15,Parma,Palermo,1.0,0.0,H,8.0,13.0,5.0,3.0,3.0,5.0,19.0,11.0,4.0,0.0,0.0,0.0
26/04/15,Torino,Juventus,2.0,1.0,H,11.0,19.0,3.0,5.0,3.0,2.0,17.0,16.0,3.0,1.0,0.0,0.0
26/04/15,Verona,Sassuolo,3.0,2.0,H,15.0,18.0,9.0,7.0,6.0,4.0,10.0,17.0,3.0,2.0,1.0,0.0
28/04/15,Udinese,Inter,1.0,2.0,A,9.0,22.0,1.0,11.0,5.0,5.0,12.0,20.0,4.0,4.0,2.0,0.0
29/04/15,Cesena,Atalanta,2.0,2.0,D,10.0,16.0,5.0,7.0,2.0,3.0,21.0,18.0,3.0,4.0,0.0,0.0
29/04/15,Chievo,Cagliari,1.0,0.0,H,10.0,10.0,3.0,1.0,3.0,6.0,23.0,21.0,2.0,4.0,0.0,2.0
29/04/15,Juventus,Fiorentina,3.0,2.0,H,12.0,14.0,5.0,2.0,5.0,9.0,11.0,16.0,1.0,3.0,0.0,0.0
29/04/15,Lazio,Parma,4.0,0.0,H,11.0,11.0,7.0,3.0,9.0,2.0,10.0,8.0,1.0,3.0,0.0,0.0
29/04/15,Milan,Genoa,1.0,3.0,A,11.0,17.0,5.0,9.0,7.0,9.0,16.0,20.0,2.0,4.0,1.0,0.0
29/04/15,Palermo,Torino,2.0,2.0,D,16.0,14.0,3.0,4.0,8.0,4.0,9.0,17.0,2.0,3.0,0.0,0.0
29/04/15,Sampdoria,Verona,1.0,1.0,D,20.0,11.0,5.0,4.0,6.0,7.0,11.0,14.0,2.0,4.0,1.0,0.0
29/04/15,Sassuolo,Roma,0.0,3.0,A,11.0,8.0,6.0,5.0,5.0,2.0,17.0,13.0,3.0,3.0,0.0,0.0
30/04/15,Empoli,Napoli,4.0,2.0,H,10.0,14.0,4.0,5.0,6.0,4.0,13.0,17.0,3.0,2.0,0.0,0.0
02/05/15,Sampdoria,Juventus,0.0,1.0,A,18.0,14.0,2.0,5.0,4.0,4.0,14.0,14.0,4.0,1.0,0.0,0.0
02/05/15,Sassuolo,Palermo,0.0,0.0,D,6.0,13.0,2.0,2.0,6.0,6.0,12.0,22.0,2.0,3.0,0.0,0.0
03/05/15,Atalanta,Lazio,1.0,1.0,D,16.0,13.0,6.0,5.0,9.0,5.0,12.0,21.0,2.0,6.0,0.0,0.0
03/05/15,Fiorentina,Cesena,3.0,1.0,H,23.0,13.0,12.0,1.0,9.0,5.0,11.0,17.0,1.0,1.0,0.0,0.0
03/05/15,Inter,Chievo,0.0,0.0,D,23.0,11.0,3.0,4.0,11.0,5.0,15.0,10.0,3.0,1.0,0.0,0.0
03/05/15,Napoli,Milan,3.0,0.0,H,27.0,2.0,7.0,1.0,15.0,1.0,13.0,9.0,2.0,0.0,0.0,1.0
03/05/15,Roma,Genoa,2.0,0.0,H,15.0,10.0,6.0,3.0,7.0,8.0,19.0,21.0,3.0,3.0,0.0,0.0
03/05/15,Verona,Udinese,0.0,1.0,A,15.0,20.0,3.0,5.0,6.0,5.0,14.0,16.0,1.0,4.0,2.0,0.0
04/05/15,Cagliari,Parma,4.0,0.0,H,11.0,21.0,7.0,3.0,4.0,4.0,10.0,12.0,3.0,1.0,0.0,0.0
06/05/15,Torino,Empoli,0.0,1.0,A,19.0,20.0,5.0,6.0,5.0,6.0,14.0,13.0,3.0,1.0,0.0,0.0
09/05/15,Juventus,Cagliari,1.0,1.0,D,13.0,15.0,4.0,6.0,8.0,3.0,15.0,7.0,1.0,1.0,0.0,0.0
09/05/15,Milan,Roma,2.0,1.0,H,11.0,15.0,4.0,3.0,6.0,5.0,15.0,16.0,4.0,3.0,0.0,0.0
10/05/15,Cesena,Sassuolo,2.0,3.0,A,12.0,12.0,6.0,7.0,3.0,4.0,15.0,18.0,2.0,0.0,0.0,0.0
10/05/15,Chievo,Verona,2.0,2.0,D,18.0,14.0,3.0,3.0,11.0,3.0,15.0,15.0,3.0,5.0,0.0,0.0
10/05/15,Empoli,Fiorentina,2.0,3.0,A,16.0,11.0,3.0,5.0,8.0,4.0,8.0,10.0,1.0,2.0,0.0,0.0
10/05/15,Lazio,Inter,1.0,2.0,A,12.0,14.0,6.0,7.0,8.0,3.0,14.0,14.0,3.0,3.0,2.0,0.0
10/05/15,Palermo,Atalanta,2.0,3.0,A,24.0,10.0,8.0,7.0,13.0,3.0,17.0,14.0,1.0,2.0,0.0,1.0
10/05/15,Parma,Napoli,2.0,2.0,D,13.0,23.0,5.0,12.0,4.0,10.0,9.0,11.0,2.0,1.0,0.0,0.0
10/05/15,Udinese,Sampdoria,1.0,4.0,A,15.0,20.0,3.0,11.0,5.0,6.0,9.0,18.0,1.0,4.0,0.0,0.0
11/05/15,Genoa,Torino,5.0,1.0,H,13.0,9.0,8.0,4.0,5.0,2.0,13.0,15.0,2.0,4.0,0.0,0.0
16/05/15,Inter,Juventus,1.0,2.0,A,20.0,14.0,7.0,4.0,9.0,3.0,21.0,7.0,5.0,2.0,0.0,0.0
16/05/15,Sampdoria,Lazio,0.0,1.0,A,8.0,14.0,1.0,2.0,5.0,6.0,13.0,20.0,2.0,0.0,0.0,0.0
17/05/15,Atalanta,Genoa,1.0,4.0,A,17.0,13.0,6.0,7.0,9.0,7.0,11.0,22.0,3.0,1.0,0.0,0.0
17/05/15,Cagliari,Palermo,0.0,1.0,A,19.0,17.0,7.0,6.0,4.0,3.0,14.0,20.0,3.0,3.0,0.0,0.0
17/05/15,Roma,Udinese,2.0,1.0,H,19.0,8.0,6.0,3.0,10.0,5.0,13.0,12.0,3.0,2.0,0.0,0.0
17/05/15,Sassuolo,Milan,3.0,2.0,H,6.0,11.0,5.0,3.0,3.0,4.0,14.0,20.0,2.0,4.0,0.0,2.0
17/05/15,Torino,Chievo,2.0,0.0,H,25.0,7.0,9.0,1.0,6.0,1.0,8.0,9.0,3.0,0.0,0.0,0.0
17/05/15,Verona,Empoli,2.0,1.0,H,14.0,16.0,4.0,6.0,5.0,4.0,12.0,14.0,1.0,2.0,0.0,0.0
18/05/15,Fiorentina,Parma,3.0,0.0,H,22.0,17.0,10.0,4.0,12.0,4.0,9.0,10.0,1.0,1.0,0.0,0.0
18/05/15,Napoli,Cesena,3.0,2.0,H,15.0,7.0,4.0,4.0,6.0,1.0,9.0,17.0,2.0,2.0,0.0,0.0
23/05/15,Genoa,Inter,3.0,2.0,H,17.0,16.0,7.0,5.0,13.0,5.0,14.0,10.0,3.0,4.0,0.0,0.0
23/05/15,Juventus,Napoli,3.0,1.0,H,13.0,19.0,5.0,7.0,3.0,8.0,15.0,12.0,1.0,1.0,0.0,1.0
24/05/15,Cesena,Cagliari,0.0,1.0,A,11.0,13.0,2.0,4.0,4.0,8.0,21.0,15.0,3.0,0.0,0.0,0.0
24/05/15,Chievo,Atalanta,1.0,1.0,D,14.0,11.0,8.0,3.0,6.0,5.0,17.0,13.0,1.0,0.0,0.0,0.0
24/05/15,Empoli,Sampdoria,1.0,1.0,D,18.0,11.0,4.0,5.0,4.0,5.0,12.0,13.0,3.0,3.0,0.0,0.0
24/05/15,Milan,Torino,3.0,0.0,H,15.0,14.0,5.0,3.0,5.0,5.0,9.0,18.0,4.0,2.0,1.0,1.0
24/05/15,Palermo,Fiorentina,2.0,3.0,A,9.0,10.0,5.0,4.0,7.0,8.0,16.0,17.0,2.0,3.0,0.0,1.0
24/05/15,Parma,Verona,2.0,2.0,D,10.0,8.0,7.0,4.0,6.0,3.0,11.0,11.0,1.0,2.0,0.0,0.0
24/05/15,Udinese,Sassuolo,0.0,1.0,A,15.0,12.0,3.0,3.0,11.0,4.0,13.0,12.0,1.0,1.0,1.0,0.0
25/05/15,Lazio,Roma,1.0,2.0,A,16.0,6.0,3.0,2.0,4.0,8.0,16.0,12.0,4.0,4.0,0.0,0.0
30/05/15,Atalanta,Milan,1.0,3.0,A,16.0,9.0,1.0,5.0,5.0,6.0,19.0,19.0,3.0,0.0,0.0,0.0
30/05/15,Verona,Juventus,2.0,2.0,D,15.0,16.0,4.0,4.0,6.0,4.0,17.0,10.0,3.0,1.0,0.0,1.0
31/05/15,Cagliari,Udinese,4.0,3.0,H,14.0,11.0,5.0,6.0,4.0,5.0,11.0,13.0,1.0,4.0,0.0,0.0
31/05/15,Fiorentina,Chievo,3.0,0.0,H,26.0,13.0,13.0,2.0,3.0,3.0,10.0,9.0,2.0,1.0,0.0,1.0
31/05/15,Inter,Empoli,4.0,3.0,H,32.0,11.0,9.0,5.0,6.0,0.0,13.0,13.0,1.0,2.0,0.0,0.0
31/05/15,Napoli,Lazio,2.0,4.0,A,17.0,7.0,7.0,5.0,4.0,2.0,16.0,15.0,0.0,4.0,1.0,1.0
31/05/15,Roma,Palermo,1.0,2.0,A,7.0,12.0,2.0,3.0,2.0,5.0,13.0,13.0,2.0,3.0,0.0,0.0
31/05/15,Sampdoria,Parma,2.0,2.0,D,17.0,10.0,7.0,3.0,7.0,4.0,12.0,13.0,0.0,1.0,0.0,0.0
31/05/15,Sassuolo,Genoa,3.0,1.0,H,16.0,17.0,6.0,7.0,5.0,7.0,12.0,22.0,3.0,4.0,0.0,1.0
31/05/15,Torino,Cesena,5.0,0.0,H,18.0,7.0,9.0,1.0,5.0,1.0,6.0,10.0,0.0,2.0,0.0,0.0
22/08/15,Lazio,Bologna,2.0,1.0,H,21.0,9.0,9.0,4.0,10.0,3.0,18.0,8.0,2.0,1.0,0.0,0.0
22/08/15,Verona,Roma,1.0,1.0,D,12.0,21.0,7.0,8.0,3.0,7.0,9.0,11.0,2.0,1.0,0.0,0.0
23/08/15,Empoli,Chievo,1.0,3.0,A,15.0,12.0,5.0,3.0,8.0,5.0,15.0,19.0,1.0,2.0,0.0,0.0
23/08/15,Fiorentina,Milan,2.0,0.0,H,13.0,8.0,7.0,0.0,4.0,5.0,18.0,16.0,3.0,2.0,0.0,1.0
23/08/15,Frosinone,Torino,1.0,2.0,A,13.0,26.0,3.0,7.0,3.0,12.0,10.0,11.0,2.0,2.0,0.0,0.0
23/08/15,Inter,Atalanta,1.0,0.0,H,21.0,4.0,7.0,0.0,9.0,1.0,14.0,12.0,2.0,2.0,0.0,1.0
23/08/15,Juventus,Udinese,0.0,1.0,A,21.0,6.0,5.0,2.0,10.0,2.0,14.0,22.0,1.0,3.0,0.0,0.0
23/08/15,Palermo,Genoa,1.0,0.0,H,19.0,11.0,6.0,3.0,5.0,6.0,10.0,13.0,1.0,1.0,0.0,0.0
23/08/15,Sampdoria,Carpi,5.0,2.0,H,10.0,24.0,7.0,7.0,4.0,8.0,15.0,16.0,1.0,3.0,1.0,0.0
23/08/15,Sassuolo,Napoli,2.0,1.0,H,16.0,15.0,6.0,3.0,5.0,1.0,13.0,21.0,4.0,2.0,0.0,0.0
29/08/15,Bologna,Sassuolo,0.0,1.0,A,6.0,9.0,2.0,2.0,11.0,5.0,15.0,13.0,3.0,1.0,0.0,0.0
29/08/15,Milan,Empoli,2.0,1.0,H,6.0,18.0,4.0,3.0,6.0,5.0,20.0,16.0,0.0,2.0,0.0,0.0
30/08/15,Atalanta,Frosinone,2.0,0.0,H,25.0,14.0,11.0,4.0,9.0,2.0,9.0,13.0,1.0,4.0,0.0,0.0
30/08/15,Carpi,Inter,1.0,2.0,A,10.0,12.0,5.0,5.0,2.0,6.0,11.0,17.0,3.0,4.0,0.0,0.0
30/08/15,Chievo,Lazio,4.0,0.0,H,8.0,13.0,5.0,2.0,2.0,8.0,11.0,14.0,0.0,1.0,0.0,0.0
30/08/15,Genoa,Verona,2.0,0.0,H,20.0,12.0,6.0,2.0,4.0,4.0,19.0,13.0,2.0,2.0,0.0,0.0
30/08/15,Napoli,Sampdoria,2.0,2.0,D,27.0,9.0,7.0,4.0,4.0,1.0,9.0,8.0,0.0,2.0,0.0,0.0
30/08/15,Roma,Juventus,2.0,1.0,H,18.0,10.0,7.0,2.0,6.0,6.0,15.0,16.0,3.0,2.0,0.0,2.0
30/08/15,Torino,Fiorentina,3.0,1.0,H,10.0,9.0,6.0,5.0,4.0,2.0,15.0,10.0,2.0,3.0,0.0,0.0
30/08/15,Udinese,Palermo,0.0,1.0,A,25.0,5.0,7.0,1.0,10.0,0.0,16.0,15.0,4.0,2.0,0.0,1.0
12/09/15,Fiorentina,Genoa,1.0,0.0,H,11.0,12.0,3.0,1.0,4.0,2.0,19.0,21.0,2.0,4.0,1.0,0.0
12/09/15,Frosinone,Roma,0.0,2.0,A,18.0,20.0,5.0,3.0,3.0,8.0,16.0,15.0,4.0,3.0,0.0,0.0
12/09/15,Juventus,Chievo,1.0,1.0,D,26.0,6.0,7.0,3.0,5.0,3.0,21.0,20.0,3.0,5.0,0.0,0.0
13/09/15,Empoli,Napoli,2.0,2.0,D,16.0,17.0,3.0,4.0,5.0,5.0,12.0,14.0,2.0,4.0,0.0,0.0
13/09/15,Inter,Milan,1.0,0.0,H,16.0,19.0,4.0,3.0,6.0,7.0,19.0,16.0,2.0,3.0,0.0,0.0
13/09/15,Lazio,Udinese,2.0,0.0,H,14.0,10.0,8.0,4.0,6.0,4.0,17.0,13.0,0.0,1.0,0.0,0.0
13/09/15,Palermo,Carpi,2.0,2.0,D,13.0,9.0,6.0,2.0,3.0,3.0,16.0,18.0,3.0,3.0,0.0,0.0
13/09/15,Sassuolo,Atalanta,2.0,2.0,D,10.0,10.0,9.0,4.0,4.0,2.0,21.0,19.0,3.0,4.0,1.0,1.0
13/09/15,Verona,Torino,2.0,2.0,D,12.0,10.0,3.0,5.0,3.0,3.0,17.0,20.0,5.0,2.0,0.0,0.0
14/09/15,Sampdoria,Bologna,2.0,0.0,H,12.0,9.0,4.0,2.0,2.0,5.0,11.0,16.0,1.0,3.0,0.0,1.0
19/09/15,Milan,Palermo,3.0,2.0,H,18.0,13.0,8.0,3.0,7.0,3.0,8.0,8.0,1.0,2.0,0.0,0.0
19/09/15,Udinese,Empoli,1.0,2.0,A,7.0,12.0,2.0,6.0,2.0,5.0,26.0,14.0,4.0,3.0,1.0,0.0
20/09/15,Atalanta,Verona,1.0,1.0,D,14.0,9.0,2.0,3.0,8.0,2.0,21.0,19.0,3.0,3.0,0.0,1.0
20/09/15,Bologna,Frosinone,1.0,0.0,H,12.0,20.0,2.0,6.0,6.0,5.0,19.0,17.0,4.0,5.0,0.0,0.0
20/09/15,Carpi,Fiorentina,0.0,1.0,A,11.0,8.0,3.0,2.0,4.0,3.0,21.0,15.0,3.0,4.0,0.0,0.0
20/09/15,Chievo,Inter,0.0,1.0,A,15.0,14.0,2.0,3.0,8.0,8.0,16.0,13.0,3.0,1.0,0.0,0.0
20/09/15,Genoa,Juventus,0.0,2.0,A,7.0,13.0,0.0,4.0,1.0,2.0,21.0,23.0,1.0,4.0,1.0,0.0
20/09/15,Napoli,Lazio,5.0,0.0,H,19.0,9.0,10.0,1.0,7.0,1.0,12.0,12.0,1.0,2.0,0.0,0.0
20/09/15,Roma,Sassuolo,2.0,2.0,D,21.0,12.0,7.0,4.0,11.0,4.0,15.0,15.0,2.0,3.0,0.0,0.0
20/09/15,Torino,Sampdoria,2.0,0.0,H,19.0,13.0,8.0,5.0,7.0,7.0,9.0,10.0,2.0,3.0,0.0,0.0
22/09/15,Udinese,Milan,2.0,3.0,A,11.0,9.0,3.0,3.0,7.0,1.0,24.0,21.0,4.0,3.0,1.0,0.0
23/09/15,Carpi,Napoli,0.0,0.0,D,11.0,22.0,1.0,4.0,4.0,4.0,13.0,16.0,3.0,3.0,0.0,0.0
23/09/15,Chievo,Torino,1.0,0.0,H,10.0,4.0,5.0,1.0,0.0,4.0,12.0,13.0,3.0,3.0,0.0,0.0
23/09/15,Fiorentina,Bologna,2.0,0.0,H,18.0,3.0,4.0,1.0,6.0,0.0,15.0,12.0,1.0,2.0,0.0,0.0
23/09/15,Inter,Verona,1.0,0.0,H,17.0,7.0,4.0,1.0,11.0,2.0,12.0,8.0,4.0,4.0,0.0,0.0
23/09/15,Juventus,Frosinone,1.0,1.0,D,36.0,9.0,7.0,1.0,10.0,5.0,16.0,10.0,2.0,3.0,0.0,0.0
23/09/15,Lazio,Genoa,2.0,0.0,H,10.0,9.0,3.0,3.0,10.0,3.0,19.0,11.0,4.0,2.0,0.0,2.0
23/09/15,Palermo,Sassuolo,0.0,1.0,A,9.0,13.0,2.0,4.0,2.0,5.0,21.0,15.0,0.0,6.0,1.0,0.0
23/09/15,Sampdoria,Roma,2.0,1.0,H,6.0,24.0,3.0,8.0,4.0,19.0,14.0,15.0,6.0,3.0,0.0,0.0
24/09/15,Empoli,Atalanta,0.0,1.0,A,10.0,13.0,1.0,3.0,4.0,5.0,12.0,19.0,2.0,4.0,0.0,0.0
26/09/15,Napoli,Juventus,2.0,1.0,H,13.0,12.0,5.0,3.0,4.0,4.0,18.0,16.0,2.0,4.0,0.0,0.0
26/09/15,Roma,Carpi,5.0,1.0,H,17.0,13.0,10.0,6.0,6.0,6.0,13.0,14.0,1.0,1.0,0.0,0.0
27/09/15,Bologna,Udinese,1.0,2.0,A,12.0,12.0,3.0,3.0,6.0,4.0,12.0,13.0,4.0,3.0,0.0,0.0
27/09/15,Genoa,Milan,1.0,0.0,H,11.0,12.0,2.0,3.0,7.0,4.0,24.0,29.0,4.0,4.0,0.0,1.0
27/09/15,Inter,Fiorentina,1.0,4.0,A,5.0,12.0,2.0,8.0,2.0,3.0,10.0,15.0,4.0,2.0,1.0,0.0
27/09/15,Sassuolo,Chievo,1.0,1.0,D,13.0,12.0,5.0,2.0,4.0,2.0,16.0,22.0,3.0,1.0,0.0,0.0
27/09/15,Torino,Palermo,2.0,1.0,H,10.0,11.0,3.0,3.0,5.0,1.0,15.0,20.0,2.0,5.0,2.0,0.0
27/09/15,Verona,Lazio,1.0,2.0,A,6.0,13.0,1.0,3.0,3.0,10.0,18.0,13.0,2.0,2.0,0.0,1.0
28/09/15,Atalanta,Sampdoria,2.0,1.0,H,18.0,8.0,5.0,4.0,5.0,4.0,22.0,15.0,3.0,3.0,0.0,0.0
28/09/15,Frosinone,Empoli,2.0,0.0,H,10.0,13.0,4.0,5.0,4.0,5.0,28.0,18.0,3.0,4.0,0.0,1.0
03/10/15,Carpi,Torino,2.0,1.0,H,7.0,13.0,3.0,3.0,2.0,5.0,10.0,19.0,2.0,1.0,0.0,0.0
03/10/15,Chievo,Verona,1.0,1.0,D,17.0,10.0,7.0,3.0,5.0,5.0,22.0,12.0,3.0,0.0,0.0,0.0
04/10/15,Empoli,Sassuolo,1.0,0.0,H,18.0,7.0,4.0,1.0,5.0,2.0,21.0,25.0,2.0,3.0,1.0,0.0
04/10/15,Fiorentina,Atalanta,3.0,0.0,H,29.0,5.0,9.0,1.0,8.0,4.0,12.0,15.0,0.0,2.0,0.0,1.0
04/10/15,Juventus,Bologna,3.0,1.0,H,19.0,2.0,8.0,1.0,5.0,2.0,8.0,9.0,1.0,5.0,0.0,0.0
04/10/15,Lazio,Frosinone,2.0,0.0,H,27.0,12.0,10.0,6.0,10.0,6.0,15.0,14.0,4.0,1.0,0.0,0.0
04/10/15,Milan,Napoli,0.0,4.0,A,12.0,11.0,2.0,4.0,5.0,1.0,12.0,11.0,3.0,3.0,0.0,0.0
04/10/15,Palermo,Roma,2.0,4.0,A,14.0,13.0,5.0,8.0,6.0,3.0,15.0,16.0,4.0,3.0,0.0,0.0
04/10/15,Sampdoria,Inter,1.0,1.0,D,15.0,17.0,6.0,7.0,9.0,9.0,14.0,12.0,2.0,4.0,0.0,0.0
04/10/15,Udinese,Genoa,1.0,1.0,D,9.0,19.0,3.0,7.0,2.0,10.0,12.0,17.0,2.0,1.0,0.0,0.0
17/10/15,Roma,Empoli,3.0,1.0,H,9.0,13.0,5.0,6.0,6.0,4.0,17.0,9.0,1.0,1.0,0.0,0.0
17/10/15,Torino,Milan,1.0,1.0,D,6.0,8.0,2.0,3.0,7.0,1.0,28.0,11.0,3.0,4.0,0.0,0.0
18/10/15,Atalanta,Carpi,3.0,0.0,H,15.0,13.0,7.0,5.0,8.0,7.0,16.0,13.0,1.0,3.0,0.0,0.0
18/10/15,Bologna,Palermo,0.0,1.0,A,17.0,9.0,6.0,4.0,6.0,6.0,8.0,15.0,1.0,4.0,0.0,0.0
18/10/15,Frosinone,Sampdoria,2.0,0.0,H,15.0,19.0,4.0,2.0,8.0,12.0,11.0,16.0,2.0,4.0,0.0,0.0
18/10/15,Genoa,Chievo,3.0,2.0,H,12.0,21.0,6.0,3.0,7.0,7.0,14.0,17.0,2.0,2.0,1.0,0.0
18/10/15,Inter,Juventus,0.0,0.0,D,8.0,15.0,2.0,4.0,4.0,9.0,14.0,14.0,3.0,5.0,0.0,0.0
18/10/15,Napoli,Fiorentina,2.0,1.0,H,13.0,10.0,6.0,3.0,4.0,5.0,11.0,18.0,3.0,4.0,0.0,0.0
18/10/15,Sassuolo,Lazio,2.0,1.0,H,15.0,12.0,4.0,3.0,3.0,9.0,7.0,21.0,1.0,3.0,0.0,1.0
18/10/15,Verona,Udinese,1.0,1.0,D,8.0,15.0,2.0,5.0,8.0,8.0,14.0,11.0,2.0,2.0,0.0,0.0
24/10/15,Carpi,Bologna,1.0,2.0,A,7.0,15.0,1.0,4.0,3.0,8.0,16.0,9.0,2.0,2.0,1.0,0.0
24/10/15,Empoli,Genoa,2.0,0.0,H,15.0,14.0,5.0,3.0,3.0,8.0,11.0,25.0,3.0,3.0,0.0,0.0
24/10/15,Palermo,Inter,1.0,1.0,D,10.0,19.0,2.0,7.0,3.0,10.0,11.0,11.0,3.0,1.0,0.0,1.0
25/10/15,Chievo,Napoli,0.0,1.0,A,7.0,17.0,1.0,4.0,2.0,8.0,19.0,12.0,1.0,2.0,0.0,0.0
25/10/15,Fiorentina,Roma,1.0,2.0,A,21.0,6.0,4.0,4.0,8.0,1.0,9.0,17.0,2.0,4.0,0.0,1.0
25/10/15,Juventus,Atalanta,2.0,0.0,H,19.0,5.0,10.0,0.0,4.0,3.0,9.0,16.0,2.0,2.0,0.0,1.0
25/10/15,Lazio,Torino,3.0,0.0,H,10.0,7.0,3.0,3.0,0.0,7.0,13.0,23.0,2.0,3.0,0.0,0.0
25/10/15,Milan,Sassuolo,2.0,1.0,H,21.0,4.0,3.0,2.0,7.0,2.0,21.0,13.0,1.0,3.0,0.0,1.0
25/10/15,Sampdoria,Verona,4.0,1.0,H,10.0,11.0,6.0,1.0,2.0,8.0,18.0,11.0,2.0,2.0,0.0,0.0
25/10/15,Udinese,Frosinone,1.0,0.0,H,19.0,12.0,7.0,2.0,6.0,3.0,13.0,23.0,4.0,2.0,0.0,0.0
27/10/15,Bologna,Inter,0.0,1.0,A,7.0,11.0,3.0,6.0,2.0,2.0,11.0,15.0,1.0,2.0,0.0,1.0
28/10/15,Atalanta,Lazio,2.0,1.0,H,8.0,6.0,3.0,3.0,5.0,6.0,17.0,15.0,2.0,4.0,0.0,0.0
28/10/15,Frosinone,Carpi,2.0,1.0,H,8.0,13.0,3.0,3.0,5.0,4.0,19.0,19.0,1.0,3.0,1.0,1.0
28/10/15,Milan,Chievo,1.0,0.0,H,24.0,4.0,4.0,3.0,10.0,3.0,10.0,15.0,0.0,2.0,0.0,0.0
28/10/15,Napoli,Palermo,2.0,0.0,H,23.0,8.0,8.0,0.0,8.0,2.0,9.0,4.0,0.0,0.0,0.0,0.0
28/10/15,Roma,Udinese,3.0,1.0,H,19.0,6.0,9.0,2.0,3.0,4.0,12.0,10.0,1.0,3.0,0.0,0.0
28/10/15,Sassuolo,Juventus,1.0,0.0,H,7.0,14.0,3.0,3.0,1.0,11.0,20.0,21.0,5.0,2.0,0.0,1.0
28/10/15,Torino,Genoa,3.0,3.0,D,17.0,10.0,6.0,4.0,4.0,2.0,10.0,19.0,2.0,1.0,0.0,0.0
28/10/15,Verona,Fiorentina,0.0,2.0,A,2.0,9.0,0.0,2.0,5.0,2.0,17.0,11.0,5.0,2.0,0.0,0.0
29/10/15,Sampdoria,Empoli,1.0,1.0,D,14.0,17.0,3.0,5.0,6.0,5.0,19.0,15.0,2.0,3.0,0.0,1.0
31/10/15,Inter,Roma,1.0,0.0,H,10.0,19.0,3.0,9.0,4.0,9.0,10.0,10.0,4.0,1.0,0.0,1.0
31/10/15,Juventus,Torino,2.0,1.0,H,17.0,10.0,6.0,5.0,7.0,3.0,17.0,14.0,2.0,5.0,0.0,0.0
01/11/15,Bologna,Atalanta,3.0,0.0,H,10.0,8.0,5.0,2.0,0.0,4.0,23.0,14.0,5.0,3.0,0.0,0.0
01/11/15,Carpi,Verona,0.0,0.0,D,11.0,11.0,6.0,3.0,5.0,6.0,19.0,17.0,2.0,3.0,0.0,0.0
01/11/15,Fiorentina,Frosinone,4.0,1.0,H,31.0,6.0,9.0,1.0,8.0,1.0,11.0,11.0,0.0,1.0,0.0,0.0
01/11/15,Genoa,Napoli,0.0,0.0,D,9.0,18.0,1.0,8.0,1.0,6.0,12.0,16.0,3.0,2.0,0.0,0.0
01/11/15,Lazio,Milan,1.0,3.0,A,10.0,9.0,4.0,3.0,7.0,3.0,21.0,11.0,2.0,2.0,0.0,0.0
01/11/15,Udinese,Sassuolo,0.0,0.0,D,14.0,6.0,2.0,2.0,10.0,1.0,14.0,12.0,1.0,2.0,0.0,0.0
02/11/15,Chievo,Sampdoria,1.0,1.0,D,14.0,10.0,2.0,3.0,4.0,3.0,19.0,10.0,3.0,2.0,0.0,0.0
02/11/15,Palermo,Empoli,0.0,1.0,A,16.0,11.0,4.0,5.0,7.0,4.0,25.0,15.0,6.0,3.0,0.0,0.0
07/11/15,Milan,Atalanta,0.0,0.0,D,8.0,15.0,3.0,4.0,4.0,6.0,15.0,19.0,4.0,4.0,0.0,0.0
07/11/15,Verona,Bologna,0.0,2.0,A,11.0,10.0,2.0,4.0,9.0,4.0,15.0,10.0,1.0,1.0,0.0,0.0
08/11/15,Empoli,Juventus,1.0,3.0,A,12.0,11.0,4.0,4.0,4.0,3.0,14.0,23.0,2.0,3.0,0.0,0.0
08/11/15,Frosinone,Genoa,2.0,2.0,D,18.0,10.0,5.0,3.0,6.0,5.0,16.0,23.0,2.0,3.0,0.0,1.0
08/11/15,Napoli,Udinese,1.0,0.0,H,15.0,8.0,5.0,2.0,7.0,5.0,15.0,10.0,3.0,3.0,0.0,0.0
08/11/15,Palermo,Chievo,1.0,0.0,H,14.0,13.0,3.0,3.0,10.0,8.0,11.0,15.0,4.0,3.0,0.0,0.0
08/11/15,Roma,Lazio,2.0,0.0,H,14.0,7.0,2.0,2.0,2.0,6.0,20.0,12.0,3.0,4.0,0.0,0.0
08/11/15,Sampdoria,Fiorentina,0.0,2.0,A,3.0,20.0,2.0,7.0,1.0,8.0,23.0,10.0,3.0,3.0,0.0,0.0
08/11/15,Sassuolo,Carpi,1.0,0.0,H,9.0,7.0,4.0,2.0,6.0,7.0,13.0,21.0,4.0,5.0,0.0,0.0
08/11/15,Torino,Inter,0.0,1.0,A,16.0,7.0,8.0,2.0,5.0,2.0,12.0,7.0,2.0,1.0,0.0,0.0
21/11/15,Bologna,Roma,2.0,2.0,D,9.0,14.0,3.0,5.0,5.0,5.0,22.0,18.0,5.0,4.0,0.0,0.0
21/11/15,Juventus,Milan,1.0,0.0,H,16.0,9.0,5.0,2.0,3.0,1.0,15.0,14.0,2.0,2.0,0.0,0.0
22/11/15,Atalanta,Torino,0.0,1.0,A,15.0,14.0,1.0,4.0,10.0,3.0,13.0,22.0,2.0,1.0,0.0,0.0
22/11/15,Carpi,Chievo,1.0,2.0,A,19.0,9.0,3.0,3.0,9.0,6.0,18.0,26.0,4.0,3.0,0.0,0.0
22/11/15,Fiorentina,Empoli,2.0,2.0,D,18.0,15.0,5.0,4.0,6.0,3.0,20.0,12.0,5.0,3.0,0.0,0.0
22/11/15,Genoa,Sassuolo,2.0,1.0,H,14.0,9.0,3.0,4.0,6.0,6.0,21.0,18.0,3.0,0.0,1.0,1.0
22/11/15,Inter,Frosinone,4.0,0.0,H,22.0,11.0,10.0,4.0,6.0,7.0,15.0,18.0,1.0,3.0,0.0,0.0
22/11/15,Lazio,Palermo,1.0,1.0,D,18.0,13.0,3.0,8.0,10.0,2.0,18.0,18.0,3.0,3.0,0.0,0.0
22/11/15,Udinese,Sampdoria,1.0,0.0,H,9.0,10.0,4.0,0.0,6.0,1.0,18.0,14.0,3.0,1.0,0.0,1.0
22/11/15,Verona,Napoli,0.0,2.0,A,3.0,22.0,3.0,10.0,3.0,6.0,8.0,9.0,3.0,2.0,0.0,0.0
28/11/15,Milan,Sampdoria,4.0,1.0,H,23.0,10.0,10.0,2.0,4.0,2.0,18.0,14.0,1.0,2.0,0.0,0.0
28/11/15,Torino,Bologna,2.0,0.0,H,14.0,3.0,6.0,0.0,7.0,2.0,8.0,10.0,0.0,1.0,0.0,0.0
29/11/15,Chievo,Udinese,2.0,3.0,A,12.0,14.0,6.0,5.0,3.0,6.0,21.0,17.0,5.0,2.0,0.0,0.0
29/11/15,Empoli,Lazio,1.0,0.0,H,5.0,16.0,1.0,5.0,3.0,8.0,15.0,18.0,4.0,0.0,0.0,0.0
29/11/15,Frosinone,Verona,3.0,2.0,H,16.0,16.0,6.0,8.0,6.0,4.0,24.0,27.0,2.0,4.0,0.0,1.0
29/11/15,Genoa,Carpi,1.0,2.0,A,9.0,15.0,3.0,5.0,9.0,7.0,9.0,19.0,0.0,3.0,1.0,0.0
29/11/15,Palermo,Juventus,0.0,3.0,A,11.0,16.0,0.0,4.0,1.0,7.0,13.0,15.0,2.0,3.0,0.0,0.0
29/11/15,Roma,Atalanta,0.0,2.0,A,17.0,4.0,3.0,3.0,9.0,3.0,23.0,22.0,1.0,2.0,1.0,2.0
30/11/15,Napoli,Inter,2.0,1.0,H,12.0,11.0,4.0,2.0,4.0,5.0,8.0,7.0,4.0,1.0,0.0,1.0
30/11/15,Sassuolo,Fiorentina,1.0,1.0,D,16.0,17.0,2.0,4.0,7.0,4.0,16.0,16.0,2.0,1.0,0.0,0.0
04/12/15,Lazio,Juventus,0.0,2.0,A,11.0,7.0,3.0,1.0,6.0,1.0,18.0,15.0,5.0,3.0,0.0,0.0
05/12/15,Inter,Genoa,1.0,0.0,H,15.0,4.0,5.0,2.0,5.0,3.0,13.0,16.0,1.0,3.0,1.0,0.0
05/12/15,Torino,Roma,1.0,1.0,D,11.0,5.0,5.0,3.0,2.0,5.0,18.0,13.0,3.0,4.0,0.0,0.0
06/12/15,Atalanta,Palermo,3.0,0.0,H,12.0,17.0,4.0,4.0,3.0,8.0,15.0,20.0,1.0,3.0,1.0,0.0
06/12/15,Bologna,Napoli,3.0,2.0,H,11.0,16.0,4.0,7.0,4.0,7.0,19.0,11.0,2.0,0.0,0.0,0.0
06/12/15,Carpi,Milan,0.0,0.0,D,11.0,20.0,3.0,7.0,2.0,12.0,15.0,22.0,0.0,2.0,0.0,0.0
06/12/15,Fiorentina,Udinese,3.0,0.0,H,14.0,8.0,5.0,0.0,7.0,1.0,16.0,14.0,2.0,5.0,0.0,0.0
06/12/15,Frosinone,Chievo,0.0,2.0,A,14.0,10.0,3.0,3.0,9.0,6.0,18.0,21.0,3.0,5.0,0.0,1.0
06/12/15,Sampdoria,Sassuolo,1.0,3.0,A,8.0,16.0,2.0,10.0,11.0,6.0,19.0,18.0,2.0,3.0,0.0,0.0
06/12/15,Verona,Empoli,0.0,1.0,A,18.0,11.0,4.0,5.0,12.0,0.0,18.0,7.0,1.0,4.0,0.0,0.0
12/12/15,Genoa,Bologna,0.0,1.0,A,19.0,10.0,4.0,2.0,10.0,7.0,13.0,19.0,0.0,2.0,1.0,1.0
12/12/15,Palermo,Frosinone,4.0,1.0,H,20.0,15.0,6.0,3.0,6.0,4.0,18.0,16.0,2.0,3.0,0.0,0.0
12/12/15,Udinese,Inter,0.0,4.0,A,22.0,13.0,7.0,7.0,9.0,2.0,12.0,15.0,3.0,3.0,0.0,0.0
13/12/15,Chievo,Atalanta,1.0,0.0,H,15.0,6.0,3.0,2.0,5.0,1.0,14.0,17.0,3.0,2.0,0.0,2.0
13/12/15,Empoli,Carpi,3.0,0.0,H,13.0,14.0,4.0,4.0,2.0,4.0,7.0,13.0,0.0,2.0,0.0,0.0
13/12/15,Juventus,Fiorentina,3.0,1.0,H,16.0,6.0,6.0,1.0,3.0,1.0,17.0,20.0,3.0,5.0,0.0,0.0
13/12/15,Milan,Verona,1.0,1.0,D,17.0,11.0,6.0,2.0,9.0,7.0,11.0,16.0,3.0,6.0,1.0,0.0
13/12/15,Napoli,Roma,0.0,0.0,D,12.0,5.0,4.0,0.0,7.0,1.0,13.0,17.0,2.0,3.0,0.0,0.0
14/12/15,Lazio,Sampdoria,1.0,1.0,D,14.0,10.0,2.0,4.0,7.0,0.0,16.0,15.0,2.0,4.0,0.0,0.0
19/12/15,Bologna,Empoli,2.0,3.0,A,13.0,18.0,4.0,7.0,9.0,6.0,17.0,15.0,2.0,4.0,0.0,0.0
20/12/15,Atalanta,Napoli,1.0,3.0,A,16.0,16.0,5.0,5.0,7.0,4.0,13.0,15.0,1.0,1.0,1.0,1.0
20/12/15,Carpi,Juventus,2.0,3.0,A,11.0,10.0,3.0,6.0,3.0,3.0,16.0,15.0,1.0,0.0,0.0,0.0
20/12/15,Fiorentina,Chievo,2.0,0.0,H,13.0,6.0,8.0,0.0,7.0,2.0,19.0,14.0,1.0,2.0,0.0,0.0
20/12/15,Frosinone,Milan,2.0,4.0,A,15.0,23.0,5.0,10.0,2.0,11.0,14.0,11.0,5.0,3.0,0.0,0.0
20/12/15,Inter,Lazio,1.0,2.0,A,7.0,7.0,1.0,3.0,5.0,4.0,16.0,25.0,1.0,2.0,1.0,1.0
20/12/15,Roma,Genoa,2.0,0.0,H,7.0,12.0,3.0,4.0,5.0,8.0,13.0,5.0,3.0,1.0,1.0,0.0
20/12/15,Sampdoria,Palermo,2.0,0.0,H,16.0,11.0,6.0,5.0,6.0,3.0,12.0,25.0,2.0,4.0,0.0,0.0
20/12/15,Torino,Udinese,0.0,1.0,A,10.0,12.0,1.0,6.0,7.0,7.0,22.0,16.0,2.0,1.0,0.0,1.0
20/12/15,Verona,Sassuolo,1.0,1.0,D,10.0,16.0,6.0,5.0,6.0,8.0,15.0,14.0,2.0,1.0,0.0,0.0
05/01/16,Genoa,Sampdoria,2.0,3.0,A,18.0,11.0,10.0,5.0,12.0,5.0,18.0,16.0,6.0,1.0,0.0,0.0
06/01/16,Chievo,Roma,3.0,3.0,D,12.0,14.0,6.0,5.0,8.0,2.0,12.0,13.0,3.0,2.0,0.0,0.0
06/01/16,Empoli,Inter,0.0,1.0,A,16.0,14.0,4.0,3.0,8.0,5.0,9.0,10.0,2.0,2.0,0.0,0.0
06/01/16,Juventus,Verona,3.0,0.0,H,15.0,7.0,6.0,1.0,9.0,3.0,17.0,11.0,3.0,2.0,0.0,0.0
06/01/16,Lazio,Carpi,0.0,0.0,D,15.0,5.0,0.0,2.0,9.0,7.0,12.0,9.0,2.0,1.0,0.0,0.0
06/01/16,Milan,Bologna,0.0,1.0,A,17.0,7.0,4.0,3.0,10.0,0.0,16.0,12.0,6.0,5.0,0.0,0.0
06/01/16,Napoli,Torino,2.0,1.0,H,17.0,9.0,8.0,4.0,7.0,5.0,12.0,21.0,2.0,4.0,0.0,0.0
06/01/16,Palermo,Fiorentina,1.0,3.0,A,11.0,11.0,3.0,5.0,4.0,3.0,23.0,16.0,3.0,3.0,0.0,0.0
06/01/16,Sassuolo,Frosinone,2.0,2.0,D,30.0,5.0,3.0,2.0,8.0,1.0,14.0,21.0,1.0,2.0,1.0,0.0
06/01/16,Udinese,Atalanta,2.0,1.0,H,18.0,22.0,6.0,7.0,4.0,5.0,18.0,18.0,3.0,3.0,0.0,0.0
09/01/16,Carpi,Udinese,2.0,1.0,H,13.0,10.0,6.0,5.0,6.0,5.0,17.0,10.0,1.0,1.0,0.0,0.0
09/01/16,Fiorentina,Lazio,1.0,3.0,A,17.0,10.0,7.0,6.0,6.0,2.0,15.0,23.0,3.0,4.0,0.0,0.0
09/01/16,Roma,Milan,1.0,1.0,D,12.0,17.0,5.0,6.0,4.0,8.0,9.0,15.0,3.0,3.0,0.0,0.0
10/01/16,Atalanta,Genoa,0.0,2.0,A,14.0,12.0,0.0,2.0,4.0,5.0,14.0,18.0,2.0,2.0,0.0,0.0
10/01/16,Bologna,Chievo,0.0,1.0,A,16.0,8.0,2.0,2.0,5.0,4.0,20.0,16.0,2.0,2.0,0.0,0.0
10/01/16,Frosinone,Napoli,1.0,5.0,A,9.0,24.0,3.0,10.0,3.0,9.0,12.0,10.0,2.0,1.0,0.0,0.0
10/01/16,Inter,Sassuolo,0.0,1.0,A,21.0,15.0,6.0,6.0,9.0,7.0,16.0,19.0,3.0,3.0,0.0,0.0
10/01/16,Sampdoria,Juventus,1.0,2.0,A,9.0,13.0,2.0,5.0,5.0,8.0,18.0,16.0,2.0,4.0,1.0,0.0
10/01/16,Torino,Empoli,0.0,1.0,A,19.0,11.0,6.0,4.0,7.0,1.0,21.0,22.0,3.0,6.0,0.0,0.0
10/01/16,Verona,Palermo,0.0,1.0,A,30.0,9.0,7.0,2.0,10.0,3.0,16.0,25.0,2.0,4.0,0.0,0.0
16/01/16,Atalanta,Inter,1.0,1.0,D,19.0,13.0,5.0,2.0,8.0,8.0,14.0,19.0,4.0,5.0,0.0,0.0
16/01/16,Napoli,Sassuolo,3.0,1.0,H,20.0,9.0,6.0,3.0,3.0,5.0,10.0,18.0,0.0,1.0,0.0,0.0
16/01/16,Torino,Frosinone,4.0,2.0,H,21.0,18.0,9.0,5.0,6.0,7.0,14.0,14.0,1.0,1.0,0.0,0.0
17/01/16,Bologna,Lazio,2.0,2.0,D,8.0,9.0,3.0,3.0,2.0,7.0,16.0,17.0,1.0,2.0,1.0,0.0
17/01/16,Carpi,Sampdoria,2.0,1.0,H,9.0,12.0,5.0,4.0,2.0,4.0,23.0,15.0,1.0,1.0,1.0,0.0
17/01/16,Chievo,Empoli,1.0,1.0,D,15.0,14.0,5.0,5.0,3.0,6.0,18.0,13.0,3.0,3.0,0.0,0.0
17/01/16,Genoa,Palermo,4.0,0.0,H,18.0,11.0,10.0,3.0,1.0,2.0,14.0,20.0,2.0,2.0,0.0,1.0
17/01/16,Milan,Fiorentina,2.0,0.0,H,4.0,14.0,3.0,1.0,4.0,10.0,20.0,19.0,2.0,4.0,0.0,0.0
17/01/16,Roma,Verona,1.0,1.0,D,16.0,10.0,4.0,3.0,8.0,2.0,14.0,16.0,0.0,2.0,0.0,0.0
17/01/16,Udinese,Juventus,0.0,4.0,A,8.0,13.0,3.0,8.0,3.0,4.0,10.0,16.0,1.0,1.0,1.0,0.0
20/01/16,Sassuolo,Torino,1.0,1.0,D,13.0,8.0,3.0,5.0,8.0,5.0,12.0,11.0,2.0,4.0,0.0,0.0
23/01/16,Empoli,Milan,2.0,2.0,D,15.0,10.0,6.0,5.0,2.0,3.0,12.0,22.0,2.0,4.0,0.0,0.0
23/01/16,Frosinone,Atalanta,0.0,0.0,D,11.0,16.0,1.0,3.0,5.0,1.0,15.0,19.0,2.0,1.0,0.0,0.0
24/01/16,Fiorentina,Torino,2.0,0.0,H,13.0,10.0,2.0,2.0,3.0,8.0,13.0,25.0,1.0,4.0,0.0,0.0
24/01/16,Inter,Carpi,1.0,1.0,D,18.0,12.0,7.0,4.0,7.0,6.0,8.0,17.0,3.0,3.0,0.0,1.0
24/01/16,Juventus,Roma,1.0,0.0,H,15.0,6.0,7.0,1.0,1.0,2.0,9.0,16.0,2.0,4.0,0.0,0.0
24/01/16,Lazio,Chievo,4.0,1.0,H,24.0,7.0,7.0,5.0,8.0,5.0,13.0,8.0,2.0,0.0,1.0,1.0
24/01/16,Palermo,Udinese,4.0,1.0,H,16.0,20.0,8.0,9.0,7.0,7.0,9.0,6.0,2.0,3.0,0.0,0.0
24/01/16,Sampdoria,Napoli,2.0,4.0,A,8.0,23.0,4.0,9.0,7.0,3.0,14.0,12.0,1.0,1.0,1.0,0.0
24/01/16,Sassuolo,Bologna,0.0,2.0,A,13.0,16.0,2.0,7.0,4.0,5.0,9.0,15.0,0.0,2.0,1.0,0.0
24/01/16,Verona,Genoa,1.0,1.0,D,17.0,10.0,9.0,2.0,3.0,3.0,19.0,20.0,2.0,2.0,0.0,0.0
30/01/16,Atalanta,Sassuolo,1.0,1.0,D,6.0,9.0,5.0,1.0,3.0,5.0,24.0,17.0,2.0,4.0,0.0,0.0
30/01/16,Carpi,Palermo,1.0,1.0,D,13.0,5.0,1.0,1.0,7.0,4.0,22.0,13.0,2.0,3.0,0.0,0.0
30/01/16,Roma,Frosinone,3.0,1.0,H,22.0,13.0,6.0,3.0,11.0,8.0,17.0,13.0,1.0,2.0,0.0,0.0
31/01/16,Bologna,Sampdoria,3.0,2.0,H,7.0,14.0,5.0,6.0,3.0,4.0,13.0,14.0,3.0,5.0,0.0,0.0
31/01/16,Chievo,Juventus,0.0,4.0,A,6.0,30.0,2.0,10.0,0.0,4.0,12.0,7.0,3.0,2.0,0.0,0.0
31/01/16,Genoa,Fiorentina,0.0,0.0,D,11.0,11.0,2.0,3.0,7.0,6.0,13.0,15.0,2.0,3.0,0.0,0.0
31/01/16,Milan,Inter,3.0,0.0,H,14.0,12.0,5.0,3.0,5.0,6.0,18.0,16.0,3.0,1.0,0.0,0.0
31/01/16,Napoli,Empoli,5.0,1.0,H,20.0,7.0,6.0,2.0,4.0,3.0,11.0,15.0,3.0,3.0,0.0,0.0
31/01/16,Torino,Verona,0.0,0.0,D,16.0,10.0,6.0,3.0,5.0,2.0,13.0,18.0,0.0,4.0,0.0,0.0
31/01/16,Udinese,Lazio,0.0,0.0,D,11.0,17.0,1.0,1.0,5.0,5.0,8.0,19.0,2.0,4.0,1.0,1.0
02/02/16,Sassuolo,Roma,0.0,2.0,A,17.0,13.0,6.0,5.0,8.0,7.0,12.0,15.0,1.0,2.0,0.0,1.0
03/02/16,Empoli,Udinese,1.0,1.0,D,19.0,5.0,4.0,2.0,7.0,3.0,11.0,27.0,3.0,6.0,0.0,0.0
03/02/16,Fiorentina,Carpi,2.0,1.0,H,11.0,7.0,5.0,2.0,10.0,3.0,11.0,22.0,5.0,3.0,0.0,0.0
03/02/16,Frosinone,Bologna,1.0,0.0,H,20.0,15.0,7.0,3.0,7.0,4.0,16.0,15.0,2.0,4.0,0.0,1.0
03/02/16,Inter,Chievo,1.0,0.0,H,24.0,6.0,8.0,0.0,11.0,1.0,17.0,20.0,3.0,5.0,0.0,0.0
03/02/16,Juventus,Genoa,1.0,0.0,H,11.0,7.0,2.0,2.0,3.0,0.0,14.0,30.0,1.0,3.0,1.0,0.0
03/02/16,Lazio,Napoli,0.0,2.0,A,8.0,10.0,0.0,5.0,4.0,3.0,17.0,13.0,4.0,2.0,0.0,0.0
03/02/16,Palermo,Milan,0.0,2.0,A,12.0,16.0,2.0,8.0,6.0,6.0,16.0,15.0,3.0,0.0,0.0,0.0
03/02/16,Sampdoria,Torino,2.0,2.0,D,9.0,14.0,4.0,6.0,2.0,6.0,12.0,21.0,3.0,3.0,0.0,0.0
03/02/16,Verona,Atalanta,2.0,1.0,H,13.0,18.0,5.0,4.0,7.0,5.0,21.0,18.0,2.0,3.0,0.0,1.0
06/02/16,Bologna,Fiorentina,1.0,1.0,D,12.0,12.0,6.0,2.0,8.0,4.0,13.0,10.0,2.0,2.0,0.0,1.0
06/02/16,Genoa,Lazio,0.0,0.0,D,4.0,10.0,1.0,2.0,2.0,9.0,12.0,18.0,3.0,3.0,0.0,0.0
07/02/16,Atalanta,Empoli,0.0,0.0,D,11.0,9.0,2.0,3.0,5.0,3.0,19.0,14.0,3.0,4.0,0.0,0.0
07/02/16,Frosinone,Juventus,0.0,2.0,A,5.0,25.0,0.0,9.0,2.0,6.0,23.0,15.0,3.0,1.0,0.0,0.0
07/02/16,Milan,Udinese,1.0,1.0,D,22.0,9.0,5.0,5.0,9.0,0.0,14.0,14.0,1.0,3.0,0.0,0.0
07/02/16,Napoli,Carpi,1.0,0.0,H,22.0,2.0,7.0,0.0,13.0,1.0,9.0,13.0,1.0,4.0,0.0,1.0
07/02/16,Roma,Sampdoria,2.0,1.0,H,13.0,10.0,4.0,4.0,4.0,5.0,12.0,12.0,2.0,3.0,0.0,0.0
07/02/16,Sassuolo,Palermo,2.0,2.0,D,23.0,7.0,6.0,2.0,7.0,3.0,21.0,23.0,3.0,0.0,0.0,1.0
07/02/16,Torino,Chievo,1.0,2.0,A,12.0,8.0,4.0,3.0,6.0,2.0,25.0,18.0,3.0,3.0,0.0,0.0
07/02/16,Verona,Inter,3.0,3.0,D,10.0,15.0,4.0,7.0,7.0,10.0,20.0,12.0,3.0,2.0,0.0,0.0
11/02/16,Lazio,Verona,5.0,2.0,H,18.0,8.0,7.0,4.0,9.0,3.0,8.0,8.0,1.0,0.0,0.0,0.0
12/02/16,Carpi,Roma,1.0,3.0,A,7.0,19.0,2.0,6.0,4.0,6.0,14.0,8.0,5.0,0.0,0.0,0.0
13/02/16,Chievo,Sassuolo,1.0,1.0,D,11.0,16.0,4.0,2.0,5.0,7.0,16.0,14.0,3.0,2.0,0.0,0.0
13/02/16,Empoli,Frosinone,1.0,2.0,A,29.0,10.0,6.0,2.0,16.0,1.0,11.0,25.0,2.0,6.0,0.0,0.0
13/02/16,Juventus,Napoli,1.0,0.0,H,13.0,7.0,4.0,1.0,4.0,3.0,10.0,13.0,2.0,2.0,0.0,0.0
14/02/16,Fiorentina,Inter,2.0,1.0,H,13.0,6.0,8.0,1.0,7.0,4.0,13.0,14.0,2.0,5.0,1.0,2.0
14/02/16,Milan,Genoa,2.0,1.0,H,14.0,7.0,6.0,2.0,5.0,3.0,14.0,15.0,1.0,1.0,0.0,0.0
14/02/16,Palermo,Torino,1.0,3.0,A,18.0,20.0,5.0,8.0,9.0,3.0,12.0,22.0,1.0,2.0,0.0,0.0
14/02/16,Sampdoria,Atalanta,0.0,0.0,D,10.0,9.0,2.0,2.0,7.0,6.0,10.0,15.0,2.0,4.0,0.0,0.0
14/02/16,Udinese,Bologna,0.0,1.0,A,10.0,11.0,2.0,2.0,8.0,6.0,15.0,11.0,0.0,1.0,0.0,0.0
19/02/16,Bologna,Juventus,0.0,0.0,D,8.0,10.0,1.0,0.0,1.0,8.0,15.0,11.0,2.0,2.0,0.0,0.0
20/02/16,Inter,Sampdoria,3.0,1.0,H,6.0,19.0,3.0,3.0,7.0,7.0,16.0,11.0,3.0,2.0,0.0,0.0
20/02/16,Verona,Chievo,3.0,1.0,H,20.0,14.0,8.0,2.0,8.0,3.0,13.0,21.0,1.0,3.0,1.0,1.0
21/02/16,Atalanta,Fiorentina,2.0,3.0,A,13.0,15.0,5.0,8.0,4.0,2.0,13.0,13.0,3.0,2.0,1.0,0.0
21/02/16,Frosinone,Lazio,0.0,0.0,D,8.0,18.0,1.0,2.0,6.0,6.0,13.0,12.0,2.0,0.0,0.0,0.0
21/02/16,Genoa,Udinese,2.0,1.0,H,21.0,13.0,8.0,6.0,3.0,3.0,14.0,13.0,3.0,3.0,0.0,0.0
21/02/16,Roma,Palermo,5.0,0.0,H,25.0,4.0,5.0,1.0,6.0,3.0,17.0,10.0,0.0,1.0,0.0,0.0
21/02/16,Sassuolo,Empoli,3.0,2.0,H,13.0,10.0,7.0,4.0,8.0,5.0,17.0,13.0,1.0,1.0,1.0,1.0
21/02/16,Torino,Carpi,0.0,0.0,D,11.0,5.0,4.0,0.0,5.0,3.0,22.0,22.0,4.0,4.0,0.0,0.0
22/02/16,Napoli,Milan,1.0,1.0,D,19.0,7.0,4.0,2.0,6.0,3.0,12.0,14.0,0.0,2.0,0.0,0.0
27/02/16,Empoli,Roma,1.0,3.0,A,8.0,15.0,3.0,6.0,4.0,4.0,12.0,15.0,1.0,2.0,1.0,0.0
27/02/16,Milan,Torino,1.0,0.0,H,19.0,11.0,3.0,4.0,5.0,6.0,9.0,12.0,2.0,1.0,0.0,0.0
28/02/16,Carpi,Atalanta,1.0,1.0,D,10.0,12.0,4.0,5.0,6.0,2.0,26.0,25.0,3.0,3.0,0.0,0.0
28/02/16,Chievo,Genoa,1.0,0.0,H,16.0,11.0,6.0,4.0,5.0,7.0,9.0,16.0,2.0,3.0,0.0,0.0
28/02/16,Juventus,Inter,2.0,0.0,H,9.0,8.0,6.0,3.0,3.0,3.0,12.0,17.0,3.0,1.0,0.0,0.0
28/02/16,Palermo,Bologna,0.0,0.0,D,7.0,17.0,4.0,5.0,7.0,4.0,15.0,12.0,3.0,1.0,0.0,0.0
28/02/16,Sampdoria,Frosinone,2.0,0.0,H,25.0,15.0,6.0,1.0,12.0,10.0,15.0,16.0,5.0,2.0,0.0,0.0
28/02/16,Udinese,Verona,2.0,0.0,H,13.0,10.0,4.0,2.0,7.0,4.0,15.0,18.0,1.0,3.0,0.0,0.0
29/02/16,Fiorentina,Napoli,1.0,1.0,D,11.0,6.0,1.0,5.0,5.0,3.0,8.0,16.0,0.0,1.0,0.0,0.0
29/02/16,Lazio,Sassuolo,0.0,2.0,A,15.0,8.0,3.0,6.0,6.0,3.0,15.0,20.0,1.0,2.0,0.0,0.0
04/03/16,Roma,Fiorentina,4.0,1.0,H,14.0,11.0,7.0,1.0,5.0,4.0,19.0,18.0,3.0,3.0,0.0,0.0
05/03/16,Napoli,Chievo,3.0,1.0,H,25.0,8.0,10.0,2.0,7.0,2.0,6.0,13.0,0.0,3.0,0.0,0.0
05/03/16,Verona,Sampdoria,0.0,3.0,A,11.0,14.0,4.0,8.0,6.0,4.0,12.0,14.0,2.0,3.0,0.0,0.0
06/03/16,Atalanta,Juventus,0.0,2.0,A,13.0,9.0,3.0,5.0,7.0,4.0,18.0,13.0,3.0,2.0,0.0,0.0
06/03/16,Bologna,Carpi,0.0,0.0,D,17.0,6.0,4.0,2.0,12.0,4.0,17.0,17.0,1.0,3.0,0.0,0.0
06/03/16,Frosinone,Udinese,2.0,0.0,H,23.0,6.0,4.0,2.0,5.0,4.0,16.0,11.0,2.0,3.0,0.0,0.0
06/03/16,Genoa,Empoli,1.0,0.0,H,15.0,10.0,5.0,2.0,5.0,1.0,18.0,18.0,1.0,4.0,0.0,0.0
06/03/16,Inter,Palermo,3.0,1.0,H,10.0,9.0,5.0,4.0,8.0,5.0,13.0,12.0,1.0,1.0,0.0,0.0
06/03/16,Sassuolo,Milan,2.0,0.0,H,16.0,13.0,4.0,5.0,4.0,9.0,17.0,11.0,1.0,2.0,1.0,0.0
06/03/16,Torino,Lazio,1.0,1.0,D,13.0,12.0,4.0,5.0,3.0,4.0,19.0,18.0,3.0,2.0,0.0,0.0
11/03/16,Juventus,Sassuolo,1.0,0.0,H,16.0,7.0,7.0,2.0,7.0,2.0,12.0,15.0,0.0,3.0,0.0,0.0
12/03/16,Empoli,Sampdoria,1.0,1.0,D,15.0,13.0,5.0,5.0,7.0,2.0,16.0,16.0,2.0,3.0,0.0,0.0
12/03/16,Inter,Bologna,2.0,1.0,H,17.0,6.0,3.0,1.0,13.0,3.0,14.0,12.0,2.0,0.0,0.0,0.0
13/03/16,Carpi,Frosinone,2.0,1.0,H,12.0,13.0,3.0,4.0,3.0,5.0,18.0,12.0,3.0,3.0,0.0,0.0
13/03/16,Chievo,Milan,0.0,0.0,D,20.0,10.0,5.0,1.0,7.0,3.0,18.0,15.0,4.0,3.0,0.0,0.0
13/03/16,Fiorentina,Verona,1.0,1.0,D,10.0,12.0,4.0,4.0,9.0,3.0,12.0,15.0,2.0,1.0,0.0,0.0
13/03/16,Genoa,Torino,3.0,2.0,H,13.0,9.0,6.0,5.0,9.0,3.0,10.0,20.0,1.0,5.0,0.0,0.0
13/03/16,Lazio,Atalanta,2.0,0.0,H,5.0,11.0,2.0,1.0,4.0,8.0,13.0,23.0,2.0,4.0,0.0,0.0
13/03/16,Palermo,Napoli,0.0,1.0,A,5.0,18.0,1.0,7.0,4.0,9.0,12.0,9.0,2.0,2.0,0.0,0.0
13/03/16,Udinese,Roma,1.0,2.0,A,10.0,15.0,3.0,7.0,3.0,6.0,16.0,16.0,2.0,3.0,0.0,0.0
19/03/16,Empoli,Palermo,0.0,0.0,D,11.0,13.0,3.0,2.0,8.0,6.0,15.0,18.0,1.0,2.0,0.0,0.0
19/03/16,Roma,Inter,1.0,1.0,D,16.0,6.0,6.0,2.0,8.0,2.0,15.0,14.0,2.0,2.0,0.0,0.0
20/03/16,Atalanta,Bologna,2.0,0.0,H,14.0,9.0,7.0,2.0,6.0,9.0,15.0,16.0,1.0,2.0,0.0,2.0
20/03/16,Frosinone,Fiorentina,0.0,0.0,D,12.0,22.0,4.0,6.0,4.0,4.0,22.0,10.0,3.0,4.0,0.0,0.0
20/03/16,Milan,Lazio,1.0,1.0,D,20.0,9.0,4.0,2.0,12.0,5.0,9.0,24.0,1.0,1.0,0.0,1.0
20/03/16,Napoli,Genoa,3.0,1.0,H,22.0,9.0,11.0,2.0,11.0,1.0,8.0,11.0,3.0,2.0,0.0,0.0
20/03/16,Sampdoria,Chievo,0.0,1.0,A,16.0,12.0,7.0,6.0,5.0,7.0,19.0,18.0,4.0,3.0,0.0,0.0
20/03/16,Sassuolo,Udinese,1.0,1.0,D,13.0,8.0,1.0,3.0,3.0,3.0,12.0,23.0,2.0,4.0,0.0,0.0
20/03/16,Torino,Juventus,1.0,4.0,A,10.0,14.0,6.0,7.0,2.0,3.0,26.0,19.0,4.0,3.0,0.0,1.0
20/03/16,Verona,Carpi,1.0,2.0,A,8.0,11.0,3.0,5.0,9.0,6.0,22.0,15.0,1.0,3.0,1.0,0.0
02/04/16,Carpi,Sassuolo,1.0,3.0,A,11.0,9.0,1.0,7.0,7.0,5.0,10.0,19.0,3.0,3.0,0.0,0.0
02/04/16,Juventus,Empoli,1.0,0.0,H,19.0,9.0,9.0,3.0,7.0,4.0,20.0,14.0,2.0,2.0,0.0,0.0
03/04/16,Atalanta,Milan,2.0,1.0,H,10.0,12.0,4.0,3.0,8.0,7.0,22.0,13.0,1.0,3.0,0.0,0.0
03/04/16,Chievo,Palermo,3.0,1.0,H,9.0,14.0,4.0,4.0,0.0,2.0,22.0,16.0,2.0,3.0,0.0,0.0
03/04/16,Fiorentina,Sampdoria,1.0,1.0,D,20.0,8.0,8.0,4.0,10.0,3.0,9.0,19.0,1.0,2.0,0.0,1.0
03/04/16,Genoa,Frosinone,4.0,0.0,H,21.0,9.0,9.0,2.0,11.0,4.0,18.0,13.0,1.0,4.0,0.0,0.0
03/04/16,Inter,Torino,1.0,2.0,A,10.0,12.0,2.0,3.0,9.0,2.0,13.0,13.0,1.0,5.0,2.0,0.0
03/04/16,Lazio,Roma,1.0,4.0,A,18.0,17.0,3.0,6.0,10.0,5.0,14.0,9.0,4.0,2.0,1.0,0.0
03/04/16,Udinese,Napoli,3.0,1.0,H,11.0,11.0,6.0,2.0,2.0,6.0,22.0,16.0,4.0,4.0,0.0,1.0
04/04/16,Bologna,Verona,0.0,1.0,A,9.0,4.0,1.0,1.0,10.0,7.0,17.0,14.0,3.0,1.0,0.0,0.0
09/04/16,Chievo,Carpi,1.0,0.0,H,17.0,12.0,3.0,3.0,10.0,6.0,15.0,15.0,2.0,3.0,0.0,0.0
09/04/16,Frosinone,Inter,0.0,1.0,A,15.0,20.0,2.0,3.0,4.0,6.0,19.0,14.0,5.0,2.0,1.0,0.0
09/04/16,Milan,Juventus,1.0,2.0,A,11.0,9.0,5.0,4.0,2.0,2.0,20.0,21.0,4.0,3.0,0.0,0.0
09/04/16,Sassuolo,Genoa,0.0,1.0,A,17.0,9.0,5.0,4.0,11.0,2.0,13.0,20.0,2.0,1.0,0.0,0.0
10/04/16,Empoli,Fiorentina,2.0,0.0,H,7.0,22.0,4.0,5.0,2.0,6.0,17.0,21.0,3.0,4.0,0.0,0.0
10/04/16,Napoli,Verona,3.0,0.0,H,19.0,8.0,6.0,1.0,7.0,7.0,6.0,13.0,2.0,2.0,0.0,1.0
10/04/16,Palermo,Lazio,0.0,3.0,A,7.0,18.0,2.0,8.0,5.0,7.0,13.0,14.0,2.0,3.0,0.0,0.0
10/04/16,Sampdoria,Udinese,2.0,0.0,H,15.0,16.0,5.0,2.0,3.0,12.0,13.0,11.0,4.0,1.0,0.0,0.0
10/04/16,Torino,Atalanta,2.0,1.0,H,5.0,16.0,3.0,7.0,4.0,6.0,18.0,19.0,2.0,3.0,0.0,1.0
11/04/16,Roma,Bologna,1.0,1.0,D,14.0,7.0,5.0,2.0,15.0,3.0,15.0,9.0,1.0,2.0,0.0,0.0
16/04/16,Bologna,Torino,0.0,1.0,A,8.0,6.0,1.0,3.0,4.0,3.0,14.0,16.0,4.0,1.0,0.0,0.0
16/04/16,Carpi,Genoa,4.0,1.0,H,15.0,16.0,10.0,3.0,3.0,7.0,16.0,22.0,4.0,1.0,0.0,1.0
16/04/16,Inter,Napoli,2.0,0.0,H,11.0,10.0,4.0,2.0,6.0,6.0,17.0,11.0,4.0,3.0,0.0,0.0
17/04/16,Atalanta,Roma,3.0,3.0,D,12.0,17.0,4.0,7.0,7.0,6.0,13.0,8.0,4.0,4.0,0.0,0.0
17/04/16,Fiorentina,Sassuolo,3.0,1.0,H,13.0,9.0,4.0,1.0,7.0,6.0,16.0,14.0,1.0,3.0,0.0,0.0
17/04/16,Juventus,Palermo,4.0,0.0,H,16.0,10.0,6.0,4.0,9.0,5.0,14.0,18.0,2.0,3.0,0.0,0.0
17/04/16,Lazio,Empoli,2.0,0.0,H,19.0,6.0,7.0,1.0,5.0,2.0,10.0,9.0,3.0,2.0,0.0,0.0
17/04/16,Sampdoria,Milan,0.0,1.0,A,10.0,14.0,3.0,3.0,5.0,7.0,16.0,14.0,3.0,2.0,0.0,0.0
17/04/16,Udinese,Chievo,0.0,0.0,D,15.0,5.0,3.0,2.0,4.0,2.0,17.0,19.0,2.0,4.0,1.0,1.0
17/04/16,Verona,Frosinone,1.0,2.0,A,14.0,13.0,4.0,2.0,4.0,5.0,23.0,22.0,3.0,3.0,0.0,0.0
19/04/16,Napoli,Bologna,6.0,0.0,H,20.0,5.0,14.0,0.0,8.0,3.0,8.0,13.0,1.0,2.0,0.0,0.0
20/04/16,Chievo,Frosinone,5.0,1.0,H,23.0,9.0,8.0,2.0,6.0,1.0,12.0,13.0,2.0,3.0,0.0,2.0
20/04/16,Empoli,Verona,1.0,0.0,H,12.0,20.0,7.0,6.0,5.0,5.0,16.0,19.0,1.0,3.0,0.0,1.0
20/04/16,Genoa,Inter,1.0,0.0,H,16.0,17.0,5.0,4.0,6.0,5.0,15.0,7.0,2.0,2.0,0.0,0.0
20/04/16,Juventus,Lazio,3.0,0.0,H,19.0,7.0,12.0,1.0,10.0,1.0,7.0,12.0,1.0,1.0,0.0,1.0
20/04/16,Palermo,Atalanta,2.0,2.0,D,15.0,10.0,3.0,4.0,9.0,2.0,23.0,21.0,3.0,3.0,1.0,0.0
20/04/16,Roma,Torino,3.0,2.0,H,20.0,13.0,6.0,5.0,10.0,4.0,13.0,16.0,1.0,3.0,0.0,0.0
20/04/16,Sassuolo,Sampdoria,0.0,0.0,D,23.0,4.0,8.0,2.0,13.0,2.0,13.0,14.0,4.0,3.0,0.0,1.0
20/04/16,Udinese,Fiorentina,2.0,1.0,H,10.0,9.0,3.0,3.0,6.0,4.0,19.0,14.0,2.0,4.0,0.0,0.0
21/04/16,Milan,Carpi,0.0,0.0,D,20.0,6.0,3.0,2.0,4.0,3.0,17.0,15.0,2.0,3.0,0.0,0.0
23/04/16,Inter,Udinese,3.0,1.0,H,25.0,12.0,9.0,5.0,14.0,6.0,7.0,13.0,3.0,2.0,0.0,0.0
24/04/16,Atalanta,Chievo,1.0,0.0,H,11.0,10.0,5.0,2.0,8.0,6.0,12.0,18.0,3.0,2.0,1.0,0.0
24/04/16,Bologna,Genoa,2.0,0.0,H,11.0,5.0,5.0,3.0,7.0,3.0,16.0,17.0,1.0,2.0,0.0,0.0
24/04/16,Fiorentina,Juventus,1.0,2.0,A,21.0,6.0,7.0,3.0,5.0,3.0,10.0,15.0,1.0,3.0,0.0,0.0
24/04/16,Frosinone,Palermo,0.0,2.0,A,16.0,7.0,4.0,2.0,9.0,4.0,17.0,19.0,3.0,3.0,0.0,0.0
24/04/16,Sampdoria,Lazio,2.0,1.0,H,13.0,20.0,7.0,4.0,4.0,12.0,9.0,14.0,2.0,6.0,0.0,0.0
24/04/16,Torino,Sassuolo,1.0,3.0,A,15.0,12.0,3.0,4.0,4.0,4.0,18.0,7.0,2.0,1.0,0.0,0.0
25/04/16,Carpi,Empoli,1.0,0.0,H,16.0,8.0,3.0,3.0,7.0,3.0,23.0,13.0,3.0,4.0,1.0,1.0
25/04/16,Roma,Napoli,1.0,0.0,H,9.0,9.0,3.0,4.0,4.0,5.0,10.0,12.0,2.0,4.0,0.0,0.0
25/04/16,Verona,Milan,2.0,1.0,H,28.0,11.0,12.0,6.0,13.0,6.0,19.0,11.0,1.0,2.0,0.0,0.0
30/04/16,Chievo,Fiorentina,0.0,0.0,D,9.0,21.0,4.0,5.0,2.0,6.0,20.0,13.0,4.0,4.0,0.0,0.0
30/04/16,Udinese,Torino,1.0,5.0,A,13.0,15.0,4.0,6.0,8.0,4.0,14.0,9.0,2.0,2.0,0.0,0.0
01/05/16,Empoli,Bologna,0.0,0.0,D,5.0,16.0,1.0,6.0,0.0,3.0,7.0,14.0,0.0,2.0,0.0,0.0
01/05/16,Juventus,Carpi,2.0,0.0,H,19.0,11.0,3.0,1.0,5.0,2.0,19.0,12.0,6.0,2.0,0.0,0.0
01/05/16,Lazio,Inter,2.0,0.0,H,9.0,15.0,4.0,4.0,1.0,5.0,17.0,11.0,5.0,0.0,0.0,1.0
01/05/16,Milan,Frosinone,3.0,3.0,D,24.0,9.0,11.0,4.0,12.0,2.0,21.0,22.0,2.0,7.0,0.0,0.0
01/05/16,Palermo,Sampdoria,2.0,0.0,H,10.0,8.0,4.0,4.0,3.0,5.0,21.0,23.0,1.0,5.0,0.0,0.0
01/05/16,Sassuolo,Verona,1.0,0.0,H,6.0,16.0,1.0,2.0,2.0,9.0,11.0,21.0,0.0,1.0,0.0,0.0
02/05/16,Genoa,Roma,2.0,3.0,A,14.0,20.0,5.0,8.0,6.0,9.0,9.0,9.0,3.0,3.0,0.0,0.0
02/05/16,Napoli,Atalanta,2.0,1.0,H,18.0,3.0,10.0,1.0,5.0,3.0,13.0,10.0,0.0,2.0,0.0,0.0
07/05/16,Bologna,Milan,0.0,1.0,A,8.0,15.0,1.0,5.0,5.0,9.0,11.0,18.0,3.0,5.0,1.0,0.0
07/05/16,Inter,Empoli,2.0,1.0,H,13.0,14.0,5.0,2.0,4.0,8.0,17.0,10.0,3.0,1.0,0.0,0.0
08/05/16,Atalanta,Udinese,1.0,1.0,D,8.0,4.0,2.0,2.0,3.0,0.0,11.0,18.0,1.0,2.0,0.0,0.0
08/05/16,Carpi,Lazio,1.0,3.0,A,27.0,16.0,9.0,7.0,9.0,5.0,19.0,11.0,5.0,2.0,0.0,2.0
08/05/16,Fiorentina,Palermo,0.0,0.0,D,21.0,4.0,4.0,0.0,7.0,1.0,16.0,20.0,3.0,4.0,0.0,0.0
08/05/16,Frosinone,Sassuolo,0.0,1.0,A,18.0,21.0,4.0,5.0,2.0,8.0,16.0,20.0,4.0,4.0,0.0,0.0
08/05/16,Roma,Chievo,3.0,0.0,H,23.0,11.0,11.0,4.0,7.0,2.0,15.0,8.0,1.0,3.0,0.0,0.0
08/05/16,Sampdoria,Genoa,0.0,3.0,A,12.0,18.0,3.0,7.0,4.0,4.0,20.0,20.0,5.0,4.0,0.0,0.0
08/05/16,Torino,Napoli,1.0,2.0,A,7.0,15.0,2.0,6.0,1.0,3.0,23.0,5.0,3.0,1.0,1.0,0.0
08/05/16,Verona,Juventus,2.0,1.0,H,12.0,16.0,4.0,5.0,3.0,6.0,21.0,13.0,3.0,2.0,0.0,1.0
14/05/16,Juventus,Sampdoria,5.0,0.0,H,24.0,7.0,12.0,1.0,13.0,2.0,16.0,4.0,3.0,1.0,0.0,1.0
14/05/16,Milan,Roma,1.0,3.0,A,14.0,16.0,6.0,9.0,4.0,1.0,13.0,7.0,4.0,0.0,0.0,0.0
14/05/16,Napoli,Frosinone,4.0,0.0,H,33.0,9.0,12.0,2.0,16.0,0.0,9.0,7.0,1.0,1.0,0.0,1.0
14/05/16,Sassuolo,Inter,3.0,1.0,H,9.0,10.0,3.0,6.0,5.0,7.0,8.0,12.0,3.0,3.0,0.0,1.0
15/05/16,Chievo,Bologna,0.0,0.0,D,5.0,16.0,0.0,4.0,5.0,7.0,16.0,15.0,2.0,1.0,0.0,0.0
15/05/16,Empoli,Torino,2.0,1.0,H,10.0,18.0,3.0,5.0,3.0,4.0,12.0,12.0,2.0,1.0,0.0,0.0
15/05/16,Genoa,Atalanta,1.0,2.0,A,11.0,13.0,2.0,4.0,8.0,5.0,19.0,14.0,3.0,3.0,0.0,0.0
15/05/16,Lazio,Fiorentina,2.0,4.0,A,16.0,16.0,6.0,5.0,6.0,4.0,8.0,10.0,0.0,1.0,0.0,0.0
15/05/16,Palermo,Verona,3.0,2.0,H,5.0,14.0,3.0,4.0,4.0,4.0,18.0,19.0,2.0,2.0,1.0,1.0
15/05/16,Udinese,Carpi,1.0,2.0,A,15.0,10.0,5.0,5.0,6.0,3.0,14.0,17.0,3.0,3.0,1.0,0.0
20/08/16,Juventus,Fiorentina,2.0,1.0,H,19.0,4.0,4.0,1.0,3.0,1.0,11.0,16.0,1.0,3.0,0.0,0.0
20/08/16,Roma,Udinese,4.0,0.0,H,25.0,11.0,9.0,1.0,10.0,5.0,8.0,14.0,0.0,2.0,0.0,0.0
21/08/16,Atalanta,Lazio,3.0,4.0,A,19.0,11.0,6.0,6.0,7.0,2.0,5.0,16.0,2.0,2.0,0.0,0.0
21/08/16,Bologna,Crotone,1.0,0.0,H,20.0,5.0,6.0,0.0,5.0,3.0,7.0,17.0,1.0,1.0,0.0,0.0
21/08/16,Chievo,Inter,2.0,0.0,H,12.0,13.0,4.0,3.0,4.0,8.0,15.0,13.0,2.0,4.0,0.0,0.0
21/08/16,Empoli,Sampdoria,0.0,1.0,A,8.0,15.0,3.0,5.0,2.0,5.0,17.0,32.0,3.0,4.0,1.0,0.0
21/08/16,Genoa,Cagliari,3.0,1.0,H,22.0,4.0,6.0,3.0,6.0,1.0,13.0,10.0,4.0,3.0,0.0,0.0
21/08/16,Milan,Torino,3.0,2.0,H,11.0,20.0,5.0,4.0,10.0,10.0,13.0,20.0,0.0,3.0,1.0,0.0
21/08/16,Palermo,Sassuolo,0.0,1.0,A,7.0,22.0,2.0,8.0,4.0,8.0,19.0,15.0,1.0,2.0,1.0,0.0
21/08/16,Pescara,Napoli,2.0,2.0,D,9.0,22.0,3.0,4.0,3.0,9.0,10.0,12.0,3.0,2.0,0.0,0.0
27/08/16,Lazio,Juventus,0.0,1.0,A,6.0,13.0,1.0,5.0,4.0,2.0,16.0,5.0,1.0,2.0,0.0,0.0
27/08/16,Napoli,Milan,4.0,2.0,H,17.0,12.0,8.0,3.0,9.0,4.0,13.0,15.0,5.0,4.0,0.0,2.0
28/08/16,Cagliari,Roma,2.0,2.0,D,17.0,21.0,5.0,7.0,4.0,3.0,21.0,9.0,3.0,1.0,0.0,0.0
28/08/16,Crotone,Genoa,1.0,3.0,A,11.0,18.0,3.0,8.0,1.0,6.0,16.0,17.0,2.0,2.0,0.0,0.0
28/08/16,Fiorentina,Chievo,1.0,0.0,H,13.0,9.0,3.0,2.0,4.0,4.0,8.0,16.0,0.0,2.0,0.0,0.0
28/08/16,Inter,Palermo,1.0,1.0,D,22.0,7.0,5.0,3.0,8.0,4.0,16.0,24.0,1.0,5.0,0.0,0.0
28/08/16,Sampdoria,Atalanta,2.0,1.0,H,8.0,7.0,4.0,1.0,3.0,1.0,13.0,16.0,1.0,4.0,0.0,1.0
28/08/16,Sassuolo,Pescara,0.0,3.0,A,13.0,15.0,3.0,5.0,2.0,7.0,12.0,21.0,2.0,2.0,0.0,0.0
28/08/16,Torino,Bologna,5.0,1.0,H,20.0,10.0,11.0,2.0,6.0,3.0,14.0,12.0,1.0,2.0,0.0,0.0
28/08/16,Udinese,Empoli,2.0,0.0,H,11.0,13.0,3.0,4.0,4.0,5.0,15.0,19.0,3.0,3.0,0.0,1.0
10/09/16,Juventus,Sassuolo,3.0,1.0,H,23.0,9.0,10.0,3.0,14.0,5.0,10.0,12.0,1.0,2.0,0.0,0.0
10/09/16,Palermo,Napoli,0.0,3.0,A,5.0,17.0,1.0,7.0,2.0,4.0,14.0,7.0,0.0,0.0,0.0,0.0
11/09/16,Atalanta,Torino,2.0,1.0,H,22.0,14.0,3.0,7.0,4.0,4.0,16.0,20.0,2.0,2.0,0.0,0.0
11/09/16,Bologna,Cagliari,2.0,1.0,H,17.0,11.0,10.0,5.0,9.0,4.0,13.0,9.0,1.0,3.0,0.0,1.0
11/09/16,Chievo,Lazio,1.0,1.0,D,7.0,11.0,4.0,3.0,2.0,1.0,14.0,15.0,2.0,5.0,0.0,0.0
11/09/16,Milan,Udinese,0.0,1.0,A,14.0,10.0,2.0,2.0,8.0,8.0,10.0,9.0,1.0,5.0,0.0,0.0
11/09/16,Pescara,Inter,1.0,2.0,A,10.0,22.0,5.0,7.0,3.0,13.0,14.0,10.0,1.0,1.0,0.0,0.0
11/09/16,Roma,Sampdoria,3.0,2.0,H,24.0,12.0,8.0,7.0,11.0,7.0,12.0,13.0,3.0,2.0,0.0,0.0
12/09/16,Empoli,Crotone,2.0,1.0,H,13.0,6.0,5.0,2.0,5.0,0.0,16.0,20.0,1.0,1.0,0.0,1.0
16/09/16,Sampdoria,Milan,0.0,1.0,A,12.0,10.0,3.0,3.0,8.0,5.0,12.0,16.0,2.0,3.0,0.0,0.0
17/09/16,Lazio,Pescara,3.0,0.0,H,23.0,10.0,11.0,3.0,11.0,2.0,12.0,14.0,2.0,2.0,0.0,0.0
17/09/16,Napoli,Bologna,3.0,1.0,H,21.0,9.0,10.0,3.0,6.0,3.0,11.0,7.0,0.0,1.0,0.0,1.0
18/09/16,Cagliari,Atalanta,3.0,0.0,H,12.0,7.0,9.0,2.0,3.0,4.0,10.0,19.0,2.0,2.0,0.0,0.0
18/09/16,Crotone,Palermo,1.0,1.0,D,11.0,12.0,1.0,5.0,3.0,7.0,19.0,9.0,3.0,2.0,0.0,0.0
18/09/16,Fiorentina,Roma,1.0,0.0,H,8.0,14.0,4.0,3.0,5.0,6.0,10.0,11.0,1.0,1.0,0.0,0.0
18/09/16,Inter,Juventus,2.0,1.0,H,16.0,9.0,3.0,2.0,5.0,4.0,13.0,18.0,2.0,3.0,1.0,0.0
18/09/16,Sassuolo,Genoa,2.0,0.0,H,11.0,17.0,6.0,5.0,3.0,8.0,15.0,17.0,0.0,2.0,0.0,1.0
18/09/16,Torino,Empoli,0.0,0.0,D,15.0,5.0,5.0,2.0,8.0,5.0,19.0,7.0,4.0,3.0,0.0,0.0
18/09/16,Udinese,Chievo,1.0,2.0,A,8.0,20.0,4.0,6.0,5.0,7.0,16.0,9.0,3.0,4.0,0.0,0.0
20/09/16,Milan,Lazio,2.0,0.0,H,17.0,20.0,8.0,5.0,3.0,8.0,16.0,12.0,1.0,4.0,0.0,0.0
21/09/16,Atalanta,Palermo,0.0,1.0,A,16.0,7.0,4.0,2.0,7.0,5.0,20.0,12.0,3.0,2.0,0.0,0.0
21/09/16,Bologna,Sampdoria,2.0,0.0,H,11.0,10.0,4.0,3.0,2.0,4.0,16.0,12.0,1.0,3.0,1.0,1.0
21/09/16,Chievo,Sassuolo,2.0,1.0,H,5.0,7.0,3.0,2.0,7.0,9.0,14.0,15.0,2.0,1.0,0.0,0.0
21/09/16,Empoli,Inter,0.0,2.0,A,9.0,13.0,3.0,4.0,5.0,4.0,14.0,15.0,1.0,4.0,0.0,0.0
21/09/16,Genoa,Napoli,0.0,0.0,D,12.0,14.0,5.0,3.0,5.0,8.0,16.0,11.0,4.0,2.0,0.0,0.0
21/09/16,Juventus,Cagliari,4.0,0.0,H,28.0,2.0,13.0,0.0,9.0,0.0,19.0,12.0,1.0,3.0,0.0,0.0
21/09/16,Pescara,Torino,0.0,0.0,D,19.0,11.0,4.0,3.0,9.0,4.0,13.0,15.0,3.0,2.0,0.0,2.0
21/09/16,Roma,Crotone,4.0,0.0,H,20.0,11.0,7.0,3.0,11.0,5.0,12.0,7.0,0.0,1.0,0.0,0.0
21/09/16,Udinese,Fiorentina,2.0,2.0,D,15.0,7.0,5.0,3.0,4.0,3.0,16.0,15.0,1.0,3.0,0.0,0.0
24/09/16,Napoli,Chievo,2.0,0.0,H,13.0,7.0,5.0,2.0,4.0,2.0,12.0,16.0,2.0,4.0,0.0,0.0
24/09/16,Palermo,Juventus,0.0,1.0,A,4.0,15.0,2.0,7.0,2.0,9.0,16.0,10.0,3.0,3.0,0.0,0.0
25/09/16,Fiorentina,Milan,0.0,0.0,D,20.0,12.0,5.0,1.0,6.0,3.0,10.0,12.0,2.0,4.0,0.0,0.0
25/09/16,Genoa,Pescara,1.0,1.0,D,8.0,12.0,4.0,4.0,1.0,5.0,22.0,10.0,2.0,3.0,2.0,0.0
25/09/16,Inter,Bologna,1.0,1.0,D,22.0,8.0,6.0,3.0,8.0,4.0,12.0,7.0,0.0,4.0,0.0,0.0
25/09/16,Lazio,Empoli,2.0,0.0,H,12.0,9.0,3.0,3.0,5.0,6.0,14.0,7.0,2.0,2.0,0.0,0.0
25/09/16,Sassuolo,Udinese,1.0,0.0,H,12.0,11.0,5.0,3.0,6.0,9.0,14.0,12.0,3.0,2.0,0.0,0.0
25/09/16,Torino,Roma,3.0,1.0,H,18.0,21.0,9.0,5.0,7.0,13.0,15.0,12.0,1.0,4.0,0.0,0.0
26/09/16,Cagliari,Sampdoria,2.0,1.0,H,9.0,18.0,3.0,2.0,3.0,10.0,16.0,15.0,2.0,3.0,0.0,0.0
26/09/16,Crotone,Atalanta,1.0,3.0,A,10.0,12.0,3.0,8.0,6.0,3.0,21.0,14.0,3.0,1.0,0.0,1.0
01/10/16,Pescara,Chievo,0.0,2.0,A,11.0,15.0,2.0,4.0,11.0,5.0,11.0,14.0,1.0,3.0,0.0,0.0
01/10/16,Udinese,Lazio,0.0,3.0,A,15.0,15.0,3.0,5.0,5.0,9.0,4.0,12.0,2.0,1.0,0.0,0.0
02/10/16,Atalanta,Napoli,1.0,0.0,H,10.0,13.0,4.0,3.0,4.0,12.0,11.0,13.0,3.0,3.0,0.0,0.0
02/10/16,Bologna,Genoa,0.0,1.0,A,6.0,13.0,3.0,4.0,7.0,3.0,8.0,22.0,1.0,3.0,2.0,1.0
02/10/16,Cagliari,Crotone,2.0,1.0,H,14.0,22.0,9.0,8.0,6.0,14.0,14.0,14.0,0.0,4.0,0.0,0.0
02/10/16,Empoli,Juventus,0.0,3.0,A,6.0,26.0,3.0,11.0,5.0,7.0,21.0,20.0,2.0,1.0,0.0,0.0
02/10/16,Milan,Sassuolo,4.0,3.0,H,15.0,7.0,6.0,5.0,5.0,4.0,10.0,10.0,1.0,5.0,0.0,0.0
02/10/16,Roma,Inter,2.0,1.0,H,19.0,17.0,8.0,5.0,3.0,10.0,9.0,17.0,1.0,2.0,0.0,0.0
02/10/16,Sampdoria,Palermo,1.0,1.0,D,23.0,4.0,7.0,2.0,7.0,1.0,9.0,18.0,2.0,5.0,0.0,1.0
02/10/16,Torino,Fiorentina,2.0,1.0,H,18.0,13.0,5.0,5.0,6.0,8.0,15.0,12.0,1.0,2.0,0.0,0.0
15/10/16,Juventus,Udinese,2.0,1.0,H,15.0,8.0,5.0,4.0,4.0,7.0,11.0,11.0,1.0,2.0,0.0,0.0
15/10/16,Napoli,Roma,1.0,3.0,A,21.0,14.0,5.0,6.0,9.0,1.0,5.0,16.0,2.0,3.0,0.0,0.0
15/10/16,Pescara,Sampdoria,1.0,1.0,D,10.0,22.0,7.0,9.0,8.0,8.0,9.0,12.0,1.0,1.0,1.0,0.0
16/10/16,Chievo,Milan,1.0,3.0,A,8.0,16.0,5.0,5.0,7.0,2.0,17.0,13.0,3.0,2.0,0.0,0.0
16/10/16,Fiorentina,Atalanta,0.0,0.0,D,17.0,13.0,6.0,3.0,7.0,6.0,14.0,17.0,3.0,3.0,0.0,0.0
16/10/16,Genoa,Empoli,0.0,0.0,D,8.0,2.0,3.0,1.0,3.0,2.0,17.0,17.0,0.0,4.0,1.0,0.0
16/10/16,Inter,Cagliari,1.0,2.0,A,17.0,11.0,4.0,6.0,10.0,6.0,10.0,12.0,1.0,5.0,0.0,0.0
16/10/16,Lazio,Bologna,1.0,1.0,D,25.0,9.0,8.0,4.0,18.0,0.0,13.0,16.0,4.0,3.0,0.0,0.0
16/10/16,Sassuolo,Crotone,2.0,1.0,H,22.0,8.0,9.0,1.0,15.0,1.0,10.0,22.0,1.0,3.0,0.0,0.0
17/10/16,Palermo,Torino,1.0,4.0,A,16.0,15.0,3.0,7.0,10.0,6.0,15.0,23.0,4.0,2.0,0.0,0.0
22/10/16,Milan,Juventus,1.0,0.0,H,8.0,22.0,2.0,3.0,5.0,9.0,19.0,14.0,4.0,3.0,0.0,0.0
22/10/16,Sampdoria,Genoa,2.0,1.0,H,14.0,10.0,7.0,5.0,5.0,6.0,12.0,15.0,2.0,3.0,0.0,0.0
23/10/16,Atalanta,Inter,2.0,1.0,H,11.0,7.0,8.0,4.0,4.0,0.0,19.0,11.0,2.0,1.0,0.0,0.0
23/10/16,Bologna,Sassuolo,1.0,1.0,D,14.0,8.0,4.0,3.0,7.0,11.0,11.0,13.0,0.0,1.0,0.0,0.0
23/10/16,Cagliari,Fiorentina,3.0,5.0,A,10.0,16.0,5.0,8.0,4.0,7.0,19.0,7.0,2.0,2.0,0.0,0.0
23/10/16,Crotone,Napoli,1.0,2.0,A,12.0,13.0,4.0,8.0,7.0,7.0,20.0,8.0,2.0,0.0,0.0,1.0
23/10/16,Empoli,Chievo,0.0,0.0,D,8.0,13.0,3.0,2.0,6.0,3.0,16.0,28.0,3.0,3.0,0.0,1.0
23/10/16,Roma,Palermo,4.0,1.0,H,18.0,7.0,7.0,3.0,4.0,4.0,11.0,14.0,3.0,2.0,0.0,0.0
23/10/16,Torino,Lazio,2.0,2.0,D,16.0,14.0,4.0,6.0,4.0,6.0,12.0,14.0,2.0,2.0,0.0,0.0
23/10/16,Udinese,Pescara,3.0,1.0,H,9.0,16.0,4.0,3.0,6.0,3.0,12.0,9.0,2.0,1.0,0.0,0.0
25/10/16,Genoa,Milan,3.0,0.0,H,8.0,13.0,3.0,3.0,5.0,4.0,15.0,9.0,3.0,0.0,0.0,1.0
26/10/16,Chievo,Bologna,1.0,1.0,D,10.0,8.0,3.0,4.0,6.0,4.0,18.0,14.0,0.0,4.0,0.0,0.0
26/10/16,Fiorentina,Crotone,1.0,1.0,D,26.0,4.0,11.0,2.0,14.0,1.0,15.0,16.0,1.0,2.0,0.0,0.0
26/10/16,Inter,Torino,2.0,1.0,H,22.0,7.0,6.0,2.0,2.0,10.0,14.0,18.0,0.0,4.0,0.0,0.0
26/10/16,Juventus,Sampdoria,4.0,1.0,H,13.0,8.0,7.0,3.0,5.0,2.0,6.0,16.0,0.0,3.0,0.0,0.0
26/10/16,Lazio,Cagliari,4.0,1.0,H,19.0,14.0,12.0,5.0,4.0,10.0,6.0,6.0,2.0,3.0,0.0,0.0
26/10/16,Napoli,Empoli,2.0,0.0,H,35.0,7.0,10.0,2.0,11.0,8.0,7.0,9.0,1.0,2.0,0.0,0.0
26/10/16,Pescara,Atalanta,0.0,1.0,A,5.0,13.0,0.0,3.0,2.0,8.0,18.0,22.0,3.0,3.0,0.0,0.0
26/10/16,Sassuolo,Roma,1.0,3.0,A,16.0,16.0,3.0,5.0,5.0,11.0,12.0,10.0,3.0,0.0,0.0,0.0
27/10/16,Palermo,Udinese,1.0,3.0,A,11.0,11.0,2.0,7.0,3.0,4.0,15.0,15.0,2.0,2.0,1.0,0.0
29/10/16,Bologna,Fiorentina,0.0,1.0,A,5.0,12.0,2.0,5.0,2.0,5.0,8.0,17.0,3.0,3.0,1.0,0.0
29/10/16,Juventus,Napoli,2.0,1.0,H,10.0,12.0,3.0,2.0,3.0,4.0,11.0,10.0,4.0,1.0,0.0,0.0
30/10/16,Atalanta,Genoa,3.0,0.0,H,15.0,10.0,9.0,2.0,3.0,3.0,12.0,14.0,1.0,2.0,0.0,0.0
30/10/16,Crotone,Chievo,2.0,0.0,H,9.0,16.0,7.0,3.0,4.0,5.0,19.0,21.0,1.0,2.0,0.0,0.0
30/10/16,Empoli,Roma,0.0,0.0,D,8.0,23.0,3.0,5.0,4.0,8.0,18.0,13.0,6.0,3.0,0.0,0.0
30/10/16,Lazio,Sassuolo,2.0,1.0,H,14.0,14.0,6.0,5.0,10.0,4.0,17.0,11.0,2.0,1.0,0.0,0.0
30/10/16,Milan,Pescara,1.0,0.0,H,18.0,14.0,9.0,6.0,5.0,5.0,11.0,14.0,1.0,2.0,0.0,0.0
30/10/16,Sampdoria,Inter,1.0,0.0,H,9.0,14.0,3.0,3.0,4.0,5.0,15.0,14.0,1.0,3.0,0.0,0.0
31/10/16,Cagliari,Palermo,2.0,1.0,H,8.0,12.0,4.0,3.0,2.0,4.0,19.0,16.0,5.0,3.0,0.0,0.0
31/10/16,Udinese,Torino,2.0,2.0,D,16.0,13.0,5.0,3.0,4.0,4.0,13.0,19.0,2.0,3.0,0.0,0.0
05/11/16,Napoli,Lazio,1.0,1.0,D,18.0,7.0,8.0,3.0,9.0,2.0,12.0,15.0,0.0,2.0,0.0,0.0
05/11/16,Torino,Cagliari,5.0,1.0,H,23.0,10.0,9.0,7.0,5.0,4.0,15.0,10.0,1.0,2.0,0.0,1.0
06/11/16,Chievo,Juventus,1.0,2.0,A,9.0,17.0,2.0,6.0,2.0,4.0,20.0,14.0,5.0,4.0,0.0,0.0
06/11/16,Fiorentina,Sampdoria,1.0,1.0,D,20.0,17.0,5.0,6.0,11.0,2.0,18.0,14.0,3.0,2.0,0.0,0.0
06/11/16,Genoa,Udinese,1.0,1.0,D,16.0,10.0,4.0,3.0,3.0,1.0,15.0,12.0,2.0,1.0,0.0,0.0
06/11/16,Inter,Crotone,3.0,0.0,H,25.0,4.0,9.0,0.0,18.0,4.0,9.0,10.0,1.0,2.0,0.0,0.0
06/11/16,Palermo,Milan,1.0,2.0,A,15.0,12.0,7.0,6.0,6.0,5.0,23.0,14.0,2.0,1.0,0.0,0.0
06/11/16,Pescara,Empoli,0.0,4.0,A,22.0,9.0,7.0,6.0,8.0,1.0,15.0,11.0,2.0,2.0,0.0,0.0
06/11/16,Roma,Bologna,3.0,0.0,H,22.0,13.0,8.0,5.0,3.0,6.0,18.0,9.0,1.0,0.0,0.0,0.0
06/11/16,Sassuolo,Atalanta,0.0,3.0,A,15.0,15.0,3.0,8.0,3.0,7.0,10.0,19.0,4.0,2.0,0.0,0.0
19/11/16,Chievo,Cagliari,1.0,0.0,H,12.0,11.0,2.0,2.0,5.0,9.0,17.0,18.0,3.0,3.0,0.0,0.0
19/11/16,Juventus,Pescara,3.0,0.0,H,14.0,9.0,5.0,3.0,5.0,1.0,11.0,15.0,0.0,2.0,0.0,0.0
19/11/16,Udinese,Napoli,1.0,2.0,A,7.0,10.0,3.0,4.0,4.0,7.0,9.0,7.0,1.0,0.0,0.0,0.0
20/11/16,Atalanta,Roma,2.0,1.0,H,21.0,9.0,6.0,5.0,10.0,6.0,15.0,14.0,1.0,2.0,0.0,0.0
20/11/16,Bologna,Palermo,3.0,1.0,H,8.0,8.0,4.0,4.0,4.0,6.0,15.0,15.0,1.0,1.0,0.0,0.0
20/11/16,Crotone,Torino,0.0,2.0,A,15.0,16.0,5.0,4.0,6.0,5.0,11.0,6.0,1.0,1.0,0.0,0.0
20/11/16,Empoli,Fiorentina,0.0,4.0,A,13.0,24.0,6.0,13.0,5.0,4.0,7.0,12.0,1.0,3.0,0.0,0.0
20/11/16,Lazio,Genoa,3.0,1.0,H,16.0,12.0,4.0,3.0,3.0,5.0,14.0,20.0,1.0,3.0,0.0,1.0
20/11/16,Milan,Inter,2.0,2.0,D,10.0,21.0,4.0,6.0,1.0,8.0,16.0,14.0,2.0,4.0,0.0,0.0
20/11/16,Sampdoria,Sassuolo,3.0,2.0,H,22.0,11.0,8.0,5.0,9.0,1.0,17.0,17.0,4.0,3.0,0.0,0.0
26/11/16,Empoli,Milan,1.0,4.0,A,15.0,16.0,4.0,6.0,2.0,6.0,11.0,17.0,2.0,3.0,0.0,0.0
26/11/16,Torino,Chievo,2.0,1.0,H,16.0,10.0,4.0,3.0,10.0,2.0,13.0,10.0,2.0,1.0,0.0,1.0
27/11/16,Bologna,Atalanta,0.0,2.0,A,9.0,14.0,2.0,2.0,6.0,9.0,15.0,12.0,5.0,2.0,0.0,0.0
27/11/16,Cagliari,Udinese,2.0,1.0,H,7.0,20.0,3.0,5.0,3.0,4.0,16.0,19.0,4.0,3.0,0.0,0.0
27/11/16,Crotone,Sampdoria,1.0,1.0,D,9.0,15.0,3.0,6.0,2.0,6.0,17.0,15.0,3.0,0.0,0.0,0.0
27/11/16,Genoa,Juventus,3.0,1.0,H,12.0,12.0,6.0,2.0,3.0,6.0,26.0,8.0,3.0,2.0,0.0,0.0
27/11/16,Palermo,Lazio,0.0,1.0,A,17.0,18.0,4.0,6.0,4.0,5.0,11.0,18.0,3.0,1.0,1.0,0.0
27/11/16,Roma,Pescara,3.0,2.0,H,14.0,14.0,7.0,7.0,8.0,7.0,20.0,21.0,3.0,3.0,0.0,0.0
28/11/16,Inter,Fiorentina,4.0,2.0,H,22.0,12.0,9.0,6.0,7.0,2.0,28.0,15.0,5.0,3.0,0.0,1.0
28/11/16,Napoli,Sassuolo,1.0,1.0,D,20.0,4.0,6.0,1.0,9.0,3.0,14.0,12.0,3.0,4.0,0.0,0.0
02/12/16,Napoli,Inter,3.0,0.0,H,19.0,18.0,11.0,6.0,5.0,7.0,7.0,12.0,2.0,3.0,0.0,0.0
03/12/16,Juventus,Atalanta,3.0,1.0,H,12.0,7.0,7.0,2.0,6.0,4.0,25.0,18.0,3.0,2.0,0.0,0.0
04/12/16,Fiorentina,Palermo,2.0,1.0,H,19.0,7.0,7.0,2.0,7.0,6.0,16.0,22.0,2.0,2.0,0.0,0.0
04/12/16,Lazio,Roma,0.0,2.0,A,11.0,7.0,2.0,4.0,6.0,3.0,21.0,14.0,4.0,3.0,1.0,0.0
04/12/16,Milan,Crotone,2.0,1.0,H,12.0,9.0,4.0,5.0,7.0,4.0,22.0,19.0,4.0,4.0,0.0,0.0
04/12/16,Pescara,Cagliari,1.0,1.0,D,19.0,6.0,2.0,2.0,8.0,2.0,20.0,18.0,2.0,2.0,0.0,1.0
04/12/16,Sampdoria,Torino,2.0,0.0,H,13.0,14.0,2.0,3.0,5.0,2.0,10.0,20.0,1.0,4.0,0.0,0.0
04/12/16,Sassuolo,Empoli,3.0,0.0,H,12.0,14.0,6.0,3.0,2.0,7.0,20.0,10.0,4.0,6.0,0.0,0.0
05/12/16,Chievo,Genoa,0.0,0.0,D,7.0,9.0,2.0,0.0,5.0,8.0,9.0,19.0,2.0,3.0,0.0,0.0
05/12/16,Udinese,Bologna,1.0,0.0,H,19.0,7.0,9.0,1.0,5.0,0.0,10.0,17.0,3.0,0.0,0.0,1.0
10/12/16,Crotone,Pescara,2.0,1.0,H,8.0,6.0,4.0,3.0,1.0,4.0,18.0,20.0,1.0,3.0,1.0,1.0
10/12/16,Sampdoria,Lazio,1.0,2.0,A,10.0,10.0,5.0,7.0,2.0,5.0,9.0,15.0,2.0,4.0,0.0,0.0
11/12/16,Atalanta,Udinese,1.0,3.0,A,18.0,6.0,9.0,3.0,11.0,0.0,11.0,12.0,1.0,2.0,0.0,0.0
11/12/16,Bologna,Empoli,0.0,0.0,D,22.0,3.0,3.0,1.0,7.0,2.0,14.0,17.0,2.0,4.0,0.0,0.0
11/12/16,Cagliari,Napoli,0.0,5.0,A,6.0,23.0,3.0,11.0,2.0,10.0,17.0,10.0,4.0,3.0,0.0,0.0
11/12/16,Inter,Genoa,2.0,0.0,H,13.0,10.0,3.0,4.0,5.0,5.0,13.0,18.0,1.0,2.0,0.0,0.0
11/12/16,Palermo,Chievo,0.0,2.0,A,15.0,9.0,3.0,3.0,8.0,3.0,10.0,16.0,1.0,1.0,0.0,0.0
11/12/16,Torino,Juventus,1.0,3.0,A,9.0,17.0,2.0,8.0,4.0,3.0,23.0,19.0,1.0,2.0,0.0,0.0
12/12/16,Fiorentina,Sassuolo,2.0,1.0,H,14.0,16.0,6.0,5.0,5.0,5.0,23.0,12.0,3.0,1.0,0.0,0.0
12/12/16,Roma,Milan,1.0,0.0,H,14.0,8.0,4.0,4.0,8.0,4.0,13.0,23.0,1.0,2.0,0.0,0.0
15/12/16,Genoa,Fiorentina,1.0,0.0,H,9.0,9.0,4.0,3.0,4.0,3.0,24.0,14.0,3.0,2.0,0.0,0.0
17/12/16,Empoli,Cagliari,2.0,0.0,H,7.0,9.0,2.0,2.0,3.0,2.0,23.0,17.0,6.0,5.0,0.0,0.0
17/12/16,Juventus,Roma,1.0,0.0,H,7.0,10.0,6.0,2.0,5.0,8.0,16.0,17.0,3.0,5.0,0.0,0.0
17/12/16,Milan,Atalanta,0.0,0.0,D,11.0,14.0,3.0,4.0,6.0,3.0,23.0,28.0,3.0,6.0,0.0,0.0
18/12/16,Chievo,Sampdoria,2.0,1.0,H,13.0,21.0,5.0,6.0,3.0,10.0,10.0,15.0,1.0,2.0,0.0,0.0
18/12/16,Genoa,Palermo,3.0,4.0,A,14.0,13.0,6.0,4.0,5.0,5.0,14.0,18.0,3.0,5.0,1.0,0.0
18/12/16,Lazio,Fiorentina,3.0,1.0,H,11.0,13.0,5.0,6.0,5.0,5.0,16.0,20.0,1.0,5.0,0.0,0.0
18/12/16,Napoli,Torino,5.0,3.0,H,21.0,10.0,10.0,5.0,4.0,3.0,6.0,14.0,0.0,3.0,0.0,0.0
18/12/16,Pescara,Bologna,0.0,3.0,A,7.0,18.0,1.0,8.0,1.0,7.0,13.0,16.0,1.0,2.0,1.0,0.0
18/12/16,Sassuolo,Inter,0.0,1.0,A,11.0,20.0,4.0,6.0,3.0,8.0,14.0,18.0,1.0,3.0,0.0,1.0
18/12/16,Udinese,Crotone,2.0,0.0,H,14.0,9.0,8.0,4.0,5.0,4.0,10.0,19.0,0.0,4.0,0.0,1.0
20/12/16,Atalanta,Empoli,2.0,1.0,H,30.0,3.0,10.0,1.0,14.0,2.0,16.0,10.0,3.0,4.0,0.0,0.0
21/12/16,Inter,Lazio,3.0,0.0,H,11.0,10.0,6.0,4.0,6.0,3.0,15.0,11.0,2.0,2.0,0.0,0.0
22/12/16,Cagliari,Sassuolo,4.0,3.0,H,18.0,12.0,10.0,4.0,5.0,4.0,13.0,18.0,3.0,3.0,0.0,1.0
22/12/16,Fiorentina,Napoli,3.0,3.0,D,15.0,9.0,5.0,8.0,3.0,2.0,14.0,7.0,5.0,3.0,0.0,0.0
22/12/16,Palermo,Pescara,1.0,1.0,D,5.0,11.0,2.0,2.0,1.0,8.0,14.0,16.0,4.0,5.0,0.0,0.0
22/12/16,Roma,Chievo,3.0,1.0,H,25.0,6.0,9.0,2.0,9.0,1.0,9.0,13.0,0.0,2.0,0.0,0.0
22/12/16,Sampdoria,Udinese,0.0,0.0,D,14.0,11.0,3.0,3.0,6.0,2.0,11.0,10.0,1.0,1.0,0.0,0.0
22/12/16,Torino,Genoa,1.0,0.0,H,10.0,15.0,5.0,4.0,5.0,13.0,19.0,13.0,2.0,4.0,0.0,0.0
07/01/17,Empoli,Palermo,1.0,0.0,H,6.0,13.0,2.0,4.0,6.0,2.0,13.0,17.0,1.0,3.0,0.0,0.0
07/01/17,Napoli,Sampdoria,2.0,1.0,H,23.0,9.0,9.0,2.0,9.0,3.0,15.0,16.0,1.0,0.0,0.0,1.0
08/01/17,Chievo,Atalanta,1.0,4.0,A,7.0,18.0,2.0,7.0,4.0,3.0,21.0,14.0,1.0,1.0,0.0,0.0
08/01/17,Genoa,Roma,0.0,1.0,A,10.0,16.0,4.0,3.0,2.0,8.0,12.0,13.0,2.0,4.0,0.0,0.0
08/01/17,Juventus,Bologna,3.0,0.0,H,12.0,7.0,4.0,2.0,6.0,2.0,11.0,13.0,1.0,2.0,0.0,0.0
08/01/17,Lazio,Crotone,1.0,0.0,H,22.0,2.0,5.0,1.0,14.0,0.0,15.0,11.0,2.0,2.0,0.0,0.0
08/01/17,Milan,Cagliari,1.0,0.0,H,29.0,7.0,4.0,1.0,11.0,3.0,6.0,12.0,0.0,1.0,0.0,1.0
08/01/17,Sassuolo,Torino,0.0,0.0,D,7.0,24.0,2.0,1.0,1.0,8.0,17.0,18.0,2.0,3.0,0.0,0.0
08/01/17,Udinese,Inter,1.0,2.0,A,12.0,9.0,3.0,4.0,3.0,7.0,19.0,12.0,3.0,2.0,0.0,0.0
14/01/17,Crotone,Bologna,0.0,1.0,A,17.0,14.0,6.0,7.0,6.0,5.0,14.0,14.0,2.0,4.0,0.0,0.0
14/01/17,Inter,Chievo,3.0,1.0,H,31.0,5.0,14.0,4.0,12.0,2.0,12.0,16.0,0.0,3.0,0.0,0.0
15/01/17,Cagliari,Genoa,4.0,1.0,H,19.0,12.0,12.0,4.0,3.0,14.0,8.0,13.0,3.0,2.0,1.0,0.0
15/01/17,Fiorentina,Juventus,2.0,1.0,H,17.0,11.0,6.0,4.0,3.0,7.0,22.0,20.0,3.0,5.0,0.0,0.0
15/01/17,Lazio,Atalanta,2.0,1.0,H,21.0,9.0,5.0,3.0,7.0,3.0,17.0,18.0,5.0,2.0,0.0,0.0
15/01/17,Napoli,Pescara,3.0,1.0,H,23.0,8.0,10.0,2.0,6.0,2.0,10.0,14.0,1.0,3.0,0.0,0.0
15/01/17,Sampdoria,Empoli,0.0,0.0,D,16.0,14.0,2.0,2.0,6.0,8.0,8.0,9.0,3.0,3.0,0.0,0.0
15/01/17,Sassuolo,Palermo,4.0,1.0,H,14.0,14.0,7.0,3.0,8.0,3.0,14.0,11.0,2.0,2.0,0.0,0.0
15/01/17,Udinese,Roma,0.0,1.0,A,10.0,13.0,5.0,4.0,4.0,7.0,16.0,17.0,2.0,1.0,0.0,0.0
16/01/17,Torino,Milan,2.0,2.0,D,17.0,23.0,7.0,8.0,6.0,6.0,11.0,11.0,5.0,1.0,0.0,1.0
21/01/17,Chievo,Fiorentina,0.0,3.0,A,17.0,10.0,6.0,6.0,2.0,8.0,18.0,18.0,3.0,2.0,0.0,0.0
21/01/17,Milan,Napoli,1.0,2.0,A,13.0,9.0,4.0,5.0,7.0,1.0,15.0,16.0,4.0,4.0,0.0,0.0
22/01/17,Atalanta,Sampdoria,1.0,0.0,H,13.0,13.0,6.0,3.0,5.0,5.0,13.0,20.0,1.0,3.0,0.0,0.0
22/01/17,Bologna,Torino,2.0,0.0,H,9.0,9.0,5.0,2.0,2.0,9.0,11.0,11.0,2.0,2.0,0.0,0.0
22/01/17,Empoli,Udinese,1.0,0.0,H,5.0,9.0,1.0,2.0,7.0,3.0,18.0,17.0,4.0,4.0,0.0,0.0
22/01/17,Genoa,Crotone,2.0,2.0,D,10.0,14.0,4.0,6.0,7.0,5.0,18.0,9.0,1.0,2.0,0.0,0.0
22/01/17,Juventus,Lazio,2.0,0.0,H,7.0,11.0,2.0,2.0,0.0,4.0,10.0,19.0,0.0,3.0,0.0,0.0
22/01/17,Palermo,Inter,0.0,1.0,A,6.0,16.0,0.0,6.0,7.0,12.0,23.0,13.0,5.0,1.0,1.0,1.0
22/01/17,Pescara,Sassuolo,1.0,3.0,A,19.0,16.0,5.0,5.0,5.0,6.0,12.0,23.0,4.0,5.0,0.0,0.0
22/01/17,Roma,Cagliari,1.0,0.0,H,18.0,8.0,6.0,0.0,5.0,4.0,8.0,15.0,1.0,3.0,0.0,1.0
28/01/17,Inter,Pescara,3.0,0.0,H,17.0,10.0,7.0,4.0,11.0,3.0,13.0,12.0,1.0,1.0,0.0,0.0
28/01/17,Lazio,Chievo,0.0,1.0,A,28.0,7.0,8.0,2.0,10.0,3.0,16.0,8.0,2.0,2.0,0.0,0.0
29/01/17,Cagliari,Bologna,1.0,1.0,D,19.0,8.0,6.0,2.0,3.0,2.0,15.0,18.0,2.0,3.0,0.0,2.0
29/01/17,Crotone,Empoli,4.0,1.0,H,14.0,5.0,7.0,3.0,8.0,1.0,13.0,14.0,3.0,1.0,0.0,0.0
29/01/17,Fiorentina,Genoa,3.0,3.0,D,22.0,7.0,8.0,3.0,5.0,0.0,10.0,20.0,3.0,4.0,1.0,0.0
29/01/17,Napoli,Palermo,1.0,1.0,D,19.0,3.0,10.0,2.0,14.0,2.0,6.0,9.0,0.0,3.0,0.0,1.0
29/01/17,Sampdoria,Roma,3.0,2.0,H,18.0,16.0,7.0,10.0,7.0,7.0,19.0,14.0,2.0,3.0,0.0,0.0
29/01/17,Sassuolo,Juventus,0.0,2.0,A,7.0,14.0,3.0,5.0,5.0,6.0,18.0,13.0,3.0,1.0,0.0,0.0
29/01/17,Torino,Atalanta,1.0,1.0,D,12.0,17.0,4.0,8.0,2.0,6.0,19.0,18.0,1.0,2.0,0.0,0.0
29/01/17,Udinese,Milan,2.0,1.0,H,12.0,12.0,5.0,5.0,2.0,7.0,9.0,13.0,3.0,2.0,0.0,0.0
01/02/17,Pescara,Fiorentina,1.0,2.0,A,4.0,22.0,3.0,4.0,1.0,14.0,10.0,15.0,4.0,3.0,0.0,0.0
04/02/17,Bologna,Napoli,1.0,7.0,A,17.0,14.0,7.0,9.0,3.0,0.0,10.0,9.0,2.0,3.0,1.0,1.0
05/02/17,Atalanta,Cagliari,2.0,0.0,H,13.0,4.0,5.0,0.0,6.0,4.0,18.0,18.0,4.0,2.0,0.0,0.0
05/02/17,Chievo,Udinese,0.0,0.0,D,6.0,12.0,0.0,1.0,5.0,6.0,20.0,21.0,2.0,1.0,1.0,0.0
05/02/17,Empoli,Torino,1.0,1.0,D,10.0,9.0,2.0,4.0,2.0,3.0,17.0,23.0,6.0,4.0,0.0,0.0
05/02/17,Genoa,Sassuolo,0.0,1.0,A,15.0,7.0,4.0,3.0,8.0,9.0,14.0,7.0,2.0,1.0,0.0,0.0
05/02/17,Juventus,Inter,1.0,0.0,H,14.0,12.0,6.0,2.0,6.0,8.0,14.0,16.0,5.0,3.0,0.0,1.0
05/02/17,Milan,Sampdoria,0.0,1.0,A,20.0,7.0,6.0,3.0,8.0,3.0,16.0,12.0,3.0,2.0,1.0,0.0
05/02/17,Palermo,Crotone,1.0,0.0,H,12.0,9.0,4.0,1.0,3.0,2.0,12.0,25.0,2.0,2.0,0.0,1.0
05/02/17,Pescara,Lazio,2.0,6.0,A,14.0,17.0,6.0,10.0,2.0,4.0,13.0,16.0,0.0,1.0,0.0,0.0
07/02/17,Roma,Fiorentina,4.0,0.0,H,23.0,13.0,8.0,2.0,6.0,3.0,10.0,15.0,2.0,3.0,0.0,0.0
08/02/17,Bologna,Milan,0.0,1.0,A,20.0,5.0,5.0,4.0,7.0,9.0,13.0,14.0,5.0,2.0,0.0,2.0
08/02/17,Crotone,Juventus,0.0,2.0,A,5.0,17.0,2.0,11.0,0.0,1.0,13.0,11.0,0.0,1.0,0.0,0.0
10/02/17,Napoli,Genoa,2.0,0.0,H,20.0,6.0,8.0,3.0,12.0,4.0,7.0,11.0,1.0,2.0,0.0,0.0
11/02/17,Fiorentina,Udinese,3.0,0.0,H,14.0,9.0,6.0,4.0,4.0,3.0,13.0,15.0,2.0,2.0,0.0,0.0
12/02/17,Cagliari,Juventus,0.0,2.0,A,14.0,13.0,3.0,3.0,6.0,1.0,20.0,14.0,2.0,5.0,1.0,0.0
12/02/17,Crotone,Roma,0.0,2.0,A,13.0,15.0,4.0,3.0,2.0,5.0,15.0,14.0,0.0,0.0,0.0,0.0
12/02/17,Inter,Empoli,2.0,0.0,H,19.0,6.0,8.0,3.0,9.0,2.0,21.0,12.0,1.0,2.0,0.0,0.0
12/02/17,Palermo,Atalanta,1.0,3.0,A,13.0,21.0,5.0,5.0,6.0,3.0,15.0,12.0,3.0,1.0,0.0,0.0
12/02/17,Sampdoria,Bologna,3.0,1.0,H,18.0,10.0,5.0,2.0,11.0,4.0,12.0,14.0,2.0,4.0,0.0,0.0
12/02/17,Sassuolo,Chievo,1.0,3.0,A,13.0,19.0,5.0,7.0,6.0,3.0,16.0,7.0,0.0,3.0,1.0,0.0
12/02/17,Torino,Pescara,5.0,3.0,H,19.0,8.0,9.0,5.0,7.0,5.0,20.0,12.0,1.0,3.0,0.0,0.0
13/02/17,Lazio,Milan,1.0,1.0,D,23.0,9.0,10.0,4.0,5.0,8.0,14.0,14.0,2.0,2.0,0.0,0.0
17/02/17,Juventus,Palermo,4.0,1.0,H,14.0,8.0,7.0,3.0,8.0,3.0,12.0,12.0,1.0,1.0,0.0,0.0
18/02/17,Atalanta,Crotone,1.0,0.0,H,14.0,5.0,3.0,2.0,4.0,3.0,15.0,18.0,2.0,5.0,0.0,0.0
18/02/17,Empoli,Lazio,1.0,2.0,A,6.0,21.0,2.0,8.0,1.0,9.0,14.0,7.0,3.0,1.0,0.0,0.0
19/02/17,Bologna,Inter,0.0,1.0,A,8.0,16.0,1.0,5.0,1.0,7.0,18.0,18.0,1.0,4.0,0.0,0.0
19/02/17,Chievo,Napoli,1.0,3.0,A,13.0,17.0,3.0,6.0,6.0,5.0,11.0,13.0,1.0,0.0,0.0,0.0
19/02/17,Milan,Fiorentina,2.0,1.0,H,6.0,18.0,4.0,7.0,3.0,7.0,11.0,13.0,3.0,2.0,0.0,0.0
19/02/17,Pescara,Genoa,5.0,0.0,H,8.0,13.0,6.0,2.0,5.0,9.0,14.0,15.0,2.0,1.0,0.0,0.0
19/02/17,Roma,Torino,4.0,1.0,H,20.0,12.0,7.0,4.0,5.0,6.0,14.0,9.0,0.0,2.0,0.0,0.0
19/02/17,Sampdoria,Cagliari,1.0,1.0,D,13.0,10.0,2.0,4.0,4.0,4.0,21.0,23.0,4.0,6.0,0.0,0.0
19/02/17,Udinese,Sassuolo,1.0,2.0,A,10.0,14.0,5.0,6.0,7.0,8.0,8.0,10.0,3.0,2.0,0.0,0.0
25/02/17,Juventus,Empoli,2.0,0.0,H,24.0,6.0,6.0,1.0,3.0,1.0,12.0,11.0,0.0,1.0,0.0,0.0
25/02/17,Napoli,Atalanta,0.0,2.0,A,20.0,8.0,8.0,5.0,7.0,10.0,8.0,10.0,1.0,1.0,0.0,1.0
26/02/17,Chievo,Pescara,2.0,0.0,H,20.0,13.0,8.0,3.0,6.0,6.0,12.0,16.0,3.0,3.0,0.0,0.0
26/02/17,Crotone,Cagliari,1.0,2.0,A,19.0,7.0,1.0,2.0,6.0,1.0,14.0,11.0,3.0,1.0,0.0,0.0
26/02/17,Genoa,Bologna,1.0,1.0,D,20.0,13.0,6.0,4.0,6.0,2.0,15.0,6.0,1.0,1.0,0.0,1.0
26/02/17,Inter,Roma,1.0,3.0,A,13.0,12.0,3.0,5.0,10.0,2.0,12.0,22.0,2.0,2.0,0.0,0.0
26/02/17,Lazio,Udinese,1.0,0.0,H,8.0,13.0,2.0,3.0,5.0,6.0,13.0,17.0,2.0,3.0,0.0,0.0
26/02/17,Palermo,Sampdoria,1.0,1.0,D,16.0,11.0,6.0,3.0,7.0,5.0,11.0,15.0,2.0,2.0,0.0,0.0
26/02/17,Sassuolo,Milan,0.0,1.0,A,12.0,13.0,5.0,6.0,14.0,8.0,20.0,17.0,6.0,3.0,0.0,0.0
27/02/17,Fiorentina,Torino,2.0,2.0,D,19.0,13.0,7.0,5.0,9.0,6.0,17.0,11.0,1.0,2.0,0.0,0.0
04/03/17,Milan,Chievo,3.0,1.0,H,22.0,9.0,6.0,3.0,11.0,7.0,17.0,15.0,2.0,1.0,0.0,0.0
04/03/17,Roma,Napoli,1.0,2.0,A,22.0,13.0,4.0,4.0,6.0,6.0,11.0,12.0,3.0,2.0,0.0,0.0
04/03/17,Sampdoria,Pescara,3.0,1.0,H,19.0,11.0,7.0,4.0,7.0,2.0,18.0,12.0,0.0,2.0,0.0,0.0
05/03/17,Atalanta,Fiorentina,0.0,0.0,D,16.0,9.0,4.0,2.0,9.0,5.0,18.0,15.0,2.0,4.0,0.0,0.0
05/03/17,Bologna,Lazio,0.0,2.0,A,9.0,13.0,3.0,6.0,1.0,6.0,9.0,19.0,2.0,1.0,0.0,0.0
05/03/17,Cagliari,Inter,1.0,5.0,A,7.0,22.0,4.0,10.0,6.0,11.0,10.0,13.0,2.0,0.0,0.0,0.0
05/03/17,Crotone,Sassuolo,0.0,0.0,D,16.0,9.0,1.0,1.0,8.0,9.0,15.0,11.0,3.0,1.0,0.0,0.0
05/03/17,Empoli,Genoa,0.0,2.0,A,7.0,8.0,2.0,4.0,3.0,1.0,7.0,23.0,3.0,2.0,0.0,0.0
05/03/17,Torino,Palermo,3.0,1.0,H,25.0,7.0,6.0,3.0,10.0,1.0,14.0,12.0,0.0,2.0,0.0,1.0
05/03/17,Udinese,Juventus,1.0,1.0,D,10.0,9.0,5.0,3.0,3.0,7.0,17.0,20.0,2.0,2.0,0.0,0.0
10/03/17,Juventus,Milan,2.0,1.0,H,24.0,6.0,11.0,2.0,10.0,2.0,8.0,21.0,3.0,4.0,0.0,1.0
11/03/17,Genoa,Sampdoria,0.0,1.0,A,7.0,13.0,3.0,4.0,5.0,2.0,16.0,6.0,4.0,4.0,0.0,0.0
12/03/17,Chievo,Empoli,4.0,0.0,H,13.0,12.0,9.0,4.0,2.0,6.0,16.0,18.0,0.0,1.0,0.0,0.0
12/03/17,Fiorentina,Cagliari,1.0,0.0,H,26.0,12.0,9.0,5.0,8.0,3.0,8.0,8.0,2.0,1.0,0.0,0.0
12/03/17,Inter,Atalanta,7.0,1.0,H,12.0,10.0,8.0,3.0,6.0,7.0,19.0,16.0,3.0,4.0,0.0,0.0
12/03/17,Napoli,Crotone,3.0,0.0,H,15.0,6.0,6.0,2.0,10.0,2.0,10.0,10.0,1.0,3.0,0.0,0.0
12/03/17,Palermo,Roma,0.0,3.0,A,9.0,15.0,3.0,5.0,5.0,4.0,12.0,12.0,2.0,3.0,0.0,0.0
12/03/17,Pescara,Udinese,1.0,3.0,A,12.0,10.0,3.0,6.0,4.0,3.0,12.0,14.0,2.0,3.0,0.0,0.0
12/03/17,Sassuolo,Bologna,0.0,1.0,A,13.0,11.0,5.0,1.0,7.0,7.0,20.0,15.0,3.0,5.0,0.0,0.0
13/03/17,Lazio,Torino,3.0,1.0,H,23.0,6.0,5.0,2.0,6.0,2.0,20.0,11.0,3.0,1.0,0.0,0.0
18/03/17,Milan,Genoa,1.0,0.0,H,20.0,8.0,5.0,2.0,5.0,5.0,7.0,14.0,1.0,2.0,0.0,0.0
18/03/17,Torino,Inter,2.0,2.0,D,17.0,19.0,5.0,4.0,5.0,8.0,19.0,10.0,1.0,0.0,0.0,0.0
19/03/17,Atalanta,Pescara,3.0,0.0,H,18.0,6.0,7.0,1.0,7.0,5.0,19.0,15.0,2.0,2.0,0.0,0.0
19/03/17,Bologna,Chievo,4.0,1.0,H,18.0,11.0,5.0,4.0,8.0,3.0,19.0,16.0,2.0,3.0,0.0,0.0
19/03/17,Cagliari,Lazio,0.0,0.0,D,4.0,14.0,1.0,4.0,3.0,9.0,11.0,14.0,3.0,2.0,0.0,0.0
19/03/17,Crotone,Fiorentina,0.0,1.0,A,11.0,27.0,1.0,10.0,2.0,1.0,16.0,14.0,1.0,1.0,0.0,0.0
19/03/17,Empoli,Napoli,2.0,3.0,A,10.0,11.0,4.0,6.0,2.0,1.0,25.0,16.0,3.0,4.0,0.0,0.0
19/03/17,Roma,Sassuolo,3.0,1.0,H,22.0,9.0,8.0,4.0,11.0,7.0,6.0,9.0,1.0,2.0,0.0,0.0
19/03/17,Sampdoria,Juventus,0.0,1.0,A,10.0,9.0,5.0,5.0,2.0,5.0,6.0,10.0,1.0,1.0,0.0,0.0
19/03/17,Udinese,Palermo,4.0,1.0,H,13.0,6.0,10.0,2.0,5.0,5.0,16.0,20.0,3.0,2.0,0.0,1.0
01/04/17,Roma,Empoli,2.0,0.0,H,20.0,12.0,5.0,3.0,14.0,4.0,17.0,6.0,0.0,1.0,0.0,0.0
01/04/17,Sassuolo,Lazio,1.0,2.0,A,9.0,12.0,3.0,4.0,2.0,3.0,13.0,12.0,2.0,4.0,0.0,0.0
02/04/17,Chievo,Crotone,1.0,2.0,A,16.0,16.0,4.0,7.0,2.0,8.0,9.0,9.0,2.0,2.0,0.0,0.0
02/04/17,Fiorentina,Bologna,1.0,0.0,H,18.0,5.0,6.0,1.0,11.0,1.0,12.0,13.0,3.0,2.0,0.0,0.0
02/04/17,Genoa,Atalanta,0.0,5.0,A,8.0,22.0,4.0,13.0,3.0,7.0,14.0,16.0,3.0,1.0,1.0,0.0
02/04/17,Napoli,Juventus,1.0,1.0,D,17.0,4.0,4.0,1.0,5.0,2.0,11.0,9.0,1.0,0.0,0.0,0.0
02/04/17,Palermo,Cagliari,1.0,3.0,A,14.0,17.0,5.0,9.0,13.0,4.0,13.0,15.0,3.0,1.0,0.0,0.0
02/04/17,Pescara,Milan,1.0,1.0,D,8.0,26.0,3.0,5.0,5.0,7.0,26.0,9.0,5.0,3.0,0.0,0.0
02/04/17,Torino,Udinese,2.0,2.0,D,22.0,8.0,7.0,3.0,13.0,2.0,14.0,16.0,1.0,3.0,0.0,0.0
03/04/17,Inter,Sampdoria,1.0,2.0,A,18.0,11.0,5.0,3.0,16.0,2.0,14.0,12.0,2.0,0.0,0.0,0.0
08/04/17,Atalanta,Sassuolo,1.0,1.0,D,18.0,4.0,7.0,2.0,11.0,2.0,13.0,15.0,3.0,4.0,0.0,0.0
08/04/17,Empoli,Pescara,1.0,1.0,D,14.0,14.0,4.0,4.0,7.0,5.0,15.0,15.0,2.0,3.0,0.0,0.0
08/04/17,Juventus,Chievo,2.0,0.0,H,17.0,10.0,6.0,3.0,10.0,2.0,8.0,12.0,1.0,2.0,0.0,0.0
09/04/17,Bologna,Roma,0.0,3.0,A,13.0,11.0,4.0,5.0,6.0,5.0,14.0,9.0,3.0,2.0,0.0,0.0
09/04/17,Cagliari,Torino,2.0,3.0,A,10.0,13.0,2.0,5.0,5.0,2.0,22.0,13.0,2.0,3.0,0.0,1.0
09/04/17,Crotone,Inter,2.0,1.0,H,12.0,17.0,7.0,4.0,3.0,7.0,15.0,14.0,4.0,2.0,0.0,0.0
09/04/17,Lazio,Napoli,0.0,3.0,A,17.0,12.0,5.0,7.0,3.0,4.0,10.0,7.0,3.0,3.0,0.0,0.0
09/04/17,Milan,Palermo,4.0,0.0,H,14.0,8.0,10.0,2.0,8.0,5.0,10.0,14.0,1.0,2.0,0.0,1.0
09/04/17,Sampdoria,Fiorentina,2.0,2.0,D,10.0,19.0,4.0,4.0,4.0,10.0,19.0,15.0,2.0,1.0,0.0,0.0
09/04/17,Udinese,Genoa,3.0,0.0,H,9.0,13.0,3.0,3.0,7.0,5.0,13.0,13.0,2.0,2.0,0.0,0.0
15/04/17,Cagliari,Chievo,4.0,0.0,H,23.0,16.0,11.0,2.0,1.0,4.0,20.0,16.0,2.0,2.0,0.0,0.0
15/04/17,Fiorentina,Empoli,1.0,2.0,A,18.0,11.0,7.0,5.0,8.0,7.0,17.0,18.0,4.0,5.0,1.0,0.0
15/04/17,Genoa,Lazio,2.0,2.0,D,13.0,21.0,6.0,6.0,7.0,7.0,15.0,13.0,4.0,4.0,0.0,0.0
15/04/17,Inter,Milan,2.0,2.0,D,10.0,14.0,4.0,6.0,2.0,8.0,11.0,10.0,3.0,2.0,0.0,0.0
15/04/17,Napoli,Udinese,3.0,0.0,H,19.0,7.0,6.0,2.0,15.0,2.0,8.0,8.0,0.0,1.0,0.0,0.0
15/04/17,Palermo,Bologna,0.0,0.0,D,16.0,7.0,2.0,4.0,3.0,5.0,14.0,10.0,4.0,2.0,0.0,1.0
15/04/17,Pescara,Juventus,0.0,2.0,A,6.0,14.0,2.0,7.0,2.0,1.0,19.0,12.0,4.0,1.0,0.0,0.0
15/04/17,Roma,Atalanta,1.0,1.0,D,21.0,6.0,5.0,1.0,11.0,3.0,8.0,21.0,2.0,3.0,0.0,0.0
15/04/17,Sassuolo,Sampdoria,2.0,1.0,H,8.0,13.0,3.0,3.0,11.0,6.0,13.0,14.0,3.0,2.0,0.0,0.0
15/04/17,Torino,Crotone,1.0,1.0,D,24.0,8.0,8.0,1.0,11.0,5.0,12.0,12.0,2.0,3.0,0.0,0.0
22/04/17,Atalanta,Bologna,3.0,2.0,H,5.0,11.0,3.0,6.0,3.0,3.0,17.0,19.0,2.0,3.0,0.0,0.0
22/04/17,Fiorentina,Inter,5.0,4.0,H,13.0,10.0,9.0,6.0,7.0,10.0,10.0,11.0,3.0,1.0,0.0,0.0
23/04/17,Chievo,Torino,1.0,3.0,A,13.0,22.0,3.0,5.0,5.0,9.0,12.0,11.0,1.0,1.0,0.0,0.0
23/04/17,Juventus,Genoa,4.0,0.0,H,18.0,11.0,4.0,2.0,4.0,2.0,10.0,13.0,0.0,1.0,0.0,0.0
23/04/17,Lazio,Palermo,6.0,2.0,H,17.0,7.0,7.0,2.0,5.0,2.0,10.0,8.0,1.0,1.0,0.0,0.0
23/04/17,Milan,Empoli,1.0,2.0,A,28.0,11.0,12.0,7.0,10.0,4.0,15.0,17.0,3.0,4.0,0.0,0.0
23/04/17,Sampdoria,Crotone,1.0,2.0,A,10.0,14.0,5.0,6.0,5.0,9.0,9.0,13.0,2.0,3.0,0.0,0.0
23/04/17,Sassuolo,Napoli,2.0,2.0,D,8.0,20.0,4.0,6.0,2.0,9.0,9.0,16.0,3.0,1.0,0.0,0.0
23/04/17,Udinese,Cagliari,2.0,1.0,H,18.0,12.0,5.0,3.0,7.0,2.0,11.0,15.0,1.0,1.0,0.0,0.0
24/04/17,Pescara,Roma,1.0,4.0,A,16.0,23.0,4.0,6.0,9.0,5.0,10.0,12.0,2.0,0.0,0.0,0.0
28/04/17,Atalanta,Juventus,2.0,2.0,D,13.0,16.0,7.0,8.0,7.0,10.0,13.0,9.0,3.0,2.0,0.0,0.0
29/04/17,Torino,Sampdoria,1.0,1.0,D,25.0,7.0,5.0,4.0,4.0,3.0,12.0,9.0,1.0,2.0,0.0,0.0
30/04/17,Bologna,Udinese,4.0,0.0,H,11.0,6.0,6.0,2.0,5.0,10.0,13.0,13.0,1.0,3.0,0.0,0.0
30/04/17,Cagliari,Pescara,1.0,0.0,H,15.0,14.0,4.0,8.0,3.0,5.0,16.0,17.0,1.0,4.0,0.0,0.0
30/04/17,Crotone,Milan,1.0,1.0,D,11.0,13.0,3.0,7.0,6.0,11.0,17.0,14.0,3.0,1.0,0.0,1.0
30/04/17,Empoli,Sassuolo,1.0,3.0,A,18.0,11.0,9.0,6.0,12.0,4.0,11.0,13.0,2.0,3.0,0.0,0.0
30/04/17,Genoa,Chievo,1.0,2.0,A,15.0,8.0,1.0,2.0,3.0,4.0,15.0,16.0,1.0,2.0,0.0,1.0
30/04/17,Inter,Napoli,0.0,1.0,A,14.0,16.0,3.0,4.0,8.0,4.0,9.0,9.0,2.0,2.0,0.0,0.0
30/04/17,Palermo,Fiorentina,2.0,0.0,H,10.0,13.0,2.0,3.0,1.0,9.0,10.0,9.0,2.0,2.0,0.0,1.0
30/04/17,Roma,Lazio,1.0,3.0,A,12.0,14.0,6.0,7.0,8.0,5.0,10.0,10.0,0.0,4.0,1.0,0.0
06/05/17,Juventus,Torino,1.0,1.0,D,22.0,9.0,5.0,2.0,12.0,1.0,15.0,11.0,3.0,2.0,0.0,1.0
06/05/17,Napoli,Cagliari,3.0,1.0,H,28.0,8.0,9.0,3.0,7.0,2.0,4.0,6.0,1.0,0.0,0.0,0.0
07/05/17,Chievo,Palermo,1.0,1.0,D,5.0,15.0,2.0,5.0,5.0,7.0,20.0,20.0,3.0,3.0,0.0,0.0
07/05/17,Empoli,Bologna,3.0,1.0,H,20.0,6.0,8.0,3.0,5.0,1.0,20.0,18.0,1.0,2.0,0.0,0.0
07/05/17,Genoa,Inter,1.0,0.0,H,10.0,11.0,5.0,4.0,4.0,3.0,16.0,26.0,4.0,2.0,0.0,1.0
07/05/17,Lazio,Sampdoria,7.0,3.0,H,19.0,8.0,11.0,7.0,11.0,2.0,13.0,6.0,0.0,1.0,0.0,1.0
07/05/17,Milan,Roma,1.0,4.0,A,13.0,24.0,2.0,10.0,9.0,7.0,12.0,9.0,4.0,1.0,1.0,0.0
07/05/17,Pescara,Crotone,0.0,1.0,A,10.0,13.0,2.0,3.0,5.0,6.0,15.0,21.0,3.0,2.0,1.0,0.0
07/05/17,Sassuolo,Fiorentina,2.0,2.0,D,12.0,13.0,8.0,6.0,10.0,6.0,16.0,19.0,5.0,2.0,0.0,1.0
07/05/17,Udinese,Atalanta,1.0,1.0,D,12.0,9.0,5.0,4.0,3.0,5.0,15.0,19.0,4.0,3.0,0.0,0.0
13/05/17,Atalanta,Milan,1.0,1.0,D,14.0,13.0,7.0,4.0,10.0,5.0,11.0,8.0,2.0,1.0,0.0,0.0
13/05/17,Fiorentina,Lazio,3.0,2.0,H,18.0,14.0,9.0,5.0,4.0,6.0,14.0,17.0,2.0,3.0,0.0,0.0
14/05/17,Bologna,Pescara,3.0,1.0,H,15.0,15.0,7.0,4.0,9.0,5.0,9.0,13.0,2.0,2.0,0.0,0.0
14/05/17,Cagliari,Empoli,3.0,2.0,H,15.0,12.0,6.0,3.0,1.0,5.0,17.0,11.0,2.0,2.0,0.0,0.0
14/05/17,Crotone,Udinese,1.0,0.0,H,11.0,13.0,7.0,4.0,4.0,8.0,13.0,10.0,2.0,2.0,0.0,0.0
14/05/17,Inter,Sassuolo,1.0,2.0,A,23.0,12.0,7.0,4.0,15.0,2.0,13.0,13.0,3.0,1.0,0.0,0.0
14/05/17,Palermo,Genoa,1.0,0.0,H,10.0,13.0,3.0,3.0,3.0,9.0,18.0,18.0,1.0,1.0,0.0,0.0
14/05/17,Roma,Juventus,3.0,1.0,H,14.0,16.0,7.0,5.0,5.0,6.0,9.0,6.0,3.0,2.0,0.0,0.0
14/05/17,Sampdoria,Chievo,1.0,1.0,D,12.0,7.0,3.0,1.0,5.0,1.0,17.0,14.0,2.0,4.0,0.0,0.0
14/05/17,Torino,Napoli,0.0,5.0,A,10.0,15.0,1.0,6.0,2.0,7.0,12.0,9.0,2.0,1.0,0.0,0.0
20/05/17,Chievo,Roma,3.0,5.0,A,11.0,19.0,4.0,11.0,3.0,6.0,11.0,11.0,2.0,0.0,0.0,0.0
20/05/17,Napoli,Fiorentina,4.0,1.0,H,19.0,14.0,9.0,5.0,5.0,6.0,10.0,8.0,2.0,1.0,0.0,0.0
21/05/17,Empoli,Atalanta,0.0,1.0,A,8.0,13.0,3.0,5.0,6.0,5.0,16.0,17.0,3.0,2.0,0.0,0.0
21/05/17,Genoa,Torino,2.0,1.0,H,8.0,4.0,4.0,1.0,4.0,5.0,17.0,20.0,2.0,5.0,0.0,0.0
21/05/17,Juventus,Crotone,3.0,0.0,H,19.0,9.0,7.0,2.0,9.0,2.0,13.0,14.0,1.0,1.0,0.0,0.0
21/05/17,Lazio,Inter,1.0,3.0,A,7.0,9.0,1.0,3.0,6.0,6.0,18.0,14.0,2.0,2.0,2.0,0.0
21/05/17,Milan,Bologna,3.0,0.0,H,23.0,8.0,6.0,0.0,10.0,3.0,9.0,8.0,2.0,2.0,0.0,0.0
21/05/17,Sassuolo,Cagliari,6.0,2.0,H,13.0,14.0,8.0,6.0,4.0,10.0,13.0,22.0,1.0,5.0,0.0,0.0
21/05/17,Udinese,Sampdoria,1.0,1.0,D,12.0,8.0,3.0,4.0,6.0,5.0,9.0,11.0,1.0,2.0,2.0,1.0
22/05/17,Pescara,Palermo,2.0,0.0,H,12.0,12.0,4.0,3.0,2.0,2.0,18.0,10.0,2.0,0.0,0.0,0.0
27/05/17,Atalanta,Chievo,1.0,0.0,H,13.0,6.0,6.0,3.0,6.0,5.0,15.0,8.0,1.0,0.0,0.0,0.0
27/05/17,Bologna,Juventus,1.0,2.0,A,8.0,17.0,2.0,7.0,3.0,10.0,17.0,8.0,3.0,1.0,0.0,0.0
28/05/17,Cagliari,Milan,2.0,1.0,H,17.0,18.0,9.0,7.0,6.0,6.0,16.0,13.0,3.0,1.0,0.0,1.0
28/05/17,Crotone,Lazio,3.0,1.0,H,11.0,9.0,5.0,3.0,3.0,5.0,13.0,13.0,3.0,3.0,0.0,1.0
28/05/17,Fiorentina,Pescara,2.0,2.0,D,24.0,15.0,8.0,6.0,6.0,10.0,15.0,13.0,2.0,1.0,1.0,0.0
28/05/17,Inter,Udinese,5.0,2.0,H,17.0,17.0,6.0,4.0,6.0,7.0,15.0,1.0,2.0,1.0,0.0,0.0
28/05/17,Palermo,Empoli,2.0,1.0,H,10.0,17.0,5.0,4.0,0.0,7.0,18.0,16.0,3.0,4.0,0.0,0.0
28/05/17,Roma,Genoa,3.0,2.0,H,24.0,13.0,7.0,4.0,6.0,2.0,8.0,14.0,2.0,0.0,0.0,0.0
28/05/17,Sampdoria,Napoli,2.0,4.0,A,12.0,22.0,2.0,7.0,5.0,10.0,9.0,8.0,1.0,0.0,0.0,0.0
28/05/17,Torino,Sassuolo,5.0,3.0,H,16.0,21.0,9.0,7.0,6.0,10.0,16.0,6.0,2.0,0.0,0.0,0.0
19/08/17,Juventus,Cagliari,3.0,0.0,H,17.0,5.0,7.0,2.0,4.0,1.0,13.0,11.0,1.0,0.0,0.0,0.0
19/08/17,Verona,Napoli,1.0,3.0,A,12.0,22.0,4.0,12.0,3.0,6.0,7.0,9.0,2.0,2.0,0.0,1.0
20/08/17,Atalanta,Roma,0.0,1.0,A,14.0,6.0,6.0,1.0,4.0,1.0,14.0,16.0,1.0,2.0,0.0,0.0
20/08/17,Bologna,Torino,1.0,1.0,D,13.0,9.0,3.0,3.0,0.0,8.0,18.0,10.0,2.0,1.0,0.0,0.0
20/08/17,Crotone,Milan,0.0,3.0,A,6.0,19.0,2.0,10.0,2.0,9.0,9.0,14.0,1.0,3.0,1.0,0.0
20/08/17,Inter,Fiorentina,3.0,0.0,H,16.0,15.0,6.0,3.0,9.0,7.0,7.0,13.0,0.0,1.0,0.0,0.0
20/08/17,Lazio,Spal,0.0,0.0,D,23.0,9.0,13.0,2.0,9.0,5.0,20.0,4.0,2.0,2.0,0.0,0.0
20/08/17,Sampdoria,Benevento,2.0,1.0,H,16.0,18.0,6.0,7.0,6.0,7.0,10.0,10.0,1.0,2.0,0.0,0.0
20/08/17,Sassuolo,Genoa,0.0,0.0,D,14.0,12.0,3.0,4.0,2.0,5.0,16.0,28.0,2.0,3.0,0.0,0.0
20/08/17,Udinese,Chievo,1.0,2.0,A,18.0,10.0,5.0,3.0,5.0,4.0,11.0,10.0,2.0,2.0,0.0,0.0
26/08/17,Benevento,Bologna,0.0,1.0,A,15.0,14.0,5.0,4.0,6.0,2.0,10.0,13.0,1.0,3.0,0.0,0.0
26/08/17,Genoa,Juventus,2.0,4.0,A,9.0,17.0,3.0,7.0,1.0,4.0,13.0,8.0,4.0,3.0,0.0,0.0
26/08/17,Roma,Inter,1.0,3.0,A,18.0,14.0,3.0,8.0,12.0,6.0,12.0,8.0,1.0,1.0,0.0,0.0
27/08/17,Chievo,Lazio,1.0,2.0,A,13.0,13.0,5.0,3.0,9.0,6.0,8.0,8.0,1.0,1.0,0.0,0.0
27/08/17,Crotone,Verona,0.0,0.0,D,13.0,5.0,4.0,0.0,1.0,3.0,13.0,11.0,1.0,3.0,0.0,0.0
27/08/17,Fiorentina,Sampdoria,1.0,2.0,A,25.0,12.0,10.0,5.0,14.0,7.0,20.0,11.0,3.0,4.0,0.0,0.0
27/08/17,Milan,Cagliari,2.0,1.0,H,15.0,14.0,5.0,4.0,2.0,6.0,20.0,17.0,2.0,1.0,0.0,0.0
27/08/17,Napoli,Atalanta,3.0,1.0,H,10.0,14.0,4.0,2.0,9.0,6.0,15.0,9.0,1.0,2.0,0.0,0.0
27/08/17,Spal,Udinese,3.0,2.0,H,10.0,11.0,4.0,3.0,0.0,7.0,9.0,14.0,3.0,1.0,0.0,0.0
27/08/17,Torino,Sassuolo,3.0,0.0,H,14.0,19.0,5.0,2.0,5.0,11.0,13.0,16.0,1.0,1.0,0.0,0.0
09/09/17,Juventus,Chievo,3.0,0.0,H,15.0,15.0,4.0,2.0,10.0,6.0,10.0,7.0,2.0,1.0,0.0,0.0
10/09/17,Atalanta,Sassuolo,2.0,1.0,H,9.0,16.0,3.0,3.0,3.0,7.0,13.0,18.0,0.0,1.0,0.0,0.0
10/09/17,Benevento,Torino,0.0,1.0,A,15.0,16.0,5.0,6.0,2.0,10.0,13.0,22.0,2.0,2.0,0.0,0.0
10/09/17,Bologna,Napoli,0.0,3.0,A,5.0,17.0,2.0,7.0,5.0,7.0,10.0,16.0,5.0,1.0,0.0,0.0
10/09/17,Cagliari,Crotone,1.0,0.0,H,13.0,9.0,4.0,2.0,6.0,4.0,16.0,16.0,2.0,1.0,0.0,0.0
10/09/17,Inter,Spal,2.0,0.0,H,19.0,9.0,7.0,1.0,8.0,5.0,14.0,13.0,2.0,2.0,0.0,0.0
10/09/17,Lazio,Milan,4.0,1.0,H,12.0,18.0,7.0,6.0,3.0,5.0,14.0,12.0,1.0,1.0,0.0,0.0
10/09/17,Udinese,Genoa,1.0,0.0,H,14.0,12.0,5.0,2.0,1.0,8.0,12.0,17.0,4.0,0.0,1.0,1.0
10/09/17,Verona,Fiorentina,0.0,5.0,A,14.0,20.0,2.0,10.0,8.0,6.0,12.0,11.0,2.0,1.0,0.0,0.0
16/09/17,Crotone,Inter,0.0,2.0,A,12.0,7.0,4.0,3.0,8.0,6.0,10.0,6.0,1.0,2.0,0.0,0.0
16/09/17,Fiorentina,Bologna,2.0,1.0,H,14.0,6.0,4.0,2.0,7.0,3.0,16.0,8.0,1.0,3.0,0.0,0.0
16/09/17,Roma,Verona,3.0,0.0,H,30.0,8.0,10.0,1.0,8.0,1.0,7.0,12.0,1.0,1.0,0.0,1.0
17/09/17,Chievo,Atalanta,1.0,1.0,D,15.0,10.0,4.0,6.0,6.0,5.0,13.0,11.0,2.0,0.0,0.0,0.0
17/09/17,Genoa,Lazio,2.0,3.0,A,5.0,18.0,4.0,6.0,2.0,1.0,10.0,12.0,1.0,2.0,0.0,0.0
17/09/17,Milan,Udinese,2.0,1.0,H,21.0,4.0,7.0,2.0,10.0,3.0,13.0,10.0,1.0,2.0,0.0,0.0
17/09/17,Napoli,Benevento,6.0,0.0,H,27.0,6.0,14.0,0.0,8.0,1.0,6.0,7.0,0.0,1.0,0.0,0.0
17/09/17,Sassuolo,Juventus,1.0,3.0,A,13.0,14.0,4.0,6.0,3.0,4.0,15.0,13.0,1.0,2.0,0.0,0.0
17/09/17,Spal,Cagliari,0.0,2.0,A,12.0,11.0,3.0,3.0,7.0,4.0,12.0,21.0,1.0,3.0,0.0,0.0
17/09/17,Torino,Sampdoria,2.0,2.0,D,13.0,11.0,3.0,5.0,3.0,6.0,14.0,15.0,2.0,1.0,0.0,0.0
19/09/17,Bologna,Inter,1.0,1.0,D,14.0,11.0,3.0,3.0,4.0,11.0,12.0,18.0,4.0,3.0,0.0,0.0
20/09/17,Atalanta,Crotone,5.0,1.0,H,14.0,7.0,11.0,5.0,3.0,3.0,5.0,19.0,0.0,1.0,0.0,0.0
20/09/17,Benevento,Roma,0.0,4.0,A,16.0,21.0,5.0,7.0,2.0,9.0,10.0,8.0,2.0,0.0,0.0,0.0
20/09/17,Cagliari,Sassuolo,0.0,1.0,A,17.0,14.0,3.0,6.0,5.0,2.0,21.0,10.0,3.0,3.0,0.0,0.0
20/09/17,Genoa,Chievo,1.0,1.0,D,11.0,16.0,2.0,7.0,6.0,2.0,19.0,7.0,1.0,2.0,0.0,0.0
20/09/17,Juventus,Fiorentina,1.0,0.0,H,12.0,9.0,5.0,0.0,3.0,1.0,10.0,23.0,1.0,2.0,0.0,1.0
20/09/17,Lazio,Napoli,1.0,4.0,A,4.0,17.0,2.0,11.0,3.0,2.0,9.0,13.0,2.0,3.0,0.0,0.0
20/09/17,Milan,Spal,2.0,0.0,H,20.0,6.0,7.0,0.0,9.0,8.0,19.0,15.0,1.0,2.0,0.0,0.0
20/09/17,Udinese,Torino,2.0,3.0,A,16.0,13.0,6.0,8.0,12.0,1.0,17.0,13.0,1.0,5.0,0.0,0.0
20/09/17,Verona,Sampdoria,0.0,0.0,D,14.0,17.0,6.0,5.0,4.0,7.0,17.0,6.0,3.0,1.0,0.0,0.0
23/09/17,Juventus,Torino,4.0,0.0,H,23.0,6.0,10.0,1.0,6.0,3.0,16.0,12.0,1.0,4.0,0.0,1.0
23/09/17,Roma,Udinese,3.0,1.0,H,18.0,14.0,8.0,5.0,5.0,8.0,9.0,10.0,0.0,1.0,0.0,0.0
23/09/17,Spal,Napoli,2.0,3.0,A,6.0,21.0,2.0,12.0,4.0,6.0,9.0,11.0,3.0,1.0,0.0,0.0
24/09/17,Cagliari,Chievo,0.0,2.0,A,15.0,16.0,3.0,4.0,6.0,2.0,25.0,16.0,2.0,2.0,1.0,0.0
24/09/17,Crotone,Benevento,2.0,0.0,H,17.0,16.0,4.0,2.0,2.0,7.0,12.0,12.0,0.0,0.0,0.0,0.0
24/09/17,Fiorentina,Atalanta,1.0,1.0,D,10.0,16.0,2.0,5.0,3.0,8.0,22.0,11.0,2.0,5.0,0.0,0.0
24/09/17,Inter,Genoa,1.0,0.0,H,14.0,9.0,7.0,3.0,8.0,4.0,10.0,14.0,0.0,2.0,0.0,2.0
24/09/17,Sampdoria,Milan,2.0,0.0,H,12.0,6.0,4.0,0.0,7.0,4.0,13.0,17.0,0.0,2.0,0.0,0.0
24/09/17,Sassuolo,Bologna,0.0,1.0,A,8.0,8.0,3.0,4.0,3.0,6.0,11.0,15.0,3.0,4.0,1.0,0.0
24/09/17,Verona,Lazio,0.0,3.0,A,9.0,12.0,2.0,5.0,3.0,4.0,8.0,13.0,2.0,2.0,0.0,0.0
30/09/17,Genoa,Bologna,0.0,1.0,A,18.0,8.0,7.0,4.0,10.0,3.0,15.0,9.0,4.0,2.0,0.0,0.0
30/09/17,Udinese,Sampdoria,4.0,0.0,H,15.0,13.0,7.0,2.0,3.0,4.0,12.0,10.0,4.0,2.0,0.0,1.0
01/10/17,Atalanta,Juventus,2.0,2.0,D,7.0,16.0,3.0,8.0,0.0,3.0,22.0,11.0,3.0,1.0,0.0,0.0
01/10/17,Benevento,Inter,1.0,2.0,A,11.0,22.0,2.0,7.0,1.0,11.0,13.0,10.0,2.0,3.0,0.0,0.0
01/10/17,Chievo,Fiorentina,2.0,1.0,H,13.0,22.0,6.0,4.0,3.0,7.0,10.0,10.0,2.0,1.0,0.0,0.0
01/10/17,Lazio,Sassuolo,6.0,1.0,H,22.0,8.0,13.0,6.0,5.0,4.0,13.0,8.0,2.0,3.0,0.0,0.0
01/10/17,Milan,Roma,0.0,2.0,A,17.0,11.0,3.0,6.0,5.0,5.0,15.0,8.0,3.0,1.0,1.0,0.0
01/10/17,Napoli,Cagliari,3.0,0.0,H,25.0,4.0,6.0,0.0,7.0,2.0,6.0,10.0,0.0,0.0,0.0,0.0
01/10/17,Spal,Crotone,1.0,1.0,D,17.0,13.0,5.0,4.0,12.0,6.0,12.0,17.0,2.0,1.0,0.0,0.0
01/10/17,Torino,Verona,2.0,2.0,D,12.0,20.0,5.0,7.0,6.0,5.0,11.0,15.0,1.0,4.0,0.0,1.0
14/10/17,Juventus,Lazio,1.0,2.0,A,18.0,10.0,6.0,5.0,4.0,2.0,10.0,14.0,2.0,1.0,0.0,0.0
14/10/17,Roma,Napoli,0.0,1.0,A,10.0,16.0,2.0,6.0,5.0,2.0,12.0,9.0,2.0,2.0,0.0,0.0
15/10/17,Bologna,Spal,2.0,1.0,H,14.0,7.0,2.0,2.0,2.0,5.0,20.0,14.0,2.0,2.0,0.0,0.0
15/10/17,Cagliari,Genoa,2.0,3.0,A,12.0,18.0,7.0,11.0,6.0,7.0,13.0,14.0,2.0,0.0,0.0,0.0
15/10/17,Crotone,Torino,2.0,2.0,D,9.0,21.0,3.0,9.0,3.0,8.0,15.0,7.0,1.0,0.0,0.0,0.0
15/10/17,Fiorentina,Udinese,2.0,1.0,H,13.0,8.0,6.0,2.0,4.0,4.0,11.0,14.0,1.0,1.0,0.0,0.0
15/10/17,Inter,Milan,3.0,2.0,H,15.0,21.0,6.0,6.0,2.0,7.0,17.0,12.0,6.0,2.0,0.0,0.0
15/10/17,Sampdoria,Atalanta,3.0,1.0,H,11.0,21.0,7.0,11.0,4.0,6.0,10.0,14.0,3.0,3.0,0.0,0.0
15/10/17,Sassuolo,Chievo,0.0,0.0,D,18.0,9.0,4.0,2.0,6.0,8.0,8.0,15.0,2.0,0.0,0.0,0.0
16/10/17,Verona,Benevento,1.0,0.0,H,13.0,8.0,3.0,1.0,5.0,3.0,15.0,12.0,4.0,3.0,0.0,1.0
21/10/17,Napoli,Inter,0.0,0.0,D,12.0,11.0,3.0,2.0,5.0,7.0,9.0,9.0,1.0,1.0,0.0,0.0
21/10/17,Sampdoria,Crotone,5.0,0.0,H,6.0,8.0,5.0,2.0,4.0,0.0,11.0,20.0,1.0,3.0,0.0,0.0
22/10/17,Atalanta,Bologna,1.0,0.0,H,20.0,6.0,2.0,0.0,10.0,3.0,12.0,15.0,3.0,4.0,0.0,1.0
22/10/17,Benevento,Fiorentina,0.0,3.0,A,9.0,14.0,1.0,7.0,3.0,5.0,16.0,18.0,2.0,1.0,0.0,0.0
22/10/17,Chievo,Verona,3.0,2.0,H,22.0,11.0,8.0,3.0,5.0,4.0,8.0,11.0,2.0,3.0,0.0,1.0
22/10/17,Lazio,Cagliari,3.0,0.0,H,10.0,12.0,3.0,5.0,4.0,5.0,12.0,15.0,1.0,4.0,0.0,0.0
22/10/17,Milan,Genoa,0.0,0.0,D,18.0,12.0,7.0,2.0,5.0,3.0,14.0,21.0,0.0,2.0,1.0,0.0
22/10/17,Spal,Sassuolo,0.0,1.0,A,13.0,12.0,2.0,2.0,10.0,3.0,18.0,15.0,3.0,3.0,0.0,1.0
22/10/17,Torino,Roma,0.0,1.0,A,5.0,16.0,0.0,5.0,0.0,5.0,26.0,14.0,1.0,1.0,0.0,0.0
22/10/17,Udinese,Juventus,2.0,6.0,A,11.0,13.0,4.0,5.0,1.0,6.0,19.0,9.0,6.0,3.0,0.0,1.0
24/10/17,Inter,Sampdoria,3.0,2.0,H,24.0,12.0,8.0,2.0,8.0,4.0,12.0,11.0,2.0,2.0,0.0,0.0
25/10/17,Atalanta,Verona,3.0,0.0,H,23.0,11.0,7.0,4.0,5.0,5.0,7.0,14.0,0.0,0.0,0.0,0.0
25/10/17,Bologna,Lazio,1.0,2.0,A,7.0,14.0,3.0,3.0,10.0,4.0,12.0,9.0,2.0,2.0,0.0,0.0
25/10/17,Cagliari,Benevento,2.0,1.0,H,13.0,9.0,5.0,3.0,5.0,2.0,26.0,15.0,5.0,1.0,0.0,0.0
25/10/17,Chievo,Milan,1.0,4.0,A,9.0,17.0,3.0,4.0,1.0,1.0,12.0,10.0,2.0,3.0,0.0,0.0
25/10/17,Fiorentina,Torino,3.0,0.0,H,15.0,5.0,7.0,0.0,5.0,6.0,22.0,22.0,1.0,3.0,0.0,1.0
25/10/17,Genoa,Napoli,2.0,3.0,A,7.0,19.0,4.0,6.0,1.0,4.0,8.0,5.0,1.0,1.0,0.0,0.0
25/10/17,Juventus,Spal,4.0,1.0,H,16.0,6.0,6.0,2.0,5.0,2.0,16.0,13.0,1.0,0.0,0.0,0.0
25/10/17,Roma,Crotone,1.0,0.0,H,20.0,3.0,4.0,2.0,10.0,1.0,8.0,9.0,0.0,1.0,0.0,0.0
25/10/17,Sassuolo,Udinese,0.0,1.0,A,11.0,8.0,3.0,2.0,6.0,3.0,15.0,19.0,2.0,3.0,0.0,0.0
28/10/17,Milan,Juventus,0.0,2.0,A,11.0,9.0,4.0,4.0,5.0,6.0,21.0,10.0,2.0,0.0,0.0,0.0
28/10/17,Roma,Bologna,1.0,0.0,H,15.0,10.0,3.0,2.0,7.0,5.0,10.0,13.0,1.0,4.0,0.0,0.0
29/10/17,Benevento,Lazio,1.0,5.0,A,19.0,12.0,6.0,9.0,2.0,6.0,12.0,10.0,1.0,1.0,0.0,0.0
29/10/17,Crotone,Fiorentina,2.0,1.0,H,11.0,17.0,5.0,3.0,3.0,5.0,19.0,17.0,3.0,3.0,0.0,0.0
29/10/17,Napoli,Sassuolo,3.0,1.0,H,26.0,8.0,9.0,1.0,6.0,5.0,14.0,13.0,2.0,2.0,0.0,0.0
29/10/17,Sampdoria,Chievo,4.0,1.0,H,15.0,13.0,7.0,6.0,8.0,6.0,9.0,11.0,2.0,3.0,0.0,0.0
29/10/17,Spal,Genoa,1.0,0.0,H,7.0,13.0,3.0,2.0,4.0,5.0,14.0,24.0,4.0,3.0,0.0,0.0
29/10/17,Torino,Cagliari,2.0,1.0,H,19.0,7.0,6.0,3.0,7.0,6.0,9.0,19.0,4.0,3.0,0.0,0.0
29/10/17,Udinese,Atalanta,2.0,1.0,H,7.0,7.0,4.0,2.0,5.0,7.0,15.0,15.0,0.0,2.0,0.0,0.0
30/10/17,Verona,Inter,1.0,2.0,A,10.0,17.0,2.0,4.0,4.0,7.0,12.0,9.0,4.0,2.0,0.0,0.0
04/11/17,Bologna,Crotone,2.0,3.0,A,15.0,10.0,5.0,6.0,5.0,2.0,14.0,14.0,2.0,3.0,0.0,0.0
04/11/17,Genoa,Sampdoria,0.0,2.0,A,14.0,11.0,2.0,5.0,5.0,2.0,22.0,8.0,4.0,2.0,0.0,0.0
05/11/17,Atalanta,Spal,1.0,1.0,D,9.0,11.0,3.0,3.0,3.0,3.0,14.0,13.0,0.0,2.0,1.0,0.0
05/11/17,Cagliari,Verona,2.0,1.0,H,22.0,9.0,9.0,2.0,8.0,2.0,11.0,15.0,2.0,4.0,0.0,0.0
05/11/17,Chievo,Napoli,0.0,0.0,D,3.0,19.0,1.0,5.0,2.0,11.0,7.0,7.0,1.0,3.0,0.0,0.0
05/11/17,Fiorentina,Roma,2.0,4.0,A,20.0,21.0,6.0,10.0,6.0,9.0,15.0,10.0,1.0,1.0,0.0,0.0
05/11/17,Inter,Torino,1.0,1.0,D,20.0,7.0,5.0,3.0,8.0,3.0,19.0,12.0,3.0,5.0,0.0,0.0
05/11/17,Juventus,Benevento,2.0,1.0,H,27.0,3.0,8.0,1.0,8.0,2.0,15.0,13.0,3.0,3.0,0.0,0.0
05/11/17,Sassuolo,Milan,0.0,2.0,A,6.0,14.0,1.0,10.0,7.0,10.0,20.0,15.0,2.0,3.0,0.0,0.0
18/11/17,Napoli,Milan,2.0,1.0,H,16.0,13.0,10.0,3.0,3.0,1.0,17.0,7.0,2.0,1.0,0.0,0.0
18/11/17,Roma,Lazio,2.0,1.0,H,16.0,12.0,7.0,2.0,6.0,7.0,11.0,17.0,2.0,4.0,0.0,0.0
19/11/17,Benevento,Sassuolo,1.0,2.0,A,13.0,15.0,6.0,5.0,6.0,5.0,26.0,11.0,4.0,1.0,1.0,0.0
19/11/17,Crotone,Genoa,0.0,1.0,A,11.0,10.0,5.0,7.0,5.0,2.0,17.0,15.0,1.0,3.0,0.0,0.0
19/11/17,Inter,Atalanta,2.0,0.0,H,8.0,8.0,4.0,1.0,1.0,2.0,10.0,13.0,0.0,2.0,0.0,0.0
19/11/17,Sampdoria,Juventus,3.0,2.0,H,9.0,19.0,5.0,4.0,3.0,4.0,12.0,15.0,4.0,3.0,0.0,0.0
19/11/17,Spal,Fiorentina,1.0,1.0,D,7.0,20.0,1.0,5.0,1.0,8.0,10.0,17.0,4.0,3.0,1.0,0.0
19/11/17,Torino,Chievo,1.0,1.0,D,19.0,12.0,5.0,4.0,5.0,1.0,9.0,15.0,1.0,1.0,0.0,1.0
19/11/17,Udinese,Cagliari,0.0,1.0,A,14.0,12.0,5.0,4.0,6.0,4.0,9.0,11.0,1.0,0.0,1.0,0.0
20/11/17,Verona,Bologna,2.0,3.0,A,17.0,12.0,5.0,5.0,6.0,4.0,11.0,11.0,2.0,1.0,0.0,0.0
25/11/17,Bologna,Sampdoria,3.0,0.0,H,11.0,20.0,6.0,7.0,5.0,12.0,5.0,13.0,2.0,2.0,1.0,0.0
25/11/17,Cagliari,Inter,1.0,3.0,A,15.0,10.0,4.0,4.0,7.0,5.0,12.0,15.0,2.0,2.0,0.0,0.0
25/11/17,Chievo,Spal,2.0,1.0,H,12.0,14.0,3.0,5.0,2.0,8.0,23.0,24.0,0.0,1.0,0.0,0.0
25/11/17,Sassuolo,Verona,0.0,2.0,A,20.0,9.0,3.0,6.0,10.0,6.0,10.0,15.0,0.0,3.0,0.0,1.0
26/11/17,Genoa,Roma,1.0,1.0,D,9.0,14.0,4.0,4.0,1.0,4.0,15.0,16.0,1.0,3.0,0.0,1.0
26/11/17,Juventus,Crotone,3.0,0.0,H,25.0,4.0,10.0,1.0,7.0,0.0,8.0,9.0,2.0,2.0,0.0,0.0
26/11/17,Lazio,Fiorentina,1.0,1.0,D,13.0,16.0,7.0,8.0,6.0,5.0,16.0,8.0,2.0,2.0,0.0,0.0
26/11/17,Milan,Torino,0.0,0.0,D,17.0,8.0,6.0,2.0,5.0,4.0,15.0,20.0,0.0,2.0,0.0,0.0
26/11/17,Udinese,Napoli,0.0,1.0,A,10.0,9.0,2.0,4.0,3.0,7.0,14.0,7.0,5.0,1.0,0.0,0.0
27/11/17,Atalanta,Benevento,1.0,0.0,H,14.0,6.0,4.0,2.0,9.0,3.0,11.0,16.0,1.0,2.0,0.0,0.0
01/12/17,Napoli,Juventus,0.0,1.0,A,21.0,7.0,6.0,4.0,10.0,3.0,9.0,5.0,2.0,1.0,0.0,0.0
01/12/17,Roma,Spal,3.0,1.0,H,37.0,3.0,15.0,2.0,10.0,0.0,10.0,12.0,1.0,2.0,0.0,1.0
02/12/17,Torino,Atalanta,1.0,1.0,D,9.0,14.0,4.0,6.0,5.0,7.0,9.0,13.0,2.0,2.0,0.0,0.0
03/12/17,Benevento,Milan,2.0,2.0,D,17.0,12.0,6.0,7.0,4.0,3.0,16.0,12.0,3.0,5.0,0.0,1.0
03/12/17,Bologna,Cagliari,1.0,1.0,D,13.0,8.0,3.0,2.0,5.0,3.0,15.0,20.0,6.0,2.0,0.0,0.0
03/12/17,Fiorentina,Sassuolo,3.0,0.0,H,23.0,8.0,9.0,1.0,13.0,8.0,9.0,9.0,1.0,3.0,0.0,0.0
03/12/17,Inter,Chievo,5.0,0.0,H,37.0,7.0,13.0,4.0,18.0,2.0,11.0,4.0,1.0,0.0,0.0,0.0
03/12/17,Sampdoria,Lazio,1.0,2.0,A,16.0,14.0,3.0,3.0,5.0,6.0,10.0,12.0,0.0,1.0,0.0,0.0
04/12/17,Crotone,Udinese,0.0,3.0,A,9.0,15.0,2.0,6.0,7.0,7.0,8.0,11.0,0.0,0.0,0.0,0.0
04/12/17,Verona,Genoa,0.0,1.0,A,15.0,9.0,3.0,1.0,2.0,3.0,17.0,19.0,2.0,4.0,0.0,0.0
09/12/17,Cagliari,Sampdoria,2.0,2.0,D,14.0,16.0,6.0,9.0,6.0,4.0,15.0,11.0,3.0,0.0,0.0,0.0
09/12/17,Juventus,Inter,0.0,0.0,D,19.0,6.0,8.0,1.0,3.0,4.0,10.0,21.0,2.0,5.0,0.0,0.0
10/12/17,Chievo,Roma,0.0,0.0,D,9.0,24.0,1.0,8.0,1.0,13.0,10.0,8.0,1.0,2.0,0.0,0.0
10/12/17,Milan,Bologna,2.0,1.0,H,21.0,10.0,7.0,2.0,12.0,7.0,9.0,7.0,0.0,0.0,0.0,0.0
10/12/17,Napoli,Fiorentina,0.0,0.0,D,10.0,6.0,4.0,3.0,4.0,2.0,10.0,6.0,3.0,3.0,0.0,0.0
10/12/17,Sassuolo,Crotone,2.0,1.0,H,16.0,8.0,7.0,2.0,8.0,6.0,10.0,15.0,3.0,2.0,0.0,0.0
10/12/17,Spal,Verona,2.0,2.0,D,19.0,16.0,10.0,8.0,8.0,6.0,14.0,15.0,3.0,2.0,0.0,0.0
10/12/17,Udinese,Benevento,2.0,0.0,H,9.0,20.0,2.0,5.0,3.0,9.0,16.0,15.0,1.0,2.0,0.0,0.0
11/12/17,Lazio,Torino,1.0,3.0,A,20.0,18.0,7.0,6.0,13.0,2.0,7.0,16.0,1.0,1.0,1.0,0.0
12/12/17,Genoa,Atalanta,1.0,2.0,A,15.0,13.0,4.0,7.0,7.0,5.0,14.0,20.0,3.0,2.0,0.0,0.0
16/12/17,Inter,Udinese,1.0,3.0,A,26.0,8.0,8.0,5.0,15.0,3.0,9.0,16.0,1.0,4.0,0.0,0.0
16/12/17,Roma,Cagliari,1.0,0.0,H,21.0,3.0,6.0,0.0,5.0,1.0,14.0,15.0,1.0,3.0,0.0,0.0
16/12/17,Torino,Napoli,1.0,3.0,A,8.0,12.0,2.0,4.0,4.0,5.0,8.0,8.0,1.0,1.0,0.0,0.0
17/12/17,Atalanta,Lazio,3.0,3.0,D,13.0,13.0,6.0,4.0,5.0,7.0,5.0,12.0,2.0,2.0,0.0,0.0
17/12/17,Benevento,Spal,1.0,2.0,A,16.0,14.0,4.0,5.0,6.0,3.0,14.0,11.0,2.0,3.0,0.0,0.0
17/12/17,Bologna,Juventus,0.0,3.0,A,3.0,11.0,1.0,6.0,3.0,7.0,9.0,9.0,3.0,1.0,0.0,0.0
17/12/17,Crotone,Chievo,1.0,0.0,H,15.0,15.0,6.0,4.0,6.0,4.0,17.0,13.0,4.0,4.0,0.0,0.0
17/12/17,Fiorentina,Genoa,0.0,0.0,D,22.0,5.0,4.0,3.0,3.0,4.0,13.0,9.0,2.0,2.0,0.0,0.0
17/12/17,Sampdoria,Sassuolo,0.0,1.0,A,13.0,15.0,2.0,7.0,7.0,5.0,15.0,16.0,1.0,6.0,0.0,0.0
17/12/17,Verona,Milan,3.0,0.0,H,6.0,30.0,4.0,8.0,4.0,13.0,12.0,13.0,3.0,2.0,0.0,1.0
22/12/17,Cagliari,Fiorentina,0.0,1.0,A,8.0,26.0,1.0,7.0,7.0,10.0,14.0,13.0,2.0,2.0,1.0,0.0
22/12/17,Chievo,Bologna,2.0,3.0,A,21.0,9.0,8.0,5.0,7.0,5.0,13.0,13.0,2.0,2.0,0.0,1.0
23/12/17,Genoa,Benevento,1.0,0.0,H,15.0,12.0,5.0,3.0,8.0,4.0,14.0,17.0,2.0,5.0,0.0,0.0
23/12/17,Juventus,Roma,1.0,0.0,H,22.0,13.0,7.0,3.0,3.0,5.0,9.0,13.0,2.0,3.0,0.0,0.0
23/12/17,Lazio,Crotone,4.0,0.0,H,19.0,8.0,6.0,2.0,10.0,3.0,12.0,7.0,1.0,2.0,0.0,0.0
23/12/17,Milan,Atalanta,0.0,2.0,A,23.0,11.0,5.0,7.0,7.0,4.0,17.0,11.0,2.0,0.0,0.0,0.0
23/12/17,Napoli,Sampdoria,3.0,2.0,H,14.0,6.0,9.0,2.0,2.0,2.0,17.0,15.0,4.0,5.0,1.0,0.0
23/12/17,Sassuolo,Inter,1.0,0.0,H,9.0,16.0,4.0,4.0,1.0,10.0,14.0,18.0,1.0,2.0,0.0,0.0
23/12/17,Spal,Torino,2.0,2.0,D,15.0,15.0,4.0,5.0,9.0,3.0,12.0,21.0,4.0,2.0,0.0,0.0
23/12/17,Udinese,Verona,4.0,0.0,H,27.0,3.0,10.0,0.0,7.0,1.0,12.0,15.0,0.0,3.0,0.0,0.0
29/12/17,Crotone,Napoli,0.0,1.0,A,5.0,23.0,2.0,7.0,2.0,15.0,10.0,6.0,1.0,2.0,0.0,0.0
30/12/17,Atalanta,Cagliari,1.0,2.0,A,25.0,4.0,6.0,3.0,5.0,3.0,6.0,19.0,0.0,5.0,0.0,1.0
30/12/17,Benevento,Chievo,1.0,0.0,H,18.0,9.0,9.0,3.0,7.0,1.0,14.0,17.0,1.0,2.0,0.0,0.0
30/12/17,Bologna,Udinese,1.0,2.0,A,12.0,7.0,3.0,4.0,8.0,0.0,14.0,16.0,2.0,3.0,0.0,0.0
30/12/17,Fiorentina,Milan,1.0,1.0,D,18.0,8.0,6.0,4.0,2.0,5.0,11.0,12.0,1.0,1.0,0.0,0.0
30/12/17,Inter,Lazio,0.0,0.0,D,10.0,12.0,3.0,4.0,10.0,8.0,13.0,9.0,2.0,1.0,0.0,0.0
30/12/17,Roma,Sassuolo,1.0,1.0,D,21.0,15.0,4.0,5.0,7.0,4.0,13.0,12.0,1.0,2.0,0.0,0.0
30/12/17,Sampdoria,Spal,2.0,0.0,H,20.0,9.0,8.0,2.0,11.0,3.0,16.0,15.0,3.0,4.0,0.0,0.0
30/12/17,Torino,Genoa,0.0,0.0,D,17.0,3.0,6.0,1.0,8.0,3.0,25.0,23.0,1.0,3.0,0.0,0.0
30/12/17,Verona,Juventus,1.0,3.0,A,3.0,18.0,1.0,8.0,6.0,6.0,22.0,4.0,2.0,0.0,0.0,0.0
05/01/18,Chievo,Udinese,1.0,1.0,D,11.0,9.0,6.0,1.0,5.0,5.0,6.0,20.0,0.0,1.0,0.0,0.0
05/01/18,Fiorentina,Inter,1.0,1.0,D,23.0,13.0,4.0,4.0,7.0,5.0,9.0,11.0,2.0,3.0,0.0,0.0
06/01/18,Benevento,Sampdoria,3.0,2.0,H,16.0,13.0,4.0,6.0,6.0,7.0,10.0,9.0,1.0,1.0,0.0,1.0
06/01/18,Cagliari,Juventus,0.0,1.0,A,9.0,16.0,2.0,2.0,5.0,3.0,17.0,13.0,1.0,2.0,0.0,0.0
06/01/18,Genoa,Sassuolo,1.0,0.0,H,7.0,10.0,3.0,1.0,5.0,5.0,17.0,16.0,3.0,1.0,0.0,0.0
06/01/18,Milan,Crotone,1.0,0.0,H,26.0,8.0,9.0,2.0,14.0,0.0,17.0,16.0,2.0,2.0,0.0,0.0
06/01/18,Napoli,Verona,2.0,0.0,H,24.0,3.0,9.0,1.0,5.0,1.0,9.0,8.0,0.0,4.0,0.0,0.0
06/01/18,Roma,Atalanta,1.0,2.0,A,18.0,11.0,5.0,4.0,12.0,7.0,12.0,6.0,1.0,3.0,0.0,1.0
06/01/18,Spal,Lazio,2.0,5.0,A,13.0,15.0,4.0,7.0,9.0,4.0,8.0,14.0,2.0,3.0,0.0,0.0
06/01/18,Torino,Bologna,3.0,0.0,H,19.0,6.0,6.0,1.0,4.0,5.0,13.0,12.0,1.0,2.0,0.0,0.0
21/01/18,Atalanta,Napoli,0.0,1.0,A,9.0,12.0,3.0,3.0,8.0,7.0,10.0,13.0,0.0,2.0,0.0,0.0
21/01/18,Bologna,Benevento,3.0,0.0,H,8.0,4.0,6.0,1.0,5.0,3.0,11.0,15.0,4.0,2.0,0.0,0.0
21/01/18,Cagliari,Milan,1.0,2.0,A,12.0,16.0,3.0,6.0,5.0,8.0,23.0,17.0,5.0,4.0,1.0,1.0
21/01/18,Inter,Roma,1.0,1.0,D,17.0,7.0,7.0,1.0,6.0,5.0,13.0,13.0,2.0,0.0,0.0,0.0
21/01/18,Lazio,Chievo,5.0,1.0,H,18.0,9.0,11.0,3.0,2.0,2.0,5.0,3.0,1.0,0.0,0.0,0.0
21/01/18,Sampdoria,Fiorentina,3.0,1.0,H,14.0,12.0,10.0,5.0,7.0,4.0,5.0,16.0,1.0,2.0,0.0,0.0
21/01/18,Sassuolo,Torino,1.0,1.0,D,18.0,9.0,6.0,4.0,6.0,7.0,16.0,15.0,4.0,2.0,0.0,0.0
21/01/18,Udinese,Spal,1.0,1.0,D,6.0,14.0,1.0,4.0,5.0,7.0,23.0,12.0,2.0,3.0,0.0,0.0
21/01/18,Verona,Crotone,0.0,3.0,A,10.0,9.0,2.0,5.0,5.0,1.0,13.0,15.0,1.0,5.0,1.0,0.0
22/01/18,Juventus,Genoa,1.0,0.0,H,15.0,3.0,5.0,0.0,4.0,3.0,23.0,17.0,1.0,5.0,0.0,0.0
24/01/18,Lazio,Udinese,3.0,0.0,H,11.0,12.0,7.0,4.0,3.0,6.0,8.0,5.0,0.0,2.0,0.0,0.0
24/01/18,Sampdoria,Roma,1.0,1.0,D,13.0,20.0,3.0,4.0,6.0,7.0,10.0,12.0,1.0,3.0,0.0,0.0
27/01/18,Chievo,Juventus,0.0,2.0,A,1.0,16.0,1.0,7.0,2.0,4.0,9.0,11.0,2.0,2.0,2.0,0.0
27/01/18,Sassuolo,Atalanta,0.0,3.0,A,10.0,17.0,1.0,10.0,5.0,7.0,11.0,11.0,2.0,0.0,1.0,0.0
28/01/18,Crotone,Cagliari,1.0,1.0,D,13.0,6.0,6.0,3.0,9.0,4.0,18.0,15.0,2.0,2.0,0.0,1.0
28/01/18,Fiorentina,Verona,1.0,4.0,A,28.0,8.0,6.0,5.0,11.0,3.0,13.0,16.0,3.0,4.0,0.0,0.0
28/01/18,Genoa,Udinese,0.0,1.0,A,19.0,6.0,2.0,1.0,10.0,3.0,11.0,17.0,2.0,0.0,0.0,1.0
28/01/18,Milan,Lazio,2.0,1.0,H,11.0,13.0,5.0,4.0,4.0,3.0,8.0,14.0,2.0,6.0,0.0,0.0
28/01/18,Napoli,Bologna,3.0,1.0,H,9.0,10.0,4.0,5.0,7.0,3.0,7.0,13.0,1.0,2.0,0.0,0.0
28/01/18,Roma,Sampdoria,0.0,1.0,A,19.0,15.0,8.0,10.0,10.0,10.0,8.0,7.0,2.0,2.0,0.0,0.0
28/01/18,Spal,Inter,1.0,1.0,D,12.0,10.0,3.0,6.0,4.0,6.0,7.0,26.0,1.0,0.0,0.0,0.0
28/01/18,Torino,Benevento,3.0,0.0,H,14.0,6.0,5.0,1.0,6.0,3.0,14.0,10.0,2.0,1.0,0.0,1.0
03/02/18,Inter,Crotone,1.0,1.0,D,11.0,11.0,2.0,2.0,7.0,4.0,14.0,8.0,1.0,3.0,0.0,0.0
03/02/18,Sampdoria,Torino,1.0,1.0,D,9.0,14.0,3.0,5.0,6.0,4.0,15.0,19.0,3.0,4.0,0.0,1.0
04/02/18,Atalanta,Chievo,1.0,0.0,H,24.0,4.0,4.0,0.0,10.0,3.0,11.0,14.0,0.0,1.0,0.0,0.0
04/02/18,Benevento,Napoli,0.0,2.0,A,14.0,17.0,4.0,5.0,4.0,5.0,4.0,6.0,1.0,0.0,0.0,0.0
04/02/18,Bologna,Fiorentina,1.0,2.0,A,8.0,11.0,4.0,6.0,4.0,4.0,11.0,12.0,2.0,1.0,0.0,0.0
04/02/18,Cagliari,Spal,2.0,0.0,H,10.0,10.0,4.0,3.0,6.0,3.0,26.0,16.0,5.0,2.0,0.0,0.0
04/02/18,Juventus,Sassuolo,7.0,0.0,H,17.0,5.0,10.0,1.0,5.0,1.0,8.0,8.0,0.0,2.0,0.0,0.0
04/02/18,Udinese,Milan,1.0,1.0,D,13.0,15.0,3.0,4.0,5.0,5.0,18.0,13.0,2.0,2.0,0.0,1.0
04/02/18,Verona,Roma,0.0,1.0,A,9.0,17.0,1.0,8.0,4.0,6.0,17.0,7.0,3.0,1.0,0.0,1.0
05/02/18,Lazio,Genoa,1.0,2.0,A,22.0,6.0,5.0,4.0,8.0,1.0,7.0,9.0,0.0,1.0,0.0,0.0
09/02/18,Fiorentina,Juventus,0.0,2.0,A,12.0,4.0,2.0,3.0,2.0,5.0,12.0,17.0,4.0,3.0,0.0,0.0
10/02/18,Crotone,Atalanta,1.0,1.0,D,9.0,13.0,4.0,4.0,4.0,9.0,16.0,13.0,4.0,2.0,0.0,0.0
10/02/18,Napoli,Lazio,4.0,1.0,H,17.0,5.0,7.0,1.0,2.0,2.0,5.0,10.0,0.0,3.0,0.0,0.0
10/02/18,Spal,Milan,0.0,4.0,A,8.0,21.0,0.0,9.0,3.0,5.0,17.0,16.0,3.0,3.0,0.0,0.0
11/02/18,Chievo,Genoa,0.0,1.0,A,6.0,10.0,1.0,3.0,3.0,7.0,16.0,17.0,1.0,1.0,0.0,0.0
11/02/18,Inter,Bologna,2.0,1.0,H,15.0,8.0,5.0,4.0,7.0,2.0,18.0,17.0,1.0,3.0,0.0,2.0
11/02/18,Roma,Benevento,5.0,2.0,H,20.0,6.0,9.0,3.0,10.0,3.0,9.0,7.0,0.0,0.0,0.0,0.0
11/02/18,Sampdoria,Verona,2.0,0.0,H,22.0,6.0,10.0,1.0,8.0,4.0,10.0,15.0,1.0,1.0,0.0,0.0
11/02/18,Sassuolo,Cagliari,0.0,0.0,D,15.0,5.0,1.0,2.0,4.0,2.0,12.0,15.0,0.0,1.0,0.0,0.0
11/02/18,Torino,Udinese,2.0,0.0,H,14.0,12.0,7.0,0.0,7.0,3.0,12.0,16.0,2.0,1.0,0.0,0.0
17/02/18,Chievo,Cagliari,2.0,1.0,H,9.0,5.0,5.0,3.0,7.0,1.0,10.0,23.0,2.0,3.0,0.0,0.0
17/02/18,Genoa,Inter,2.0,0.0,H,9.0,14.0,2.0,5.0,10.0,8.0,11.0,9.0,0.0,1.0,0.0,0.0
17/02/18,Udinese,Roma,0.0,2.0,A,8.0,18.0,3.0,7.0,2.0,7.0,11.0,10.0,3.0,1.0,0.0,0.0
18/02/18,Atalanta,Fiorentina,1.0,1.0,D,7.0,17.0,3.0,2.0,2.0,5.0,10.0,18.0,2.0,6.0,0.0,1.0
18/02/18,Benevento,Crotone,3.0,2.0,H,16.0,19.0,8.0,3.0,7.0,4.0,14.0,10.0,5.0,2.0,0.0,0.0
18/02/18,Bologna,Sassuolo,2.0,1.0,H,10.0,19.0,6.0,6.0,2.0,9.0,12.0,19.0,1.0,4.0,0.0,1.0
18/02/18,Milan,Sampdoria,1.0,0.0,H,20.0,9.0,8.0,2.0,11.0,1.0,13.0,15.0,1.0,3.0,0.0,0.0
18/02/18,Napoli,Spal,1.0,0.0,H,19.0,4.0,5.0,1.0,10.0,1.0,10.0,11.0,1.0,4.0,0.0,0.0
18/02/18,Torino,Juventus,0.0,1.0,A,6.0,8.0,3.0,3.0,2.0,3.0,14.0,8.0,1.0,1.0,0.0,0.0
19/02/18,Lazio,Verona,2.0,0.0,H,33.0,5.0,10.0,0.0,11.0,2.0,7.0,10.0,0.0,1.0,0.0,0.0
24/02/18,Bologna,Genoa,2.0,0.0,H,7.0,16.0,4.0,3.0,2.0,8.0,9.0,12.0,2.0,0.0,0.0,0.0
24/02/18,Inter,Benevento,2.0,0.0,H,9.0,10.0,4.0,1.0,6.0,2.0,15.0,14.0,2.0,3.0,0.0,1.0
25/02/18,Crotone,Spal,2.0,3.0,A,17.0,10.0,7.0,6.0,5.0,4.0,19.0,13.0,1.0,4.0,0.0,0.0
25/02/18,Fiorentina,Chievo,1.0,0.0,H,14.0,5.0,5.0,2.0,9.0,10.0,16.0,17.0,1.0,1.0,0.0,0.0
25/02/18,Roma,Milan,0.0,2.0,A,18.0,10.0,3.0,5.0,9.0,3.0,11.0,6.0,0.0,0.0,0.0,0.0
25/02/18,Sampdoria,Udinese,2.0,1.0,H,14.0,16.0,3.0,4.0,5.0,4.0,11.0,16.0,2.0,2.0,0.0,0.0
25/02/18,Sassuolo,Lazio,0.0,3.0,A,15.0,6.0,4.0,4.0,4.0,0.0,11.0,10.0,3.0,3.0,1.0,1.0
25/02/18,Verona,Torino,2.0,1.0,H,7.0,12.0,4.0,2.0,7.0,7.0,12.0,19.0,3.0,1.0,0.0,0.0
26/02/18,Cagliari,Napoli,0.0,5.0,A,7.0,18.0,3.0,8.0,1.0,2.0,12.0,5.0,2.0,1.0,0.0,0.0
03/03/18,Lazio,Juventus,0.0,1.0,A,4.0,6.0,2.0,1.0,4.0,4.0,16.0,11.0,3.0,2.0,0.0,0.0
03/03/18,Napoli,Roma,2.0,4.0,A,26.0,11.0,13.0,5.0,10.0,2.0,7.0,8.0,1.0,2.0,0.0,0.0
03/03/18,Spal,Bologna,1.0,0.0,H,11.0,6.0,1.0,0.0,4.0,4.0,12.0,15.0,5.0,3.0,1.0,1.0
09/03/18,Roma,Torino,3.0,0.0,H,15.0,10.0,5.0,3.0,13.0,6.0,8.0,21.0,1.0,2.0,0.0,0.0
10/03/18,Verona,Chievo,1.0,0.0,H,7.0,10.0,2.0,2.0,3.0,4.0,11.0,16.0,4.0,6.0,0.0,0.0
11/03/18,Bologna,Atalanta,0.0,1.0,A,10.0,21.0,1.0,5.0,5.0,10.0,11.0,12.0,3.0,0.0,0.0,0.0
11/03/18,Cagliari,Lazio,2.0,2.0,D,5.0,12.0,4.0,4.0,1.0,4.0,13.0,10.0,2.0,4.0,0.0,0.0
11/03/18,Crotone,Sampdoria,4.0,1.0,H,14.0,11.0,8.0,2.0,3.0,10.0,16.0,20.0,1.0,2.0,0.0,0.0
11/03/18,Fiorentina,Benevento,1.0,0.0,H,14.0,11.0,5.0,3.0,8.0,9.0,11.0,8.0,2.0,3.0,0.0,0.0
11/03/18,Genoa,Milan,0.0,1.0,A,9.0,14.0,2.0,7.0,3.0,3.0,5.0,9.0,1.0,0.0,0.0,0.0
11/03/18,Inter,Napoli,0.0,0.0,D,3.0,11.0,1.0,2.0,2.0,3.0,9.0,10.0,1.0,3.0,0.0,0.0
11/03/18,Juventus,Udinese,2.0,0.0,H,11.0,5.0,4.0,1.0,5.0,3.0,7.0,9.0,1.0,2.0,0.0,0.0
11/03/18,Sassuolo,Spal,1.0,1.0,D,15.0,6.0,4.0,2.0,9.0,3.0,13.0,14.0,3.0,3.0,0.0,0.0
14/03/18,Juventus,Atalanta,2.0,0.0,H,15.0,8.0,3.0,0.0,3.0,8.0,8.0,23.0,3.0,5.0,0.0,1.0
17/03/18,Spal,Juventus,0.0,0.0,D,3.0,12.0,0.0,3.0,3.0,7.0,15.0,16.0,5.0,2.0,0.0,0.0
17/03/18,Udinese,Sassuolo,1.0,2.0,A,11.0,12.0,3.0,3.0,4.0,7.0,14.0,15.0,1.0,2.0,0.0,0.0
18/03/18,Benevento,Cagliari,1.0,2.0,A,15.0,12.0,4.0,3.0,5.0,9.0,11.0,7.0,2.0,2.0,0.0,0.0
18/03/18,Crotone,Roma,0.0,2.0,A,8.0,20.0,3.0,8.0,4.0,5.0,10.0,11.0,0.0,0.0,0.0,0.0
18/03/18,Lazio,Bologna,1.0,1.0,D,21.0,10.0,4.0,3.0,5.0,3.0,7.0,9.0,2.0,2.0,0.0,0.0
18/03/18,Milan,Chievo,3.0,2.0,H,18.0,6.0,6.0,2.0,10.0,1.0,13.0,18.0,3.0,5.0,0.0,0.0
18/03/18,Napoli,Genoa,1.0,0.0,H,16.0,12.0,4.0,3.0,8.0,3.0,7.0,11.0,1.0,2.0,0.0,0.0
18/03/18,Sampdoria,Inter,0.0,5.0,A,10.0,15.0,2.0,8.0,7.0,9.0,6.0,9.0,2.0,1.0,0.0,0.0
18/03/18,Torino,Fiorentina,1.0,2.0,A,10.0,13.0,3.0,5.0,2.0,3.0,14.0,16.0,3.0,3.0,0.0,0.0
18/03/18,Verona,Atalanta,0.0,5.0,A,6.0,24.0,0.0,11.0,4.0,4.0,11.0,13.0,3.0,2.0,0.0,0.0
31/03/18,Atalanta,Udinese,2.0,0.0,H,23.0,9.0,7.0,2.0,10.0,6.0,9.0,10.0,1.0,2.0,0.0,0.0
31/03/18,Bologna,Roma,1.0,1.0,D,6.0,17.0,1.0,5.0,3.0,11.0,14.0,7.0,3.0,1.0,0.0,0.0
31/03/18,Cagliari,Torino,0.0,4.0,A,9.0,13.0,2.0,6.0,5.0,7.0,10.0,16.0,0.0,1.0,0.0,0.0
31/03/18,Chievo,Sampdoria,2.0,1.0,H,7.0,15.0,4.0,7.0,2.0,6.0,15.0,11.0,3.0,2.0,0.0,0.0
31/03/18,Fiorentina,Crotone,2.0,0.0,H,15.0,6.0,6.0,2.0,6.0,3.0,21.0,10.0,4.0,5.0,0.0,1.0
31/03/18,Genoa,Spal,1.0,1.0,D,15.0,7.0,2.0,4.0,7.0,2.0,26.0,13.0,4.0,2.0,0.0,1.0
31/03/18,Inter,Verona,3.0,0.0,H,23.0,8.0,4.0,1.0,5.0,3.0,7.0,11.0,1.0,3.0,0.0,1.0
31/03/18,Juventus,Milan,3.0,1.0,H,7.0,10.0,4.0,5.0,2.0,3.0,9.0,17.0,1.0,3.0,0.0,0.0
31/03/18,Lazio,Benevento,6.0,2.0,H,27.0,6.0,14.0,3.0,8.0,2.0,14.0,11.0,0.0,4.0,0.0,1.0
31/03/18,Sassuolo,Napoli,1.0,1.0,D,10.0,12.0,4.0,4.0,4.0,5.0,16.0,10.0,5.0,2.0,0.0,0.0
03/04/18,Atalanta,Sampdoria,1.0,2.0,A,16.0,10.0,1.0,3.0,10.0,7.0,13.0,11.0,2.0,3.0,0.0,0.0
03/04/18,Genoa,Cagliari,2.0,1.0,H,8.0,9.0,2.0,4.0,4.0,3.0,22.0,17.0,2.0,4.0,0.0,0.0
03/04/18,Udinese,Fiorentina,0.0,2.0,A,13.0,15.0,4.0,4.0,5.0,6.0,11.0,15.0,2.0,4.0,0.0,0.0
04/04/18,Benevento,Verona,3.0,0.0,H,22.0,3.0,15.0,0.0,9.0,2.0,13.0,25.0,2.0,2.0,0.0,0.0
04/04/18,Chievo,Sassuolo,1.0,1.0,D,6.0,12.0,2.0,4.0,2.0,1.0,22.0,7.0,4.0,2.0,0.0,2.0
04/04/18,Milan,Inter,0.0,0.0,D,13.0,14.0,3.0,2.0,7.0,4.0,10.0,13.0,1.0,4.0,0.0,0.0
04/04/18,Torino,Crotone,4.0,1.0,H,9.0,12.0,5.0,2.0,3.0,3.0,14.0,13.0,1.0,1.0,0.0,0.0
07/04/18,Benevento,Juventus,2.0,4.0,A,16.0,15.0,6.0,5.0,9.0,2.0,10.0,10.0,0.0,1.0,0.0,0.0
07/04/18,Roma,Fiorentina,0.0,2.0,A,25.0,4.0,9.0,3.0,9.0,1.0,8.0,9.0,4.0,2.0,0.0,0.0
07/04/18,Sampdoria,Genoa,0.0,0.0,D,18.0,7.0,4.0,2.0,5.0,1.0,10.0,13.0,1.0,2.0,0.0,0.0
07/04/18,Spal,Atalanta,1.0,1.0,D,8.0,19.0,4.0,6.0,3.0,3.0,10.0,24.0,3.0,2.0,0.0,0.0
08/04/18,Crotone,Bologna,1.0,0.0,H,6.0,11.0,5.0,1.0,1.0,5.0,16.0,20.0,2.0,4.0,0.0,0.0
08/04/18,Milan,Sassuolo,1.0,1.0,D,22.0,8.0,8.0,3.0,12.0,3.0,15.0,10.0,3.0,2.0,0.0,0.0
08/04/18,Napoli,Chievo,2.0,1.0,H,31.0,4.0,12.0,2.0,14.0,0.0,7.0,12.0,2.0,3.0,0.0,0.0
08/04/18,Torino,Inter,1.0,0.0,H,10.0,15.0,3.0,8.0,1.0,16.0,5.0,16.0,2.0,3.0,0.0,0.0
08/04/18,Udinese,Lazio,1.0,2.0,A,10.0,14.0,3.0,4.0,5.0,5.0,9.0,7.0,0.0,2.0,0.0,0.0
08/04/18,Verona,Cagliari,1.0,0.0,H,11.0,10.0,4.0,3.0,2.0,9.0,18.0,13.0,4.0,1.0,0.0,0.0
14/04/18,Atalanta,Inter,0.0,0.0,D,16.0,10.0,4.0,2.0,8.0,4.0,14.0,5.0,4.0,2.0,0.0,0.0
14/04/18,Cagliari,Udinese,2.0,1.0,H,12.0,7.0,3.0,1.0,7.0,3.0,11.0,12.0,2.0,3.0,0.0,0.0
14/04/18,Chievo,Torino,0.0,0.0,D,6.0,12.0,0.0,3.0,4.0,4.0,15.0,11.0,2.0,0.0,1.0,0.0
14/04/18,Genoa,Crotone,1.0,0.0,H,17.0,10.0,5.0,1.0,5.0,4.0,21.0,15.0,2.0,3.0,0.0,0.0
15/04/18,Bologna,Verona,2.0,0.0,H,14.0,8.0,6.0,1.0,3.0,4.0,17.0,15.0,3.0,2.0,0.0,0.0
15/04/18,Fiorentina,Spal,0.0,0.0,D,24.0,4.0,6.0,1.0,8.0,4.0,14.0,8.0,2.0,2.0,0.0,0.0
15/04/18,Juventus,Sampdoria,3.0,0.0,H,16.0,8.0,5.0,3.0,6.0,8.0,8.0,6.0,2.0,0.0,0.0,0.0
15/04/18,Lazio,Roma,0.0,0.0,D,7.0,10.0,1.0,1.0,7.0,2.0,14.0,13.0,4.0,2.0,1.0,0.0
15/04/18,Milan,Napoli,0.0,0.0,D,13.0,15.0,2.0,4.0,11.0,8.0,10.0,6.0,2.0,2.0,0.0,0.0
15/04/18,Sassuolo,Benevento,2.0,2.0,D,15.0,10.0,3.0,2.0,7.0,1.0,12.0,23.0,3.0,2.0,0.0,0.0
17/04/18,Inter,Cagliari,4.0,0.0,H,20.0,0.0,9.0,0.0,10.0,2.0,7.0,10.0,1.0,1.0,0.0,0.0
18/04/18,Benevento,Atalanta,0.0,3.0,A,12.0,12.0,4.0,8.0,6.0,1.0,13.0,21.0,2.0,2.0,0.0,0.0
18/04/18,Crotone,Juventus,1.0,1.0,D,9.0,13.0,3.0,4.0,2.0,7.0,9.0,12.0,1.0,2.0,0.0,0.0
18/04/18,Fiorentina,Lazio,3.0,4.0,A,13.0,17.0,6.0,8.0,0.0,8.0,17.0,14.0,3.0,2.0,1.0,1.0
18/04/18,Napoli,Udinese,4.0,2.0,H,18.0,19.0,9.0,5.0,8.0,7.0,7.0,12.0,1.0,2.0,0.0,0.0
18/04/18,Roma,Genoa,2.0,1.0,H,15.0,5.0,6.0,1.0,7.0,3.0,10.0,10.0,0.0,1.0,0.0,0.0
18/04/18,Sampdoria,Bologna,1.0,0.0,H,16.0,11.0,2.0,2.0,6.0,6.0,11.0,12.0,1.0,3.0,0.0,0.0
18/04/18,Spal,Chievo,0.0,0.0,D,9.0,6.0,1.0,0.0,6.0,2.0,12.0,24.0,1.0,2.0,0.0,0.0
18/04/18,Torino,Milan,1.0,1.0,D,12.0,9.0,5.0,5.0,6.0,6.0,21.0,13.0,4.0,3.0,1.0,0.0
18/04/18,Verona,Sassuolo,0.0,1.0,A,9.0,15.0,2.0,5.0,6.0,5.0,19.0,14.0,3.0,4.0,0.0,0.0
21/04/18,Milan,Benevento,0.0,1.0,A,21.0,5.0,6.0,1.0,4.0,1.0,13.0,7.0,2.0,4.0,0.0,1.0
21/04/18,Sassuolo,Fiorentina,1.0,0.0,H,10.0,6.0,6.0,1.0,4.0,2.0,22.0,20.0,6.0,4.0,0.0,1.0
21/04/18,Spal,Roma,0.0,3.0,A,6.0,14.0,3.0,7.0,2.0,3.0,10.0,11.0,4.0,1.0,0.0,0.0
22/04/18,Atalanta,Torino,2.0,1.0,H,22.0,10.0,8.0,1.0,11.0,4.0,19.0,18.0,2.0,2.0,0.0,0.0
22/04/18,Cagliari,Bologna,0.0,0.0,D,13.0,5.0,2.0,2.0,7.0,1.0,15.0,13.0,3.0,5.0,0.0,0.0
22/04/18,Chievo,Inter,1.0,2.0,A,13.0,11.0,6.0,5.0,4.0,10.0,11.0,9.0,1.0,1.0,0.0,0.0
22/04/18,Juventus,Napoli,0.0,1.0,A,4.0,12.0,0.0,4.0,3.0,3.0,10.0,17.0,3.0,1.0,0.0,0.0
22/04/18,Lazio,Sampdoria,4.0,0.0,H,15.0,6.0,9.0,2.0,8.0,4.0,11.0,8.0,1.0,2.0,0.0,0.0
22/04/18,Udinese,Crotone,1.0,2.0,A,15.0,11.0,6.0,2.0,6.0,5.0,21.0,7.0,2.0,0.0,0.0,0.0
23/04/18,Genoa,Verona,3.0,1.0,H,18.0,13.0,8.0,3.0,8.0,2.0,13.0,10.0,2.0,3.0,0.0,0.0
28/04/18,Inter,Juventus,2.0,3.0,A,10.0,13.0,5.0,4.0,2.0,8.0,7.0,15.0,2.0,5.0,1.0,0.0
28/04/18,Roma,Chievo,4.0,1.0,H,15.0,12.0,7.0,6.0,3.0,7.0,12.0,10.0,2.0,2.0,1.0,0.0
29/04/18,Atalanta,Genoa,3.0,1.0,H,13.0,12.0,6.0,3.0,1.0,7.0,13.0,6.0,3.0,1.0,0.0,0.0
29/04/18,Benevento,Udinese,3.0,3.0,D,12.0,15.0,6.0,6.0,4.0,4.0,11.0,19.0,4.0,3.0,1.0,0.0
29/04/18,Bologna,Milan,1.0,2.0,A,12.0,9.0,7.0,4.0,7.0,1.0,14.0,12.0,1.0,1.0,0.0,0.0
29/04/18,Crotone,Sassuolo,4.0,1.0,H,11.0,14.0,7.0,6.0,4.0,6.0,15.0,8.0,3.0,1.0,0.0,0.0
29/04/18,Fiorentina,Napoli,3.0,0.0,H,28.0,4.0,10.0,1.0,2.0,3.0,17.0,10.0,3.0,5.0,0.0,1.0
29/04/18,Sampdoria,Cagliari,4.0,1.0,H,15.0,6.0,6.0,2.0,6.0,2.0,8.0,15.0,1.0,7.0,0.0,1.0
29/04/18,Torino,Lazio,0.0,1.0,A,8.0,16.0,2.0,6.0,3.0,6.0,13.0,14.0,2.0,3.0,0.0,0.0
29/04/18,Verona,Spal,1.0,3.0,A,11.0,17.0,5.0,6.0,1.0,8.0,16.0,14.0,2.0,3.0,0.0,0.0
05/05/18,Juventus,Bologna,3.0,1.0,H,15.0,6.0,6.0,3.0,5.0,2.0,12.0,13.0,2.0,3.0,0.0,0.0
05/05/18,Milan,Verona,4.0,1.0,H,17.0,8.0,10.0,2.0,5.0,4.0,9.0,10.0,1.0,0.0,0.0,0.0
06/05/18,Cagliari,Roma,0.0,1.0,A,12.0,9.0,3.0,1.0,9.0,3.0,20.0,9.0,4.0,1.0,0.0,0.0
06/05/18,Chievo,Crotone,2.0,1.0,H,11.0,13.0,3.0,3.0,8.0,4.0,15.0,14.0,5.0,1.0,0.0,0.0
06/05/18,Genoa,Fiorentina,2.0,3.0,A,7.0,19.0,3.0,10.0,3.0,7.0,8.0,16.0,2.0,6.0,2.0,0.0
06/05/18,Lazio,Atalanta,1.0,1.0,D,13.0,20.0,2.0,6.0,6.0,9.0,7.0,8.0,3.0,2.0,0.0,0.0
06/05/18,Napoli,Torino,2.0,2.0,D,19.0,5.0,5.0,2.0,4.0,2.0,10.0,20.0,1.0,4.0,0.0,0.0
06/05/18,Sassuolo,Sampdoria,1.0,0.0,H,18.0,2.0,7.0,0.0,9.0,6.0,7.0,21.0,1.0,1.0,0.0,0.0
06/05/18,Spal,Benevento,2.0,0.0,H,6.0,12.0,4.0,3.0,1.0,4.0,16.0,22.0,2.0,2.0,0.0,0.0
06/05/18,Udinese,Inter,0.0,4.0,A,9.0,26.0,2.0,12.0,5.0,9.0,13.0,7.0,1.0,0.0,1.0,0.0
12/05/18,Benevento,Genoa,1.0,0.0,H,14.0,13.0,3.0,5.0,6.0,3.0,17.0,7.0,1.0,1.0,0.0,0.0
12/05/18,Inter,Sassuolo,1.0,2.0,A,16.0,13.0,8.0,5.0,16.0,2.0,9.0,5.0,1.0,2.0,0.0,0.0
13/05/18,Atalanta,Milan,1.0,1.0,D,24.0,5.0,5.0,2.0,3.0,8.0,21.0,10.0,6.0,6.0,1.0,1.0
13/05/18,Bologna,Chievo,1.0,2.0,A,7.0,13.0,3.0,7.0,2.0,7.0,13.0,14.0,1.0,4.0,0.0,0.0
13/05/18,Crotone,Lazio,2.0,2.0,D,6.0,18.0,3.0,7.0,2.0,9.0,12.0,15.0,1.0,3.0,0.0,0.0
13/05/18,Fiorentina,Cagliari,0.0,1.0,A,14.0,14.0,0.0,2.0,11.0,5.0,15.0,17.0,3.0,4.0,1.0,0.0
13/05/18,Roma,Juventus,0.0,0.0,D,9.0,7.0,2.0,0.0,4.0,3.0,10.0,13.0,2.0,2.0,1.0,0.0
13/05/18,Sampdoria,Napoli,0.0,2.0,A,11.0,17.0,2.0,9.0,3.0,12.0,13.0,6.0,2.0,2.0,0.0,0.0
13/05/18,Torino,Spal,2.0,1.0,H,18.0,10.0,10.0,4.0,4.0,6.0,16.0,14.0,2.0,5.0,0.0,0.0
13/05/18,Verona,Udinese,0.0,1.0,A,11.0,13.0,1.0,5.0,3.0,5.0,15.0,17.0,2.0,2.0,0.0,0.0
19/05/18,Juventus,Verona,2.0,1.0,H,26.0,9.0,13.0,3.0,11.0,5.0,13.0,11.0,0.0,2.0,0.0,0.0
20/05/18,Cagliari,Atalanta,1.0,0.0,H,6.0,12.0,4.0,4.0,5.0,11.0,17.0,14.0,3.0,1.0,0.0,0.0
20/05/18,Chievo,Benevento,1.0,0.0,H,8.0,12.0,5.0,1.0,2.0,4.0,13.0,9.0,1.0,0.0,0.0,0.0
20/05/18,Genoa,Torino,1.0,2.0,A,12.0,4.0,2.0,2.0,7.0,3.0,10.0,11.0,1.0,3.0,0.0,0.0
20/05/18,Lazio,Inter,2.0,3.0,A,14.0,15.0,4.0,6.0,10.0,4.0,12.0,13.0,5.0,4.0,2.0,0.0
20/05/18,Milan,Fiorentina,5.0,1.0,H,18.0,9.0,11.0,3.0,6.0,1.0,10.0,5.0,2.0,1.0,0.0,1.0
20/05/18,Napoli,Crotone,2.0,1.0,H,19.0,9.0,9.0,4.0,6.0,9.0,3.0,9.0,0.0,0.0,0.0,0.0
20/05/18,Sassuolo,Roma,0.0,1.0,A,16.0,15.0,3.0,6.0,5.0,9.0,14.0,8.0,1.0,1.0,0.0,0.0
20/05/18,Spal,Sampdoria,3.0,1.0,H,16.0,9.0,6.0,3.0,5.0,3.0,10.0,11.0,1.0,4.0,0.0,0.0
20/05/18,Udinese,Bologna,1.0,0.0,H,20.0,8.0,5.0,5.0,10.0,2.0,9.0,11.0,0.0,2.0,0.0,0.0
18/08/2018,Chievo,Juventus,2.0,3.0,A,7.0,23.0,2.0,11.0,0.0,8.0,7.0,9.0,2.0,0.0,0.0,0.0
18/08/2018,Lazio,Napoli,1.0,2.0,A,9.0,11.0,5.0,6.0,4.0,7.0,8.0,5.0,0.0,0.0,0.0,0.0
19/08/2018,Bologna,Spal,0.0,1.0,A,8.0,10.0,3.0,5.0,7.0,0.0,16.0,11.0,4.0,2.0,1.0,0.0
19/08/2018,Empoli,Cagliari,2.0,0.0,H,9.0,12.0,4.0,5.0,6.0,6.0,19.0,19.0,3.0,3.0,0.0,0.0
19/08/2018,Parma,Udinese,2.0,2.0,D,9.0,16.0,6.0,6.0,4.0,5.0,10.0,13.0,2.0,2.0,0.0,0.0
19/08/2018,Sassuolo,Inter,1.0,0.0,H,7.0,11.0,5.0,4.0,4.0,4.0,23.0,11.0,3.0,2.0,0.0,0.0
19/08/2018,Torino,Roma,0.0,1.0,A,8.0,16.0,5.0,13.0,6.0,5.0,10.0,14.0,1.0,3.0,0.0,0.0
20/08/2018,Atalanta,Frosinone,4.0,0.0,H,16.0,6.0,10.0,1.0,4.0,4.0,14.0,10.0,0.0,2.0,0.0,0.0
25/08/2018,Juventus,Lazio,2.0,0.0,H,14.0,8.0,9.0,3.0,6.0,2.0,12.0,13.0,3.0,2.0,0.0,0.0
25/08/2018,Napoli,Milan,3.0,2.0,H,21.0,6.0,13.0,4.0,5.0,1.0,12.0,9.0,2.0,2.0,0.0,0.0
26/08/2018,Cagliari,Sassuolo,2.0,2.0,D,12.0,12.0,7.0,6.0,7.0,2.0,14.0,14.0,4.0,4.0,0.0,1.0
26/08/2018,Fiorentina,Chievo,6.0,1.0,H,19.0,5.0,15.0,3.0,2.0,3.0,14.0,8.0,1.0,3.0,0.0,0.0
26/08/2018,Frosinone,Bologna,0.0,0.0,D,11.0,10.0,7.0,5.0,2.0,5.0,15.0,12.0,2.0,1.0,0.0,0.0
26/08/2018,Genoa,Empoli,2.0,1.0,H,10.0,12.0,4.0,8.0,3.0,6.0,14.0,15.0,3.0,2.0,0.0,0.0
26/08/2018,Inter,Torino,2.0,2.0,D,9.0,10.0,6.0,7.0,5.0,4.0,16.0,12.0,1.0,2.0,0.0,0.0
26/08/2018,Spal,Parma,1.0,0.0,H,15.0,3.0,5.0,0.0,7.0,2.0,13.0,14.0,5.0,2.0,0.0,0.0
26/08/2018,Udinese,Sampdoria,1.0,0.0,H,13.0,9.0,5.0,4.0,8.0,7.0,6.0,10.0,1.0,3.0,0.0,0.0
27/08/2018,Roma,Atalanta,3.0,3.0,D,21.0,17.0,11.0,10.0,3.0,11.0,9.0,13.0,1.0,1.0,0.0,0.0
31/08/2018,Milan,Roma,2.0,1.0,H,18.0,6.0,9.0,3.0,8.0,3.0,8.0,6.0,0.0,2.0,0.0,0.0
01/09/2018,Bologna,Inter,0.0,3.0,A,7.0,10.0,1.0,4.0,3.0,7.0,7.0,10.0,1.0,1.0,0.0,0.0
01/09/2018,Parma,Juventus,1.0,2.0,A,8.0,20.0,7.0,10.0,4.0,7.0,15.0,9.0,1.0,3.0,0.0,0.0
02/09/2018,Atalanta,Cagliari,0.0,1.0,A,8.0,4.0,5.0,3.0,5.0,4.0,16.0,20.0,2.0,2.0,0.0,0.0
02/09/2018,Chievo,Empoli,0.0,0.0,D,11.0,12.0,5.0,4.0,4.0,6.0,10.0,11.0,1.0,1.0,0.0,0.0
02/09/2018,Fiorentina,Udinese,1.0,0.0,H,13.0,4.0,4.0,1.0,11.0,4.0,10.0,15.0,3.0,1.0,0.0,0.0
02/09/2018,Lazio,Frosinone,1.0,0.0,H,17.0,7.0,8.0,5.0,7.0,7.0,11.0,8.0,1.0,2.0,0.0,0.0
02/09/2018,Sampdoria,Napoli,3.0,0.0,H,7.0,12.0,4.0,6.0,4.0,5.0,13.0,19.0,2.0,4.0,0.0,0.0
02/09/2018,Sassuolo,Genoa,5.0,3.0,H,10.0,11.0,8.0,8.0,2.0,10.0,12.0,20.0,3.0,3.0,0.0,0.0
02/09/2018,Torino,Spal,1.0,0.0,H,10.0,8.0,7.0,3.0,9.0,10.0,16.0,16.0,1.0,2.0,0.0,0.0
15/09/2018,Frosinone,Sampdoria,0.0,5.0,A,6.0,10.0,2.0,7.0,5.0,3.0,12.0,15.0,3.0,1.0,0.0,0.0
15/09/2018,Inter,Parma,0.0,1.0,A,24.0,8.0,11.0,6.0,10.0,1.0,10.0,8.0,2.0,2.0,0.0,0.0
15/09/2018,Napoli,Fiorentina,1.0,0.0,H,19.0,7.0,5.0,3.0,10.0,3.0,13.0,15.0,1.0,4.0,0.0,0.0
16/09/2018,Cagliari,Milan,1.0,1.0,D,7.0,12.0,3.0,7.0,3.0,8.0,12.0,13.0,1.0,1.0,0.0,0.0
16/09/2018,Empoli,Lazio,0.0,1.0,A,10.0,16.0,3.0,9.0,4.0,7.0,13.0,11.0,2.0,3.0,0.0,0.0
16/09/2018,Genoa,Bologna,1.0,0.0,H,10.0,8.0,5.0,2.0,5.0,3.0,13.0,19.0,2.0,5.0,0.0,1.0
16/09/2018,Juventus,Sassuolo,2.0,1.0,H,16.0,10.0,6.0,6.0,10.0,4.0,12.0,13.0,3.0,3.0,1.0,0.0
16/09/2018,Roma,Chievo,2.0,2.0,D,15.0,10.0,9.0,5.0,9.0,2.0,10.0,15.0,1.0,1.0,0.0,0.0
16/09/2018,Udinese,Torino,1.0,1.0,D,7.0,9.0,3.0,4.0,3.0,8.0,16.0,14.0,2.0,2.0,0.0,0.0
17/09/2018,Spal,Atalanta,2.0,0.0,H,13.0,13.0,6.0,4.0,4.0,4.0,14.0,16.0,3.0,5.0,0.0,0.0
19/09/2018,Sampdoria,Fiorentina,1.0,1.0,D,8.0,14.0,4.0,9.0,4.0,6.0,14.0,15.0,3.0,2.0,0.0,0.0
21/09/2018,Sassuolo,Empoli,3.0,1.0,H,20.0,16.0,10.0,11.0,5.0,4.0,15.0,9.0,1.0,4.0,0.0,1.0
22/09/2018,Fiorentina,Spal,3.0,0.0,H,15.0,5.0,5.0,2.0,11.0,1.0,8.0,11.0,1.0,2.0,0.0,0.0
22/09/2018,Parma,Cagliari,2.0,0.0,H,14.0,9.0,8.0,3.0,4.0,11.0,17.0,5.0,2.0,1.0,0.0,0.0
22/09/2018,Sampdoria,Inter,0.0,1.0,A,9.0,14.0,4.0,5.0,3.0,12.0,12.0,14.0,3.0,2.0,0.0,0.0
23/09/2018,Bologna,Roma,2.0,0.0,H,7.0,20.0,2.0,9.0,1.0,10.0,8.0,13.0,2.0,4.0,0.0,0.0
23/09/2018,Chievo,Udinese,0.0,2.0,A,10.0,9.0,4.0,7.0,7.0,3.0,18.0,10.0,1.0,1.0,0.0,0.0
23/09/2018,Frosinone,Juventus,0.0,2.0,A,2.0,18.0,0.0,8.0,3.0,5.0,16.0,8.0,3.0,1.0,0.0,0.0
23/09/2018,Lazio,Genoa,4.0,1.0,H,16.0,8.0,8.0,4.0,5.0,3.0,9.0,7.0,1.0,2.0,0.0,0.0
23/09/2018,Milan,Atalanta,2.0,2.0,D,14.0,13.0,8.0,8.0,4.0,3.0,7.0,4.0,2.0,1.0,0.0,0.0
23/09/2018,Torino,Napoli,1.0,3.0,A,9.0,13.0,3.0,8.0,4.0,6.0,14.0,17.0,2.0,3.0,0.0,0.0
25/09/2018,Inter,Fiorentina,2.0,1.0,H,11.0,11.0,3.0,8.0,6.0,3.0,18.0,20.0,1.0,3.0,0.0,0.0
26/09/2018,Atalanta,Torino,0.0,0.0,D,11.0,3.0,4.0,0.0,11.0,1.0,13.0,15.0,2.0,1.0,0.0,0.0
26/09/2018,Cagliari,Sampdoria,0.0,0.0,D,10.0,10.0,2.0,5.0,7.0,3.0,16.0,22.0,1.0,3.0,0.0,0.0
26/09/2018,Genoa,Chievo,2.0,0.0,H,11.0,8.0,5.0,2.0,7.0,4.0,11.0,17.0,4.0,4.0,0.0,0.0
26/09/2018,Juventus,Bologna,2.0,0.0,H,15.0,5.0,9.0,2.0,3.0,0.0,10.0,13.0,2.0,3.0,0.0,0.0
26/09/2018,Napoli,Parma,3.0,0.0,H,20.0,2.0,8.0,0.0,2.0,2.0,9.0,13.0,0.0,3.0,0.0,0.0
26/09/2018,Roma,Frosinone,4.0,0.0,H,18.0,8.0,13.0,3.0,4.0,3.0,13.0,8.0,0.0,1.0,0.0,0.0
26/09/2018,Udinese,Lazio,1.0,2.0,A,10.0,5.0,6.0,2.0,6.0,4.0,7.0,17.0,2.0,6.0,0.0,0.0
27/09/2018,Empoli,Milan,1.0,1.0,D,4.0,16.0,3.0,11.0,3.0,10.0,12.0,9.0,2.0,2.0,0.0,0.0
27/09/2018,Spal,Sassuolo,0.0,2.0,A,6.0,10.0,2.0,5.0,6.0,7.0,16.0,12.0,1.0,0.0,0.0,0.0
29/09/2018,Inter,Cagliari,2.0,0.0,H,12.0,4.0,8.0,1.0,9.0,4.0,13.0,11.0,1.0,4.0,0.0,0.0
29/09/2018,Juventus,Napoli,3.0,1.0,H,14.0,9.0,9.0,6.0,7.0,4.0,14.0,11.0,3.0,5.0,0.0,1.0
29/09/2018,Roma,Lazio,3.0,1.0,H,10.0,11.0,7.0,5.0,8.0,9.0,11.0,10.0,3.0,1.0,0.0,0.0
30/09/2018,Bologna,Udinese,2.0,1.0,H,11.0,10.0,6.0,2.0,3.0,4.0,7.0,12.0,2.0,4.0,0.0,0.0
30/09/2018,Chievo,Torino,0.0,1.0,A,8.0,13.0,3.0,5.0,3.0,8.0,15.0,17.0,3.0,3.0,0.0,0.0
30/09/2018,Fiorentina,Atalanta,2.0,0.0,H,6.0,11.0,4.0,4.0,5.0,6.0,12.0,10.0,3.0,3.0,0.0,0.0
30/09/2018,Frosinone,Genoa,1.0,2.0,A,13.0,7.0,6.0,5.0,5.0,2.0,21.0,18.0,3.0,2.0,0.0,0.0
30/09/2018,Parma,Empoli,1.0,0.0,H,7.0,10.0,3.0,6.0,2.0,12.0,13.0,8.0,2.0,3.0,0.0,0.0
30/09/2018,Sassuolo,Milan,1.0,4.0,A,8.0,10.0,2.0,10.0,9.0,5.0,14.0,11.0,1.0,1.0,0.0,0.0
01/10/2018,Sampdoria,Spal,2.0,1.0,H,16.0,10.0,9.0,4.0,6.0,5.0,13.0,18.0,3.0,3.0,0.0,0.0
05/10/2018,Torino,Frosinone,3.0,2.0,H,15.0,8.0,10.0,4.0,2.0,4.0,16.0,17.0,3.0,3.0,0.0,0.0
06/10/2018,Cagliari,Bologna,2.0,0.0,H,8.0,10.0,5.0,4.0,4.0,4.0,8.0,16.0,2.0,4.0,0.0,0.0
06/10/2018,Empoli,Roma,0.0,2.0,A,11.0,7.0,4.0,4.0,4.0,3.0,13.0,10.0,2.0,1.0,0.0,0.0
06/10/2018,Udinese,Juventus,0.0,2.0,A,5.0,13.0,4.0,7.0,4.0,8.0,14.0,13.0,3.0,1.0,0.0,0.0
07/10/2018,Atalanta,Sampdoria,0.0,1.0,A,15.0,6.0,6.0,3.0,9.0,4.0,17.0,13.0,2.0,4.0,0.0,0.0
07/10/2018,Genoa,Parma,1.0,3.0,A,20.0,7.0,13.0,5.0,9.0,7.0,9.0,9.0,1.0,1.0,0.0,0.0
07/10/2018,Lazio,Fiorentina,1.0,0.0,H,11.0,10.0,5.0,6.0,5.0,6.0,18.0,10.0,5.0,3.0,0.0,0.0
07/10/2018,Milan,Chievo,3.0,1.0,H,14.0,4.0,7.0,2.0,12.0,7.0,9.0,12.0,1.0,1.0,0.0,0.0
07/10/2018,Napoli,Sassuolo,2.0,0.0,H,12.0,10.0,7.0,7.0,4.0,4.0,11.0,8.0,2.0,2.0,0.0,1.0
07/10/2018,Spal,Inter,1.0,2.0,A,9.0,6.0,6.0,4.0,10.0,9.0,13.0,20.0,6.0,2.0,0.0,0.0
20/10/2018,Juventus,Genoa,1.0,1.0,D,13.0,5.0,4.0,2.0,8.0,2.0,10.0,15.0,1.0,3.0,0.0,0.0
20/10/2018,Roma,Spal,0.0,2.0,A,13.0,5.0,9.0,5.0,8.0,9.0,14.0,5.0,3.0,5.0,0.0,1.0
20/10/2018,Udinese,Napoli,0.0,3.0,A,7.0,9.0,4.0,4.0,3.0,5.0,11.0,9.0,3.0,4.0,0.0,0.0
21/10/2018,Bologna,Torino,2.0,2.0,D,6.0,12.0,3.0,8.0,3.0,4.0,9.0,21.0,2.0,2.0,0.0,0.0
21/10/2018,Chievo,Atalanta,1.0,5.0,A,3.0,15.0,2.0,8.0,1.0,2.0,12.0,15.0,3.0,1.0,1.0,0.0
21/10/2018,Fiorentina,Cagliari,1.0,1.0,D,7.0,8.0,3.0,5.0,6.0,7.0,13.0,19.0,0.0,2.0,0.0,0.0
21/10/2018,Frosinone,Empoli,3.0,3.0,D,5.0,15.0,4.0,10.0,6.0,8.0,13.0,16.0,2.0,3.0,0.0,0.0
21/10/2018,Inter,Milan,1.0,0.0,H,14.0,9.0,7.0,2.0,9.0,4.0,13.0,7.0,2.0,5.0,0.0,0.0
21/10/2018,Parma,Lazio,0.0,2.0,A,3.0,15.0,1.0,9.0,2.0,8.0,5.0,11.0,2.0,3.0,0.0,0.0
22/10/2018,Sampdoria,Sassuolo,0.0,0.0,D,7.0,7.0,2.0,2.0,4.0,3.0,10.0,18.0,2.0,3.0,0.0,0.0
27/10/2018,Atalanta,Parma,3.0,0.0,H,21.0,9.0,14.0,5.0,6.0,6.0,6.0,8.0,0.0,2.0,0.0,0.0
27/10/2018,Empoli,Juventus,1.0,2.0,A,6.0,12.0,4.0,7.0,6.0,10.0,13.0,17.0,2.0,3.0,0.0,0.0
27/10/2018,Torino,Fiorentina,1.0,1.0,D,12.0,8.0,4.0,5.0,4.0,5.0,13.0,20.0,2.0,4.0,0.0,0.0
28/10/2018,Cagliari,Chievo,2.0,1.0,H,12.0,12.0,4.0,5.0,8.0,2.0,16.0,15.0,1.0,6.0,0.0,0.0
28/10/2018,Genoa,Udinese,2.0,2.0,D,11.0,11.0,5.0,8.0,4.0,8.0,17.0,18.0,5.0,4.0,1.0,0.0
28/10/2018,Milan,Sampdoria,3.0,2.0,H,8.0,3.0,7.0,2.0,5.0,1.0,11.0,9.0,3.0,2.0,0.0,0.0
28/10/2018,Napoli,Roma,1.0,1.0,D,18.0,7.0,6.0,5.0,17.0,3.0,7.0,6.0,0.0,5.0,0.0,0.0
28/10/2018,Sassuolo,Bologna,2.0,2.0,D,11.0,10.0,6.0,6.0,9.0,5.0,20.0,19.0,2.0,3.0,0.0,0.0
28/10/2018,Spal,Frosinone,0.0,3.0,A,10.0,5.0,5.0,4.0,9.0,1.0,15.0,11.0,3.0,6.0,0.0,0.0
29/10/2018,Lazio,Inter,0.0,3.0,A,11.0,13.0,4.0,7.0,7.0,6.0,14.0,10.0,3.0,3.0,0.0,0.0
31/10/2018,Milan,Genoa,2.0,1.0,H,19.0,7.0,10.0,2.0,7.0,2.0,11.0,17.0,2.0,2.0,0.0,0.0
02/11/2018,Napoli,Empoli,5.0,1.0,H,19.0,8.0,13.0,4.0,0.0,7.0,8.0,7.0,0.0,2.0,0.0,0.0
03/11/2018,Fiorentina,Roma,1.0,1.0,D,11.0,11.0,3.0,6.0,3.0,6.0,9.0,20.0,3.0,3.0,0.0,0.0
03/11/2018,Inter,Genoa,5.0,0.0,H,17.0,8.0,10.0,3.0,11.0,6.0,7.0,15.0,2.0,3.0,0.0,0.0
03/11/2018,Juventus,Cagliari,3.0,1.0,H,11.0,4.0,5.0,3.0,5.0,4.0,10.0,15.0,1.0,3.0,0.0,0.0
04/11/2018,Bologna,Atalanta,1.0,2.0,A,9.0,12.0,5.0,6.0,1.0,4.0,7.0,12.0,1.0,2.0,0.0,0.0
04/11/2018,Chievo,Sassuolo,0.0,2.0,A,1.0,8.0,1.0,4.0,3.0,2.0,20.0,16.0,5.0,2.0,1.0,0.0
04/11/2018,Lazio,Spal,4.0,1.0,H,18.0,5.0,11.0,3.0,8.0,4.0,7.0,8.0,1.0,3.0,0.0,0.0
04/11/2018,Parma,Frosinone,0.0,0.0,D,9.0,9.0,1.0,1.0,3.0,7.0,14.0,15.0,1.0,4.0,1.0,0.0
04/11/2018,Sampdoria,Torino,1.0,4.0,A,10.0,15.0,4.0,8.0,0.0,2.0,13.0,25.0,2.0,2.0,0.0,0.0
04/11/2018,Udinese,Milan,0.0,1.0,A,11.0,15.0,4.0,9.0,4.0,7.0,11.0,13.0,3.0,3.0,1.0,0.0
09/11/2018,Frosinone,Fiorentina,1.0,1.0,D,5.0,16.0,3.0,10.0,4.0,5.0,8.0,12.0,3.0,0.0,0.0,0.0
10/11/2018,Genoa,Napoli,1.0,2.0,A,8.0,13.0,3.0,7.0,2.0,7.0,15.0,6.0,4.0,2.0,0.0,0.0
10/11/2018,Spal,Cagliari,2.0,2.0,D,8.0,11.0,4.0,3.0,1.0,6.0,13.0,15.0,2.0,4.0,0.0,0.0
10/11/2018,Torino,Parma,1.0,2.0,A,12.0,11.0,4.0,7.0,7.0,7.0,14.0,17.0,2.0,4.0,0.0,0.0
11/11/2018,Atalanta,Inter,4.0,1.0,H,16.0,6.0,10.0,2.0,9.0,6.0,11.0,13.0,3.0,5.0,0.0,1.0
11/11/2018,Chievo,Bologna,2.0,2.0,D,12.0,12.0,6.0,6.0,5.0,6.0,15.0,18.0,3.0,3.0,0.0,0.0
11/11/2018,Empoli,Udinese,2.0,1.0,H,9.0,22.0,5.0,9.0,4.0,13.0,6.0,11.0,2.0,2.0,0.0,0.0
11/11/2018,Milan,Juventus,0.0,2.0,A,5.0,12.0,2.0,8.0,2.0,5.0,16.0,9.0,3.0,1.0,1.0,0.0
11/11/2018,Roma,Sampdoria,4.0,1.0,H,10.0,4.0,6.0,3.0,7.0,7.0,8.0,10.0,1.0,1.0,0.0,0.0
11/11/2018,Sassuolo,Lazio,1.0,1.0,D,9.0,7.0,4.0,3.0,2.0,6.0,15.0,21.0,4.0,3.0,0.0,0.0
24/11/2018,Inter,Frosinone,3.0,0.0,H,25.0,5.0,14.0,4.0,11.0,0.0,11.0,11.0,1.0,3.0,0.0,0.0
24/11/2018,Juventus,Spal,2.0,0.0,H,12.0,8.0,8.0,1.0,6.0,3.0,20.0,11.0,1.0,3.0,0.0,0.0
24/11/2018,Udinese,Roma,1.0,0.0,H,8.0,23.0,3.0,9.0,0.0,12.0,6.0,10.0,2.0,0.0,0.0,0.0
25/11/2018,Bologna,Fiorentina,0.0,0.0,D,8.0,11.0,4.0,6.0,4.0,9.0,11.0,21.0,3.0,1.0,0.0,0.0
25/11/2018,Empoli,Atalanta,3.0,2.0,H,12.0,8.0,8.0,5.0,7.0,3.0,12.0,9.0,2.0,2.0,0.0,1.0
25/11/2018,Genoa,Sampdoria,1.0,1.0,D,10.0,6.0,5.0,2.0,7.0,6.0,17.0,15.0,2.0,1.0,0.0,0.0
25/11/2018,Lazio,Milan,1.0,1.0,D,16.0,9.0,6.0,4.0,9.0,4.0,10.0,4.0,1.0,1.0,0.0,0.0
25/11/2018,Napoli,Chievo,0.0,0.0,D,17.0,7.0,10.0,3.0,20.0,2.0,11.0,13.0,2.0,2.0,0.0,0.0
25/11/2018,Parma,Sassuolo,2.0,1.0,H,10.0,12.0,4.0,5.0,2.0,3.0,14.0,14.0,3.0,4.0,0.0,0.0
26/11/2018,Cagliari,Torino,0.0,0.0,D,3.0,8.0,1.0,5.0,3.0,4.0,12.0,13.0,2.0,0.0,0.0,0.0
01/12/2018,Fiorentina,Juventus,0.0,3.0,A,12.0,9.0,7.0,6.0,4.0,9.0,14.0,8.0,6.0,3.0,0.0,0.0
01/12/2018,Sampdoria,Bologna,4.0,1.0,H,8.0,8.0,6.0,4.0,1.0,4.0,14.0,10.0,3.0,3.0,0.0,0.0
01/12/2018,Spal,Empoli,2.0,2.0,D,9.0,13.0,5.0,8.0,4.0,9.0,14.0,14.0,3.0,3.0,1.0,0.0
02/12/2018,Chievo,Lazio,1.0,1.0,D,5.0,19.0,2.0,7.0,4.0,6.0,11.0,11.0,4.0,2.0,0.0,0.0
02/12/2018,Frosinone,Cagliari,1.0,1.0,D,25.0,18.0,11.0,7.0,5.0,1.0,13.0,15.0,1.0,7.0,0.0,1.0
02/12/2018,Milan,Parma,2.0,1.0,H,19.0,7.0,6.0,1.0,8.0,8.0,9.0,15.0,2.0,2.0,0.0,0.0
02/12/2018,Roma,Inter,2.0,2.0,D,15.0,16.0,6.0,7.0,4.0,7.0,11.0,13.0,1.0,1.0,0.0,0.0
02/12/2018,Sassuolo,Udinese,0.0,0.0,D,17.0,3.0,3.0,1.0,13.0,2.0,13.0,16.0,3.0,2.0,0.0,0.0
02/12/2018,Torino,Genoa,2.0,1.0,H,23.0,8.0,10.0,2.0,5.0,5.0,14.0,20.0,3.0,4.0,0.0,1.0
03/12/2018,Atalanta,Napoli,1.0,2.0,A,9.0,9.0,3.0,5.0,12.0,6.0,8.0,7.0,1.0,2.0,0.0,0.0
07/12/2018,Juventus,Inter,1.0,0.0,H,14.0,8.0,6.0,4.0,10.0,8.0,13.0,16.0,2.0,2.0,0.0,0.0
08/12/2018,Cagliari,Roma,2.0,2.0,D,10.0,14.0,5.0,7.0,7.0,5.0,17.0,12.0,3.0,1.0,2.0,0.0
08/12/2018,Lazio,Sampdoria,2.0,2.0,D,20.0,4.0,11.0,3.0,10.0,6.0,13.0,11.0,3.0,6.0,0.0,1.0
08/12/2018,Napoli,Frosinone,4.0,0.0,H,18.0,6.0,10.0,2.0,9.0,3.0,6.0,10.0,1.0,2.0,0.0,0.0
09/12/2018,Empoli,Bologna,2.0,1.0,H,9.0,14.0,5.0,8.0,4.0,8.0,6.0,8.0,2.0,2.0,0.0,0.0
09/12/2018,Genoa,Spal,1.0,1.0,D,6.0,16.0,3.0,7.0,1.0,6.0,9.0,10.0,1.0,5.0,1.0,0.0
09/12/2018,Milan,Torino,0.0,0.0,D,11.0,10.0,4.0,4.0,11.0,3.0,10.0,16.0,2.0,3.0,0.0,0.0
09/12/2018,Parma,Chievo,1.0,1.0,D,12.0,7.0,7.0,1.0,8.0,2.0,17.0,18.0,4.0,4.0,0.0,1.0
09/12/2018,Sassuolo,Fiorentina,3.0,3.0,D,11.0,11.0,7.0,6.0,6.0,10.0,12.0,12.0,4.0,5.0,1.0,1.0
09/12/2018,Udinese,Atalanta,1.0,3.0,A,5.0,12.0,2.0,4.0,2.0,7.0,17.0,6.0,1.0,1.0,0.0,0.0
15/12/2018,Inter,Udinese,1.0,0.0,H,15.0,7.0,4.0,1.0,10.0,0.0,11.0,8.0,3.0,1.0,0.0,0.0
15/12/2018,Torino,Juventus,0.0,1.0,A,5.0,7.0,3.0,4.0,7.0,5.0,17.0,13.0,2.0,4.0,0.0,0.0
16/12/2018,Cagliari,Napoli,0.0,1.0,A,6.0,13.0,2.0,5.0,2.0,10.0,15.0,9.0,2.0,2.0,0.0,0.0
16/12/2018,Fiorentina,Empoli,3.0,1.0,H,15.0,8.0,9.0,4.0,2.0,3.0,20.0,18.0,2.0,1.0,0.0,0.0
16/12/2018,Frosinone,Sassuolo,0.0,2.0,A,9.0,13.0,3.0,3.0,6.0,5.0,18.0,10.0,3.0,2.0,0.0,0.0
16/12/2018,Roma,Genoa,3.0,2.0,H,14.0,11.0,7.0,8.0,6.0,4.0,10.0,15.0,2.0,2.0,0.0,0.0
16/12/2018,Sampdoria,Parma,2.0,0.0,H,12.0,2.0,10.0,0.0,8.0,4.0,10.0,7.0,2.0,1.0,0.0,0.0
16/12/2018,Spal,Chievo,0.0,0.0,D,10.0,8.0,3.0,6.0,6.0,4.0,14.0,18.0,2.0,4.0,0.0,0.0
17/12/2018,Atalanta,Lazio,1.0,0.0,H,4.0,11.0,2.0,3.0,7.0,7.0,10.0,17.0,2.0,4.0,0.0,0.0
18/12/2018,Bologna,Milan,0.0,0.0,D,7.0,11.0,6.0,4.0,2.0,1.0,12.0,12.0,2.0,5.0,0.0,1.0
22/12/2018,Chievo,Inter,1.0,1.0,D,6.0,9.0,3.0,3.0,5.0,7.0,10.0,10.0,3.0,2.0,0.0,0.0
22/12/2018,Empoli,Sampdoria,2.0,4.0,A,6.0,15.0,3.0,12.0,8.0,5.0,14.0,9.0,3.0,4.0,0.0,0.0
22/12/2018,Genoa,Atalanta,3.0,1.0,H,15.0,10.0,7.0,6.0,9.0,6.0,13.0,13.0,3.0,2.0,0.0,2.0
22/12/2018,Juventus,Roma,1.0,0.0,H,15.0,4.0,7.0,4.0,13.0,2.0,9.0,12.0,0.0,3.0,0.0,0.0
22/12/2018,Lazio,Cagliari,3.0,1.0,H,15.0,9.0,10.0,5.0,7.0,5.0,16.0,9.0,2.0,1.0,0.0,0.0
22/12/2018,Milan,Fiorentina,0.0,1.0,A,11.0,7.0,7.0,1.0,9.0,7.0,10.0,18.0,3.0,4.0,0.0,0.0
22/12/2018,Napoli,Spal,1.0,0.0,H,15.0,10.0,8.0,6.0,3.0,5.0,13.0,8.0,2.0,2.0,0.0,0.0
22/12/2018,Parma,Bologna,0.0,0.0,D,7.0,5.0,1.0,2.0,4.0,2.0,8.0,9.0,3.0,3.0,0.0,0.0
22/12/2018,Sassuolo,Torino,1.0,1.0,D,11.0,4.0,6.0,3.0,12.0,2.0,12.0,15.0,2.0,3.0,0.0,0.0
22/12/2018,Udinese,Frosinone,1.0,1.0,D,9.0,10.0,1.0,6.0,2.0,5.0,11.0,16.0,2.0,4.0,0.0,0.0
26/12/2018,Atalanta,Juventus,2.0,2.0,D,10.0,10.0,6.0,3.0,5.0,5.0,17.0,16.0,4.0,4.0,0.0,1.0
26/12/2018,Bologna,Lazio,0.0,2.0,A,6.0,11.0,3.0,7.0,1.0,7.0,15.0,18.0,2.0,0.0,0.0,0.0
26/12/2018,Cagliari,Genoa,1.0,0.0,H,12.0,10.0,7.0,4.0,4.0,4.0,8.0,9.0,3.0,3.0,0.0,0.0
26/12/2018,Fiorentina,Parma,0.0,1.0,A,16.0,3.0,7.0,2.0,9.0,2.0,15.0,15.0,4.0,4.0,1.0,0.0
26/12/2018,Frosinone,Milan,0.0,0.0,D,11.0,16.0,5.0,8.0,3.0,6.0,10.0,12.0,2.0,1.0,0.0,0.0
26/12/2018,Inter,Napoli,1.0,0.0,H,9.0,9.0,5.0,4.0,5.0,0.0,12.0,8.0,3.0,4.0,0.0,2.0
26/12/2018,Roma,Sassuolo,3.0,1.0,H,16.0,8.0,10.0,3.0,8.0,5.0,15.0,16.0,1.0,1.0,0.0,0.0
26/12/2018,Sampdoria,Chievo,2.0,0.0,H,10.0,7.0,6.0,1.0,4.0,1.0,22.0,19.0,2.0,1.0,0.0,0.0
26/12/2018,Spal,Udinese,0.0,0.0,D,7.0,3.0,4.0,1.0,7.0,2.0,10.0,14.0,1.0,2.0,0.0,0.0
26/12/2018,Torino,Empoli,3.0,0.0,H,13.0,5.0,10.0,1.0,5.0,1.0,9.0,9.0,1.0,3.0,0.0,1.0
29/12/2018,Chievo,Frosinone,1.0,0.0,H,9.0,12.0,3.0,4.0,4.0,2.0,16.0,20.0,4.0,6.0,0.0,1.0
29/12/2018,Empoli,Inter,0.0,1.0,A,7.0,7.0,3.0,6.0,4.0,6.0,14.0,4.0,1.0,1.0,0.0,0.0
29/12/2018,Genoa,Fiorentina,0.0,0.0,D,7.0,8.0,3.0,6.0,7.0,3.0,21.0,8.0,2.0,1.0,0.0,0.0
29/12/2018,Juventus,Sampdoria,2.0,1.0,H,15.0,7.0,8.0,3.0,6.0,3.0,13.0,16.0,2.0,2.0,0.0,0.0
29/12/2018,Lazio,Torino,1.0,1.0,D,10.0,7.0,5.0,6.0,7.0,3.0,20.0,22.0,4.0,4.0,1.0,1.0
29/12/2018,Milan,Spal,2.0,1.0,H,11.0,9.0,6.0,4.0,11.0,2.0,15.0,10.0,4.0,2.0,1.0,0.0
29/12/2018,Napoli,Bologna,3.0,2.0,H,14.0,10.0,9.0,4.0,6.0,5.0,14.0,10.0,2.0,2.0,0.0,0.0
29/12/2018,Parma,Roma,0.0,2.0,A,3.0,19.0,2.0,8.0,2.0,7.0,7.0,11.0,1.0,1.0,0.0,0.0
29/12/2018,Sassuolo,Atalanta,2.0,6.0,A,13.0,13.0,8.0,9.0,1.0,8.0,10.0,10.0,1.0,2.0,0.0,0.0
29/12/2018,Udinese,Cagliari,2.0,0.0,H,19.0,4.0,7.0,1.0,6.0,6.0,11.0,15.0,3.0,2.0,1.0,1.0
19/01/2019,Inter,Sassuolo,0.0,0.0,D,8.0,11.0,4.0,6.0,11.0,0.0,16.0,16.0,1.0,3.0,0.0,0.0
19/01/2019,Roma,Torino,3.0,2.0,H,11.0,8.0,9.0,3.0,6.0,3.0,17.0,17.0,2.0,3.0,0.0,0.0
19/01/2019,Udinese,Parma,1.0,2.0,A,17.0,7.0,9.0,4.0,8.0,2.0,17.0,15.0,3.0,1.0,0.0,0.0
20/01/2019,Cagliari,Empoli,2.0,2.0,D,13.0,9.0,3.0,4.0,4.0,7.0,11.0,10.0,0.0,0.0,0.0,0.0
20/01/2019,Fiorentina,Sampdoria,3.0,3.0,D,8.0,9.0,4.0,5.0,4.0,7.0,15.0,22.0,6.0,4.0,1.0,0.0
20/01/2019,Frosinone,Atalanta,0.0,5.0,A,5.0,14.0,3.0,8.0,4.0,8.0,12.0,11.0,2.0,0.0,0.0,0.0
20/01/2019,Napoli,Lazio,2.0,1.0,H,17.0,13.0,13.0,9.0,7.0,8.0,6.0,12.0,1.0,5.0,0.0,1.0
20/01/2019,Spal,Bologna,1.0,1.0,D,13.0,12.0,9.0,6.0,7.0,7.0,13.0,18.0,2.0,3.0,0.0,0.0
21/01/2019,Genoa,Milan,0.0,2.0,A,13.0,9.0,7.0,7.0,5.0,6.0,14.0,17.0,3.0,3.0,0.0,0.0
21/01/2019,Juventus,Chievo,3.0,0.0,H,19.0,7.0,11.0,3.0,12.0,5.0,10.0,7.0,1.0,2.0,0.0,0.0
26/01/2019,Milan,Napoli,0.0,0.0,D,12.0,14.0,7.0,8.0,6.0,8.0,7.0,11.0,1.0,3.0,0.0,1.0
26/01/2019,Sampdoria,Udinese,4.0,0.0,H,14.0,6.0,9.0,0.0,1.0,1.0,14.0,13.0,2.0,4.0,0.0,0.0
26/01/2019,Sassuolo,Cagliari,3.0,0.0,H,11.0,7.0,9.0,3.0,4.0,12.0,14.0,17.0,1.0,1.0,0.0,0.0
27/01/2019,Atalanta,Roma,3.0,3.0,D,14.0,7.0,6.0,5.0,9.0,2.0,7.0,13.0,0.0,3.0,0.0,0.0
27/01/2019,Bologna,Frosinone,0.0,4.0,A,8.0,4.0,2.0,4.0,9.0,2.0,15.0,13.0,3.0,4.0,1.0,0.0
27/01/2019,Chievo,Fiorentina,3.0,4.0,A,14.0,11.0,8.0,7.0,7.0,5.0,19.0,18.0,3.0,1.0,0.0,1.0
27/01/2019,Lazio,Juventus,1.0,2.0,A,11.0,4.0,5.0,3.0,8.0,1.0,11.0,13.0,2.0,5.0,0.0,0.0
27/01/2019,Parma,Spal,2.0,3.0,A,9.0,15.0,5.0,6.0,1.0,10.0,9.0,13.0,2.0,4.0,0.0,0.0
27/01/2019,Torino,Inter,1.0,0.0,H,7.0,9.0,4.0,4.0,6.0,7.0,19.0,12.0,3.0,3.0,0.0,1.0
28/01/2019,Empoli,Genoa,1.0,3.0,A,13.0,12.0,7.0,7.0,1.0,3.0,8.0,7.0,1.0,2.0,0.0,0.0
02/02/2019,Empoli,Chievo,2.0,2.0,D,11.0,10.0,9.0,4.0,10.0,6.0,9.0,12.0,0.0,2.0,0.0,0.0
02/02/2019,Juventus,Parma,3.0,3.0,D,18.0,11.0,9.0,5.0,12.0,4.0,6.0,11.0,1.0,2.0,0.0,0.0
02/02/2019,Napoli,Sampdoria,3.0,0.0,H,18.0,8.0,14.0,2.0,5.0,3.0,4.0,12.0,0.0,3.0,0.0,0.0
03/02/2019,Genoa,Sassuolo,1.0,1.0,D,4.0,11.0,2.0,8.0,4.0,6.0,11.0,15.0,1.0,3.0,0.0,0.0
03/02/2019,Inter,Bologna,0.0,1.0,A,12.0,8.0,3.0,7.0,6.0,7.0,13.0,17.0,1.0,2.0,0.0,0.0
03/02/2019,Roma,Milan,1.0,1.0,D,11.0,6.0,9.0,5.0,10.0,2.0,15.0,9.0,3.0,4.0,0.0,0.0
03/02/2019,Spal,Torino,0.0,0.0,D,8.0,5.0,1.0,1.0,11.0,6.0,24.0,27.0,5.0,5.0,0.0,1.0
03/02/2019,Udinese,Fiorentina,1.0,1.0,D,7.0,9.0,2.0,4.0,1.0,10.0,13.0,14.0,3.0,3.0,0.0,0.0
04/02/2019,Cagliari,Atalanta,0.0,1.0,A,8.0,10.0,2.0,6.0,2.0,4.0,18.0,11.0,0.0,2.0,0.0,0.0
04/02/2019,Frosinone,Lazio,0.0,1.0,A,9.0,11.0,4.0,5.0,2.0,2.0,8.0,14.0,1.0,5.0,0.0,0.0
07/02/2019,Lazio,Empoli,1.0,0.0,H,8.0,3.0,4.0,1.0,3.0,2.0,13.0,8.0,1.0,1.0,0.0,0.0
08/02/2019,Chievo,Roma,0.0,3.0,A,11.0,11.0,6.0,9.0,7.0,7.0,6.0,9.0,1.0,2.0,0.0,0.0
09/02/2019,Fiorentina,Napoli,0.0,0.0,D,10.0,12.0,4.0,4.0,5.0,5.0,9.0,17.0,2.0,4.0,0.0,0.0
09/02/2019,Parma,Inter,0.0,1.0,A,6.0,13.0,2.0,7.0,2.0,10.0,17.0,12.0,2.0,2.0,0.0,0.0
10/02/2019,Atalanta,Spal,2.0,1.0,H,8.0,5.0,5.0,3.0,9.0,4.0,14.0,12.0,1.0,3.0,0.0,0.0
10/02/2019,Bologna,Genoa,1.0,1.0,D,7.0,9.0,4.0,6.0,13.0,3.0,17.0,13.0,2.0,2.0,0.0,0.0
10/02/2019,Milan,Cagliari,3.0,0.0,H,17.0,7.0,10.0,3.0,2.0,5.0,12.0,11.0,0.0,1.0,0.0,0.0
10/02/2019,Sampdoria,Frosinone,0.0,1.0,A,11.0,3.0,7.0,1.0,9.0,2.0,10.0,21.0,3.0,3.0,0.0,0.0
10/02/2019,Sassuolo,Juventus,0.0,3.0,A,9.0,10.0,2.0,5.0,8.0,4.0,17.0,8.0,0.0,0.0,0.0,0.0
10/02/2019,Torino,Udinese,1.0,0.0,H,12.0,10.0,7.0,6.0,9.0,2.0,21.0,21.0,2.0,4.0,0.0,1.0
15/02/2019,Juventus,Frosinone,3.0,0.0,H,11.0,7.0,8.0,1.0,5.0,7.0,13.0,19.0,2.0,3.0,0.0,0.0
16/02/2019,Atalanta,Milan,1.0,3.0,A,12.0,6.0,5.0,3.0,5.0,2.0,10.0,9.0,1.0,2.0,0.0,0.0
16/02/2019,Cagliari,Parma,2.0,1.0,H,12.0,6.0,3.0,3.0,1.0,4.0,21.0,11.0,5.0,1.0,1.0,0.0
17/02/2019,Empoli,Sassuolo,3.0,0.0,H,7.0,5.0,6.0,2.0,3.0,3.0,11.0,10.0,1.0,3.0,0.0,0.0
17/02/2019,Genoa,Lazio,2.0,1.0,H,14.0,6.0,6.0,6.0,7.0,3.0,12.0,12.0,3.0,2.0,0.0,0.0
17/02/2019,Inter,Sampdoria,2.0,1.0,H,14.0,6.0,7.0,2.0,9.0,5.0,10.0,11.0,3.0,1.0,0.0,0.0
17/02/2019,Napoli,Torino,0.0,0.0,D,20.0,6.0,10.0,1.0,15.0,4.0,18.0,13.0,5.0,3.0,0.0,0.0
17/02/2019,Spal,Fiorentina,1.0,4.0,A,6.0,15.0,4.0,9.0,3.0,10.0,14.0,14.0,3.0,4.0,0.0,0.0
17/02/2019,Udinese,Chievo,1.0,0.0,H,11.0,13.0,7.0,9.0,6.0,4.0,11.0,21.0,5.0,4.0,0.0,0.0
18/02/2019,Roma,Bologna,2.0,1.0,H,9.0,14.0,4.0,10.0,9.0,7.0,15.0,15.0,3.0,4.0,0.0,0.0
22/02/2019,Milan,Empoli,3.0,0.0,H,10.0,4.0,7.0,1.0,6.0,2.0,13.0,9.0,1.0,1.0,0.0,0.0
23/02/2019,Frosinone,Roma,2.0,3.0,A,9.0,7.0,5.0,5.0,4.0,8.0,18.0,11.0,2.0,2.0,0.0,0.0
23/02/2019,Torino,Atalanta,2.0,0.0,H,11.0,9.0,7.0,4.0,4.0,4.0,17.0,18.0,2.0,1.0,0.0,0.0
24/02/2019,Bologna,Juventus,0.0,1.0,A,13.0,5.0,4.0,4.0,4.0,5.0,12.0,17.0,2.0,2.0,0.0,0.0
24/02/2019,Chievo,Genoa,0.0,0.0,D,8.0,6.0,5.0,2.0,4.0,6.0,20.0,22.0,2.0,3.0,0.0,0.0
24/02/2019,Fiorentina,Inter,3.0,3.0,D,10.0,7.0,2.0,6.0,9.0,6.0,13.0,15.0,2.0,4.0,0.0,0.0
24/02/2019,Parma,Napoli,0.0,4.0,A,8.0,14.0,2.0,5.0,5.0,2.0,13.0,7.0,2.0,1.0,0.0,0.0
24/02/2019,Sampdoria,Cagliari,1.0,0.0,H,9.0,8.0,6.0,1.0,3.0,5.0,9.0,17.0,1.0,2.0,0.0,0.0
24/02/2019,Sassuolo,Spal,1.0,1.0,D,6.0,5.0,2.0,3.0,3.0,5.0,18.0,14.0,4.0,1.0,1.0,0.0
01/03/2019,Cagliari,Inter,2.0,1.0,H,12.0,19.0,5.0,7.0,1.0,5.0,12.0,8.0,5.0,3.0,0.0,0.0
02/03/2019,Empoli,Parma,3.0,3.0,D,13.0,7.0,9.0,7.0,8.0,2.0,10.0,17.0,1.0,3.0,0.0,0.0
02/03/2019,Lazio,Roma,3.0,0.0,H,6.0,7.0,4.0,3.0,5.0,7.0,13.0,15.0,4.0,5.0,0.0,1.0
02/03/2019,Milan,Sassuolo,1.0,0.0,H,7.0,11.0,4.0,6.0,6.0,6.0,20.0,9.0,3.0,0.0,0.0,1.0
03/03/2019,Atalanta,Fiorentina,3.0,1.0,H,17.0,7.0,10.0,4.0,8.0,5.0,9.0,16.0,4.0,2.0,0.0,0.0
03/03/2019,Genoa,Frosinone,0.0,0.0,D,10.0,3.0,6.0,0.0,8.0,2.0,15.0,16.0,2.0,4.0,0.0,1.0
03/03/2019,Napoli,Juventus,1.0,2.0,A,13.0,4.0,5.0,3.0,12.0,4.0,10.0,14.0,3.0,6.0,1.0,1.0
03/03/2019,Spal,Sampdoria,1.0,2.0,A,8.0,14.0,2.0,10.0,5.0,4.0,10.0,14.0,2.0,3.0,1.0,0.0
03/03/2019,Torino,Chievo,3.0,0.0,H,9.0,9.0,6.0,5.0,7.0,4.0,10.0,18.0,1.0,4.0,0.0,0.0
03/03/2019,Udinese,Bologna,2.0,1.0,H,11.0,11.0,6.0,9.0,6.0,6.0,21.0,20.0,3.0,3.0,0.0,0.0
08/03/2019,Juventus,Udinese,4.0,1.0,H,15.0,4.0,6.0,2.0,5.0,0.0,7.0,9.0,0.0,3.0,0.0,0.0
09/03/2019,Chievo,Milan,1.0,2.0,A,5.0,9.0,1.0,3.0,4.0,1.0,20.0,13.0,3.0,1.0,0.0,0.0
09/03/2019,Parma,Genoa,1.0,0.0,H,8.0,8.0,4.0,1.0,4.0,5.0,12.0,12.0,2.0,1.0,0.0,0.0
10/03/2019,Bologna,Cagliari,2.0,0.0,H,17.0,7.0,8.0,6.0,8.0,3.0,16.0,21.0,0.0,0.0,0.0,0.0
10/03/2019,Fiorentina,Lazio,1.0,1.0,D,7.0,7.0,1.0,6.0,4.0,7.0,8.0,14.0,3.0,1.0,0.0,0.0
10/03/2019,Frosinone,Torino,1.0,2.0,A,9.0,10.0,5.0,7.0,3.0,3.0,14.0,21.0,2.0,4.0,0.0,0.0
10/03/2019,Inter,Spal,2.0,0.0,H,10.0,2.0,4.0,1.0,4.0,7.0,17.0,17.0,3.0,5.0,0.0,0.0
10/03/2019,Sampdoria,Atalanta,1.0,2.0,A,11.0,13.0,6.0,6.0,4.0,7.0,13.0,10.0,2.0,2.0,0.0,0.0
10/03/2019,Sassuolo,Napoli,1.0,1.0,D,7.0,9.0,1.0,4.0,3.0,5.0,11.0,10.0,3.0,2.0,0.0,0.0
11/03/2019,Roma,Empoli,2.0,1.0,H,7.0,4.0,2.0,2.0,5.0,3.0,12.0,9.0,4.0,1.0,1.0,0.0
15/03/2019,Cagliari,Fiorentina,2.0,1.0,H,10.0,6.0,6.0,4.0,4.0,4.0,22.0,13.0,3.0,2.0,0.0,0.0
16/03/2019,Sassuolo,Sampdoria,3.0,5.0,A,12.0,17.0,5.0,11.0,6.0,5.0,9.0,12.0,1.0,1.0,0.0,0.0
16/03/2019,Spal,Roma,2.0,1.0,H,10.0,10.0,6.0,5.0,3.0,5.0,12.0,19.0,4.0,5.0,0.0,0.0
16/03/2019,Torino,Bologna,2.0,3.0,A,16.0,8.0,7.0,6.0,4.0,5.0,15.0,16.0,5.0,4.0,1.0,1.0
17/03/2019,Atalanta,Chievo,1.0,1.0,D,11.0,6.0,6.0,3.0,10.0,1.0,12.0,24.0,0.0,0.0,0.0,0.0
17/03/2019,Empoli,Frosinone,2.0,1.0,H,8.0,9.0,5.0,3.0,2.0,2.0,16.0,15.0,4.0,2.0,0.0,0.0
17/03/2019,Genoa,Juventus,2.0,0.0,H,10.0,3.0,5.0,0.0,6.0,6.0,12.0,11.0,2.0,3.0,0.0,0.0
17/03/2019,Lazio,Parma,4.0,1.0,H,14.0,4.0,8.0,2.0,6.0,5.0,10.0,10.0,0.0,2.0,0.0,0.0
17/03/2019,Milan,Inter,2.0,3.0,A,9.0,10.0,7.0,6.0,7.0,4.0,19.0,11.0,4.0,3.0,0.0,0.0
17/03/2019,Napoli,Udinese,4.0,2.0,H,13.0,8.0,5.0,3.0,5.0,2.0,4.0,7.0,1.0,1.0,0.0,0.0
29/03/2019,Chievo,Cagliari,0.0,3.0,A,10.0,9.0,8.0,3.0,5.0,5.0,13.0,15.0,6.0,3.0,1.0,0.0
30/03/2019,Juventus,Empoli,1.0,0.0,H,14.0,3.0,6.0,0.0,5.0,4.0,16.0,11.0,0.0,0.0,0.0,0.0
30/03/2019,Sampdoria,Milan,1.0,0.0,H,14.0,7.0,8.0,5.0,5.0,10.0,12.0,9.0,1.0,4.0,0.0,0.0
30/03/2019,Udinese,Genoa,2.0,0.0,H,12.0,15.0,5.0,6.0,3.0,5.0,10.0,18.0,3.0,4.0,0.0,0.0
31/03/2019,Bologna,Sassuolo,2.0,1.0,H,11.0,5.0,8.0,4.0,9.0,4.0,17.0,18.0,2.0,3.0,0.0,0.0
31/03/2019,Fiorentina,Torino,1.0,1.0,D,16.0,6.0,8.0,2.0,7.0,5.0,15.0,8.0,0.0,2.0,0.0,0.0
31/03/2019,Frosinone,Spal,0.0,1.0,A,19.0,5.0,9.0,3.0,8.0,3.0,19.0,14.0,3.0,3.0,0.0,0.0
31/03/2019,Inter,Lazio,0.0,1.0,A,11.0,6.0,6.0,5.0,12.0,3.0,11.0,13.0,0.0,0.0,0.0,0.0
31/03/2019,Parma,Atalanta,1.0,3.0,A,6.0,18.0,4.0,11.0,4.0,6.0,13.0,10.0,1.0,1.0,0.0,0.0
31/03/2019,Roma,Napoli,1.0,4.0,A,11.0,12.0,5.0,10.0,4.0,7.0,14.0,14.0,4.0,2.0,0.0,0.0
02/04/2019,Cagliari,Juventus,0.0,2.0,A,5.0,11.0,1.0,6.0,3.0,5.0,17.0,10.0,3.0,2.0,0.0,0.0
02/04/2019,Milan,Udinese,1.0,1.0,D,12.0,7.0,9.0,3.0,7.0,5.0,13.0,11.0,0.0,0.0,0.0,0.0
03/04/2019,Empoli,Napoli,2.0,1.0,H,13.0,11.0,9.0,5.0,8.0,2.0,13.0,5.0,2.0,2.0,0.0,0.0
03/04/2019,Frosinone,Parma,3.0,2.0,H,14.0,10.0,5.0,6.0,3.0,3.0,14.0,19.0,3.0,4.0,0.0,0.0
03/04/2019,Genoa,Inter,0.0,4.0,A,5.0,12.0,2.0,9.0,1.0,6.0,9.0,12.0,2.0,1.0,1.0,0.0
03/04/2019,Roma,Fiorentina,2.0,2.0,D,12.0,10.0,6.0,5.0,4.0,6.0,15.0,15.0,3.0,4.0,0.0,0.0
03/04/2019,Spal,Lazio,1.0,0.0,H,8.0,9.0,4.0,5.0,2.0,7.0,10.0,17.0,2.0,5.0,0.0,0.0
03/04/2019,Torino,Sampdoria,2.0,1.0,H,14.0,6.0,6.0,3.0,6.0,3.0,13.0,12.0,3.0,3.0,0.0,0.0
04/04/2019,Atalanta,Bologna,4.0,1.0,H,12.0,8.0,6.0,4.0,5.0,4.0,11.0,13.0,2.0,3.0,0.0,0.0
04/04/2019,Sassuolo,Chievo,4.0,0.0,H,13.0,9.0,8.0,5.0,5.0,4.0,14.0,17.0,1.0,1.0,0.0,0.0
06/04/2019,Juventus,Milan,2.0,1.0,H,10.0,12.0,6.0,5.0,5.0,8.0,21.0,15.0,2.0,2.0,0.0,0.0
06/04/2019,Parma,Torino,0.0,0.0,D,5.0,12.0,1.0,4.0,3.0,4.0,20.0,21.0,4.0,5.0,0.0,0.0
06/04/2019,Sampdoria,Roma,0.0,1.0,A,10.0,9.0,2.0,5.0,8.0,3.0,12.0,11.0,2.0,2.0,0.0,0.0
07/04/2019,Cagliari,Spal,2.0,1.0,H,14.0,5.0,11.0,2.0,9.0,4.0,19.0,4.0,4.0,3.0,0.0,0.0
07/04/2019,Fiorentina,Frosinone,0.0,1.0,A,14.0,6.0,5.0,3.0,10.0,7.0,19.0,16.0,1.0,4.0,0.0,0.0
07/04/2019,Inter,Atalanta,0.0,0.0,D,8.0,5.0,6.0,2.0,8.0,4.0,10.0,13.0,1.0,2.0,0.0,0.0
07/04/2019,Lazio,Sassuolo,2.0,2.0,D,18.0,3.0,7.0,2.0,11.0,1.0,14.0,8.0,2.0,1.0,0.0,0.0
07/04/2019,Napoli,Genoa,1.0,1.0,D,19.0,12.0,10.0,7.0,11.0,6.0,11.0,10.0,2.0,0.0,0.0,1.0
07/04/2019,Udinese,Empoli,3.0,2.0,H,14.0,12.0,6.0,6.0,6.0,6.0,8.0,9.0,4.0,4.0,1.0,0.0
08/04/2019,Bologna,Chievo,3.0,0.0,H,14.0,4.0,11.0,2.0,6.0,3.0,10.0,22.0,1.0,8.0,0.0,1.0
13/04/2019,Milan,Lazio,1.0,0.0,H,10.0,8.0,5.0,6.0,11.0,4.0,13.0,16.0,1.0,2.0,0.0,0.0
13/04/2019,Roma,Udinese,1.0,0.0,H,11.0,7.0,5.0,4.0,7.0,6.0,11.0,13.0,2.0,3.0,0.0,0.0
13/04/2019,Spal,Juventus,2.0,1.0,H,8.0,4.0,3.0,3.0,5.0,4.0,15.0,14.0,5.0,2.0,0.0,0.0
14/04/2019,Chievo,Napoli,1.0,3.0,A,4.0,12.0,4.0,5.0,3.0,7.0,9.0,10.0,0.0,0.0,0.0,0.0
14/04/2019,Fiorentina,Bologna,0.0,0.0,D,14.0,5.0,7.0,3.0,10.0,5.0,17.0,11.0,2.0,3.0,0.0,0.0
14/04/2019,Frosinone,Inter,1.0,3.0,A,10.0,10.0,4.0,5.0,1.0,3.0,19.0,17.0,3.0,1.0,0.0,0.0
14/04/2019,Sampdoria,Genoa,2.0,0.0,H,13.0,6.0,7.0,1.0,3.0,8.0,15.0,22.0,2.0,5.0,0.0,1.0
14/04/2019,Sassuolo,Parma,0.0,0.0,D,16.0,3.0,8.0,1.0,7.0,3.0,7.0,11.0,3.0,2.0,0.0,0.0
14/04/2019,Torino,Cagliari,1.0,1.0,D,14.0,9.0,8.0,6.0,6.0,6.0,12.0,20.0,2.0,7.0,1.0,2.0
15/04/2019,Atalanta,Empoli,0.0,0.0,D,32.0,2.0,18.0,1.0,9.0,3.0,7.0,11.0,1.0,3.0,0.0,0.0
17/04/2019,Lazio,Udinese,2.0,0.0,H,15.0,9.0,7.0,4.0,4.0,5.0,13.0,16.0,2.0,0.0,0.0,0.0
20/04/2019,Bologna,Sampdoria,3.0,0.0,H,12.0,9.0,6.0,3.0,3.0,4.0,19.0,12.0,2.0,4.0,0.0,0.0
20/04/2019,Cagliari,Frosinone,1.0,0.0,H,12.0,5.0,6.0,2.0,5.0,6.0,19.0,16.0,3.0,1.0,1.0,0.0
20/04/2019,Empoli,Spal,2.0,4.0,A,11.0,9.0,6.0,7.0,3.0,6.0,15.0,15.0,3.0,5.0,0.0,0.0
20/04/2019,Genoa,Torino,0.0,1.0,A,8.0,8.0,4.0,4.0,3.0,2.0,21.0,24.0,4.0,4.0,0.0,0.0
20/04/2019,Inter,Roma,1.0,1.0,D,13.0,9.0,7.0,5.0,7.0,4.0,7.0,13.0,1.0,2.0,0.0,0.0
20/04/2019,Juventus,Fiorentina,2.0,1.0,H,9.0,9.0,5.0,6.0,10.0,7.0,13.0,8.0,0.0,1.0,0.0,0.0
20/04/2019,Lazio,Chievo,1.0,2.0,A,16.0,8.0,8.0,6.0,13.0,2.0,8.0,21.0,0.0,4.0,2.0,0.0
20/04/2019,Parma,Milan,1.0,1.0,D,10.0,8.0,3.0,3.0,8.0,4.0,14.0,13.0,0.0,1.0,0.0,0.0
20/04/2019,Udinese,Sassuolo,1.0,1.0,D,10.0,6.0,5.0,2.0,6.0,5.0,17.0,14.0,3.0,2.0,0.0,0.0
22/04/2019,Napoli,Atalanta,1.0,2.0,A,13.0,11.0,9.0,7.0,3.0,3.0,15.0,10.0,3.0,1.0,0.0,0.0
27/04/2019,Bologna,Empoli,3.0,1.0,H,17.0,4.0,7.0,3.0,13.0,5.0,13.0,15.0,3.0,2.0,0.0,0.0
27/04/2019,Inter,Juventus,1.0,1.0,D,10.0,10.0,6.0,4.0,10.0,4.0,12.0,12.0,1.0,3.0,0.0,0.0
27/04/2019,Roma,Cagliari,3.0,0.0,H,15.0,4.0,11.0,1.0,5.0,5.0,6.0,7.0,1.0,2.0,0.0,0.0
28/04/2019,Chievo,Parma,1.0,1.0,D,6.0,6.0,2.0,2.0,2.0,4.0,15.0,17.0,3.0,3.0,0.0,0.0
28/04/2019,Frosinone,Napoli,0.0,2.0,A,13.0,19.0,4.0,13.0,2.0,6.0,25.0,16.0,3.0,1.0,0.0,0.0
28/04/2019,Sampdoria,Lazio,1.0,2.0,A,7.0,10.0,5.0,5.0,1.0,4.0,13.0,11.0,6.0,3.0,1.0,0.0
28/04/2019,Spal,Genoa,1.0,1.0,D,11.0,11.0,5.0,5.0,2.0,4.0,14.0,15.0,3.0,3.0,0.0,0.0
28/04/2019,Torino,Milan,2.0,0.0,H,7.0,7.0,3.0,5.0,4.0,9.0,19.0,23.0,2.0,6.0,0.0,1.0
29/04/2019,Atalanta,Udinese,2.0,0.0,H,13.0,4.0,8.0,2.0,9.0,5.0,7.0,13.0,0.0,2.0,0.0,0.0
29/04/2019,Fiorentina,Sassuolo,0.0,1.0,A,7.0,9.0,4.0,5.0,7.0,8.0,16.0,7.0,3.0,1.0,0.0,0.0
03/05/2019,Juventus,Torino,1.0,1.0,D,11.0,9.0,4.0,2.0,7.0,3.0,11.0,9.0,3.0,3.0,0.0,0.0
04/05/2019,Chievo,Spal,0.0,4.0,A,8.0,14.0,3.0,8.0,1.0,5.0,13.0,12.0,3.0,0.0,0.0,0.0
04/05/2019,Udinese,Inter,0.0,0.0,D,3.0,11.0,3.0,4.0,2.0,9.0,19.0,11.0,1.0,3.0,0.0,0.0
05/05/2019,Empoli,Fiorentina,1.0,0.0,H,6.0,20.0,4.0,11.0,4.0,7.0,15.0,17.0,3.0,1.0,0.0,1.0
05/05/2019,Genoa,Roma,1.0,1.0,D,13.0,11.0,6.0,5.0,4.0,7.0,14.0,11.0,1.0,2.0,0.0,0.0
05/05/2019,Lazio,Atalanta,1.0,3.0,A,7.0,10.0,5.0,6.0,2.0,5.0,15.0,11.0,4.0,3.0,0.0,0.0
05/05/2019,Napoli,Cagliari,2.0,1.0,H,17.0,4.0,8.0,2.0,6.0,2.0,11.0,12.0,2.0,3.0,0.0,1.0
05/05/2019,Parma,Sampdoria,3.0,3.0,D,9.0,14.0,6.0,10.0,2.0,2.0,14.0,7.0,4.0,3.0,1.0,1.0
05/05/2019,Sassuolo,Frosinone,2.0,2.0,D,14.0,5.0,5.0,3.0,8.0,1.0,14.0,19.0,2.0,3.0,0.0,0.0
06/05/2019,Milan,Bologna,2.0,1.0,H,13.0,14.0,5.0,7.0,5.0,10.0,9.0,20.0,3.0,5.0,1.0,2.0
11/05/2019,Atalanta,Genoa,2.0,1.0,H,8.0,13.0,4.0,3.0,0.0,4.0,14.0,21.0,1.0,3.0,0.0,0.0
11/05/2019,Cagliari,Lazio,1.0,2.0,A,14.0,10.0,6.0,5.0,4.0,2.0,11.0,13.0,2.0,4.0,0.0,0.0
11/05/2019,Fiorentina,Milan,0.0,1.0,A,8.0,10.0,3.0,5.0,5.0,6.0,15.0,8.0,2.0,1.0,0.0,0.0
12/05/2019,Frosinone,Udinese,1.0,3.0,A,13.0,11.0,5.0,8.0,14.0,10.0,15.0,17.0,2.0,3.0,0.0,0.0
12/05/2019,Roma,Juventus,2.0,0.0,H,9.0,5.0,4.0,4.0,3.0,3.0,8.0,7.0,3.0,1.0,0.0,0.0
12/05/2019,Sampdoria,Empoli,1.0,2.0,A,11.0,5.0,7.0,4.0,8.0,2.0,10.0,15.0,2.0,1.0,0.0,0.0
12/05/2019,Spal,Napoli,1.0,2.0,A,10.0,17.0,5.0,8.0,1.0,12.0,11.0,20.0,2.0,1.0,0.0,0.0
12/05/2019,Torino,Sassuolo,3.0,2.0,H,17.0,7.0,11.0,3.0,11.0,1.0,15.0,17.0,1.0,5.0,0.0,1.0
13/05/2019,Bologna,Parma,4.0,1.0,H,15.0,3.0,10.0,1.0,13.0,3.0,9.0,15.0,1.0,6.0,0.0,1.0
13/05/2019,Inter,Chievo,2.0,0.0,H,16.0,3.0,11.0,0.0,17.0,0.0,10.0,17.0,2.0,3.0,0.0,1.0
18/05/2019,Genoa,Cagliari,1.0,1.0,D,16.0,4.0,9.0,3.0,11.0,3.0,13.0,21.0,2.0,1.0,1.0,0.0
18/05/2019,Sassuolo,Roma,0.0,0.0,D,9.0,17.0,3.0,6.0,5.0,5.0,10.0,10.0,2.0,4.0,0.0,0.0
18/05/2019,Udinese,Spal,3.0,2.0,H,10.0,12.0,4.0,5.0,8.0,6.0,17.0,13.0,4.0,4.0,0.0,0.0
19/05/2019,Chievo,Sampdoria,0.0,0.0,D,4.0,9.0,1.0,6.0,4.0,7.0,13.0,9.0,3.0,0.0,1.0,0.0
19/05/2019,Empoli,Torino,4.0,1.0,H,11.0,10.0,9.0,6.0,7.0,3.0,12.0,19.0,1.0,1.0,0.0,0.0
19/05/2019,Juventus,Atalanta,1.0,1.0,D,11.0,11.0,4.0,7.0,5.0,8.0,15.0,14.0,3.0,1.0,1.0,0.0
19/05/2019,Milan,Frosinone,2.0,0.0,H,9.0,6.0,3.0,2.0,5.0,7.0,13.0,7.0,1.0,0.0,0.0,0.0
19/05/2019,Napoli,Inter,4.0,1.0,H,14.0,10.0,6.0,7.0,3.0,12.0,8.0,10.0,3.0,1.0,0.0,0.0
19/05/2019,Parma,Fiorentina,1.0,0.0,H,9.0,12.0,5.0,6.0,3.0,7.0,15.0,22.0,0.0,1.0,0.0,0.0
20/05/2019,Lazio,Bologna,3.0,3.0,D,10.0,13.0,5.0,6.0,4.0,6.0,11.0,11.0,2.0,1.0,0.0,0.0
25/05/2019,Bologna,Napoli,3.0,2.0,H,10.0,15.0,5.0,8.0,5.0,8.0,11.0,8.0,0.0,1.0,0.0,0.0
25/05/2019,Frosinone,Chievo,0.0,0.0,D,10.0,2.0,5.0,2.0,8.0,2.0,15.0,18.0,2.0,2.0,0.0,0.0
26/05/2019,Atalanta,Sassuolo,3.0,1.0,H,13.0,4.0,5.0,3.0,7.0,4.0,10.0,15.0,2.0,4.0,0.0,2.0
26/05/2019,Cagliari,Udinese,1.0,2.0,A,12.0,9.0,5.0,5.0,12.0,3.0,17.0,12.0,2.0,2.0,0.0,0.0
26/05/2019,Fiorentina,Genoa,0.0,0.0,D,5.0,2.0,5.0,1.0,4.0,1.0,12.0,9.0,1.0,2.0,0.0,0.0
26/05/2019,Inter,Empoli,2.0,1.0,H,20.0,9.0,15.0,5.0,8.0,2.0,11.0,9.0,4.0,2.0,1.0,1.0
26/05/2019,Roma,Parma,2.0,1.0,H,16.0,9.0,8.0,5.0,13.0,8.0,13.0,8.0,2.0,1.0,0.0,0.0
26/05/2019,Sampdoria,Juventus,2.0,0.0,H,10.0,6.0,3.0,1.0,7.0,6.0,6.0,12.0,0.0,2.0,0.0,0.0
26/05/2019,Spal,Milan,2.0,3.0,A,7.0,16.0,4.0,8.0,8.0,4.0,17.0,13.0,2.0,2.0,0.0,0.0
26/05/2019,Torino,Lazio,3.0,1.0,H,9.0,9.0,7.0,4.0,5.0,5.0,9.0,10.0,0.0,1.0,0.0,0.0
24/08/2019,Parma,Juventus,0.0,1.0,A,5.0,9.0,4.0,4.0,5.0,8.0,12.0,14.0,2.0,3.0,0.0,0.0
24/08/2019,Fiorentina,Napoli,3.0,4.0,A,10.0,8.0,6.0,6.0,4.0,5.0,21.0,16.0,2.0,4.0,0.0,0.0
25/08/2019,Udinese,Milan,1.0,0.0,H,11.0,6.0,6.0,0.0,9.0,4.0,14.0,11.0,1.0,3.0,0.0,0.0
25/08/2019,Cagliari,Brescia,0.0,1.0,A,9.0,8.0,5.0,3.0,8.0,8.0,10.0,11.0,2.0,2.0,0.0,0.0
25/08/2019,Roma,Genoa,3.0,3.0,D,17.0,6.0,9.0,4.0,5.0,1.0,15.0,13.0,3.0,1.0,0.0,0.0
25/08/2019,Sampdoria,Lazio,0.0,3.0,A,12.0,16.0,8.0,10.0,5.0,9.0,13.0,11.0,2.0,2.0,0.0,0.0
25/08/2019,Spal,Atalanta,2.0,3.0,A,8.0,18.0,3.0,14.0,2.0,10.0,13.0,16.0,2.0,1.0,0.0,0.0
25/08/2019,Torino,Sassuolo,2.0,1.0,H,7.0,13.0,4.0,9.0,6.0,6.0,21.0,15.0,4.0,3.0,0.0,0.0
25/08/2019,Verona,Bologna,1.0,1.0,D,5.0,14.0,2.0,5.0,1.0,6.0,12.0,13.0,1.0,3.0,1.0,0.0
26/08/2019,Inter,Lecce,4.0,0.0,H,16.0,10.0,7.0,4.0,7.0,7.0,14.0,8.0,1.0,2.0,0.0,1.0
30/08/2019,Bologna,Spal,1.0,0.0,H,18.0,7.0,9.0,1.0,11.0,2.0,13.0,13.0,3.0,2.0,0.0,0.0
31/08/2019,Milan,Brescia,1.0,0.0,H,11.0,4.0,6.0,2.0,5.0,3.0,14.0,18.0,3.0,4.0,0.0,0.0
31/08/2019,Juventus,Napoli,4.0,3.0,H,10.0,12.0,8.0,7.0,2.0,5.0,13.0,13.0,3.0,3.0,0.0,0.0
01/09/2019,Lazio,Roma,1.0,1.0,D,21.0,8.0,13.0,5.0,8.0,4.0,15.0,13.0,4.0,3.0,0.0,0.0
01/09/2019,Atalanta,Torino,2.0,3.0,A,19.0,8.0,12.0,6.0,12.0,5.0,13.0,15.0,2.0,2.0,0.0,0.0
01/09/2019,Cagliari,Inter,1.0,2.0,A,7.0,9.0,3.0,8.0,5.0,5.0,12.0,11.0,5.0,3.0,0.0,0.0
01/09/2019,Genoa,Fiorentina,2.0,1.0,H,18.0,15.0,10.0,7.0,9.0,8.0,17.0,15.0,2.0,0.0,0.0,0.0
01/09/2019,Lecce,Verona,0.0,1.0,A,9.0,11.0,3.0,6.0,2.0,7.0,14.0,14.0,2.0,3.0,0.0,0.0
01/09/2019,Sassuolo,Sampdoria,4.0,1.0,H,11.0,8.0,8.0,5.0,3.0,5.0,9.0,10.0,1.0,3.0,0.0,1.0
01/09/2019,Udinese,Parma,1.0,3.0,A,17.0,6.0,12.0,3.0,8.0,1.0,11.0,11.0,1.0,3.0,0.0,0.0
14/09/2019,Fiorentina,Juventus,0.0,0.0,D,15.0,5.0,8.0,4.0,10.0,0.0,12.0,18.0,3.0,3.0,0.0,0.0
14/09/2019,Napoli,Sampdoria,2.0,0.0,H,19.0,7.0,9.0,2.0,8.0,7.0,7.0,10.0,2.0,2.0,0.0,0.0
14/09/2019,Inter,Udinese,1.0,0.0,H,15.0,6.0,10.0,4.0,8.0,3.0,9.0,10.0,2.0,1.0,0.0,1.0
15/09/2019,Genoa,Atalanta,1.0,2.0,A,8.0,11.0,3.0,6.0,8.0,7.0,12.0,14.0,3.0,3.0,0.0,0.0
15/09/2019,Brescia,Bologna,3.0,4.0,A,9.0,17.0,7.0,6.0,2.0,10.0,14.0,17.0,2.0,6.0,1.0,0.0
15/09/2019,Parma,Cagliari,1.0,3.0,A,14.0,6.0,8.0,4.0,12.0,3.0,12.0,16.0,0.0,5.0,0.0,0.0
15/09/2019,Spal,Lazio,2.0,1.0,H,9.0,11.0,4.0,7.0,8.0,5.0,9.0,11.0,5.0,3.0,0.0,0.0
15/09/2019,Roma,Sassuolo,4.0,2.0,H,14.0,10.0,10.0,5.0,8.0,2.0,13.0,9.0,1.0,2.0,0.0,0.0
15/09/2019,Verona,Milan,0.0,1.0,A,6.0,11.0,2.0,6.0,2.0,7.0,13.0,16.0,4.0,3.0,1.0,1.0
16/09/2019,Torino,Lecce,1.0,2.0,A,12.0,12.0,3.0,5.0,7.0,3.0,11.0,19.0,1.0,6.0,0.0,0.0
20/09/2019,Cagliari,Genoa,3.0,1.0,H,8.0,7.0,4.0,2.0,4.0,3.0,12.0,8.0,1.0,1.0,0.0,0.0
21/09/2019,Udinese,Brescia,0.0,1.0,A,6.0,5.0,3.0,3.0,3.0,9.0,22.0,16.0,4.0,4.0,0.0,0.0
21/09/2019,Juventus,Verona,2.0,1.0,H,12.0,8.0,3.0,8.0,2.0,5.0,12.0,20.0,0.0,4.0,0.0,1.0
21/09/2019,Milan,Inter,0.0,2.0,A,7.0,11.0,3.0,9.0,2.0,6.0,15.0,22.0,2.0,1.0,0.0,0.0
22/09/2019,Sassuolo,Spal,3.0,0.0,H,17.0,8.0,8.0,3.0,7.0,9.0,19.0,14.0,3.0,2.0,0.0,0.0
22/09/2019,Bologna,Roma,1.0,2.0,A,5.0,14.0,3.0,7.0,3.0,4.0,13.0,16.0,3.0,6.0,0.0,1.0
22/09/2019,Lecce,Napoli,1.0,4.0,A,8.0,12.0,3.0,10.0,4.0,6.0,12.0,9.0,3.0,3.0,0.0,0.0
22/09/2019,Sampdoria,Torino,1.0,0.0,H,10.0,6.0,6.0,1.0,7.0,8.0,19.0,13.0,2.0,1.0,0.0,0.0
22/09/2019,Atalanta,Fiorentina,2.0,2.0,D,15.0,6.0,5.0,3.0,9.0,1.0,14.0,11.0,2.0,5.0,0.0,0.0
22/09/2019,Lazio,Parma,2.0,0.0,H,22.0,3.0,15.0,1.0,10.0,5.0,7.0,9.0,1.0,3.0,0.0,0.0
24/09/2019,Verona,Udinese,0.0,0.0,D,8.0,5.0,4.0,3.0,6.0,6.0,7.0,18.0,0.0,4.0,0.0,0.0
24/09/2019,Brescia,Juventus,1.0,2.0,A,13.0,15.0,3.0,7.0,4.0,3.0,11.0,14.0,1.0,3.0,0.0,0.0
25/09/2019,Roma,Atalanta,0.0,2.0,A,8.0,11.0,4.0,4.0,5.0,1.0,18.0,11.0,2.0,1.0,0.0,0.0
25/09/2019,Fiorentina,Sampdoria,2.0,1.0,H,12.0,7.0,8.0,4.0,3.0,1.0,11.0,16.0,4.0,5.0,0.0,1.0
25/09/2019,Genoa,Bologna,0.0,0.0,D,8.0,14.0,4.0,2.0,5.0,4.0,16.0,11.0,5.0,4.0,0.0,0.0
25/09/2019,Inter,Lazio,1.0,0.0,H,9.0,6.0,4.0,4.0,4.0,6.0,10.0,8.0,2.0,3.0,0.0,0.0
25/09/2019,Napoli,Cagliari,0.0,1.0,A,17.0,5.0,8.0,1.0,13.0,1.0,9.0,13.0,1.0,1.0,1.0,0.0
25/09/2019,Parma,Sassuolo,1.0,0.0,H,8.0,8.0,4.0,5.0,5.0,4.0,19.0,9.0,3.0,1.0,0.0,0.0
25/09/2019,Spal,Lecce,1.0,3.0,A,14.0,9.0,7.0,5.0,10.0,1.0,13.0,11.0,1.0,2.0,0.0,0.0
26/09/2019,Torino,Milan,2.0,1.0,H,11.0,16.0,5.0,4.0,3.0,5.0,15.0,20.0,4.0,5.0,0.0,1.0
28/09/2019,Juventus,Spal,2.0,0.0,H,17.0,4.0,10.0,1.0,13.0,2.0,13.0,9.0,2.0,2.0,0.0,0.0
28/09/2019,Sampdoria,Inter,1.0,3.0,A,15.0,11.0,2.0,7.0,7.0,5.0,11.0,13.0,2.0,4.0,0.0,1.0
28/09/2019,Sassuolo,Atalanta,1.0,4.0,A,9.0,10.0,7.0,8.0,7.0,3.0,14.0,14.0,2.0,2.0,0.0,0.0
29/09/2019,Napoli,Brescia,2.0,1.0,H,16.0,7.0,7.0,3.0,7.0,7.0,11.0,8.0,2.0,1.0,0.0,0.0
29/09/2019,Lazio,Genoa,4.0,0.0,H,13.0,12.0,11.0,6.0,5.0,7.0,8.0,11.0,1.0,2.0,0.0,0.0
29/09/2019,Lecce,Roma,0.0,1.0,A,10.0,13.0,6.0,6.0,4.0,11.0,7.0,19.0,2.0,4.0,0.0,0.0
29/09/2019,Udinese,Bologna,1.0,0.0,H,9.0,10.0,4.0,4.0,4.0,5.0,20.0,16.0,4.0,3.0,0.0,1.0
29/09/2019,Cagliari,Verona,1.0,1.0,D,10.0,11.0,5.0,5.0,3.0,5.0,18.0,18.0,2.0,2.0,0.0,0.0
29/09/2019,Milan,Fiorentina,1.0,3.0,A,7.0,13.0,3.0,8.0,4.0,6.0,10.0,14.0,2.0,4.0,1.0,0.0
30/09/2019,Parma,Torino,3.0,2.0,H,13.0,6.0,7.0,5.0,7.0,3.0,17.0,15.0,2.0,3.0,0.0,1.0
05/10/2019,Spal,Parma,1.0,0.0,H,12.0,5.0,7.0,2.0,5.0,8.0,9.0,13.0,5.0,2.0,1.0,0.0
05/10/2019,Verona,Sampdoria,2.0,0.0,H,6.0,9.0,4.0,3.0,9.0,4.0,14.0,14.0,1.0,3.0,0.0,0.0
05/10/2019,Genoa,Milan,1.0,2.0,A,11.0,9.0,6.0,7.0,7.0,0.0,23.0,14.0,4.0,4.0,2.0,2.0
06/10/2019,Fiorentina,Udinese,1.0,0.0,H,8.0,5.0,4.0,1.0,12.0,3.0,9.0,11.0,1.0,2.0,0.0,0.0
06/10/2019,Atalanta,Lecce,3.0,1.0,H,26.0,5.0,14.0,2.0,9.0,5.0,15.0,14.0,2.0,3.0,0.0,0.0
06/10/2019,Bologna,Lazio,2.0,2.0,D,17.0,8.0,10.0,6.0,5.0,4.0,13.0,17.0,5.0,4.0,1.0,1.0
06/10/2019,Roma,Cagliari,1.0,1.0,D,17.0,6.0,8.0,3.0,7.0,1.0,17.0,11.0,1.0,4.0,0.0,0.0
06/10/2019,Torino,Napoli,0.0,0.0,D,11.0,10.0,6.0,3.0,4.0,5.0,11.0,12.0,1.0,2.0,0.0,0.0
06/10/2019,Inter,Juventus,1.0,2.0,A,6.0,8.0,4.0,6.0,7.0,2.0,22.0,8.0,2.0,3.0,0.0,0.0
19/10/2019,Lazio,Atalanta,3.0,3.0,D,12.0,18.0,5.0,9.0,3.0,1.0,13.0,12.0,5.0,2.0,0.0,0.0
19/10/2019,Napoli,Verona,2.0,0.0,H,13.0,14.0,7.0,6.0,6.0,8.0,12.0,16.0,3.0,3.0,0.0,0.0
19/10/2019,Juventus,Bologna,2.0,1.0,H,13.0,7.0,11.0,4.0,8.0,5.0,15.0,18.0,2.0,3.0,0.0,0.0
20/10/2019,Sassuolo,Inter,3.0,4.0,A,7.0,10.0,4.0,7.0,5.0,7.0,14.0,17.0,4.0,3.0,0.0,0.0
20/10/2019,Cagliari,Spal,2.0,0.0,H,13.0,8.0,7.0,5.0,6.0,6.0,16.0,15.0,4.0,5.0,0.0,0.0
20/10/2019,Sampdoria,Roma,0.0,0.0,D,7.0,5.0,2.0,1.0,7.0,9.0,14.0,11.0,3.0,4.0,0.0,1.0
20/10/2019,Udinese,Torino,1.0,0.0,H,10.0,8.0,6.0,5.0,6.0,4.0,15.0,20.0,3.0,3.0,0.0,0.0
20/10/2019,Parma,Genoa,5.0,1.0,H,15.0,11.0,7.0,6.0,3.0,7.0,9.0,12.0,1.0,2.0,0.0,0.0
20/10/2019,Milan,Lecce,2.0,2.0,D,18.0,11.0,8.0,7.0,8.0,2.0,13.0,12.0,1.0,2.0,0.0,0.0
21/10/2019,Brescia,Fiorentina,0.0,0.0,D,3.0,10.0,1.0,6.0,6.0,9.0,10.0,16.0,0.0,3.0,0.0,0.0
25/10/2019,Verona,Sassuolo,0.0,1.0,A,7.0,9.0,5.0,5.0,9.0,6.0,18.0,13.0,5.0,5.0,0.0,0.0
26/10/2019,Lecce,Juventus,1.0,1.0,D,9.0,16.0,5.0,6.0,3.0,14.0,11.0,13.0,4.0,1.0,0.0,0.0
26/10/2019,Inter,Parma,2.0,2.0,D,16.0,10.0,7.0,5.0,11.0,4.0,9.0,11.0,3.0,2.0,0.0,0.0
26/10/2019,Genoa,Brescia,3.0,1.0,H,12.0,4.0,11.0,2.0,5.0,3.0,24.0,14.0,6.0,4.0,0.0,0.0
27/10/2019,Bologna,Sampdoria,2.0,1.0,H,10.0,5.0,6.0,3.0,11.0,5.0,14.0,18.0,1.0,3.0,0.0,0.0
27/10/2019,Atalanta,Udinese,7.0,1.0,H,23.0,6.0,16.0,3.0,6.0,2.0,10.0,5.0,2.0,3.0,0.0,1.0
27/10/2019,Spal,Napoli,1.0,1.0,D,5.0,9.0,3.0,4.0,4.0,4.0,16.0,14.0,4.0,1.0,0.0,0.0
27/10/2019,Torino,Cagliari,1.0,1.0,D,8.0,10.0,5.0,5.0,6.0,11.0,15.0,11.0,2.0,3.0,0.0,0.0
27/10/2019,Roma,Milan,2.0,1.0,H,10.0,8.0,5.0,4.0,4.0,8.0,12.0,17.0,4.0,5.0,0.0,0.0
27/10/2019,Fiorentina,Lazio,1.0,2.0,A,9.0,11.0,3.0,8.0,7.0,3.0,12.0,13.0,5.0,3.0,1.0,0.0
29/10/2019,Parma,Verona,0.0,1.0,A,15.0,6.0,7.0,2.0,12.0,3.0,13.0,16.0,1.0,5.0,0.0,0.0
29/10/2019,Brescia,Inter,1.0,2.0,A,6.0,6.0,5.0,2.0,9.0,8.0,14.0,18.0,4.0,3.0,0.0,0.0
30/10/2019,Napoli,Atalanta,2.0,2.0,D,15.0,12.0,11.0,6.0,2.0,3.0,16.0,14.0,3.0,3.0,0.0,0.0
30/10/2019,Cagliari,Bologna,3.0,2.0,H,12.0,6.0,5.0,3.0,4.0,1.0,15.0,20.0,2.0,1.0,0.0,0.0
30/10/2019,Juventus,Genoa,2.0,1.0,H,18.0,7.0,11.0,3.0,10.0,2.0,24.0,11.0,5.0,3.0,1.0,2.0
30/10/2019,Lazio,Torino,4.0,0.0,H,16.0,6.0,8.0,3.0,8.0,0.0,11.0,9.0,2.0,2.0,0.0,1.0
30/10/2019,Sampdoria,Lecce,1.0,1.0,D,15.0,9.0,6.0,4.0,9.0,5.0,19.0,14.0,4.0,4.0,0.0,1.0
30/10/2019,Sassuolo,Fiorentina,1.0,2.0,A,6.0,10.0,5.0,8.0,3.0,7.0,15.0,20.0,3.0,4.0,0.0,0.0
30/10/2019,Udinese,Roma,0.0,4.0,A,8.0,10.0,5.0,6.0,5.0,3.0,16.0,16.0,4.0,2.0,0.0,1.0
31/10/2019,Milan,Spal,1.0,0.0,H,10.0,5.0,6.0,2.0,7.0,6.0,17.0,21.0,4.0,4.0,0.0,0.0
02/11/2019,Roma,Napoli,2.0,1.0,H,13.0,12.0,7.0,6.0,10.0,4.0,23.0,14.0,5.0,3.0,1.0,0.0
02/11/2019,Bologna,Inter,1.0,2.0,A,8.0,11.0,3.0,9.0,2.0,7.0,12.0,24.0,3.0,4.0,0.0,0.0
02/11/2019,Torino,Juventus,0.0,1.0,A,7.0,14.0,4.0,10.0,11.0,6.0,22.0,16.0,4.0,2.0,0.0,0.0
03/11/2019,Atalanta,Cagliari,0.0,2.0,A,11.0,12.0,3.0,8.0,13.0,2.0,15.0,18.0,2.0,3.0,1.0,0.0
03/11/2019,Genoa,Udinese,1.0,3.0,A,10.0,13.0,2.0,5.0,8.0,5.0,11.0,13.0,0.0,2.0,0.0,0.0
03/11/2019,Lecce,Sassuolo,2.0,2.0,D,7.0,12.0,4.0,5.0,6.0,6.0,14.0,16.0,2.0,3.0,0.0,0.0
03/11/2019,Verona,Brescia,2.0,1.0,H,11.0,11.0,6.0,5.0,5.0,1.0,17.0,17.0,1.0,4.0,0.0,1.0
03/11/2019,Fiorentina,Parma,1.0,1.0,D,15.0,7.0,4.0,3.0,5.0,2.0,15.0,20.0,2.0,2.0,0.0,0.0
03/11/2019,Milan,Lazio,1.0,2.0,A,9.0,8.0,4.0,7.0,8.0,4.0,12.0,13.0,3.0,5.0,0.0,0.0
04/11/2019,Spal,Sampdoria,0.0,1.0,A,7.0,9.0,2.0,4.0,8.0,5.0,12.0,16.0,3.0,1.0,0.0,0.0
08/11/2019,Sassuolo,Bologna,3.0,1.0,H,13.0,9.0,8.0,7.0,4.0,4.0,16.0,17.0,2.0,6.0,0.0,0.0
09/11/2019,Brescia,Torino,0.0,4.0,A,5.0,12.0,3.0,7.0,4.0,4.0,18.0,17.0,5.0,3.0,1.0,0.0
09/11/2019,Inter,Verona,2.0,1.0,H,19.0,5.0,13.0,2.0,9.0,3.0,14.0,11.0,3.0,1.0,0.0,0.0
09/11/2019,Napoli,Genoa,0.0,0.0,D,13.0,8.0,8.0,3.0,5.0,2.0,15.0,19.0,1.0,4.0,0.0,0.0
10/11/2019,Cagliari,Fiorentina,5.0,2.0,H,12.0,10.0,8.0,7.0,5.0,6.0,12.0,15.0,1.0,3.0,0.0,0.0
10/11/2019,Lazio,Lecce,4.0,2.0,H,17.0,18.0,7.0,10.0,9.0,3.0,8.0,10.0,2.0,3.0,0.0,0.0
10/11/2019,Sampdoria,Atalanta,0.0,0.0,D,5.0,7.0,2.0,3.0,1.0,7.0,19.0,13.0,2.0,4.0,0.0,1.0
10/11/2019,Udinese,Spal,0.0,0.0,D,11.0,10.0,4.0,4.0,3.0,7.0,14.0,14.0,3.0,5.0,0.0,0.0
10/11/2019,Parma,Roma,2.0,0.0,H,13.0,10.0,8.0,7.0,5.0,10.0,16.0,9.0,3.0,2.0,0.0,0.0
10/11/2019,Juventus,Milan,1.0,0.0,H,11.0,10.0,5.0,7.0,5.0,5.0,13.0,10.0,1.0,5.0,0.0,0.0
23/11/2019,Atalanta,Juventus,1.0,3.0,A,14.0,11.0,9.0,5.0,8.0,3.0,17.0,13.0,5.0,3.0,0.0,0.0
23/11/2019,Milan,Napoli,1.0,1.0,D,11.0,12.0,4.0,6.0,3.0,4.0,19.0,15.0,3.0,2.0,0.0,0.0
23/11/2019,Torino,Inter,0.0,3.0,A,5.0,6.0,2.0,5.0,12.0,4.0,10.0,18.0,2.0,3.0,0.0,0.0
24/11/2019,Bologna,Parma,2.0,2.0,D,11.0,11.0,7.0,7.0,15.0,2.0,18.0,18.0,1.0,3.0,0.0,0.0
24/11/2019,Roma,Brescia,3.0,0.0,H,14.0,5.0,6.0,2.0,17.0,6.0,17.0,10.0,1.0,1.0,0.0,0.0
24/11/2019,Sassuolo,Lazio,1.0,2.0,A,5.0,10.0,2.0,6.0,5.0,8.0,14.0,14.0,1.0,3.0,0.0,0.0
24/11/2019,Verona,Fiorentina,1.0,0.0,H,13.0,7.0,8.0,2.0,8.0,6.0,18.0,8.0,3.0,2.0,0.0,0.0
24/11/2019,Sampdoria,Udinese,2.0,1.0,H,19.0,5.0,13.0,2.0,8.0,2.0,8.0,22.0,2.0,3.0,0.0,1.0
25/11/2019,Lecce,Cagliari,2.0,2.0,D,17.0,6.0,8.0,2.0,11.0,2.0,13.0,19.0,2.0,2.0,1.0,2.0
25/11/2019,Spal,Genoa,1.0,1.0,D,13.0,13.0,7.0,6.0,5.0,4.0,12.0,13.0,2.0,1.0,0.0,0.0
30/11/2019,Brescia,Atalanta,0.0,3.0,A,9.0,19.0,5.0,12.0,2.0,11.0,15.0,15.0,1.0,3.0,0.0,0.0
30/11/2019,Genoa,Torino,0.0,1.0,A,5.0,10.0,3.0,3.0,6.0,4.0,15.0,18.0,2.0,3.0,0.0,1.0
30/11/2019,Fiorentina,Lecce,0.0,1.0,A,13.0,6.0,6.0,6.0,9.0,2.0,13.0,21.0,1.0,3.0,0.0,0.0
01/12/2019,Juventus,Sassuolo,2.0,2.0,D,17.0,8.0,9.0,4.0,9.0,2.0,11.0,13.0,1.0,5.0,0.0,0.0
01/12/2019,Inter,Spal,2.0,1.0,H,16.0,8.0,10.0,3.0,8.0,0.0,15.0,17.0,1.0,4.0,0.0,0.0
01/12/2019,Lazio,Udinese,3.0,0.0,H,15.0,4.0,6.0,0.0,2.0,2.0,9.0,12.0,0.0,1.0,0.0,0.0
01/12/2019,Parma,Milan,0.0,1.0,A,6.0,19.0,0.0,8.0,1.0,7.0,13.0,15.0,1.0,3.0,0.0,0.0
01/12/2019,Napoli,Bologna,1.0,2.0,A,20.0,9.0,5.0,6.0,7.0,0.0,12.0,10.0,1.0,5.0,0.0,0.0
01/12/2019,Verona,Roma,1.0,3.0,A,7.0,12.0,3.0,5.0,6.0,5.0,11.0,14.0,3.0,3.0,0.0,0.0
02/12/2019,Cagliari,Sampdoria,4.0,3.0,H,12.0,9.0,8.0,5.0,6.0,4.0,15.0,12.0,3.0,1.0,0.0,0.0
06/12/2019,Inter,Roma,0.0,0.0,D,9.0,6.0,2.0,2.0,8.0,3.0,12.0,11.0,3.0,1.0,0.0,0.0
07/12/2019,Atalanta,Verona,3.0,2.0,H,21.0,7.0,10.0,2.0,13.0,4.0,14.0,16.0,1.0,5.0,0.0,1.0
07/12/2019,Udinese,Napoli,1.0,1.0,D,5.0,12.0,1.0,3.0,3.0,10.0,20.0,15.0,3.0,4.0,0.0,1.0
07/12/2019,Lazio,Juventus,3.0,1.0,H,12.0,8.0,8.0,5.0,4.0,5.0,14.0,10.0,4.0,3.0,0.0,1.0
08/12/2019,Lecce,Genoa,2.0,2.0,D,22.0,14.0,5.0,4.0,11.0,3.0,17.0,18.0,5.0,6.0,0.0,2.0
08/12/2019,Sassuolo,Cagliari,2.0,2.0,D,9.0,4.0,3.0,3.0,8.0,4.0,10.0,19.0,3.0,4.0,0.0,0.0
08/12/2019,Spal,Brescia,0.0,1.0,A,18.0,12.0,4.0,7.0,3.0,1.0,17.0,18.0,3.0,3.0,0.0,0.0
08/12/2019,Torino,Fiorentina,2.0,1.0,H,10.0,15.0,5.0,5.0,3.0,9.0,19.0,17.0,4.0,3.0,0.0,0.0
08/12/2019,Sampdoria,Parma,0.0,1.0,A,18.0,10.0,6.0,2.0,3.0,2.0,15.0,12.0,3.0,2.0,0.0,0.0
08/12/2019,Bologna,Milan,2.0,3.0,A,11.0,11.0,4.0,7.0,5.0,1.0,17.0,19.0,4.0,2.0,0.0,0.0
14/12/2019,Brescia,Lecce,3.0,0.0,H,13.0,11.0,9.0,4.0,4.0,6.0,17.0,26.0,4.0,6.0,0.0,0.0
14/12/2019,Napoli,Parma,1.0,2.0,A,22.0,7.0,9.0,5.0,11.0,1.0,9.0,12.0,2.0,2.0,0.0,0.0
14/12/2019,Genoa,Sampdoria,0.0,1.0,A,5.0,2.0,1.0,1.0,4.0,2.0,16.0,26.0,5.0,3.0,0.0,0.0
15/12/2019,Verona,Torino,3.0,3.0,D,12.0,12.0,8.0,8.0,6.0,3.0,20.0,19.0,3.0,1.0,0.0,0.0
15/12/2019,Bologna,Atalanta,2.0,1.0,H,8.0,15.0,5.0,7.0,4.0,4.0,14.0,18.0,5.0,1.0,1.0,0.0
15/12/2019,Juventus,Udinese,3.0,1.0,H,14.0,9.0,12.0,7.0,9.0,8.0,10.0,4.0,2.0,1.0,0.0,0.0
15/12/2019,Milan,Sassuolo,0.0,0.0,D,17.0,10.0,12.0,6.0,8.0,3.0,14.0,16.0,5.0,4.0,0.0,0.0
15/12/2019,Roma,Spal,3.0,1.0,H,18.0,5.0,13.0,3.0,8.0,3.0,10.0,17.0,1.0,3.0,0.0,0.0
15/12/2019,Fiorentina,Inter,1.0,1.0,D,10.0,7.0,5.0,5.0,5.0,1.0,15.0,17.0,3.0,4.0,0.0,0.0
16/12/2019,Cagliari,Lazio,1.0,2.0,A,9.0,13.0,4.0,7.0,2.0,9.0,11.0,11.0,4.0,3.0,0.0,0.0
18/12/2019,Sampdoria,Juventus,1.0,2.0,A,13.0,10.0,4.0,4.0,5.0,5.0,7.0,17.0,5.0,2.0,1.0,0.0
18/12/2019,Brescia,Sassuolo,0.0,2.0,A,15.0,11.0,6.0,6.0,4.0,4.0,16.0,17.0,2.0,3.0,0.0,0.0
20/12/2019,Fiorentina,Roma,1.0,4.0,A,7.0,8.0,4.0,6.0,5.0,4.0,20.0,16.0,4.0,3.0,0.0,0.0
21/12/2019,Udinese,Cagliari,2.0,1.0,H,9.0,13.0,2.0,2.0,2.0,1.0,13.0,14.0,3.0,4.0,0.0,1.0
21/12/2019,Inter,Genoa,4.0,0.0,H,12.0,7.0,9.0,4.0,6.0,3.0,11.0,12.0,1.0,4.0,0.0,0.0
21/12/2019,Torino,Spal,1.0,2.0,A,7.0,7.0,6.0,4.0,10.0,3.0,24.0,16.0,5.0,5.0,1.0,0.0
22/12/2019,Atalanta,Milan,5.0,0.0,H,14.0,4.0,12.0,1.0,5.0,2.0,7.0,12.0,2.0,4.0,0.0,0.0
22/12/2019,Lecce,Bologna,2.0,3.0,A,7.0,19.0,3.0,16.0,6.0,2.0,17.0,18.0,3.0,3.0,0.0,0.0
22/12/2019,Parma,Brescia,1.0,1.0,D,13.0,11.0,6.0,4.0,9.0,5.0,16.0,10.0,3.0,2.0,0.0,0.0
22/12/2019,Sassuolo,Napoli,1.0,2.0,A,12.0,14.0,5.0,11.0,7.0,11.0,16.0,13.0,2.0,2.0,0.0,0.0
05/01/2020,Brescia,Lazio,1.0,2.0,A,4.0,15.0,3.0,7.0,2.0,5.0,12.0,24.0,5.0,4.0,1.0,0.0
05/01/2020,Spal,Verona,0.0,2.0,A,12.0,14.0,2.0,9.0,3.0,4.0,8.0,15.0,1.0,1.0,1.0,0.0
05/01/2020,Genoa,Sassuolo,2.0,1.0,H,10.0,6.0,7.0,3.0,1.0,6.0,23.0,14.0,4.0,6.0,0.0,0.0
05/01/2020,Roma,Torino,0.0,2.0,A,25.0,9.0,11.0,6.0,14.0,3.0,10.0,21.0,5.0,2.0,0.0,0.0
06/01/2020,Bologna,Fiorentina,1.0,1.0,D,12.0,7.0,7.0,4.0,14.0,2.0,14.0,23.0,2.0,4.0,0.0,0.0
06/01/2020,Atalanta,Parma,5.0,0.0,H,18.0,3.0,11.0,1.0,2.0,2.0,12.0,13.0,2.0,4.0,0.0,0.0
06/01/2020,Juventus,Cagliari,4.0,0.0,H,15.0,5.0,11.0,3.0,3.0,2.0,9.0,15.0,1.0,1.0,0.0,0.0
06/01/2020,Milan,Sampdoria,0.0,0.0,D,14.0,6.0,12.0,4.0,7.0,5.0,12.0,20.0,1.0,5.0,0.0,0.0
06/01/2020,Lecce,Udinese,0.0,1.0,A,10.0,7.0,6.0,4.0,7.0,8.0,17.0,11.0,1.0,1.0,0.0,0.0
06/01/2020,Napoli,Inter,1.0,3.0,A,18.0,9.0,8.0,8.0,3.0,4.0,10.0,22.0,0.0,6.0,0.0,0.0
11/01/2020,Cagliari,Milan,0.0,2.0,A,6.0,8.0,2.0,4.0,3.0,6.0,14.0,13.0,3.0,1.0,0.0,0.0
11/01/2020,Lazio,Napoli,1.0,0.0,H,7.0,11.0,6.0,7.0,6.0,6.0,9.0,7.0,2.0,2.0,0.0,0.0
11/01/2020,Inter,Atalanta,1.0,1.0,D,8.0,12.0,5.0,7.0,0.0,4.0,21.0,13.0,3.0,4.0,0.0,0.0
12/01/2020,Udinese,Sassuolo,3.0,0.0,H,13.0,10.0,9.0,5.0,6.0,11.0,13.0,13.0,0.0,0.0,0.0,0.0
12/01/2020,Fiorentina,Spal,1.0,0.0,H,11.0,9.0,5.0,3.0,3.0,4.0,18.0,10.0,1.0,1.0,0.0,0.0
12/01/2020,Sampdoria,Brescia,5.0,1.0,H,22.0,9.0,11.0,5.0,4.0,2.0,14.0,7.0,2.0,3.0,0.0,0.0
12/01/2020,Torino,Bologna,1.0,0.0,H,4.0,10.0,3.0,7.0,3.0,9.0,16.0,14.0,6.0,3.0,0.0,0.0
12/01/2020,Verona,Genoa,2.0,1.0,H,11.0,3.0,9.0,3.0,4.0,2.0,14.0,22.0,3.0,6.0,0.0,0.0
12/01/2020,Roma,Juventus,1.0,2.0,A,16.0,5.0,9.0,4.0,13.0,2.0,12.0,13.0,6.0,3.0,0.0,0.0
13/01/2020,Parma,Lecce,2.0,0.0,H,9.0,11.0,5.0,6.0,6.0,5.0,19.0,10.0,4.0,2.0,0.0,0.0
18/01/2020,Lazio,Sampdoria,5.0,1.0,H,16.0,6.0,12.0,4.0,6.0,4.0,12.0,13.0,1.0,2.0,0.0,1.0
18/01/2020,Sassuolo,Torino,2.0,1.0,H,7.0,7.0,6.0,3.0,13.0,6.0,13.0,15.0,2.0,4.0,0.0,0.0
18/01/2020,Napoli,Fiorentina,0.0,2.0,A,10.0,9.0,5.0,5.0,4.0,5.0,7.0,10.0,2.0,2.0,0.0,0.0
19/01/2020,Milan,Udinese,3.0,2.0,H,19.0,10.0,10.0,7.0,9.0,3.0,17.0,8.0,5.0,1.0,0.0,0.0
19/01/2020,Bologna,Verona,1.0,1.0,D,5.0,11.0,3.0,8.0,3.0,8.0,20.0,16.0,6.0,2.0,1.0,0.0
19/01/2020,Brescia,Cagliari,2.0,2.0,D,9.0,18.0,6.0,10.0,2.0,7.0,10.0,18.0,4.0,4.0,1.0,0.0
19/01/2020,Lecce,Inter,1.0,1.0,D,8.0,16.0,3.0,10.0,3.0,14.0,11.0,9.0,2.0,2.0,0.0,0.0
19/01/2020,Genoa,Roma,1.0,3.0,A,9.0,14.0,8.0,7.0,7.0,3.0,12.0,13.0,2.0,3.0,0.0,0.0
19/01/2020,Juventus,Parma,2.0,1.0,H,14.0,8.0,6.0,7.0,10.0,6.0,12.0,10.0,0.0,1.0,0.0,0.0
20/01/2020,Atalanta,Spal,1.0,2.0,A,14.0,13.0,8.0,7.0,8.0,4.0,15.0,17.0,2.0,3.0,0.0,0.0
24/01/2020,Brescia,Milan,0.0,1.0,A,13.0,10.0,7.0,5.0,7.0,3.0,12.0,15.0,2.0,4.0,0.0,0.0
25/01/2020,Spal,Bologna,1.0,3.0,A,9.0,12.0,5.0,6.0,5.0,9.0,16.0,15.0,4.0,3.0,0.0,0.0
25/01/2020,Fiorentina,Genoa,0.0,0.0,D,15.0,8.0,6.0,6.0,7.0,6.0,18.0,21.0,4.0,3.0,0.0,0.0
25/01/2020,Torino,Atalanta,0.0,7.0,A,6.0,17.0,4.0,15.0,4.0,12.0,17.0,12.0,3.0,2.0,2.0,0.0
26/01/2020,Inter,Cagliari,1.0,1.0,D,14.0,8.0,5.0,3.0,4.0,6.0,10.0,10.0,4.0,1.0,2.0,0.0
26/01/2020,Parma,Udinese,2.0,0.0,H,10.0,15.0,5.0,5.0,5.0,11.0,12.0,9.0,2.0,3.0,0.0,0.0
26/01/2020,Sampdoria,Sassuolo,0.0,0.0,D,15.0,6.0,5.0,2.0,6.0,3.0,16.0,9.0,4.0,1.0,0.0,1.0
26/01/2020,Verona,Lecce,3.0,0.0,H,9.0,3.0,5.0,1.0,5.0,0.0,16.0,11.0,2.0,3.0,0.0,1.0
26/01/2020,Roma,Lazio,1.0,1.0,D,16.0,3.0,7.0,2.0,7.0,1.0,11.0,12.0,3.0,4.0,0.0,0.0
26/01/2020,Napoli,Juventus,2.0,1.0,H,11.0,7.0,4.0,5.0,3.0,2.0,14.0,14.0,2.0,5.0,0.0,0.0
01/02/2020,Bologna,Brescia,2.0,1.0,H,17.0,3.0,7.0,1.0,6.0,3.0,17.0,14.0,3.0,2.0,0.0,0.0
01/02/2020,Cagliari,Parma,2.0,2.0,D,21.0,17.0,11.0,5.0,8.0,7.0,12.0,15.0,3.0,2.0,0.0,0.0
01/02/2020,Sassuolo,Roma,4.0,2.0,H,16.0,19.0,9.0,9.0,5.0,11.0,6.0,19.0,1.0,7.0,0.0,1.0
02/02/2020,Juventus,Fiorentina,3.0,0.0,H,8.0,7.0,8.0,5.0,10.0,5.0,9.0,13.0,1.0,4.0,0.0,0.0
02/02/2020,Atalanta,Genoa,2.0,2.0,D,17.0,9.0,10.0,5.0,7.0,1.0,19.0,19.0,2.0,6.0,0.0,1.0
02/02/2020,Lazio,Spal,5.0,1.0,H,12.0,10.0,10.0,5.0,5.0,2.0,9.0,7.0,1.0,2.0,0.0,0.0
02/02/2020,Milan,Verona,1.0,1.0,D,17.0,8.0,6.0,6.0,9.0,3.0,11.0,12.0,1.0,4.0,0.0,1.0
02/02/2020,Lecce,Torino,4.0,0.0,H,14.0,11.0,11.0,4.0,5.0,3.0,14.0,23.0,3.0,3.0,0.0,0.0
02/02/2020,Udinese,Inter,0.0,2.0,A,11.0,14.0,4.0,10.0,3.0,2.0,10.0,16.0,2.0,2.0,0.0,0.0
03/02/2020,Sampdoria,Napoli,2.0,4.0,A,12.0,12.0,10.0,10.0,4.0,6.0,17.0,6.0,4.0,3.0,0.0,0.0
05/02/2020,Lazio,Verona,0.0,0.0,D,12.0,12.0,6.0,6.0,6.0,7.0,12.0,15.0,3.0,2.0,0.0,0.0
07/02/2020,Roma,Bologna,2.0,3.0,A,14.0,12.0,10.0,8.0,6.0,6.0,11.0,16.0,2.0,4.0,1.0,0.0
08/02/2020,Fiorentina,Atalanta,1.0,2.0,A,5.0,13.0,3.0,7.0,4.0,3.0,20.0,13.0,2.0,2.0,0.0,0.0
08/02/2020,Torino,Sampdoria,1.0,3.0,A,2.0,8.0,2.0,6.0,2.0,3.0,16.0,19.0,3.0,5.0,1.0,0.0
08/02/2020,Verona,Juventus,2.0,1.0,H,9.0,10.0,5.0,5.0,3.0,4.0,11.0,18.0,2.0,3.0,0.0,0.0
09/02/2020,Spal,Sassuolo,1.0,2.0,A,10.0,16.0,5.0,9.0,1.0,6.0,16.0,16.0,2.0,4.0,0.0,0.0
09/02/2020,Brescia,Udinese,1.0,1.0,D,9.0,16.0,7.0,8.0,4.0,9.0,8.0,17.0,0.0,3.0,0.0,0.0
09/02/2020,Genoa,Cagliari,1.0,0.0,H,8.0,8.0,5.0,6.0,5.0,3.0,15.0,15.0,3.0,6.0,0.0,0.0
09/02/2020,Napoli,Lecce,2.0,3.0,A,19.0,13.0,9.0,10.0,10.0,4.0,14.0,10.0,5.0,3.0,0.0,0.0
09/02/2020,Parma,Lazio,0.0,1.0,A,16.0,17.0,6.0,6.0,7.0,6.0,13.0,10.0,4.0,3.0,0.0,0.0
09/02/2020,Inter,Milan,4.0,2.0,H,14.0,8.0,11.0,5.0,7.0,6.0,6.0,13.0,4.0,2.0,0.0,0.0
15/02/2020,Lecce,Spal,2.0,1.0,H,8.0,13.0,4.0,5.0,4.0,8.0,13.0,23.0,5.0,3.0,0.0,0.0
15/02/2020,Bologna,Genoa,0.0,3.0,A,11.0,5.0,6.0,5.0,4.0,4.0,19.0,13.0,3.0,5.0,2.0,0.0
15/02/2020,Atalanta,Roma,2.0,1.0,H,11.0,5.0,7.0,1.0,5.0,2.0,11.0,15.0,1.0,5.0,0.0,0.0
16/02/2020,Udinese,Verona,0.0,0.0,D,10.0,9.0,6.0,6.0,9.0,6.0,13.0,17.0,1.0,2.0,0.0,0.0
16/02/2020,Juventus,Brescia,2.0,0.0,H,20.0,5.0,11.0,2.0,16.0,2.0,12.0,8.0,3.0,2.0,0.0,1.0
16/02/2020,Sampdoria,Fiorentina,1.0,5.0,A,13.0,12.0,8.0,9.0,7.0,3.0,13.0,13.0,5.0,4.0,1.0,1.0
16/02/2020,Sassuolo,Parma,0.0,1.0,A,10.0,6.0,5.0,6.0,5.0,3.0,14.0,19.0,5.0,4.0,0.0,0.0
16/02/2020,Cagliari,Napoli,0.0,1.0,A,10.0,12.0,4.0,4.0,2.0,3.0,14.0,11.0,3.0,1.0,0.0,0.0
16/02/2020,Lazio,Inter,2.0,1.0,H,11.0,9.0,6.0,6.0,6.0,6.0,13.0,15.0,5.0,2.0,0.0,0.0
17/02/2020,Milan,Torino,1.0,0.0,H,9.0,6.0,3.0,1.0,9.0,5.0,16.0,11.0,3.0,3.0,0.0,0.0
21/02/2020,Brescia,Napoli,1.0,2.0,A,8.0,7.0,1.0,5.0,4.0,4.0,16.0,14.0,3.0,3.0,0.0,0.0
22/02/2020,Bologna,Udinese,1.0,1.0,D,12.0,4.0,3.0,3.0,7.0,5.0,13.0,12.0,1.0,2.0,0.0,0.0
22/02/2020,Spal,Juventus,1.0,2.0,A,10.0,17.0,5.0,9.0,3.0,4.0,25.0,15.0,4.0,2.0,0.0,0.0
22/02/2020,Fiorentina,Milan,1.0,1.0,D,11.0,5.0,7.0,3.0,4.0,3.0,11.0,15.0,1.0,3.0,1.0,0.0
23/02/2020,Genoa,Lazio,2.0,3.0,A,11.0,11.0,9.0,8.0,6.0,1.0,12.0,13.0,2.0,2.0,0.0,0.0
23/02/2020,Roma,Lecce,4.0,0.0,H,19.0,9.0,11.0,4.0,6.0,4.0,9.0,6.0,1.0,0.0,0.0,0.0
29/02/2020,Lazio,Bologna,2.0,0.0,H,12.0,11.0,5.0,4.0,7.0,5.0,9.0,12.0,1.0,4.0,0.0,0.0
29/02/2020,Napoli,Torino,2.0,1.0,H,16.0,5.0,10.0,3.0,7.0,1.0,12.0,13.0,1.0,3.0,0.0,0.0
01/03/2020,Lecce,Atalanta,2.0,7.0,A,5.0,17.0,3.0,11.0,2.0,11.0,9.0,12.0,2.0,2.0,0.0,0.0
01/03/2020,Cagliari,Roma,3.0,4.0,A,7.0,18.0,7.0,14.0,2.0,7.0,14.0,13.0,4.0,5.0,0.0,0.0
08/03/2020,Parma,Spal,0.0,1.0,A,11.0,6.0,2.0,2.0,4.0,5.0,19.0,22.0,2.0,2.0,0.0,0.0
08/03/2020,Milan,Genoa,1.0,2.0,A,13.0,6.0,4.0,3.0,7.0,5.0,14.0,12.0,0.0,0.0,0.0,1.0
08/03/2020,Sampdoria,Verona,2.0,1.0,H,8.0,3.0,7.0,2.0,2.0,6.0,14.0,23.0,4.0,3.0,0.0,0.0
08/03/2020,Udinese,Fiorentina,0.0,0.0,D,11.0,7.0,2.0,5.0,6.0,9.0,8.0,5.0,2.0,0.0,0.0,0.0
08/03/2020,Juventus,Inter,2.0,0.0,H,12.0,8.0,6.0,2.0,5.0,4.0,8.0,18.0,1.0,3.0,0.0,1.0
09/03/2020,Sassuolo,Brescia,3.0,0.0,H,13.0,6.0,10.0,4.0,5.0,4.0,15.0,9.0,3.0,3.0,0.0,0.0
20/06/2020,Torino,Parma,1.0,1.0,D,14.0,6.0,9.0,5.0,5.0,2.0,16.0,17.0,1.0,2.0,0.0,0.0
20/06/2020,Verona,Cagliari,2.0,1.0,H,8.0,13.0,6.0,4.0,1.0,7.0,4.0,19.0,1.0,6.0,1.0,1.0
21/06/2020,Atalanta,Sassuolo,4.0,1.0,H,12.0,10.0,5.0,6.0,4.0,3.0,24.0,6.0,4.0,3.0,0.0,0.0
21/06/2020,Inter,Sampdoria,2.0,1.0,H,11.0,7.0,5.0,3.0,5.0,1.0,17.0,21.0,3.0,3.0,0.0,0.0
22/06/2020,Fiorentina,Brescia,1.0,1.0,D,15.0,5.0,8.0,3.0,7.0,2.0,21.0,21.0,5.0,4.0,1.0,0.0
22/06/2020,Lecce,Milan,1.0,4.0,A,6.0,12.0,1.0,11.0,5.0,4.0,8.0,13.0,1.0,1.0,0.0,0.0
22/06/2020,Bologna,Juventus,0.0,2.0,A,6.0,12.0,1.0,5.0,8.0,2.0,16.0,16.0,1.0,4.0,0.0,1.0
23/06/2020,Spal,Cagliari,0.0,1.0,A,6.0,9.0,2.0,4.0,1.0,9.0,21.0,12.0,3.0,3.0,0.0,0.0
23/06/2020,Verona,Napoli,0.0,2.0,A,10.0,10.0,6.0,8.0,8.0,4.0,16.0,7.0,1.0,1.0,0.0,0.0
23/06/2020,Genoa,Parma,1.0,4.0,A,9.0,11.0,3.0,8.0,1.0,3.0,15.0,15.0,1.0,2.0,0.0,0.0
23/06/2020,Torino,Udinese,1.0,0.0,H,4.0,7.0,3.0,5.0,1.0,16.0,11.0,11.0,0.0,0.0,0.0,0.0
24/06/2020,Inter,Sassuolo,3.0,3.0,D,14.0,8.0,10.0,4.0,7.0,6.0,18.0,20.0,3.0,1.0,1.0,0.0
24/06/2020,Atalanta,Lazio,3.0,2.0,H,13.0,5.0,9.0,3.0,11.0,0.0,13.0,15.0,2.0,2.0,0.0,0.0
24/06/2020,Roma,Sampdoria,2.0,1.0,H,16.0,13.0,10.0,9.0,10.0,8.0,10.0,14.0,0.0,0.0,0.0,0.0
26/06/2020,Juventus,Lecce,4.0,0.0,H,23.0,7.0,12.0,2.0,12.0,4.0,15.0,7.0,1.0,0.0,0.0,1.0
27/06/2020,Brescia,Genoa,2.0,2.0,D,6.0,11.0,4.0,8.0,1.0,8.0,16.0,16.0,4.0,2.0,0.0,0.0
27/06/2020,Cagliari,Torino,4.0,2.0,H,9.0,11.0,5.0,6.0,3.0,5.0,15.0,12.0,3.0,0.0,0.0,0.0
27/06/2020,Lazio,Fiorentina,2.0,1.0,H,12.0,9.0,4.0,5.0,7.0,1.0,13.0,13.0,5.0,2.0,0.0,1.0
28/06/2020,Milan,Roma,2.0,0.0,H,11.0,3.0,7.0,2.0,5.0,6.0,10.0,16.0,2.0,2.0,0.0,0.0
28/06/2020,Napoli,Spal,3.0,1.0,H,17.0,5.0,11.0,3.0,4.0,1.0,14.0,14.0,0.0,3.0,0.0,0.0
28/06/2020,Sampdoria,Bologna,1.0,2.0,A,13.0,9.0,7.0,4.0,13.0,4.0,17.0,15.0,3.0,1.0,0.0,0.0
28/06/2020,Sassuolo,Verona,3.0,3.0,D,13.0,6.0,9.0,4.0,12.0,2.0,17.0,13.0,2.0,2.0,0.0,0.0
28/06/2020,Udinese,Atalanta,2.0,3.0,A,9.0,13.0,4.0,13.0,0.0,10.0,14.0,9.0,2.0,2.0,0.0,0.0
28/06/2020,Parma,Inter,1.0,2.0,A,9.0,14.0,2.0,6.0,1.0,8.0,9.0,13.0,3.0,4.0,1.0,1.0
30/06/2020,Torino,Lazio,1.0,2.0,A,2.0,12.0,1.0,6.0,2.0,8.0,15.0,16.0,1.0,3.0,0.0,0.0
30/06/2020,Genoa,Juventus,1.0,3.0,A,2.0,11.0,2.0,9.0,2.0,9.0,21.0,10.0,5.0,1.0,0.0,0.0
01/07/2020,Bologna,Cagliari,1.0,1.0,D,16.0,6.0,7.0,4.0,7.0,2.0,20.0,17.0,3.0,2.0,0.0,0.0
01/07/2020,Inter,Brescia,6.0,0.0,H,20.0,3.0,12.0,1.0,4.0,4.0,13.0,10.0,2.0,2.0,0.0,0.0
01/07/2020,Fiorentina,Sassuolo,1.0,3.0,A,11.0,8.0,7.0,8.0,8.0,3.0,20.0,12.0,4.0,2.0,0.0,0.0
01/07/2020,Lecce,Sampdoria,1.0,2.0,A,12.0,8.0,6.0,5.0,9.0,5.0,13.0,14.0,2.0,3.0,0.0,0.0
01/07/2020,Spal,Milan,2.0,2.0,D,4.0,25.0,3.0,12.0,3.0,17.0,9.0,12.0,3.0,0.0,1.0,0.0
01/07/2020,Verona,Parma,3.0,2.0,H,6.0,13.0,5.0,5.0,3.0,1.0,14.0,10.0,2.0,3.0,0.0,0.0
02/07/2020,Atalanta,Napoli,2.0,0.0,H,6.0,15.0,4.0,8.0,5.0,5.0,17.0,14.0,1.0,1.0,0.0,0.0
02/07/2020,Roma,Udinese,0.0,2.0,A,9.0,8.0,6.0,3.0,10.0,7.0,10.0,11.0,3.0,2.0,1.0,0.0
04/07/2020,Juventus,Torino,4.0,1.0,H,15.0,12.0,7.0,6.0,5.0,8.0,11.0,8.0,4.0,2.0,0.0,0.0
04/07/2020,Sassuolo,Lecce,4.0,2.0,H,7.0,5.0,7.0,3.0,4.0,4.0,15.0,21.0,3.0,4.0,0.0,0.0
04/07/2020,Lazio,Milan,0.0,3.0,A,8.0,7.0,2.0,5.0,5.0,1.0,14.0,12.0,1.0,1.0,0.0,0.0
05/07/2020,Inter,Bologna,1.0,2.0,A,15.0,11.0,9.0,8.0,12.0,9.0,16.0,12.0,3.0,3.0,1.0,1.0
05/07/2020,Brescia,Verona,2.0,0.0,H,7.0,14.0,6.0,9.0,3.0,11.0,11.0,13.0,3.0,1.0,0.0,0.0
05/07/2020,Cagliari,Atalanta,0.0,1.0,A,6.0,22.0,1.0,12.0,6.0,4.0,15.0,14.0,3.0,2.0,1.0,0.0
05/07/2020,Parma,Fiorentina,1.0,2.0,A,7.0,9.0,2.0,6.0,3.0,0.0,17.0,14.0,4.0,6.0,0.0,0.0
05/07/2020,Sampdoria,Spal,3.0,0.0,H,9.0,8.0,5.0,3.0,4.0,13.0,18.0,12.0,1.0,1.0,0.0,0.0
05/07/2020,Udinese,Genoa,2.0,2.0,D,9.0,6.0,6.0,4.0,2.0,4.0,13.0,14.0,3.0,2.0,0.0,0.0
05/07/2020,Napoli,Roma,2.0,1.0,H,18.0,5.0,12.0,4.0,8.0,1.0,10.0,16.0,2.0,4.0,0.0,0.0
07/07/2020,Lecce,Lazio,2.0,1.0,H,7.0,14.0,3.0,10.0,3.0,14.0,8.0,11.0,3.0,3.0,0.0,1.0
07/07/2020,Milan,Juventus,4.0,2.0,H,9.0,9.0,9.0,4.0,2.0,6.0,14.0,16.0,4.0,1.0,0.0,0.0
08/07/2020,Fiorentina,Cagliari,0.0,0.0,D,11.0,11.0,7.0,7.0,6.0,3.0,11.0,10.0,2.0,2.0,0.0,0.0
08/07/2020,Genoa,Napoli,1.0,2.0,A,7.0,16.0,3.0,11.0,6.0,8.0,13.0,6.0,1.0,0.0,0.0,0.0
08/07/2020,Atalanta,Sampdoria,2.0,0.0,H,11.0,9.0,6.0,3.0,7.0,9.0,12.0,19.0,2.0,3.0,0.0,0.0
08/07/2020,Bologna,Sassuolo,1.0,2.0,A,8.0,11.0,6.0,5.0,7.0,8.0,17.0,16.0,3.0,4.0,0.0,0.0
08/07/2020,Roma,Parma,2.0,1.0,H,15.0,4.0,7.0,2.0,9.0,3.0,17.0,10.0,5.0,1.0,0.0,0.0
08/07/2020,Torino,Brescia,3.0,1.0,H,14.0,13.0,10.0,6.0,6.0,5.0,24.0,19.0,1.0,3.0,0.0,0.0
09/07/2020,Spal,Udinese,0.0,3.0,A,11.0,7.0,3.0,4.0,9.0,1.0,11.0,9.0,0.0,0.0,0.0,0.0
09/07/2020,Verona,Inter,2.0,2.0,D,10.0,13.0,4.0,7.0,0.0,5.0,19.0,11.0,3.0,2.0,0.0,0.0
11/07/2020,Lazio,Sassuolo,1.0,2.0,A,7.0,11.0,1.0,4.0,1.0,5.0,13.0,7.0,4.0,2.0,0.0,0.0
11/07/2020,Brescia,Roma,0.0,3.0,A,8.0,16.0,4.0,9.0,3.0,8.0,19.0,16.0,1.0,2.0,0.0,0.0
11/07/2020,Juventus,Atalanta,2.0,2.0,D,6.0,9.0,5.0,4.0,2.0,4.0,11.0,16.0,3.0,2.0,0.0,0.0
12/07/2020,Genoa,Spal,2.0,0.0,H,12.0,3.0,9.0,0.0,7.0,2.0,15.0,19.0,1.0,2.0,0.0,0.0
12/07/2020,Cagliari,Lecce,0.0,0.0,D,12.0,15.0,6.0,10.0,6.0,7.0,10.0,7.0,1.0,1.0,0.0,0.0
12/07/2020,Fiorentina,Verona,1.0,1.0,D,10.0,5.0,3.0,4.0,6.0,8.0,15.0,14.0,3.0,2.0,0.0,0.0
12/07/2020,Parma,Bologna,2.0,2.0,D,13.0,9.0,5.0,6.0,6.0,2.0,17.0,24.0,1.0,1.0,0.0,0.0
12/07/2020,Udinese,Sampdoria,1.0,3.0,A,7.0,9.0,4.0,6.0,10.0,7.0,16.0,10.0,1.0,4.0,0.0,0.0
12/07/2020,Napoli,Milan,2.0,2.0,D,14.0,4.0,9.0,4.0,7.0,2.0,9.0,18.0,2.0,4.0,0.0,1.0
13/07/2020,Inter,Torino,3.0,1.0,H,20.0,6.0,11.0,4.0,9.0,2.0,21.0,18.0,5.0,3.0,0.0,0.0
14/07/2020,Atalanta,Brescia,6.0,2.0,H,13.0,6.0,7.0,5.0,1.0,1.0,12.0,10.0,0.0,0.0,0.0,0.0
15/07/2020,Bologna,Napoli,1.0,1.0,D,11.0,9.0,2.0,4.0,8.0,4.0,20.0,9.0,1.0,1.0,0.0,0.0
15/07/2020,Milan,Parma,3.0,1.0,H,21.0,9.0,7.0,5.0,7.0,6.0,9.0,10.0,1.0,2.0,0.0,0.0
15/07/2020,Sampdoria,Cagliari,3.0,0.0,H,9.0,15.0,4.0,3.0,4.0,3.0,13.0,15.0,0.0,2.0,0.0,0.0
15/07/2020,Lecce,Fiorentina,1.0,3.0,A,10.0,12.0,3.0,7.0,6.0,5.0,15.0,7.0,3.0,2.0,0.0,0.0
15/07/2020,Roma,Verona,2.0,1.0,H,20.0,9.0,6.0,3.0,7.0,6.0,14.0,6.0,4.0,3.0,0.0,0.0
15/07/2020,Sassuolo,Juventus,3.0,3.0,D,16.0,13.0,12.0,6.0,3.0,9.0,14.0,13.0,4.0,4.0,0.0,0.0
15/07/2020,Udinese,Lazio,0.0,0.0,D,15.0,15.0,7.0,3.0,4.0,5.0,12.0,11.0,2.0,3.0,0.0,0.0
16/07/2020,Torino,Genoa,3.0,0.0,H,8.0,10.0,4.0,4.0,8.0,4.0,20.0,18.0,2.0,2.0,0.0,0.0
16/07/2020,Spal,Inter,0.0,4.0,A,8.0,13.0,1.0,8.0,0.0,7.0,10.0,9.0,2.0,3.0,0.0,0.0
18/07/2020,Verona,Atalanta,1.0,1.0,D,11.0,17.0,8.0,7.0,7.0,5.0,15.0,15.0,2.0,2.0,0.0,0.0
18/07/2020,Cagliari,Sassuolo,1.0,1.0,D,2.0,5.0,1.0,2.0,0.0,9.0,14.0,15.0,4.0,2.0,1.0,0.0
18/07/2020,Milan,Bologna,5.0,1.0,H,17.0,8.0,14.0,3.0,7.0,2.0,19.0,14.0,2.0,1.0,0.0,0.0
19/07/2020,Parma,Sampdoria,2.0,3.0,A,13.0,12.0,7.0,5.0,4.0,6.0,13.0,11.0,0.0,1.0,0.0,0.0
19/07/2020,Brescia,Spal,2.0,1.0,H,15.0,13.0,6.0,7.0,7.0,4.0,10.0,14.0,2.0,2.0,0.0,0.0
19/07/2020,Fiorentina,Torino,2.0,0.0,H,12.0,5.0,4.0,1.0,4.0,1.0,7.0,11.0,1.0,2.0,0.0,0.0
19/07/2020,Genoa,Lecce,2.0,1.0,H,8.0,17.0,5.0,2.0,3.0,8.0,12.0,10.0,2.0,3.0,0.0,0.0
19/07/2020,Napoli,Udinese,2.0,1.0,H,17.0,3.0,10.0,3.0,2.0,3.0,13.0,17.0,3.0,2.0,0.0,0.0
19/07/2020,Roma,Inter,2.0,2.0,D,6.0,4.0,3.0,3.0,8.0,5.0,18.0,13.0,1.0,1.0,0.0,0.0
20/07/2020,Juventus,Lazio,2.0,1.0,H,13.0,6.0,10.0,5.0,4.0,7.0,18.0,15.0,3.0,1.0,0.0,0.0
21/07/2020,Atalanta,Bologna,1.0,0.0,H,13.0,9.0,7.0,2.0,6.0,4.0,19.0,14.0,4.0,2.0,0.0,0.0
21/07/2020,Sassuolo,Milan,1.0,2.0,A,6.0,12.0,3.0,8.0,5.0,3.0,12.0,24.0,3.0,4.0,1.0,0.0
22/07/2020,Parma,Napoli,2.0,1.0,H,6.0,12.0,3.0,4.0,3.0,3.0,8.0,12.0,3.0,1.0,0.0,0.0
22/07/2020,Inter,Fiorentina,0.0,0.0,D,12.0,6.0,9.0,4.0,11.0,2.0,13.0,13.0,1.0,3.0,0.0,0.0
22/07/2020,Lecce,Brescia,3.0,1.0,H,13.0,10.0,10.0,3.0,5.0,10.0,11.0,11.0,2.0,1.0,0.0,0.0
22/07/2020,Sampdoria,Genoa,1.0,2.0,A,11.0,7.0,7.0,5.0,5.0,0.0,14.0,13.0,4.0,2.0,0.0,0.0
22/07/2020,Spal,Roma,1.0,6.0,A,9.0,13.0,4.0,9.0,3.0,1.0,10.0,11.0,1.0,0.0,0.0,0.0
22/07/2020,Torino,Verona,1.0,1.0,D,6.0,8.0,4.0,6.0,5.0,4.0,18.0,16.0,4.0,2.0,0.0,0.0
23/07/2020,Udinese,Juventus,2.0,1.0,H,9.0,14.0,4.0,6.0,3.0,7.0,9.0,8.0,2.0,2.0,0.0,0.0
23/07/2020,Lazio,Cagliari,2.0,1.0,H,16.0,8.0,12.0,4.0,13.0,3.0,14.0,11.0,3.0,1.0,0.0,0.0
24/07/2020,Milan,Atalanta,1.0,1.0,D,6.0,9.0,3.0,4.0,3.0,7.0,17.0,12.0,1.0,1.0,0.0,0.0
25/07/2020,Brescia,Parma,1.0,2.0,A,10.0,12.0,7.0,6.0,5.0,3.0,15.0,13.0,4.0,0.0,0.0,0.0
25/07/2020,Genoa,Inter,0.0,3.0,A,7.0,8.0,2.0,4.0,4.0,6.0,12.0,15.0,2.0,3.0,0.0,0.0
25/07/2020,Napoli,Sassuolo,2.0,0.0,H,16.0,4.0,9.0,1.0,7.0,4.0,4.0,10.0,1.0,3.0,0.0,0.0
26/07/2020,Bologna,Lecce,3.0,2.0,H,18.0,19.0,12.0,10.0,9.0,6.0,16.0,8.0,1.0,1.0,0.0,0.0
26/07/2020,Cagliari,Udinese,0.0,1.0,A,14.0,10.0,8.0,6.0,4.0,8.0,10.0,17.0,2.0,1.0,0.0,0.0
26/07/2020,Roma,Fiorentina,2.0,1.0,H,12.0,4.0,7.0,2.0,8.0,3.0,13.0,14.0,1.0,4.0,0.0,0.0
26/07/2020,Spal,Torino,1.0,1.0,D,3.0,14.0,2.0,7.0,0.0,10.0,11.0,17.0,2.0,3.0,0.0,0.0
26/07/2020,Verona,Lazio,1.0,5.0,A,9.0,12.0,6.0,7.0,8.0,5.0,16.0,7.0,2.0,2.0,0.0,0.0
26/07/2020,Juventus,Sampdoria,2.0,0.0,H,14.0,13.0,8.0,8.0,4.0,5.0,17.0,13.0,4.0,5.0,0.0,1.0
28/07/2020,Parma,Atalanta,1.0,2.0,A,8.0,11.0,6.0,5.0,3.0,3.0,17.0,16.0,2.0,1.0,0.0,0.0
28/07/2020,Inter,Napoli,2.0,0.0,H,6.0,8.0,5.0,2.0,3.0,9.0,16.0,8.0,4.0,1.0,0.0,0.0
29/07/2020,Lazio,Brescia,2.0,0.0,H,25.0,8.0,15.0,3.0,5.0,6.0,11.0,10.0,1.0,2.0,0.0,0.0
29/07/2020,Sampdoria,Milan,1.0,4.0,A,16.0,18.0,5.0,11.0,4.0,6.0,5.0,6.0,1.0,1.0,0.0,0.0
29/07/2020,Sassuolo,Genoa,5.0,0.0,H,15.0,10.0,9.0,3.0,2.0,3.0,11.0,6.0,1.0,1.0,0.0,0.0
29/07/2020,Udinese,Lecce,1.0,2.0,A,8.0,10.0,3.0,6.0,5.0,5.0,12.0,11.0,1.0,4.0,0.0,0.0
29/07/2020,Verona,Spal,3.0,0.0,H,14.0,12.0,9.0,5.0,7.0,1.0,15.0,13.0,1.0,1.0,0.0,0.0
29/07/2020,Cagliari,Juventus,2.0,0.0,H,9.0,20.0,5.0,10.0,1.0,9.0,13.0,12.0,2.0,1.0,0.0,0.0
29/07/2020,Fiorentina,Bologna,4.0,0.0,H,15.0,8.0,9.0,3.0,3.0,5.0,14.0,11.0,2.0,1.0,0.0,0.0
29/07/2020,Torino,Roma,2.0,3.0,A,5.0,12.0,5.0,7.0,4.0,8.0,8.0,18.0,2.0,3.0,0.0,0.0
01/08/2020,Brescia,Sampdoria,1.0,1.0,D,11.0,11.0,6.0,5.0,5.0,4.0,9.0,17.0,1.0,4.0,0.0,1.0
01/08/2020,Atalanta,Inter,0.0,2.0,A,8.0,7.0,3.0,4.0,7.0,1.0,10.0,12.0,2.0,3.0,0.0,0.0
01/08/2020,Juventus,Roma,1.0,3.0,A,9.0,9.0,4.0,7.0,6.0,5.0,10.0,12.0,1.0,4.0,0.0,0.0
01/08/2020,Milan,Cagliari,3.0,0.0,H,12.0,4.0,7.0,3.0,7.0,6.0,16.0,7.0,1.0,3.0,0.0,0.0
01/08/2020,Napoli,Lazio,3.0,1.0,H,11.0,8.0,6.0,4.0,2.0,2.0,10.0,11.0,3.0,2.0,0.0,0.0
02/08/2020,Spal,Fiorentina,1.0,3.0,A,7.0,20.0,5.0,11.0,3.0,10.0,6.0,14.0,1.0,1.0,0.0,0.0
02/08/2020,Bologna,Torino,1.0,1.0,D,13.0,13.0,5.0,11.0,7.0,3.0,15.0,17.0,3.0,3.0,0.0,0.0
02/08/2020,Genoa,Verona,3.0,0.0,H,4.0,13.0,4.0,3.0,4.0,9.0,8.0,13.0,4.0,0.0,2.0,1.0
02/08/2020,Lecce,Parma,3.0,4.0,A,12.0,18.0,8.0,11.0,5.0,4.0,3.0,7.0,0.0,2.0,0.0,0.0
02/08/2020,Sassuolo,Udinese,0.0,1.0,A,18.0,7.0,14.0,3.0,6.0,7.0,9.0,11.0,1.0,1.0,0.0,0.0
19/09/2020,Fiorentina,Torino,1.0,0.0,H,17.0,6.0,8.0,3.0,4.0,1.0,17.0,20.0,3.0,1.0,0.0,0.0
19/09/2020,Verona,Roma,0.0,0.0,D,9.0,15.0,7.0,7.0,0.0,6.0,19.0,20.0,2.0,0.0,0.0,0.0
20/09/2020,Parma,Napoli,0.0,2.0,A,4.0,12.0,2.0,7.0,4.0,2.0,16.0,12.0,4.0,1.0,0.0,0.0
20/09/2020,Genoa,Crotone,4.0,1.0,H,10.0,11.0,8.0,5.0,6.0,4.0,13.0,14.0,4.0,2.0,0.0,0.0
20/09/2020,Sassuolo,Cagliari,1.0,1.0,D,21.0,8.0,10.0,4.0,7.0,3.0,9.0,18.0,1.0,3.0,0.0,0.0
20/09/2020,Juventus,Sampdoria,3.0,0.0,H,14.0,10.0,9.0,2.0,6.0,4.0,15.0,9.0,1.0,1.0,0.0,0.0
21/09/2020,Milan,Bologna,2.0,0.0,H,14.0,6.0,6.0,5.0,7.0,4.0,13.0,17.0,3.0,5.0,0.0,1.0
26/09/2020,Torino,Atalanta,2.0,4.0,A,5.0,12.0,5.0,7.0,2.0,6.0,11.0,12.0,1.0,2.0,0.0,0.0
26/09/2020,Cagliari,Lazio,0.0,2.0,A,9.0,9.0,3.0,7.0,3.0,6.0,8.0,13.0,1.0,1.0,0.0,0.0
26/09/2020,Sampdoria,Benevento,2.0,3.0,A,5.0,11.0,4.0,6.0,6.0,4.0,17.0,12.0,3.0,1.0,0.0,0.0
26/09/2020,Inter,Fiorentina,4.0,3.0,H,12.0,8.0,6.0,4.0,5.0,1.0,15.0,10.0,1.0,1.0,0.0,0.0
27/09/2020,Spezia,Sassuolo,1.0,4.0,A,11.0,10.0,6.0,8.0,3.0,5.0,13.0,8.0,2.0,1.0,0.0,0.0
27/09/2020,Napoli,Genoa,6.0,0.0,H,18.0,3.0,11.0,1.0,4.0,2.0,6.0,13.0,1.0,2.0,0.0,0.0
27/09/2020,Verona,Udinese,1.0,0.0,H,8.0,14.0,2.0,6.0,1.0,9.0,13.0,13.0,1.0,0.0,0.0,0.0
27/09/2020,Crotone,Milan,0.0,2.0,A,5.0,11.0,1.0,7.0,2.0,5.0,14.0,15.0,1.0,3.0,0.0,0.0
27/09/2020,Roma,Juventus,2.0,2.0,D,7.0,6.0,6.0,3.0,5.0,7.0,19.0,9.0,2.0,3.0,0.0,1.0
28/09/2020,Bologna,Parma,4.0,1.0,H,11.0,8.0,8.0,4.0,8.0,9.0,12.0,9.0,1.0,2.0,0.0,1.0
30/09/2020,Benevento,Inter,2.0,5.0,A,11.0,18.0,7.0,12.0,5.0,1.0,10.0,15.0,1.0,0.0,0.0,0.0
30/09/2020,Udinese,Spezia,0.0,2.0,A,10.0,4.0,5.0,3.0,2.0,2.0,13.0,17.0,0.0,5.0,0.0,1.0
30/09/2020,Lazio,Atalanta,1.0,4.0,A,11.0,8.0,8.0,6.0,7.0,3.0,16.0,11.0,7.0,2.0,0.0,0.0
02/10/2020,Fiorentina,Sampdoria,1.0,2.0,A,16.0,14.0,6.0,10.0,8.0,4.0,11.0,16.0,0.0,3.0,0.0,0.0
03/10/2020,Sassuolo,Crotone,4.0,1.0,H,7.0,10.0,4.0,6.0,3.0,4.0,15.0,15.0,2.0,3.0,0.0,0.0
03/10/2020,Udinese,Roma,0.0,1.0,A,9.0,8.0,5.0,3.0,4.0,1.0,15.0,10.0,1.0,0.0,0.0,0.0
04/10/2020,Atalanta,Cagliari,5.0,2.0,H,19.0,7.0,14.0,3.0,3.0,9.0,11.0,9.0,0.0,0.0,0.0,0.0
04/10/2020,Benevento,Bologna,1.0,0.0,H,6.0,13.0,3.0,7.0,4.0,10.0,13.0,15.0,2.0,1.0,0.0,0.0
04/10/2020,Lazio,Inter,1.0,1.0,D,11.0,10.0,5.0,4.0,7.0,8.0,14.0,13.0,3.0,4.0,1.0,1.0
04/10/2020,Parma,Verona,1.0,0.0,H,7.0,8.0,5.0,5.0,7.0,6.0,11.0,19.0,1.0,1.0,0.0,0.0
04/10/2020,Milan,Spezia,3.0,0.0,H,10.0,3.0,5.0,2.0,4.0,6.0,14.0,19.0,1.0,2.0,0.0,0.0
17/10/2020,Napoli,Atalanta,4.0,1.0,H,18.0,11.0,14.0,3.0,6.0,2.0,12.0,23.0,1.0,3.0,0.0,0.0
17/10/2020,Inter,Milan,1.0,2.0,A,12.0,8.0,6.0,4.0,3.0,5.0,18.0,11.0,3.0,4.0,0.0,0.0
17/10/2020,Sampdoria,Lazio,3.0,0.0,H,11.0,8.0,8.0,1.0,3.0,3.0,12.0,10.0,2.0,2.0,0.0,0.0
17/10/2020,Crotone,Juventus,1.0,1.0,D,9.0,8.0,3.0,3.0,3.0,4.0,17.0,14.0,3.0,3.0,0.0,1.0
18/10/2020,Bologna,Sassuolo,3.0,4.0,A,11.0,20.0,7.0,12.0,7.0,11.0,20.0,12.0,2.0,2.0,0.0,0.0
18/10/2020,Spezia,Fiorentina,2.0,2.0,D,6.0,7.0,2.0,6.0,5.0,5.0,15.0,18.0,2.0,2.0,0.0,0.0
18/10/2020,Torino,Cagliari,2.0,3.0,A,10.0,9.0,6.0,7.0,2.0,4.0,14.0,16.0,2.0,3.0,1.0,0.0
18/10/2020,Udinese,Parma,3.0,2.0,H,9.0,7.0,4.0,3.0,11.0,2.0,12.0,11.0,3.0,2.0,0.0,0.0
18/10/2020,Roma,Benevento,5.0,2.0,H,16.0,8.0,10.0,4.0,6.0,4.0,17.0,7.0,3.0,2.0,0.0,0.0
19/10/2020,Verona,Genoa,0.0,0.0,D,18.0,5.0,12.0,2.0,14.0,2.0,14.0,15.0,1.0,4.0,0.0,0.0
23/10/2020,Sassuolo,Torino,3.0,3.0,D,13.0,14.0,9.0,12.0,6.0,8.0,10.0,12.0,2.0,2.0,0.0,0.0
24/10/2020,Atalanta,Sampdoria,1.0,3.0,A,10.0,5.0,5.0,4.0,3.0,1.0,11.0,18.0,3.0,4.0,0.0,0.0
24/10/2020,Genoa,Inter,0.0,2.0,A,1.0,10.0,0.0,6.0,1.0,9.0,11.0,17.0,1.0,1.0,0.0,0.0
24/10/2020,Lazio,Bologna,2.0,1.0,H,6.0,16.0,4.0,6.0,8.0,9.0,14.0,15.0,3.0,3.0,0.0,0.0
25/10/2020,Cagliari,Crotone,4.0,2.0,H,15.0,11.0,8.0,6.0,5.0,1.0,13.0,13.0,2.0,4.0,0.0,1.0
25/10/2020,Benevento,Napoli,1.0,2.0,A,6.0,14.0,3.0,8.0,3.0,15.0,18.0,13.0,3.0,1.0,0.0,0.0
25/10/2020,Parma,Spezia,2.0,2.0,D,15.0,13.0,7.0,9.0,12.0,3.0,12.0,22.0,3.0,2.0,0.0,0.0
25/10/2020,Fiorentina,Udinese,3.0,2.0,H,4.0,11.0,3.0,6.0,2.0,7.0,16.0,14.0,1.0,3.0,0.0,0.0
25/10/2020,Juventus,Verona,1.0,1.0,D,16.0,5.0,8.0,2.0,6.0,3.0,14.0,19.0,1.0,4.0,0.0,0.0
26/10/2020,Milan,Roma,3.0,3.0,D,13.0,11.0,11.0,9.0,7.0,7.0,15.0,15.0,3.0,2.0,0.0,0.0
31/10/2020,Crotone,Atalanta,1.0,2.0,A,4.0,16.0,2.0,7.0,1.0,3.0,11.0,22.0,1.0,3.0,0.0,0.0
31/10/2020,Inter,Parma,2.0,2.0,D,18.0,4.0,9.0,3.0,15.0,2.0,13.0,7.0,1.0,1.0,0.0,0.0
31/10/2020,Bologna,Cagliari,3.0,2.0,H,16.0,6.0,11.0,4.0,7.0,3.0,12.0,19.0,3.0,3.0,0.0,0.0
01/11/2020,Udinese,Milan,1.0,2.0,A,7.0,8.0,3.0,4.0,2.0,4.0,14.0,12.0,2.0,2.0,0.0,0.0
01/11/2020,Spezia,Juventus,1.0,4.0,A,11.0,8.0,3.0,5.0,4.0,3.0,14.0,7.0,3.0,1.0,0.0,0.0
01/11/2020,Torino,Lazio,3.0,4.0,A,8.0,9.0,6.0,5.0,7.0,1.0,11.0,12.0,2.0,4.0,0.0,0.0
01/11/2020,Napoli,Sassuolo,0.0,2.0,A,18.0,8.0,7.0,5.0,12.0,3.0,7.0,9.0,2.0,2.0,0.0,0.0
01/11/2020,Roma,Fiorentina,2.0,0.0,H,11.0,3.0,7.0,1.0,7.0,4.0,17.0,16.0,3.0,2.0,0.0,1.0
01/11/2020,Sampdoria,Genoa,1.0,1.0,D,9.0,7.0,3.0,4.0,7.0,4.0,19.0,11.0,5.0,1.0,0.0,0.0
02/11/2020,Verona,Benevento,3.0,1.0,H,10.0,10.0,7.0,5.0,4.0,5.0,18.0,14.0,5.0,4.0,0.0,1.0
04/11/2020,Genoa,Torino,1.0,2.0,A,9.0,6.0,4.0,1.0,5.0,2.0,10.0,18.0,2.0,4.0,0.0,0.0
06/11/2020,Sassuolo,Udinese,0.0,0.0,D,3.0,0.0,1.0,0.0,3.0,6.0,17.0,13.0,2.0,2.0,0.0,0.0
07/11/2020,Cagliari,Sampdoria,2.0,0.0,H,13.0,5.0,7.0,1.0,2.0,6.0,12.0,16.0,0.0,2.0,0.0,1.0
07/11/2020,Benevento,Spezia,0.0,3.0,A,4.0,13.0,3.0,7.0,2.0,4.0,13.0,18.0,3.0,3.0,0.0,0.0
07/11/2020,Parma,Fiorentina,0.0,0.0,D,5.0,6.0,0.0,4.0,2.0,3.0,17.0,17.0,1.0,2.0,0.0,0.0
08/11/2020,Lazio,Juventus,1.0,1.0,D,7.0,9.0,3.0,6.0,4.0,2.0,12.0,12.0,2.0,2.0,0.0,0.0
08/11/2020,Atalanta,Inter,1.0,1.0,D,9.0,10.0,4.0,3.0,2.0,5.0,15.0,13.0,1.0,3.0,0.0,0.0
08/11/2020,Genoa,Roma,1.0,3.0,A,7.0,18.0,5.0,11.0,1.0,8.0,10.0,11.0,1.0,0.0,0.0,0.0
08/11/2020,Torino,Crotone,0.0,0.0,D,5.0,7.0,1.0,2.0,6.0,3.0,15.0,16.0,3.0,4.0,0.0,1.0
08/11/2020,Bologna,Napoli,0.0,1.0,A,6.0,8.0,4.0,4.0,4.0,7.0,12.0,11.0,3.0,0.0,0.0,0.0
08/11/2020,Milan,Verona,2.0,2.0,D,21.0,5.0,9.0,3.0,14.0,1.0,16.0,20.0,1.0,3.0,0.0,0.0
21/11/2020,Crotone,Lazio,0.0,2.0,A,12.0,13.0,6.0,9.0,2.0,6.0,11.0,11.0,3.0,4.0,0.0,0.0
21/11/2020,Spezia,Atalanta,0.0,0.0,D,6.0,9.0,3.0,5.0,1.0,2.0,19.0,18.0,3.0,3.0,0.0,0.0
21/11/2020,Juventus,Cagliari,2.0,0.0,H,13.0,2.0,8.0,0.0,9.0,1.0,11.0,7.0,3.0,2.0,0.0,0.0
22/11/2020,Fiorentina,Benevento,0.0,1.0,A,5.0,10.0,3.0,4.0,4.0,4.0,14.0,16.0,2.0,3.0,0.0,0.0
22/11/2020,Inter,Torino,4.0,2.0,H,9.0,11.0,7.0,6.0,1.0,1.0,20.0,14.0,3.0,2.0,0.0,0.0
22/11/2020,Roma,Parma,3.0,0.0,H,12.0,1.0,7.0,1.0,4.0,1.0,5.0,4.0,0.0,0.0,0.0,0.0
22/11/2020,Sampdoria,Bologna,1.0,2.0,A,8.0,7.0,4.0,5.0,9.0,10.0,10.0,9.0,2.0,2.0,0.0,0.0
22/11/2020,Verona,Sassuolo,0.0,2.0,A,13.0,10.0,7.0,5.0,6.0,1.0,13.0,20.0,1.0,3.0,0.0,0.0
22/11/2020,Udinese,Genoa,1.0,0.0,H,7.0,5.0,4.0,1.0,4.0,8.0,17.0,15.0,2.0,3.0,0.0,1.0
22/11/2020,Napoli,Milan,1.0,3.0,A,16.0,11.0,9.0,7.0,8.0,5.0,8.0,16.0,3.0,4.0,1.0,0.0
28/11/2020,Sassuolo,Inter,0.0,3.0,A,7.0,9.0,3.0,4.0,6.0,2.0,13.0,16.0,3.0,1.0,0.0,0.0
28/11/2020,Benevento,Juventus,1.0,1.0,D,8.0,11.0,5.0,5.0,5.0,8.0,13.0,13.0,6.0,1.0,0.0,1.0
28/11/2020,Atalanta,Verona,0.0,2.0,A,15.0,7.0,6.0,3.0,4.0,1.0,12.0,15.0,2.0,3.0,0.0,0.0
29/11/2020,Lazio,Udinese,1.0,3.0,A,8.0,6.0,6.0,4.0,4.0,4.0,16.0,10.0,3.0,4.0,0.0,0.0
29/11/2020,Bologna,Crotone,1.0,0.0,H,11.0,5.0,7.0,1.0,10.0,3.0,15.0,18.0,2.0,4.0,0.0,0.0
29/11/2020,Milan,Fiorentina,2.0,0.0,H,11.0,5.0,5.0,3.0,3.0,6.0,15.0,15.0,2.0,4.0,0.0,0.0
29/11/2020,Cagliari,Spezia,2.0,2.0,D,9.0,12.0,4.0,5.0,4.0,5.0,16.0,18.0,0.0,4.0,0.0,0.0
29/11/2020,Napoli,Roma,4.0,0.0,H,13.0,4.0,9.0,1.0,11.0,4.0,3.0,10.0,1.0,2.0,0.0,0.0
30/11/2020,Torino,Sampdoria,2.0,2.0,D,11.0,7.0,8.0,2.0,6.0,2.0,17.0,17.0,1.0,2.0,0.0,0.0
30/11/2020,Genoa,Parma,1.0,2.0,A,12.0,7.0,5.0,3.0,2.0,2.0,12.0,16.0,2.0,2.0,0.0,0.0
05/12/2020,Spezia,Lazio,1.0,2.0,A,11.0,3.0,6.0,2.0,7.0,0.0,15.0,12.0,3.0,1.0,0.0,0.0
05/12/2020,Juventus,Torino,2.0,1.0,H,9.0,5.0,5.0,2.0,13.0,1.0,17.0,10.0,3.0,3.0,1.0,0.0
05/12/2020,Inter,Bologna,3.0,1.0,H,11.0,9.0,9.0,7.0,7.0,3.0,12.0,13.0,1.0,2.0,0.0,0.0
06/12/2020,Verona,Cagliari,1.0,1.0,D,12.0,9.0,6.0,5.0,7.0,5.0,11.0,14.0,2.0,0.0,0.0,0.0
06/12/2020,Parma,Benevento,0.0,0.0,D,6.0,6.0,0.0,4.0,6.0,3.0,13.0,12.0,4.0,4.0,0.0,0.0
06/12/2020,Roma,Sassuolo,0.0,0.0,D,14.0,7.0,5.0,2.0,12.0,5.0,10.0,12.0,5.0,3.0,1.0,0.0
06/12/2020,Crotone,Napoli,0.0,4.0,A,4.0,11.0,1.0,6.0,4.0,1.0,14.0,9.0,3.0,3.0,1.0,0.0
06/12/2020,Sampdoria,Milan,1.0,2.0,A,6.0,9.0,3.0,6.0,9.0,6.0,11.0,16.0,2.0,1.0,0.0,0.0
07/12/2020,Fiorentina,Genoa,1.0,1.0,D,16.0,3.0,8.0,3.0,5.0,1.0,7.0,20.0,2.0,2.0,0.0,0.0
11/12/2020,Sassuolo,Benevento,1.0,0.0,H,4.0,17.0,2.0,7.0,1.0,10.0,12.0,14.0,2.0,4.0,1.0,0.0
12/12/2020,Crotone,Spezia,4.0,1.0,H,7.0,9.0,7.0,5.0,1.0,4.0,16.0,14.0,3.0,3.0,0.0,0.0
12/12/2020,Torino,Udinese,2.0,3.0,A,6.0,5.0,5.0,3.0,2.0,2.0,9.0,17.0,3.0,3.0,0.0,0.0
12/12/2020,Lazio,Verona,1.0,2.0,A,8.0,3.0,5.0,3.0,5.0,3.0,13.0,15.0,5.0,3.0,0.0,0.0
13/12/2020,Cagliari,Inter,1.0,3.0,A,7.0,20.0,2.0,11.0,3.0,9.0,10.0,17.0,2.0,1.0,0.0,0.0
13/12/2020,Atalanta,Fiorentina,3.0,0.0,H,14.0,3.0,10.0,2.0,11.0,2.0,17.0,13.0,1.0,2.0,0.0,0.0
13/12/2020,Bologna,Roma,1.0,5.0,A,4.0,13.0,1.0,8.0,1.0,5.0,16.0,9.0,4.0,2.0,0.0,0.0
13/12/2020,Napoli,Sampdoria,2.0,1.0,H,13.0,4.0,8.0,3.0,7.0,5.0,7.0,13.0,3.0,4.0,0.0,0.0
13/12/2020,Genoa,Juventus,1.0,3.0,A,2.0,15.0,2.0,9.0,0.0,10.0,13.0,14.0,3.0,3.0,0.0,0.0
13/12/2020,Milan,Parma,2.0,2.0,D,16.0,5.0,10.0,3.0,13.0,1.0,12.0,14.0,3.0,3.0,0.0,0.0
15/12/2020,Udinese,Crotone,0.0,0.0,D,8.0,4.0,6.0,2.0,9.0,1.0,13.0,17.0,1.0,4.0,0.0,0.0
15/12/2020,Benevento,Lazio,1.0,1.0,D,7.0,8.0,6.0,3.0,4.0,8.0,15.0,15.0,2.0,2.0,1.0,0.0
16/12/2020,Juventus,Atalanta,1.0,1.0,D,11.0,11.0,7.0,6.0,2.0,6.0,13.0,18.0,3.0,2.0,0.0,0.0
16/12/2020,Fiorentina,Sassuolo,1.0,1.0,D,12.0,12.0,7.0,7.0,4.0,1.0,19.0,11.0,4.0,4.0,0.0,0.0
16/12/2020,Genoa,Milan,2.0,2.0,D,6.0,8.0,4.0,4.0,4.0,10.0,17.0,13.0,2.0,3.0,0.0,0.0
16/12/2020,Inter,Napoli,1.0,0.0,H,3.0,9.0,2.0,5.0,4.0,3.0,16.0,9.0,5.0,3.0,0.0,1.0
16/12/2020,Parma,Cagliari,0.0,0.0,D,10.0,5.0,3.0,4.0,8.0,5.0,13.0,11.0,1.0,1.0,0.0,0.0
16/12/2020,Spezia,Bologna,2.0,2.0,D,7.0,9.0,5.0,6.0,3.0,4.0,19.0,11.0,6.0,1.0,0.0,0.0
16/12/2020,Verona,Sampdoria,1.0,2.0,A,6.0,6.0,6.0,3.0,6.0,3.0,20.0,17.0,2.0,4.0,1.0,0.0
17/12/2020,Roma,Torino,3.0,1.0,H,10.0,12.0,8.0,8.0,4.0,2.0,21.0,16.0,4.0,3.0,0.0,1.0
19/12/2020,Fiorentina,Verona,1.0,1.0,D,5.0,5.0,1.0,3.0,4.0,1.0,10.0,16.0,2.0,2.0,0.0,0.0
19/12/2020,Sampdoria,Crotone,3.0,1.0,H,6.0,5.0,4.0,3.0,3.0,1.0,14.0,15.0,2.0,2.0,0.0,0.0
19/12/2020,Parma,Juventus,0.0,4.0,A,9.0,12.0,5.0,7.0,4.0,9.0,8.0,10.0,0.0,1.0,0.0,0.0
20/12/2020,Torino,Bologna,1.0,1.0,D,13.0,14.0,5.0,9.0,4.0,8.0,16.0,17.0,1.0,3.0,0.0,0.0
20/12/2020,Benevento,Genoa,2.0,0.0,H,10.0,6.0,3.0,2.0,6.0,5.0,9.0,22.0,1.0,3.0,0.0,0.0
20/12/2020,Cagliari,Udinese,1.0,1.0,D,7.0,11.0,3.0,5.0,5.0,7.0,13.0,13.0,2.0,1.0,0.0,0.0
20/12/2020,Inter,Spezia,2.0,1.0,H,10.0,7.0,4.0,1.0,3.0,2.0,10.0,9.0,1.0,2.0,0.0,0.0
20/12/2020,Sassuolo,Milan,1.0,2.0,A,16.0,11.0,5.0,5.0,6.0,4.0,11.0,12.0,1.0,3.0,0.0,0.0
20/12/2020,Atalanta,Roma,4.0,1.0,H,9.0,5.0,8.0,4.0,2.0,2.0,15.0,14.0,2.0,3.0,0.0,0.0
20/12/2020,Lazio,Napoli,2.0,0.0,H,9.0,7.0,2.0,6.0,4.0,9.0,12.0,8.0,4.0,3.0,0.0,0.0
22/12/2020,Crotone,Parma,2.0,1.0,H,10.0,14.0,6.0,7.0,3.0,6.0,16.0,22.0,4.0,6.0,0.0,0.0
22/12/2020,Juventus,Fiorentina,0.0,3.0,A,10.0,9.0,3.0,6.0,5.0,5.0,9.0,18.0,1.0,4.0,1.0,0.0
23/12/2020,Verona,Inter,1.0,2.0,A,5.0,9.0,2.0,5.0,2.0,8.0,15.0,19.0,4.0,2.0,0.0,0.0
23/12/2020,Bologna,Atalanta,2.0,2.0,D,8.0,9.0,5.0,6.0,1.0,5.0,11.0,14.0,2.0,2.0,0.0,0.0
23/12/2020,Milan,Lazio,3.0,2.0,H,9.0,13.0,5.0,9.0,4.0,6.0,9.0,14.0,2.0,4.0,0.0,0.0
23/12/2020,Napoli,Torino,1.0,1.0,D,12.0,4.0,6.0,3.0,4.0,3.0,19.0,16.0,3.0,3.0,0.0,0.0
23/12/2020,Roma,Cagliari,3.0,2.0,H,13.0,6.0,9.0,3.0,6.0,0.0,18.0,17.0,3.0,2.0,0.0,0.0
23/12/2020,Sampdoria,Sassuolo,2.0,3.0,A,14.0,10.0,6.0,8.0,14.0,6.0,10.0,12.0,2.0,4.0,1.0,0.0
23/12/2020,Spezia,Genoa,1.0,2.0,A,7.0,7.0,5.0,6.0,4.0,2.0,18.0,19.0,3.0,4.0,0.0,0.0
23/12/2020,Udinese,Benevento,0.0,2.0,A,7.0,3.0,2.0,2.0,7.0,1.0,17.0,9.0,1.0,2.0,0.0,0.0
03/01/2021,Inter,Crotone,6.0,2.0,H,13.0,7.0,8.0,4.0,3.0,3.0,9.0,7.0,0.0,3.0,0.0,0.0
03/01/2021,Atalanta,Sassuolo,5.0,1.0,H,20.0,7.0,8.0,4.0,8.0,3.0,13.0,9.0,3.0,1.0,0.0,0.0
03/01/2021,Cagliari,Napoli,1.0,4.0,A,6.0,22.0,1.0,12.0,3.0,8.0,11.0,6.0,4.0,1.0,1.0,0.0
03/01/2021,Fiorentina,Bologna,0.0,0.0,D,10.0,5.0,1.0,4.0,8.0,5.0,8.0,11.0,4.0,3.0,0.0,0.0
03/01/2021,Genoa,Lazio,1.0,1.0,D,5.0,10.0,3.0,4.0,4.0,9.0,10.0,19.0,2.0,4.0,0.0,0.0
03/01/2021,Parma,Torino,0.0,3.0,A,15.0,14.0,6.0,8.0,9.0,3.0,20.0,16.0,2.0,2.0,0.0,0.0
03/01/2021,Roma,Sampdoria,1.0,0.0,H,12.0,2.0,8.0,2.0,8.0,2.0,17.0,14.0,3.0,5.0,0.0,0.0
03/01/2021,Spezia,Verona,0.0,1.0,A,6.0,9.0,1.0,4.0,3.0,5.0,22.0,10.0,6.0,0.0,1.0,0.0
03/01/2021,Benevento,Milan,0.0,2.0,A,14.0,8.0,7.0,5.0,12.0,4.0,9.0,14.0,1.0,3.0,0.0,1.0
03/01/2021,Juventus,Udinese,4.0,1.0,H,13.0,8.0,10.0,7.0,7.0,1.0,14.0,8.0,3.0,0.0,0.0,0.0
06/01/2021,Cagliari,Benevento,1.0,2.0,A,10.0,9.0,5.0,3.0,7.0,6.0,18.0,12.0,4.0,3.0,1.0,0.0
06/01/2021,Atalanta,Parma,3.0,0.0,H,17.0,3.0,6.0,1.0,12.0,3.0,10.0,6.0,1.0,1.0,0.0,0.0
06/01/2021,Bologna,Udinese,2.0,2.0,D,10.0,12.0,7.0,9.0,4.0,6.0,16.0,13.0,4.0,3.0,1.0,0.0
06/01/2021,Crotone,Roma,1.0,3.0,A,12.0,10.0,5.0,5.0,3.0,4.0,15.0,16.0,2.0,3.0,0.0,0.0
06/01/2021,Lazio,Fiorentina,2.0,1.0,H,11.0,9.0,6.0,8.0,2.0,9.0,11.0,11.0,3.0,1.0,0.0,0.0
06/01/2021,Sampdoria,Inter,2.0,1.0,H,8.0,23.0,6.0,11.0,4.0,10.0,13.0,18.0,3.0,4.0,0.0,0.0
06/01/2021,Sassuolo,Genoa,2.0,1.0,H,13.0,7.0,6.0,3.0,8.0,2.0,14.0,10.0,3.0,3.0,0.0,0.0
06/01/2021,Torino,Verona,1.0,1.0,D,15.0,8.0,5.0,2.0,9.0,3.0,12.0,18.0,1.0,3.0,0.0,0.0
06/01/2021,Napoli,Spezia,1.0,2.0,A,27.0,8.0,11.0,4.0,10.0,2.0,9.0,16.0,2.0,5.0,0.0,1.0
06/01/2021,Milan,Juventus,1.0,3.0,A,18.0,13.0,7.0,10.0,7.0,4.0,17.0,12.0,1.0,2.0,0.0,0.0
09/01/2021,Benevento,Atalanta,1.0,4.0,A,4.0,26.0,2.0,15.0,1.0,11.0,13.0,21.0,3.0,2.0,0.0,0.0
09/01/2021,Genoa,Bologna,2.0,0.0,H,9.0,12.0,7.0,4.0,1.0,4.0,11.0,9.0,2.0,0.0,0.0,0.0
09/01/2021,Milan,Torino,2.0,0.0,H,8.0,8.0,4.0,4.0,7.0,5.0,22.0,15.0,6.0,2.0,0.0,0.0
10/01/2021,Roma,Inter,2.0,2.0,D,14.0,16.0,8.0,6.0,3.0,7.0,18.0,11.0,3.0,3.0,0.0,0.0
10/01/2021,Parma,Lazio,0.0,2.0,A,9.0,21.0,3.0,5.0,5.0,6.0,11.0,6.0,4.0,1.0,0.0,0.0
10/01/2021,Udinese,Napoli,1.0,2.0,A,17.0,15.0,8.0,6.0,2.0,7.0,19.0,6.0,3.0,1.0,0.0,0.0
10/01/2021,Verona,Crotone,2.0,1.0,H,11.0,7.0,7.0,3.0,6.0,4.0,16.0,16.0,3.0,3.0,0.0,0.0
10/01/2021,Fiorentina,Cagliari,1.0,0.0,H,12.0,9.0,5.0,3.0,9.0,5.0,15.0,14.0,1.0,3.0,0.0,0.0
10/01/2021,Juventus,Sassuolo,3.0,1.0,H,20.0,10.0,10.0,2.0,6.0,3.0,11.0,4.0,4.0,1.0,0.0,1.0
11/01/2021,Spezia,Sampdoria,2.0,1.0,H,8.0,6.0,4.0,4.0,4.0,2.0,17.0,15.0,4.0,3.0,0.0,0.0
15/01/2021,Lazio,Roma,3.0,0.0,H,9.0,5.0,9.0,2.0,1.0,7.0,12.0,19.0,5.0,4.0,0.0,0.0
16/01/2021,Bologna,Verona,1.0,0.0,H,18.0,8.0,6.0,1.0,7.0,3.0,15.0,10.0,2.0,1.0,0.0,0.0
16/01/2021,Torino,Spezia,0.0,0.0,D,8.0,6.0,2.0,3.0,6.0,2.0,12.0,14.0,3.0,3.0,0.0,1.0
16/01/2021,Sampdoria,Udinese,2.0,1.0,H,15.0,14.0,8.0,7.0,11.0,5.0,8.0,11.0,1.0,1.0,0.0,0.0
17/01/2021,Napoli,Fiorentina,6.0,0.0,H,10.0,10.0,7.0,3.0,1.0,4.0,11.0,15.0,1.0,0.0,0.0,0.0
17/01/2021,Crotone,Benevento,4.0,1.0,H,6.0,14.0,3.0,6.0,4.0,13.0,14.0,14.0,1.0,3.0,0.0,1.0
17/01/2021,Sassuolo,Parma,1.0,1.0,D,15.0,11.0,6.0,2.0,5.0,2.0,18.0,11.0,3.0,2.0,0.0,0.0
17/01/2021,Atalanta,Genoa,0.0,0.0,D,15.0,6.0,4.0,3.0,9.0,1.0,15.0,13.0,1.0,2.0,0.0,0.0
17/01/2021,Inter,Juventus,2.0,0.0,H,16.0,8.0,6.0,4.0,3.0,4.0,8.0,14.0,2.0,2.0,0.0,0.0
18/01/2021,Cagliari,Milan,0.0,2.0,A,17.0,9.0,2.0,8.0,7.0,4.0,9.0,13.0,2.0,3.0,0.0,1.0
20/01/2021,Udinese,Atalanta,1.0,1.0,D,6.0,18.0,1.0,8.0,2.0,7.0,20.0,26.0,3.0,2.0,0.0,0.0
22/01/2021,Benevento,Torino,2.0,2.0,D,10.0,14.0,3.0,6.0,6.0,4.0,18.0,22.0,1.0,3.0,0.0,0.0
23/01/2021,Roma,Spezia,4.0,3.0,H,13.0,5.0,8.0,3.0,3.0,1.0,12.0,13.0,3.0,1.0,0.0,0.0
23/01/2021,Milan,Atalanta,0.0,3.0,A,10.0,19.0,3.0,10.0,5.0,7.0,11.0,14.0,2.0,1.0,0.0,0.0
23/01/2021,Udinese,Inter,0.0,0.0,D,6.0,10.0,1.0,4.0,3.0,4.0,11.0,16.0,3.0,2.0,0.0,0.0
23/01/2021,Fiorentina,Crotone,2.0,1.0,H,12.0,7.0,6.0,3.0,5.0,3.0,11.0,17.0,2.0,2.0,0.0,0.0
24/01/2021,Juventus,Bologna,2.0,0.0,H,22.0,12.0,12.0,3.0,7.0,6.0,11.0,17.0,3.0,2.0,0.0,0.0
24/01/2021,Genoa,Cagliari,1.0,0.0,H,8.0,13.0,6.0,7.0,4.0,7.0,11.0,6.0,1.0,2.0,0.0,0.0
24/01/2021,Verona,Napoli,3.0,1.0,H,15.0,12.0,7.0,4.0,3.0,3.0,13.0,8.0,2.0,3.0,0.0,0.0
24/01/2021,Lazio,Sassuolo,2.0,1.0,H,18.0,5.0,8.0,1.0,9.0,6.0,16.0,15.0,2.0,3.0,0.0,0.0
24/01/2021,Parma,Sampdoria,0.0,2.0,A,11.0,11.0,7.0,4.0,5.0,5.0,14.0,14.0,1.0,1.0,0.0,0.0
29/01/2021,Torino,Fiorentina,1.0,1.0,D,15.0,9.0,6.0,3.0,7.0,2.0,20.0,15.0,2.0,2.0,0.0,2.0
30/01/2021,Bologna,Milan,1.0,2.0,A,10.0,17.0,5.0,13.0,6.0,4.0,13.0,12.0,2.0,1.0,0.0,0.0
30/01/2021,Sampdoria,Juventus,0.0,2.0,A,6.0,10.0,2.0,4.0,5.0,7.0,11.0,10.0,4.0,2.0,0.0,0.0
30/01/2021,Inter,Benevento,4.0,0.0,H,13.0,0.0,8.0,0.0,7.0,3.0,9.0,14.0,0.0,2.0,0.0,0.0
31/01/2021,Spezia,Udinese,0.0,1.0,A,9.0,6.0,5.0,4.0,2.0,2.0,18.0,19.0,6.0,4.0,1.0,1.0
31/01/2021,Atalanta,Lazio,1.0,3.0,A,8.0,15.0,4.0,7.0,2.0,2.0,12.0,20.0,0.0,2.0,0.0,0.0
31/01/2021,Cagliari,Sassuolo,1.0,1.0,D,9.0,14.0,6.0,5.0,3.0,14.0,10.0,11.0,2.0,3.0,0.0,0.0
31/01/2021,Crotone,Genoa,0.0,3.0,A,9.0,10.0,4.0,6.0,3.0,11.0,15.0,22.0,3.0,1.0,0.0,0.0
31/01/2021,Napoli,Parma,2.0,0.0,H,10.0,4.0,6.0,1.0,7.0,6.0,15.0,16.0,2.0,4.0,0.0,0.0
31/01/2021,Roma,Verona,3.0,1.0,H,15.0,6.0,6.0,2.0,4.0,5.0,15.0,11.0,2.0,1.0,0.0,0.0
05/02/2021,Fiorentina,Inter,0.0,2.0,A,15.0,14.0,3.0,7.0,7.0,7.0,9.0,10.0,3.0,1.0,0.0,0.0
06/02/2021,Atalanta,Torino,3.0,3.0,D,9.0,19.0,4.0,11.0,4.0,3.0,24.0,17.0,3.0,2.0,0.0,0.0
06/02/2021,Sassuolo,Spezia,1.0,2.0,A,8.0,13.0,4.0,7.0,5.0,5.0,20.0,15.0,2.0,3.0,0.0,0.0
06/02/2021,Juventus,Roma,2.0,0.0,H,3.0,14.0,3.0,3.0,2.0,9.0,9.0,13.0,2.0,2.0,0.0,0.0
06/02/2021,Genoa,Napoli,2.0,1.0,H,4.0,24.0,2.0,11.0,1.0,6.0,13.0,11.0,2.0,3.0,0.0,0.0
07/02/2021,Benevento,Sampdoria,1.0,1.0,D,9.0,10.0,3.0,5.0,2.0,10.0,17.0,14.0,4.0,2.0,0.0,0.0
07/02/2021,Milan,Crotone,4.0,0.0,H,21.0,9.0,12.0,2.0,8.0,6.0,17.0,9.0,3.0,1.0,0.0,0.0
07/02/2021,Udinese,Verona,2.0,0.0,H,14.0,5.0,8.0,1.0,10.0,8.0,9.0,15.0,2.0,4.0,0.0,0.0
07/02/2021,Parma,Bologna,0.0,3.0,A,16.0,15.0,8.0,7.0,5.0,1.0,13.0,13.0,2.0,1.0,0.0,0.0
07/02/2021,Lazio,Cagliari,1.0,0.0,H,14.0,7.0,6.0,3.0,12.0,2.0,16.0,14.0,2.0,2.0,0.0,0.0
12/02/2021,Bologna,Benevento,1.0,1.0,D,11.0,13.0,3.0,8.0,8.0,3.0,17.0,10.0,3.0,2.0,0.0,0.0
13/02/2021,Torino,Genoa,0.0,0.0,D,10.0,6.0,2.0,3.0,3.0,5.0,13.0,15.0,2.0,4.0,0.0,0.0
13/02/2021,Napoli,Juventus,1.0,0.0,H,10.0,22.0,3.0,6.0,3.0,9.0,9.0,18.0,2.0,3.0,0.0,0.0
13/02/2021,Spezia,Milan,2.0,0.0,H,15.0,7.0,5.0,0.0,5.0,2.0,18.0,14.0,3.0,1.0,0.0,0.0
14/02/2021,Roma,Udinese,3.0,0.0,H,12.0,6.0,8.0,1.0,7.0,2.0,17.0,7.0,2.0,0.0,0.0,0.0
14/02/2021,Cagliari,Atalanta,0.0,1.0,A,4.0,10.0,1.0,5.0,6.0,6.0,17.0,14.0,3.0,3.0,0.0,0.0
14/02/2021,Sampdoria,Fiorentina,2.0,1.0,H,7.0,15.0,3.0,7.0,6.0,7.0,14.0,11.0,1.0,3.0,0.0,0.0
14/02/2021,Crotone,Sassuolo,1.0,2.0,A,9.0,21.0,6.0,4.0,7.0,8.0,15.0,17.0,1.0,1.0,0.0,0.0
14/02/2021,Inter,Lazio,3.0,1.0,H,11.0,12.0,7.0,7.0,4.0,0.0,7.0,4.0,2.0,1.0,0.0,0.0
15/02/2021,Verona,Parma,2.0,1.0,H,11.0,13.0,5.0,4.0,4.0,4.0,16.0,15.0,4.0,2.0,0.0,0.0
19/02/2021,Fiorentina,Spezia,3.0,0.0,H,10.0,11.0,5.0,3.0,0.0,6.0,20.0,11.0,4.0,0.0,0.0,0.0
19/02/2021,Cagliari,Torino,0.0,1.0,A,18.0,10.0,3.0,6.0,8.0,3.0,20.0,19.0,3.0,2.0,0.0,0.0
20/02/2021,Lazio,Sampdoria,1.0,0.0,H,11.0,11.0,8.0,2.0,4.0,5.0,14.0,17.0,4.0,3.0,0.0,0.0
20/02/2021,Genoa,Verona,2.0,2.0,D,12.0,9.0,4.0,4.0,5.0,1.0,11.0,17.0,1.0,1.0,0.0,0.0
20/02/2021,Sassuolo,Bologna,1.0,1.0,D,32.0,4.0,11.0,2.0,10.0,6.0,14.0,8.0,1.0,0.0,0.0,1.0
21/02/2021,Parma,Udinese,2.0,2.0,D,15.0,12.0,6.0,3.0,3.0,2.0,18.0,15.0,7.0,4.0,0.0,0.0
21/02/2021,Milan,Inter,0.0,3.0,A,16.0,16.0,10.0,8.0,7.0,7.0,9.0,10.0,2.0,1.0,0.0,0.0
21/02/2021,Atalanta,Napoli,4.0,2.0,H,15.0,5.0,7.0,4.0,6.0,2.0,20.0,11.0,2.0,1.0,0.0,0.0
21/02/2021,Benevento,Roma,0.0,0.0,D,6.0,14.0,3.0,8.0,1.0,9.0,11.0,18.0,4.0,1.0,1.0,0.0
22/02/2021,Juventus,Crotone,3.0,0.0,H,26.0,16.0,9.0,3.0,7.0,3.0,18.0,9.0,3.0,1.0,0.0,0.0
27/02/2021,Spezia,Parma,2.0,2.0,D,13.0,10.0,7.0,5.0,8.0,2.0,18.0,19.0,3.0,4.0,0.0,0.0
27/02/2021,Bologna,Lazio,2.0,0.0,H,14.0,19.0,8.0,7.0,4.0,7.0,9.0,18.0,1.0,2.0,0.0,0.0
27/02/2021,Verona,Juventus,1.0,1.0,D,13.0,15.0,6.0,6.0,8.0,5.0,18.0,14.0,2.0,2.0,0.0,0.0
28/02/2021,Sampdoria,Atalanta,0.0,2.0,A,7.0,20.0,3.0,11.0,5.0,6.0,7.0,17.0,1.0,3.0,0.0,0.0
28/02/2021,Crotone,Cagliari,0.0,2.0,A,11.0,9.0,4.0,4.0,7.0,4.0,17.0,14.0,2.0,4.0,0.0,1.0
28/02/2021,Inter,Genoa,3.0,0.0,H,23.0,3.0,14.0,2.0,9.0,1.0,12.0,8.0,0.0,2.0,0.0,0.0
28/02/2021,Udinese,Fiorentina,1.0,0.0,H,9.0,8.0,3.0,2.0,3.0,9.0,12.0,20.0,1.0,2.0,0.0,0.0
28/02/2021,Napoli,Benevento,2.0,0.0,H,20.0,4.0,8.0,4.0,8.0,2.0,13.0,15.0,3.0,2.0,1.0,0.0
28/02/2021,Roma,Milan,1.0,2.0,A,17.0,20.0,10.0,14.0,5.0,8.0,14.0,9.0,3.0,3.0,0.0,0.0
02/03/2021,Juventus,Spezia,3.0,0.0,H,20.0,10.0,9.0,2.0,5.0,10.0,14.0,13.0,2.0,0.0,0.0,0.0
03/03/2021,Sassuolo,Napoli,3.0,3.0,D,15.0,15.0,8.0,8.0,6.0,4.0,16.0,13.0,2.0,2.0,0.0,0.0
03/03/2021,Atalanta,Crotone,5.0,1.0,H,21.0,4.0,11.0,2.0,4.0,3.0,7.0,13.0,0.0,2.0,0.0,0.0
03/03/2021,Benevento,Verona,0.0,3.0,A,7.0,11.0,2.0,6.0,2.0,7.0,8.0,20.0,0.0,1.0,0.0,0.0
03/03/2021,Cagliari,Bologna,1.0,0.0,H,8.0,11.0,5.0,6.0,10.0,4.0,15.0,18.0,2.0,2.0,0.0,0.0
03/03/2021,Fiorentina,Roma,1.0,2.0,A,6.0,12.0,2.0,6.0,2.0,3.0,10.0,15.0,1.0,2.0,0.0,0.0
03/03/2021,Genoa,Sampdoria,1.0,1.0,D,8.0,10.0,2.0,6.0,2.0,4.0,16.0,16.0,1.0,0.0,0.0,0.0
03/03/2021,Milan,Udinese,1.0,1.0,D,11.0,6.0,7.0,2.0,7.0,2.0,21.0,11.0,4.0,1.0,0.0,0.0
04/03/2021,Parma,Inter,1.0,2.0,A,11.0,12.0,3.0,8.0,2.0,2.0,8.0,12.0,0.0,1.0,0.0,0.0
06/03/2021,Spezia,Benevento,1.0,1.0,D,14.0,5.0,7.0,2.0,3.0,1.0,13.0,17.0,2.0,4.0,0.0,0.0
06/03/2021,Udinese,Sassuolo,2.0,0.0,H,12.0,8.0,8.0,2.0,5.0,6.0,10.0,11.0,1.0,0.0,0.0,0.0
06/03/2021,Juventus,Lazio,3.0,1.0,H,8.0,13.0,5.0,5.0,4.0,4.0,10.0,13.0,0.0,1.0,0.0,0.0
07/03/2021,Roma,Genoa,1.0,0.0,H,18.0,7.0,4.0,2.0,7.0,1.0,15.0,15.0,1.0,4.0,0.0,0.0
07/03/2021,Crotone,Torino,4.0,2.0,H,19.0,17.0,10.0,6.0,8.0,8.0,19.0,22.0,4.0,2.0,0.0,1.0
07/03/2021,Fiorentina,Parma,3.0,3.0,D,6.0,11.0,5.0,6.0,3.0,3.0,19.0,16.0,0.0,3.0,0.0,0.0
07/03/2021,Verona,Milan,0.0,2.0,A,8.0,12.0,1.0,4.0,8.0,1.0,14.0,12.0,2.0,0.0,0.0,0.0
07/03/2021,Sampdoria,Cagliari,2.0,2.0,D,11.0,10.0,5.0,5.0,3.0,5.0,15.0,13.0,4.0,3.0,0.0,0.0
07/03/2021,Napoli,Bologna,3.0,1.0,H,15.0,17.0,8.0,7.0,6.0,3.0,12.0,13.0,2.0,0.0,0.0,0.0
08/03/2021,Inter,Atalanta,1.0,0.0,H,5.0,10.0,1.0,3.0,7.0,7.0,11.0,17.0,0.0,1.0,0.0,0.0
12/03/2021,Lazio,Crotone,3.0,2.0,H,23.0,6.0,9.0,3.0,5.0,1.0,10.0,11.0,0.0,3.0,0.0,0.0
12/03/2021,Atalanta,Spezia,3.0,1.0,H,14.0,6.0,9.0,3.0,3.0,5.0,17.0,6.0,2.0,0.0,0.0,0.0
13/03/2021,Sassuolo,Verona,3.0,2.0,H,14.0,12.0,8.0,7.0,6.0,5.0,15.0,18.0,3.0,2.0,0.0,0.0
13/03/2021,Benevento,Fiorentina,1.0,4.0,A,16.0,11.0,6.0,7.0,8.0,3.0,15.0,18.0,3.0,1.0,0.0,0.0
13/03/2021,Genoa,Udinese,1.0,1.0,D,10.0,9.0,3.0,3.0,6.0,3.0,14.0,6.0,3.0,1.0,0.0,0.0
14/03/2021,Bologna,Sampdoria,3.0,1.0,H,10.0,20.0,7.0,9.0,2.0,6.0,16.0,11.0,2.0,2.0,0.0,0.0
14/03/2021,Parma,Roma,2.0,0.0,H,5.0,20.0,4.0,6.0,0.0,12.0,18.0,16.0,3.0,3.0,0.0,0.0
14/03/2021,Torino,Inter,1.0,2.0,A,6.0,13.0,4.0,4.0,1.0,8.0,11.0,12.0,0.0,1.0,0.0,0.0
14/03/2021,Cagliari,Juventus,1.0,3.0,A,15.0,9.0,7.0,7.0,8.0,5.0,12.0,16.0,0.0,2.0,0.0,0.0
14/03/2021,Milan,Napoli,0.0,1.0,A,12.0,14.0,4.0,5.0,5.0,4.0,12.0,10.0,1.0,3.0,1.0,0.0
17/03/2021,Torino,Sassuolo,3.0,2.0,H,23.0,12.0,15.0,5.0,6.0,3.0,10.0,16.0,1.0,2.0,0.0,0.0
19/03/2021,Parma,Genoa,1.0,2.0,A,12.0,7.0,9.0,3.0,1.0,3.0,22.0,8.0,5.0,2.0,0.0,0.0
20/03/2021,Crotone,Bologna,2.0,3.0,A,15.0,19.0,7.0,10.0,10.0,3.0,11.0,16.0,4.0,7.0,0.0,0.0
20/03/2021,Spezia,Cagliari,2.0,1.0,H,12.0,11.0,6.0,7.0,4.0,4.0,13.0,16.0,1.0,2.0,0.0,0.0
21/03/2021,Verona,Atalanta,0.0,2.0,A,3.0,14.0,1.0,8.0,4.0,7.0,23.0,20.0,3.0,2.0,0.0,0.0
21/03/2021,Juventus,Benevento,0.0,1.0,A,23.0,7.0,9.0,1.0,9.0,1.0,12.0,13.0,2.0,4.0,0.0,0.0
21/03/2021,Sampdoria,Torino,1.0,0.0,H,7.0,9.0,5.0,1.0,1.0,7.0,15.0,18.0,0.0,1.0,0.0,0.0
21/03/2021,Udinese,Lazio,0.0,1.0,A,14.0,16.0,6.0,8.0,6.0,11.0,9.0,13.0,1.0,3.0,0.0,0.0
21/03/2021,Fiorentina,Milan,2.0,3.0,A,9.0,14.0,4.0,6.0,8.0,8.0,6.0,11.0,1.0,3.0,0.0,0.0
21/03/2021,Roma,Napoli,0.0,2.0,A,7.0,10.0,5.0,5.0,6.0,4.0,18.0,13.0,5.0,3.0,0.0,0.0
03/04/2021,Milan,Sampdoria,1.0,1.0,D,14.0,5.0,5.0,4.0,5.0,5.0,15.0,16.0,2.0,5.0,0.0,1.0
03/04/2021,Atalanta,Udinese,3.0,2.0,H,22.0,8.0,11.0,4.0,4.0,1.0,15.0,9.0,0.0,2.0,0.0,0.0
03/04/2021,Benevento,Parma,2.0,2.0,D,4.0,15.0,4.0,7.0,3.0,3.0,21.0,18.0,2.0,1.0,0.0,0.0
03/04/2021,Cagliari,Verona,0.0,2.0,A,15.0,9.0,4.0,5.0,6.0,5.0,17.0,18.0,1.0,3.0,0.0,0.0
03/04/2021,Genoa,Fiorentina,1.0,1.0,D,8.0,11.0,2.0,3.0,4.0,2.0,17.0,10.0,2.0,1.0,0.0,1.0
03/04/2021,Lazio,Spezia,2.0,1.0,H,11.0,7.0,5.0,3.0,3.0,4.0,18.0,21.0,3.0,3.0,2.0,0.0
03/04/2021,Napoli,Crotone,4.0,3.0,H,28.0,8.0,11.0,4.0,4.0,6.0,5.0,17.0,0.0,4.0,0.0,0.0
03/04/2021,Sassuolo,Roma,2.0,2.0,D,12.0,12.0,6.0,9.0,3.0,4.0,15.0,15.0,4.0,3.0,0.0,0.0
03/04/2021,Torino,Juventus,2.0,2.0,D,10.0,18.0,7.0,9.0,5.0,6.0,16.0,15.0,3.0,2.0,0.0,0.0
03/04/2021,Bologna,Inter,0.0,1.0,A,12.0,12.0,3.0,5.0,4.0,4.0,17.0,15.0,4.0,4.0,0.0,0.0
07/04/2021,Inter,Sassuolo,2.0,1.0,H,8.0,14.0,5.0,5.0,1.0,8.0,8.0,13.0,2.0,3.0,0.0,0.0
07/04/2021,Juventus,Napoli,2.0,1.0,H,12.0,15.0,3.0,5.0,2.0,6.0,17.0,12.0,1.0,2.0,0.0,0.0
10/04/2021,Spezia,Crotone,3.0,2.0,H,9.0,9.0,7.0,6.0,3.0,4.0,12.0,15.0,1.0,1.0,0.0,0.0
10/04/2021,Parma,Milan,1.0,3.0,A,15.0,11.0,5.0,7.0,7.0,3.0,14.0,11.0,4.0,4.0,0.0,1.0
10/04/2021,Udinese,Torino,0.0,1.0,A,12.0,9.0,5.0,2.0,5.0,4.0,21.0,19.0,0.0,3.0,0.0,0.0
11/04/2021,Inter,Cagliari,1.0,0.0,H,15.0,8.0,8.0,2.0,5.0,0.0,10.0,12.0,1.0,1.0,0.0,0.0
11/04/2021,Juventus,Genoa,3.0,1.0,H,23.0,11.0,14.0,3.0,8.0,6.0,15.0,11.0,3.0,3.0,0.0,0.0
11/04/2021,Sampdoria,Napoli,0.0,2.0,A,11.0,20.0,5.0,9.0,8.0,7.0,14.0,10.0,0.0,3.0,0.0,0.0
11/04/2021,Verona,Lazio,0.0,1.0,A,4.0,14.0,1.0,5.0,5.0,4.0,15.0,13.0,0.0,2.0,0.0,0.0
11/04/2021,Roma,Bologna,1.0,0.0,H,14.0,11.0,7.0,5.0,4.0,6.0,14.0,14.0,3.0,2.0,0.0,0.0
11/04/2021,Fiorentina,Atalanta,2.0,3.0,A,8.0,14.0,2.0,9.0,0.0,6.0,15.0,13.0,3.0,1.0,0.0,0.0
12/04/2021,Benevento,Sassuolo,0.0,1.0,A,9.0,14.0,5.0,4.0,3.0,8.0,12.0,14.0,3.0,2.0,0.0,0.0
17/04/2021,Crotone,Udinese,1.0,2.0,A,7.0,14.0,3.0,7.0,5.0,7.0,12.0,19.0,0.0,2.0,0.0,1.0
17/04/2021,Sampdoria,Verona,3.0,1.0,H,12.0,18.0,5.0,8.0,5.0,7.0,16.0,14.0,3.0,3.0,0.0,0.0
17/04/2021,Sassuolo,Fiorentina,3.0,1.0,H,11.0,7.0,6.0,6.0,3.0,4.0,8.0,16.0,3.0,5.0,0.0,0.0
17/04/2021,Cagliari,Parma,4.0,3.0,H,23.0,11.0,9.0,6.0,0.0,4.0,14.0,12.0,4.0,2.0,0.0,0.0
18/04/2021,Milan,Genoa,2.0,1.0,H,18.0,11.0,5.0,6.0,5.0,4.0,10.0,13.0,0.0,1.0,0.0,0.0
18/04/2021,Atalanta,Juventus,1.0,0.0,H,12.0,12.0,2.0,3.0,3.0,8.0,18.0,15.0,3.0,2.0,0.0,0.0
18/04/2021,Bologna,Spezia,4.0,1.0,H,10.0,9.0,7.0,5.0,4.0,8.0,15.0,12.0,1.0,1.0,0.0,0.0
18/04/2021,Lazio,Benevento,5.0,3.0,H,12.0,16.0,8.0,8.0,5.0,4.0,14.0,11.0,2.0,3.0,0.0,0.0
18/04/2021,Torino,Roma,3.0,1.0,H,23.0,9.0,11.0,4.0,11.0,3.0,13.0,13.0,2.0,2.0,0.0,1.0
18/04/2021,Napoli,Inter,1.0,1.0,D,12.0,10.0,3.0,5.0,3.0,3.0,12.0,12.0,5.0,2.0,0.0,0.0
20/04/2021,Verona,Fiorentina,1.0,2.0,A,11.0,7.0,7.0,5.0,5.0,3.0,16.0,20.0,2.0,3.0,0.0,0.0
21/04/2021,Milan,Sassuolo,1.0,2.0,A,18.0,15.0,7.0,7.0,3.0,7.0,18.0,13.0,0.0,1.0,0.0,0.0
21/04/2021,Bologna,Torino,1.0,1.0,D,9.0,18.0,2.0,5.0,3.0,7.0,25.0,15.0,4.0,2.0,0.0,0.0
21/04/2021,Crotone,Sampdoria,0.0,1.0,A,7.0,11.0,4.0,5.0,2.0,6.0,13.0,7.0,1.0,1.0,0.0,0.0
21/04/2021,Genoa,Benevento,2.0,2.0,D,10.0,8.0,5.0,2.0,3.0,0.0,14.0,18.0,2.0,0.0,0.0,0.0
21/04/2021,Juventus,Parma,3.0,1.0,H,14.0,10.0,8.0,4.0,6.0,6.0,12.0,18.0,2.0,2.0,0.0,0.0
21/04/2021,Spezia,Inter,1.0,1.0,D,1.0,15.0,1.0,6.0,0.0,8.0,9.0,7.0,2.0,0.0,0.0,0.0
21/04/2021,Udinese,Cagliari,0.0,1.0,A,14.0,13.0,4.0,5.0,2.0,5.0,11.0,14.0,0.0,2.0,0.0,0.0
22/04/2021,Roma,Atalanta,1.0,1.0,D,14.0,22.0,3.0,9.0,4.0,8.0,16.0,7.0,4.0,2.0,1.0,1.0
22/04/2021,Napoli,Lazio,5.0,2.0,H,10.0,14.0,8.0,4.0,2.0,3.0,7.0,18.0,4.0,4.0,0.0,0.0
24/04/2021,Genoa,Spezia,2.0,0.0,H,11.0,7.0,6.0,1.0,0.0,3.0,18.0,14.0,2.0,2.0,0.0,0.0
24/04/2021,Parma,Crotone,3.0,4.0,A,15.0,13.0,4.0,5.0,7.0,5.0,15.0,11.0,3.0,2.0,0.0,0.0
24/04/2021,Sassuolo,Sampdoria,1.0,0.0,H,14.0,9.0,8.0,3.0,8.0,3.0,15.0,10.0,0.0,0.0,0.0,0.0
25/04/2021,Benevento,Udinese,2.0,4.0,A,22.0,10.0,9.0,7.0,11.0,2.0,18.0,20.0,2.0,2.0,0.0,0.0
25/04/2021,Fiorentina,Juventus,1.0,1.0,D,11.0,7.0,6.0,1.0,7.0,2.0,13.0,16.0,3.0,1.0,0.0,0.0
25/04/2021,Inter,Verona,1.0,0.0,H,10.0,12.0,4.0,1.0,3.0,8.0,7.0,13.0,0.0,3.0,0.0,0.0
25/04/2021,Cagliari,Roma,3.0,2.0,H,10.0,12.0,6.0,7.0,4.0,10.0,14.0,17.0,3.0,1.0,0.0,0.0
25/04/2021,Atalanta,Bologna,5.0,0.0,H,26.0,9.0,12.0,3.0,8.0,3.0,11.0,8.0,0.0,1.0,0.0,1.0
26/04/2021,Torino,Napoli,0.0,2.0,A,15.0,25.0,6.0,10.0,8.0,11.0,16.0,15.0,3.0,1.0,1.0,0.0
26/04/2021,Lazio,Milan,3.0,0.0,H,14.0,15.0,6.0,6.0,1.0,9.0,10.0,11.0,2.0,0.0,0.0,0.0
01/05/2021,Verona,Spezia,1.0,1.0,D,7.0,12.0,6.0,2.0,5.0,5.0,27.0,16.0,6.0,2.0,0.0,0.0
01/05/2021,Crotone,Inter,0.0,2.0,A,6.0,23.0,1.0,10.0,4.0,11.0,10.0,9.0,1.0,2.0,0.0,0.0
01/05/2021,Milan,Benevento,2.0,0.0,H,20.0,14.0,11.0,2.0,6.0,7.0,16.0,8.0,2.0,0.0,0.0,0.0
02/05/2021,Lazio,Genoa,4.0,3.0,H,18.0,10.0,12.0,5.0,7.0,4.0,13.0,12.0,3.0,4.0,0.0,0.0
02/05/2021,Bologna,Fiorentina,3.0,3.0,D,11.0,9.0,6.0,4.0,3.0,5.0,16.0,12.0,2.0,2.0,0.0,0.0
02/05/2021,Napoli,Cagliari,1.0,1.0,D,18.0,12.0,6.0,7.0,3.0,1.0,8.0,14.0,1.0,3.0,0.0,0.0
02/05/2021,Sassuolo,Atalanta,1.0,1.0,D,12.0,10.0,7.0,9.0,4.0,4.0,18.0,12.0,6.0,1.0,1.0,1.0
02/05/2021,Udinese,Juventus,1.0,2.0,A,7.0,13.0,2.0,4.0,2.0,6.0,14.0,18.0,3.0,0.0,0.0,0.0
02/05/2021,Sampdoria,Roma,2.0,0.0,H,12.0,10.0,9.0,5.0,8.0,8.0,14.0,13.0,0.0,3.0,0.0,0.0
03/05/2021,Torino,Parma,1.0,0.0,H,13.0,8.0,5.0,1.0,5.0,2.0,10.0,17.0,0.0,3.0,0.0,0.0
08/05/2021,Spezia,Napoli,1.0,4.0,A,6.0,13.0,3.0,7.0,1.0,2.0,15.0,18.0,3.0,2.0,0.0,0.0
08/05/2021,Udinese,Bologna,1.0,1.0,D,9.0,16.0,5.0,4.0,5.0,10.0,12.0,18.0,1.0,1.0,0.0,0.0
08/05/2021,Inter,Sampdoria,5.0,1.0,H,12.0,13.0,7.0,4.0,2.0,8.0,10.0,14.0,0.0,2.0,0.0,0.0
08/05/2021,Fiorentina,Lazio,2.0,0.0,H,9.0,8.0,5.0,3.0,5.0,7.0,12.0,14.0,4.0,8.0,0.0,1.0
09/05/2021,Genoa,Sassuolo,1.0,2.0,A,13.0,13.0,5.0,7.0,8.0,2.0,17.0,15.0,2.0,0.0,0.0,0.0
09/05/2021,Benevento,Cagliari,1.0,3.0,A,7.0,7.0,7.0,4.0,4.0,5.0,17.0,20.0,2.0,2.0,0.0,0.0
09/05/2021,Parma,Atalanta,2.0,5.0,A,5.0,18.0,2.0,13.0,1.0,3.0,12.0,15.0,1.0,1.0,0.0,0.0
09/05/2021,Verona,Torino,1.0,1.0,D,19.0,6.0,7.0,4.0,9.0,3.0,16.0,22.0,3.0,3.0,0.0,0.0
09/05/2021,Roma,Crotone,5.0,0.0,H,20.0,7.0,13.0,2.0,8.0,4.0,10.0,11.0,2.0,0.0,0.0,0.0
09/05/2021,Juventus,Milan,0.0,3.0,A,16.0,11.0,4.0,6.0,8.0,2.0,17.0,12.0,2.0,2.0,0.0,0.0
11/05/2021,Napoli,Udinese,5.0,1.0,H,21.0,5.0,12.0,2.0,8.0,3.0,8.0,14.0,0.0,1.0,0.0,0.0
12/05/2021,Cagliari,Fiorentina,0.0,0.0,D,7.0,2.0,1.0,0.0,3.0,1.0,18.0,10.0,1.0,2.0,0.0,0.0
12/05/2021,Atalanta,Benevento,2.0,0.0,H,14.0,3.0,4.0,1.0,7.0,5.0,19.0,11.0,2.0,5.0,0.0,1.0
12/05/2021,Bologna,Genoa,0.0,2.0,A,17.0,12.0,8.0,9.0,12.0,4.0,9.0,11.0,1.0,3.0,0.0,0.0
12/05/2021,Inter,Roma,3.0,1.0,H,13.0,17.0,5.0,6.0,5.0,8.0,4.0,12.0,0.0,4.0,0.0,0.0
12/05/2021,Lazio,Parma,1.0,0.0,H,14.0,11.0,6.0,5.0,7.0,2.0,13.0,14.0,1.0,3.0,0.0,0.0
12/05/2021,Sampdoria,Spezia,2.0,2.0,D,14.0,12.0,6.0,7.0,5.0,5.0,9.0,17.0,2.0,2.0,0.0,0.0
12/05/2021,Sassuolo,Juventus,1.0,3.0,A,17.0,14.0,3.0,8.0,3.0,5.0,10.0,12.0,1.0,2.0,0.0,0.0
12/05/2021,Torino,Milan,0.0,7.0,A,14.0,14.0,1.0,11.0,2.0,3.0,13.0,15.0,2.0,1.0,0.0,0.0
13/05/2021,Crotone,Verona,2.0,1.0,H,9.0,11.0,4.0,2.0,0.0,9.0,20.0,11.0,3.0,1.0,0.0,0.0
15/05/2021,Genoa,Atalanta,3.0,4.0,A,10.0,14.0,7.0,7.0,2.0,4.0,13.0,8.0,1.0,2.0,0.0,0.0
15/05/2021,Spezia,Torino,4.0,1.0,H,14.0,6.0,11.0,3.0,3.0,6.0,25.0,17.0,3.0,5.0,0.0,0.0
15/05/2021,Juventus,Inter,3.0,2.0,H,13.0,7.0,7.0,3.0,4.0,3.0,10.0,18.0,5.0,5.0,1.0,1.0
15/05/2021,Roma,Lazio,2.0,0.0,H,13.0,10.0,2.0,5.0,4.0,4.0,8.0,8.0,2.0,2.0,0.0,1.0
16/05/2021,Fiorentina,Napoli,0.0,2.0,A,7.0,18.0,3.0,8.0,3.0,6.0,15.0,9.0,5.0,1.0,1.0,0.0
16/05/2021,Benevento,Crotone,1.0,1.0,D,19.0,6.0,11.0,2.0,8.0,4.0,12.0,19.0,2.0,2.0,0.0,1.0
16/05/2021,Udinese,Sampdoria,0.0,1.0,A,9.0,15.0,2.0,6.0,6.0,3.0,12.0,13.0,3.0,1.0,0.0,0.0
16/05/2021,Parma,Sassuolo,1.0,3.0,A,16.0,15.0,8.0,12.0,2.0,12.0,13.0,13.0,1.0,0.0,0.0,0.0
16/05/2021,Milan,Cagliari,0.0,0.0,D,20.0,6.0,4.0,2.0,9.0,7.0,8.0,8.0,2.0,2.0,0.0,0.0
17/05/2021,Verona,Bologna,2.0,2.0,D,11.0,13.0,5.0,5.0,4.0,4.0,19.0,17.0,3.0,3.0,0.0,0.0
18/05/2021,Lazio,Torino,0.0,0.0,D,21.0,6.0,11.0,4.0,4.0,0.0,11.0,13.0,4.0,0.0,0.0,0.0
22/05/2021,Cagliari,Genoa,0.0,1.0,A,16.0,11.0,7.0,5.0,8.0,4.0,9.0,13.0,1.0,4.0,0.0,1.0
22/05/2021,Crotone,Fiorentina,0.0,0.0,D,12.0,11.0,4.0,3.0,6.0,5.0,11.0,10.0,2.0,2.0,0.0,0.0
22/05/2021,Sampdoria,Parma,3.0,0.0,H,12.0,11.0,4.0,1.0,2.0,4.0,10.0,12.0,1.0,1.0,0.0,0.0
23/05/2021,Inter,Udinese,5.0,1.0,H,14.0,8.0,9.0,2.0,3.0,2.0,13.0,16.0,1.0,0.0,0.0,0.0
23/05/2021,Atalanta,Milan,0.0,2.0,A,11.0,7.0,1.0,3.0,3.0,0.0,17.0,11.0,3.0,3.0,1.0,0.0
23/05/2021,Bologna,Juventus,1.0,4.0,A,18.0,19.0,5.0,11.0,3.0,0.0,7.0,16.0,1.0,2.0,0.0,0.0
23/05/2021,Napoli,Verona,1.0,1.0,D,16.0,7.0,3.0,4.0,5.0,3.0,13.0,25.0,3.0,4.0,0.0,0.0
23/05/2021,Sassuolo,Lazio,2.0,0.0,H,10.0,9.0,5.0,2.0,3.0,3.0,11.0,15.0,2.0,1.0,1.0,0.0
23/05/2021,Spezia,Roma,2.0,2.0,D,18.0,14.0,9.0,10.0,5.0,2.0,13.0,14.0,0.0,1.0,0.0,0.0
23/05/2021,Torino,Benevento,1.0,1.0,D,12.0,9.0,7.0,3.0,8.0,3.0,17.0,10.0,0.0,2.0,0.0,0.0
21/08/2021,Inter,Genoa,4.0,0.0,H,17.0,11.0,8.0,5.0,8.0,2.0,18.0,7.0,1.0,2.0,0.0,0.0
21/08/2021,Verona,Sassuolo,2.0,3.0,A,12.0,15.0,4.0,8.0,7.0,4.0,11.0,12.0,3.0,2.0,1.0,0.0
21/08/2021,Empoli,Lazio,1.0,3.0,A,16.0,8.0,5.0,5.0,5.0,3.0,13.0,10.0,2.0,1.0,0.0,0.0
21/08/2021,Torino,Atalanta,1.0,2.0,A,19.0,6.0,8.0,2.0,5.0,1.0,17.0,13.0,2.0,2.0,0.0,0.0
22/08/2021,Bologna,Salernitana,3.0,2.0,H,18.0,8.0,7.0,4.0,9.0,4.0,13.0,15.0,6.0,3.0,2.0,1.0
22/08/2021,Udinese,Juventus,2.0,2.0,D,11.0,11.0,6.0,4.0,3.0,3.0,11.0,12.0,1.0,3.0,0.0,0.0
22/08/2021,Napoli,Venezia,2.0,0.0,H,13.0,8.0,4.0,4.0,2.0,2.0,5.0,22.0,1.0,7.0,1.0,0.0
22/08/2021,Roma,Fiorentina,3.0,1.0,H,11.0,11.0,6.0,8.0,4.0,4.0,12.0,14.0,3.0,2.0,1.0,1.0
23/08/2021,Cagliari,Spezia,2.0,2.0,D,16.0,13.0,10.0,6.0,11.0,4.0,17.0,17.0,2.0,3.0,0.0,0.0
23/08/2021,Sampdoria,Milan,0.0,1.0,A,11.0,10.0,3.0,4.0,8.0,3.0,16.0,14.0,3.0,1.0,0.0,0.0
27/08/2021,Udinese,Venezia,3.0,0.0,H,18.0,8.0,10.0,3.0,7.0,2.0,11.0,8.0,2.0,3.0,0.0,0.0
27/08/2021,Verona,Inter,1.0,3.0,A,4.0,15.0,1.0,8.0,6.0,4.0,13.0,12.0,2.0,2.0,0.0,0.0
28/08/2021,Atalanta,Bologna,0.0,0.0,D,21.0,3.0,3.0,1.0,5.0,5.0,11.0,14.0,2.0,5.0,0.0,0.0
28/08/2021,Lazio,Spezia,6.0,1.0,H,18.0,5.0,10.0,2.0,4.0,2.0,12.0,9.0,0.0,2.0,0.0,1.0
28/08/2021,Fiorentina,Torino,2.0,1.0,H,10.0,4.0,7.0,1.0,3.0,3.0,13.0,28.0,4.0,5.0,0.0,0.0
28/08/2021,Juventus,Empoli,0.0,1.0,A,20.0,9.0,6.0,3.0,8.0,9.0,11.0,6.0,2.0,3.0,0.0,0.0
29/08/2021,Genoa,Napoli,1.0,2.0,A,7.0,12.0,3.0,8.0,4.0,5.0,17.0,15.0,2.0,3.0,0.0,0.0
29/08/2021,Sassuolo,Sampdoria,0.0,0.0,D,19.0,13.0,6.0,3.0,8.0,6.0,9.0,14.0,2.0,2.0,0.0,0.0
29/08/2021,Milan,Cagliari,4.0,1.0,H,17.0,6.0,5.0,2.0,8.0,3.0,12.0,11.0,1.0,5.0,0.0,0.0
29/08/2021,Salernitana,Roma,0.0,4.0,A,4.0,21.0,0.0,10.0,1.0,10.0,12.0,11.0,2.0,2.0,0.0,0.0
11/09/2021,Empoli,Venezia,1.0,2.0,A,17.0,10.0,6.0,3.0,8.0,2.0,12.0,21.0,2.0,5.0,0.0,0.0
11/09/2021,Napoli,Juventus,2.0,1.0,H,24.0,7.0,7.0,4.0,13.0,1.0,14.0,16.0,2.0,1.0,0.0,0.0
11/09/2021,Atalanta,Fiorentina,1.0,2.0,A,10.0,7.0,5.0,2.0,10.0,3.0,14.0,19.0,5.0,4.0,0.0,0.0
12/09/2021,Sampdoria,Inter,2.0,2.0,D,12.0,8.0,3.0,3.0,4.0,4.0,12.0,13.0,4.0,4.0,0.0,0.0
12/09/2021,Cagliari,Genoa,2.0,3.0,A,8.0,9.0,3.0,3.0,2.0,6.0,15.0,15.0,2.0,3.0,0.0,0.0
12/09/2021,Spezia,Udinese,0.0,1.0,A,20.0,8.0,5.0,4.0,4.0,5.0,12.0,14.0,1.0,2.0,0.0,0.0
12/09/2021,Torino,Salernitana,4.0,0.0,H,15.0,7.0,7.0,2.0,7.0,4.0,10.0,11.0,0.0,2.0,0.0,0.0
12/09/2021,Milan,Lazio,2.0,0.0,H,17.0,7.0,3.0,5.0,5.0,1.0,9.0,18.0,1.0,4.0,0.0,0.0
12/09/2021,Roma,Sassuolo,2.0,1.0,H,19.0,13.0,9.0,7.0,4.0,6.0,7.0,11.0,2.0,1.0,0.0,0.0
13/09/2021,Bologna,Verona,1.0,0.0,H,13.0,5.0,4.0,1.0,6.0,2.0,14.0,21.0,1.0,3.0,0.0,0.0
17/09/2021,Sassuolo,Torino,0.0,1.0,A,9.0,18.0,1.0,6.0,6.0,3.0,7.0,20.0,0.0,4.0,0.0,0.0
18/09/2021,Genoa,Fiorentina,1.0,2.0,A,9.0,16.0,3.0,5.0,1.0,11.0,13.0,16.0,4.0,4.0,0.0,0.0
18/09/2021,Inter,Bologna,6.0,1.0,H,19.0,7.0,11.0,2.0,5.0,1.0,10.0,9.0,0.0,3.0,0.0,0.0
18/09/2021,Salernitana,Atalanta,0.0,1.0,A,11.0,10.0,1.0,3.0,6.0,4.0,21.0,13.0,4.0,4.0,0.0,0.0
19/09/2021,Empoli,Sampdoria,0.0,3.0,A,15.0,14.0,4.0,7.0,8.0,8.0,10.0,10.0,2.0,2.0,0.0,0.0
19/09/2021,Venezia,Spezia,1.0,2.0,A,14.0,12.0,3.0,3.0,3.0,10.0,13.0,10.0,4.0,1.0,0.0,0.0
19/09/2021,Lazio,Cagliari,2.0,2.0,D,28.0,10.0,10.0,3.0,10.0,1.0,3.0,11.0,1.0,3.0,0.0,1.0
19/09/2021,Verona,Roma,3.0,2.0,H,10.0,15.0,6.0,2.0,3.0,8.0,14.0,13.0,4.0,2.0,0.0,0.0
19/09/2021,Juventus,Milan,1.0,1.0,D,9.0,13.0,4.0,3.0,4.0,4.0,13.0,16.0,1.0,1.0,0.0,0.0
20/09/2021,Udinese,Napoli,0.0,4.0,A,9.0,18.0,1.0,8.0,2.0,5.0,10.0,11.0,2.0,1.0,0.0,0.0
21/09/2021,Bologna,Genoa,2.0,2.0,D,17.0,11.0,6.0,6.0,7.0,2.0,14.0,15.0,3.0,4.0,0.0,0.0
21/09/2021,Atalanta,Sassuolo,2.0,1.0,H,14.0,8.0,5.0,1.0,5.0,5.0,17.0,16.0,2.0,2.0,0.0,0.0
21/09/2021,Fiorentina,Inter,1.0,3.0,A,14.0,17.0,6.0,5.0,4.0,8.0,11.0,15.0,2.0,3.0,1.0,0.0
22/09/2021,Salernitana,Verona,2.0,2.0,D,15.0,10.0,4.0,5.0,4.0,5.0,13.0,17.0,2.0,3.0,0.0,0.0
22/09/2021,Spezia,Juventus,2.0,3.0,A,10.0,26.0,5.0,9.0,5.0,15.0,14.0,10.0,2.0,1.0,0.0,0.0
22/09/2021,Cagliari,Empoli,0.0,2.0,A,16.0,17.0,1.0,5.0,7.0,4.0,15.0,13.0,2.0,1.0,0.0,0.0
22/09/2021,Milan,Venezia,2.0,0.0,H,15.0,8.0,4.0,2.0,4.0,4.0,12.0,13.0,0.0,2.0,0.0,0.0
23/09/2021,Sampdoria,Napoli,0.0,4.0,A,13.0,17.0,5.0,9.0,5.0,5.0,10.0,7.0,2.0,1.0,0.0,0.0
23/09/2021,Torino,Lazio,1.0,1.0,D,16.0,6.0,5.0,2.0,6.0,5.0,19.0,9.0,3.0,3.0,0.0,0.0
23/09/2021,Roma,Udinese,1.0,0.0,H,12.0,8.0,2.0,3.0,6.0,6.0,22.0,8.0,4.0,1.0,1.0,0.0
25/09/2021,Spezia,Milan,1.0,2.0,A,8.0,18.0,2.0,5.0,2.0,4.0,12.0,11.0,2.0,2.0,0.0,0.0
25/09/2021,Inter,Atalanta,2.0,2.0,D,19.0,23.0,6.0,5.0,4.0,11.0,13.0,11.0,3.0,5.0,0.0,0.0
25/09/2021,Genoa,Verona,3.0,3.0,D,10.0,12.0,4.0,7.0,3.0,2.0,13.0,13.0,3.0,2.0,0.0,0.0
26/09/2021,Juventus,Sampdoria,3.0,2.0,H,16.0,5.0,6.0,3.0,4.0,2.0,22.0,16.0,4.0,3.0,0.0,0.0
26/09/2021,Empoli,Bologna,4.0,2.0,H,15.0,20.0,7.0,5.0,2.0,10.0,15.0,22.0,2.0,2.0,0.0,0.0
26/09/2021,Sassuolo,Salernitana,1.0,0.0,H,17.0,12.0,6.0,5.0,4.0,8.0,16.0,16.0,3.0,3.0,0.0,0.0
26/09/2021,Udinese,Fiorentina,0.0,1.0,A,12.0,8.0,5.0,2.0,4.0,1.0,14.0,11.0,2.0,3.0,0.0,0.0
26/09/2021,Lazio,Roma,3.0,2.0,H,9.0,20.0,4.0,8.0,1.0,9.0,11.0,13.0,2.0,4.0,0.0,0.0
26/09/2021,Napoli,Cagliari,2.0,0.0,H,18.0,6.0,7.0,1.0,6.0,4.0,12.0,10.0,2.0,1.0,0.0,0.0
27/09/2021,Venezia,Torino,1.0,1.0,D,8.0,8.0,2.0,3.0,4.0,1.0,9.0,18.0,1.0,4.0,0.0,1.0
01/10/2021,Cagliari,Venezia,1.0,1.0,D,9.0,10.0,3.0,4.0,2.0,4.0,15.0,19.0,2.0,5.0,0.0,0.0
02/10/2021,Salernitana,Genoa,1.0,0.0,H,10.0,19.0,4.0,4.0,10.0,8.0,15.0,17.0,2.0,2.0,0.0,0.0
02/10/2021,Torino,Juventus,0.0,1.0,A,12.0,10.0,2.0,3.0,4.0,6.0,20.0,14.0,3.0,1.0,0.0,0.0
02/10/2021,Sassuolo,Inter,1.0,2.0,A,12.0,18.0,8.0,3.0,6.0,8.0,10.0,19.0,4.0,2.0,0.0,0.0
03/10/2021,Bologna,Lazio,3.0,0.0,H,10.0,8.0,3.0,4.0,3.0,3.0,5.0,16.0,2.0,5.0,0.0,1.0
03/10/2021,Sampdoria,Udinese,3.0,3.0,D,13.0,18.0,3.0,7.0,6.0,8.0,12.0,15.0,4.0,5.0,0.0,0.0
03/10/2021,Verona,Spezia,4.0,0.0,H,6.0,12.0,4.0,4.0,1.0,5.0,15.0,11.0,1.0,1.0,0.0,1.0
03/10/2021,Fiorentina,Napoli,1.0,2.0,A,10.0,12.0,3.0,6.0,8.0,2.0,16.0,13.0,3.0,3.0,0.0,0.0
03/10/2021,Roma,Empoli,2.0,0.0,H,18.0,11.0,7.0,3.0,5.0,5.0,11.0,16.0,2.0,3.0,0.0,0.0
03/10/2021,Atalanta,Milan,2.0,3.0,A,17.0,13.0,6.0,7.0,9.0,5.0,13.0,14.0,1.0,4.0,0.0,0.0
16/10/2021,Spezia,Salernitana,2.0,1.0,H,18.0,15.0,5.0,4.0,10.0,2.0,13.0,15.0,2.0,3.0,0.0,0.0
16/10/2021,Lazio,Inter,3.0,1.0,H,19.0,12.0,8.0,4.0,7.0,3.0,12.0,12.0,3.0,6.0,1.0,0.0
16/10/2021,Milan,Verona,3.0,2.0,H,17.0,10.0,4.0,5.0,5.0,4.0,11.0,20.0,1.0,4.0,0.0,0.0
17/10/2021,Cagliari,Sampdoria,3.0,1.0,H,12.0,17.0,5.0,3.0,5.0,9.0,14.0,18.0,4.0,2.0,0.0,0.0
17/10/2021,Empoli,Atalanta,1.0,4.0,A,13.0,22.0,6.0,7.0,5.0,4.0,10.0,15.0,3.0,2.0,0.0,0.0
17/10/2021,Genoa,Sassuolo,2.0,2.0,D,19.0,15.0,4.0,5.0,6.0,1.0,11.0,18.0,2.0,4.0,0.0,0.0
17/10/2021,Udinese,Bologna,1.0,1.0,D,10.0,23.0,2.0,11.0,2.0,8.0,15.0,11.0,3.0,7.0,1.0,0.0
17/10/2021,Napoli,Torino,1.0,0.0,H,10.0,11.0,3.0,3.0,3.0,4.0,6.0,20.0,2.0,4.0,0.0,0.0
17/10/2021,Juventus,Roma,1.0,0.0,H,6.0,14.0,2.0,4.0,0.0,6.0,18.0,13.0,3.0,5.0,0.0,0.0
18/10/2021,Venezia,Fiorentina,1.0,0.0,H,4.0,10.0,2.0,2.0,2.0,5.0,17.0,11.0,2.0,5.0,0.0,1.0
22/10/2021,Torino,Genoa,3.0,2.0,H,17.0,14.0,6.0,4.0,2.0,4.0,20.0,18.0,2.0,3.0,0.0,0.0
22/10/2021,Sampdoria,Spezia,2.0,1.0,H,6.0,17.0,2.0,7.0,0.0,8.0,9.0,9.0,3.0,1.0,0.0,0.0
23/10/2021,Salernitana,Empoli,2.0,4.0,A,12.0,11.0,6.0,6.0,7.0,1.0,11.0,16.0,1.0,3.0,0.0,0.0
23/10/2021,Sassuolo,Venezia,3.0,1.0,H,14.0,8.0,7.0,3.0,5.0,4.0,10.0,15.0,1.0,2.0,0.0,0.0
23/10/2021,Bologna,Milan,2.0,4.0,A,9.0,15.0,4.0,7.0,4.0,1.0,7.0,15.0,1.0,3.0,2.0,0.0
24/10/2021,Atalanta,Udinese,1.0,1.0,D,8.0,9.0,3.0,3.0,6.0,3.0,15.0,15.0,2.0,2.0,0.0,0.0
24/10/2021,Fiorentina,Cagliari,3.0,0.0,H,21.0,3.0,5.0,1.0,4.0,1.0,11.0,15.0,0.0,2.0,0.0,0.0
24/10/2021,Verona,Lazio,4.0,1.0,H,16.0,9.0,7.0,4.0,3.0,4.0,12.0,15.0,2.0,2.0,0.0,0.0
24/10/2021,Roma,Napoli,0.0,0.0,D,13.0,11.0,1.0,3.0,7.0,4.0,14.0,10.0,4.0,1.0,0.0,0.0
24/10/2021,Inter,Juventus,1.0,1.0,D,10.0,16.0,2.0,4.0,5.0,2.0,14.0,16.0,2.0,2.0,0.0,0.0
26/10/2021,Spezia,Genoa,1.0,1.0,D,13.0,9.0,3.0,2.0,3.0,3.0,12.0,16.0,2.0,4.0,0.0,0.0
26/10/2021,Venezia,Salernitana,1.0,2.0,A,8.0,21.0,4.0,7.0,4.0,5.0,17.0,13.0,3.0,3.0,1.0,0.0
26/10/2021,Milan,Torino,1.0,0.0,H,10.0,12.0,2.0,2.0,2.0,5.0,14.0,21.0,3.0,3.0,0.0,0.0
27/10/2021,Juventus,Sassuolo,1.0,2.0,A,14.0,8.0,3.0,4.0,4.0,4.0,21.0,15.0,1.0,5.0,0.0,0.0
27/10/2021,Sampdoria,Atalanta,1.0,3.0,A,8.0,13.0,3.0,4.0,3.0,3.0,15.0,19.0,4.0,3.0,0.0,0.0
27/10/2021,Udinese,Verona,1.0,1.0,D,16.0,5.0,5.0,2.0,7.0,4.0,13.0,12.0,1.0,2.0,0.0,0.0
27/10/2021,Cagliari,Roma,1.0,2.0,A,7.0,22.0,5.0,3.0,2.0,10.0,16.0,16.0,3.0,4.0,0.0,0.0
27/10/2021,Empoli,Inter,0.0,2.0,A,9.0,21.0,3.0,9.0,5.0,6.0,20.0,15.0,1.0,3.0,1.0,0.0
27/10/2021,Lazio,Fiorentina,1.0,0.0,H,5.0,9.0,2.0,1.0,3.0,6.0,16.0,11.0,3.0,3.0,0.0,0.0
28/10/2021,Napoli,Bologna,3.0,0.0,H,18.0,8.0,6.0,1.0,4.0,2.0,20.0,5.0,1.0,1.0,0.0,0.0
30/10/2021,Atalanta,Lazio,2.0,2.0,D,17.0,8.0,3.0,5.0,6.0,2.0,13.0,13.0,1.0,3.0,0.0,0.0
30/10/2021,Verona,Juventus,2.0,1.0,H,12.0,15.0,5.0,4.0,4.0,1.0,22.0,8.0,4.0,3.0,0.0,0.0
30/10/2021,Torino,Sampdoria,3.0,0.0,H,16.0,5.0,6.0,1.0,4.0,5.0,19.0,8.0,2.0,4.0,0.0,1.0
31/10/2021,Inter,Udinese,2.0,0.0,H,15.0,9.0,6.0,5.0,6.0,4.0,9.0,11.0,0.0,2.0,0.0,0.0
31/10/2021,Fiorentina,Spezia,3.0,0.0,H,27.0,3.0,12.0,0.0,7.0,4.0,9.0,20.0,4.0,3.0,0.0,0.0
31/10/2021,Genoa,Venezia,0.0,0.0,D,19.0,6.0,4.0,2.0,12.0,4.0,13.0,13.0,1.0,3.0,0.0,0.0
31/10/2021,Sassuolo,Empoli,1.0,2.0,A,15.0,14.0,5.0,6.0,4.0,6.0,16.0,12.0,4.0,2.0,0.0,0.0
31/10/2021,Salernitana,Napoli,0.0,1.0,A,9.0,18.0,3.0,3.0,4.0,4.0,11.0,13.0,0.0,2.0,1.0,1.0
31/10/2021,Roma,Milan,1.0,2.0,A,24.0,8.0,6.0,3.0,6.0,2.0,19.0,13.0,4.0,7.0,0.0,1.0
01/11/2021,Bologna,Cagliari,2.0,0.0,H,8.0,9.0,3.0,2.0,5.0,2.0,11.0,9.0,3.0,2.0,0.0,1.0
05/11/2021,Empoli,Genoa,2.0,2.0,D,10.0,15.0,2.0,7.0,4.0,5.0,8.0,21.0,0.0,4.0,0.0,0.0
06/11/2021,Spezia,Torino,1.0,0.0,H,7.0,9.0,3.0,1.0,2.0,3.0,15.0,17.0,3.0,3.0,0.0,0.0
06/11/2021,Juventus,Fiorentina,1.0,0.0,H,13.0,6.0,3.0,1.0,5.0,5.0,15.0,15.0,2.0,4.0,0.0,1.0
06/11/2021,Cagliari,Atalanta,1.0,2.0,A,7.0,21.0,1.0,8.0,2.0,7.0,11.0,9.0,1.0,1.0,0.0,0.0
07/11/2021,Venezia,Roma,3.0,2.0,H,13.0,27.0,7.0,10.0,4.0,11.0,12.0,18.0,2.0,2.0,0.0,0.0
07/11/2021,Sampdoria,Bologna,1.0,2.0,A,10.0,14.0,4.0,7.0,6.0,5.0,14.0,12.0,4.0,1.0,0.0,0.0
07/11/2021,Udinese,Sassuolo,3.0,2.0,H,13.0,10.0,2.0,4.0,1.0,5.0,14.0,15.0,3.0,3.0,1.0,0.0
07/11/2021,Lazio,Salernitana,3.0,0.0,H,16.0,5.0,5.0,0.0,5.0,1.0,7.0,14.0,1.0,2.0,0.0,0.0
07/11/2021,Napoli,Verona,1.0,1.0,D,16.0,11.0,1.0,3.0,3.0,2.0,16.0,19.0,2.0,7.0,0.0,2.0
07/11/2021,Milan,Inter,1.0,1.0,D,16.0,13.0,4.0,3.0,4.0,8.0,16.0,11.0,1.0,0.0,0.0,0.0
20/11/2021,Atalanta,Spezia,5.0,2.0,H,18.0,10.0,9.0,5.0,0.0,6.0,10.0,11.0,2.0,3.0,0.0,0.0
20/11/2021,Lazio,Juventus,0.0,2.0,A,8.0,11.0,1.0,5.0,3.0,2.0,12.0,15.0,3.0,1.0,0.0,0.0
20/11/2021,Fiorentina,Milan,4.0,3.0,H,9.0,17.0,5.0,7.0,5.0,6.0,6.0,10.0,1.0,1.0,0.0,0.0
21/11/2021,Sassuolo,Cagliari,2.0,2.0,D,20.0,11.0,4.0,4.0,6.0,5.0,13.0,10.0,1.0,2.0,0.0,0.0
21/11/2021,Bologna,Venezia,0.0,1.0,A,22.0,8.0,6.0,6.0,17.0,0.0,6.0,9.0,0.0,3.0,0.0,0.0
21/11/2021,Salernitana,Sampdoria,0.0,2.0,A,18.0,13.0,2.0,6.0,13.0,3.0,10.0,19.0,0.0,3.0,0.0,0.0
21/11/2021,Inter,Napoli,3.0,2.0,H,17.0,9.0,7.0,3.0,4.0,1.0,15.0,16.0,4.0,3.0,0.0,0.0
21/11/2021,Genoa,Roma,0.0,2.0,A,1.0,19.0,1.0,4.0,1.0,2.0,13.0,13.0,3.0,2.0,0.0,0.0
22/11/2021,Verona,Empoli,2.0,1.0,H,22.0,9.0,5.0,4.0,1.0,3.0,7.0,13.0,1.0,3.0,0.0,0.0
22/11/2021,Torino,Udinese,2.0,1.0,H,14.0,18.0,4.0,7.0,4.0,7.0,19.0,17.0,1.0,3.0,0.0,0.0
26/11/2021,Cagliari,Salernitana,1.0,1.0,D,19.0,8.0,3.0,2.0,7.0,6.0,13.0,10.0,3.0,1.0,0.0,0.0
27/11/2021,Empoli,Fiorentina,2.0,1.0,H,17.0,16.0,5.0,7.0,8.0,5.0,15.0,10.0,1.0,1.0,0.0,0.0
27/11/2021,Sampdoria,Verona,3.0,1.0,H,15.0,14.0,5.0,3.0,4.0,5.0,13.0,16.0,4.0,1.0,0.0,0.0
27/11/2021,Juventus,Atalanta,0.0,1.0,A,15.0,7.0,2.0,1.0,6.0,4.0,13.0,20.0,4.0,5.0,0.0,0.0
27/11/2021,Venezia,Inter,0.0,2.0,A,6.0,27.0,1.0,11.0,3.0,9.0,9.0,4.0,2.0,0.0,0.0,0.0
28/11/2021,Udinese,Genoa,0.0,0.0,D,17.0,8.0,3.0,2.0,8.0,1.0,18.0,11.0,3.0,4.0,0.0,0.0
28/11/2021,Milan,Sassuolo,1.0,3.0,A,15.0,15.0,2.0,5.0,7.0,6.0,15.0,7.0,4.0,2.0,1.0,0.0
28/11/2021,Spezia,Bologna,0.0,1.0,A,13.0,17.0,5.0,5.0,3.0,6.0,16.0,12.0,3.0,1.0,0.0,0.0
28/11/2021,Roma,Torino,1.0,0.0,H,10.0,17.0,2.0,3.0,2.0,9.0,7.0,11.0,2.0,1.0,0.0,0.0
28/11/2021,Napoli,Lazio,4.0,0.0,H,18.0,6.0,8.0,2.0,1.0,3.0,9.0,14.0,2.0,4.0,0.0,0.0
30/11/2021,Atalanta,Venezia,4.0,0.0,H,19.0,8.0,6.0,4.0,4.0,2.0,11.0,9.0,0.0,1.0,0.0,0.0
30/11/2021,Fiorentina,Sampdoria,3.0,1.0,H,17.0,11.0,7.0,4.0,3.0,6.0,6.0,16.0,0.0,3.0,0.0,0.0
30/11/2021,Salernitana,Juventus,0.0,2.0,A,4.0,18.0,0.0,7.0,4.0,4.0,14.0,9.0,1.0,1.0,0.0,0.0
30/11/2021,Verona,Cagliari,0.0,0.0,D,15.0,12.0,6.0,4.0,11.0,1.0,15.0,12.0,3.0,2.0,0.0,0.0
01/12/2021,Bologna,Roma,1.0,0.0,H,6.0,13.0,3.0,5.0,3.0,3.0,9.0,18.0,3.0,4.0,0.0,0.0
01/12/2021,Inter,Spezia,2.0,0.0,H,31.0,7.0,11.0,4.0,11.0,1.0,18.0,10.0,1.0,2.0,0.0,0.0
01/12/2021,Genoa,Milan,0.0,3.0,A,10.0,18.0,3.0,5.0,2.0,6.0,11.0,16.0,2.0,1.0,0.0,0.0
01/12/2021,Sassuolo,Napoli,2.0,2.0,D,9.0,9.0,7.0,4.0,5.0,4.0,10.0,19.0,4.0,2.0,0.0,0.0
02/12/2021,Torino,Empoli,2.0,2.0,D,10.0,16.0,3.0,5.0,1.0,11.0,9.0,15.0,1.0,3.0,1.0,0.0
02/12/2021,Lazio,Udinese,4.0,4.0,D,13.0,12.0,5.0,5.0,5.0,4.0,11.0,11.0,3.0,5.0,1.0,2.0
04/12/2021,Milan,Salernitana,2.0,0.0,H,22.0,7.0,8.0,2.0,9.0,5.0,11.0,9.0,1.0,2.0,0.0,0.0
04/12/2021,Roma,Inter,0.0,3.0,A,9.0,10.0,1.0,4.0,4.0,4.0,9.0,6.0,3.0,1.0,0.0,0.0
04/12/2021,Napoli,Atalanta,2.0,3.0,A,15.0,21.0,4.0,7.0,6.0,7.0,16.0,18.0,2.0,3.0,0.0,0.0
05/12/2021,Bologna,Fiorentina,2.0,3.0,A,8.0,6.0,3.0,3.0,0.0,2.0,12.0,15.0,3.0,3.0,0.0,0.0
05/12/2021,Spezia,Sassuolo,2.0,2.0,D,9.0,20.0,4.0,5.0,2.0,5.0,11.0,9.0,4.0,3.0,0.0,0.0
05/12/2021,Venezia,Verona,3.0,4.0,A,9.0,16.0,5.0,6.0,1.0,6.0,13.0,14.0,2.0,2.0,1.0,0.0
05/12/2021,Sampdoria,Lazio,1.0,3.0,A,18.0,6.0,5.0,5.0,7.0,0.0,13.0,9.0,4.0,3.0,0.0,1.0
05/12/2021,Juventus,Genoa,2.0,0.0,H,27.0,0.0,12.0,0.0,5.0,1.0,15.0,7.0,3.0,1.0,0.0,0.0
06/12/2021,Empoli,Udinese,3.0,1.0,H,22.0,19.0,9.0,8.0,8.0,6.0,12.0,18.0,4.0,3.0,0.0,0.0
06/12/2021,Cagliari,Torino,1.0,1.0,D,15.0,8.0,2.0,3.0,5.0,2.0,12.0,24.0,2.0,4.0,0.0,0.0
10/12/2021,Genoa,Sampdoria,1.0,3.0,A,12.0,14.0,2.0,6.0,8.0,3.0,15.0,17.0,2.0,2.0,0.0,0.0
11/12/2021,Fiorentina,Salernitana,4.0,0.0,H,17.0,11.0,9.0,6.0,1.0,3.0,9.0,11.0,1.0,1.0,0.0,0.0
11/12/2021,Venezia,Juventus,1.0,1.0,D,13.0,20.0,4.0,6.0,3.0,11.0,20.0,10.0,4.0,2.0,0.0,0.0
11/12/2021,Udinese,Milan,1.0,1.0,D,11.0,12.0,6.0,1.0,3.0,5.0,17.0,10.0,2.0,2.0,1.0,0.0
12/12/2021,Torino,Bologna,2.0,1.0,H,16.0,8.0,7.0,5.0,5.0,0.0,16.0,18.0,2.0,4.0,0.0,0.0
12/12/2021,Verona,Atalanta,1.0,2.0,A,19.0,14.0,4.0,6.0,6.0,6.0,12.0,10.0,2.0,1.0,0.0,0.0
12/12/2021,Napoli,Empoli,0.0,1.0,A,30.0,12.0,6.0,5.0,10.0,3.0,8.0,11.0,0.0,1.0,0.0,0.0
12/12/2021,Sassuolo,Lazio,2.0,1.0,H,17.0,6.0,6.0,2.0,6.0,0.0,9.0,11.0,1.0,2.0,1.0,0.0
12/12/2021,Inter,Cagliari,4.0,0.0,H,24.0,5.0,15.0,2.0,9.0,0.0,9.0,13.0,1.0,2.0,0.0,0.0
13/12/2021,Roma,Spezia,2.0,0.0,H,12.0,8.0,6.0,2.0,9.0,4.0,13.0,7.0,4.0,1.0,1.0,0.0
17/12/2021,Lazio,Genoa,3.0,1.0,H,11.0,4.0,5.0,2.0,5.0,2.0,9.0,8.0,0.0,3.0,0.0,0.0
17/12/2021,Salernitana,Inter,0.0,5.0,A,10.0,23.0,2.0,8.0,3.0,10.0,10.0,10.0,1.0,2.0,0.0,0.0
18/12/2021,Atalanta,Roma,1.0,4.0,A,17.0,8.0,6.0,5.0,10.0,0.0,11.0,15.0,1.0,3.0,0.0,0.0
18/12/2021,Bologna,Juventus,0.0,2.0,A,11.0,11.0,3.0,7.0,8.0,4.0,7.0,19.0,1.0,1.0,0.0,0.0
18/12/2021,Cagliari,Udinese,0.0,4.0,A,5.0,10.0,2.0,5.0,4.0,2.0,12.0,14.0,4.0,2.0,1.0,0.0
19/12/2021,Fiorentina,Sassuolo,2.0,2.0,D,23.0,8.0,8.0,4.0,9.0,3.0,7.0,14.0,3.0,5.0,1.0,0.0
19/12/2021,Spezia,Empoli,1.0,1.0,D,9.0,22.0,2.0,6.0,3.0,5.0,20.0,9.0,3.0,2.0,0.0,0.0
19/12/2021,Sampdoria,Venezia,1.0,1.0,D,18.0,12.0,8.0,1.0,4.0,3.0,8.0,17.0,2.0,1.0,0.0,0.0
19/12/2021,Torino,Verona,1.0,0.0,H,8.0,8.0,1.0,2.0,5.0,3.0,15.0,7.0,1.0,2.0,0.0,1.0
19/12/2021,Milan,Napoli,0.0,1.0,A,12.0,11.0,2.0,2.0,5.0,5.0,14.0,18.0,0.0,2.0,0.0,0.0
21/12/2021,Genoa,Atalanta,0.0,0.0,D,1.0,17.0,0.0,3.0,3.0,8.0,13.0,15.0,2.0,1.0,0.0,0.0
21/12/2021,Juventus,Cagliari,2.0,0.0,H,15.0,6.0,4.0,1.0,7.0,1.0,16.0,12.0,0.0,3.0,0.0,0.0
22/12/2021,Sassuolo,Bologna,0.0,3.0,A,13.0,9.0,5.0,5.0,5.0,5.0,13.0,12.0,1.0,3.0,0.0,0.0
22/12/2021,Venezia,Lazio,1.0,3.0,A,11.0,7.0,2.0,4.0,4.0,4.0,11.0,10.0,3.0,3.0,1.0,0.0
22/12/2021,Inter,Torino,1.0,0.0,H,14.0,12.0,3.0,3.0,7.0,4.0,10.0,17.0,1.0,0.0,0.0,0.0
22/12/2021,Roma,Sampdoria,1.0,1.0,D,15.0,10.0,4.0,2.0,10.0,2.0,6.0,8.0,0.0,3.0,0.0,0.0
22/12/2021,Verona,Fiorentina,1.0,1.0,D,7.0,11.0,2.0,1.0,3.0,8.0,15.0,5.0,2.0,1.0,0.0,0.0
22/12/2021,Empoli,Milan,2.0,4.0,A,16.0,18.0,5.0,8.0,7.0,3.0,18.0,10.0,1.0,2.0,0.0,0.0
22/12/2021,Napoli,Spezia,0.0,1.0,A,25.0,8.0,7.0,0.0,10.0,5.0,14.0,12.0,2.0,3.0,0.0,0.0
06/01/2022,Sampdoria,Cagliari,1.0,2.0,A,4.0,15.0,1.0,7.0,0.0,5.0,12.0,17.0,1.0,3.0,1.0,0.0
06/01/2022,Lazio,Empoli,3.0,3.0,D,23.0,11.0,10.0,4.0,9.0,2.0,13.0,11.0,4.0,4.0,0.0,0.0
06/01/2022,Spezia,Verona,1.0,2.0,A,9.0,22.0,3.0,5.0,6.0,7.0,14.0,11.0,3.0,2.0,1.0,0.0
06/01/2022,Sassuolo,Genoa,1.0,1.0,D,28.0,4.0,7.0,1.0,7.0,4.0,8.0,11.0,3.0,0.0,0.0,0.0
06/01/2022,Milan,Roma,3.0,1.0,H,19.0,11.0,5.0,5.0,3.0,9.0,6.0,20.0,2.0,6.0,0.0,2.0
06/01/2022,Juventus,Napoli,1.0,1.0,D,22.0,16.0,5.0,4.0,4.0,3.0,8.0,11.0,2.0,1.0,0.0,0.0
09/01/2022,Empoli,Sassuolo,1.0,5.0,A,15.0,25.0,4.0,14.0,5.0,5.0,10.0,15.0,2.0,3.0,1.0,0.0
09/01/2022,Venezia,Milan,0.0,3.0,A,9.0,18.0,3.0,8.0,1.0,7.0,11.0,11.0,1.0,3.0,1.0,0.0
09/01/2022,Napoli,Sampdoria,1.0,0.0,H,22.0,10.0,5.0,1.0,13.0,0.0,12.0,11.0,0.0,2.0,0.0,0.0
09/01/2022,Udinese,Atalanta,2.0,6.0,A,8.0,21.0,4.0,7.0,2.0,5.0,9.0,12.0,2.0,2.0,0.0,0.0
09/01/2022,Genoa,Spezia,0.0,1.0,A,15.0,17.0,2.0,9.0,7.0,4.0,17.0,16.0,3.0,3.0,0.0,0.0
09/01/2022,Roma,Juventus,3.0,4.0,A,19.0,14.0,7.0,5.0,8.0,1.0,11.0,12.0,3.0,4.0,0.0,1.0
09/01/2022,Inter,Lazio,2.0,1.0,H,17.0,5.0,6.0,2.0,4.0,3.0,11.0,14.0,1.0,4.0,0.0,0.0
09/01/2022,Verona,Salernitana,1.0,2.0,A,24.0,9.0,7.0,5.0,17.0,4.0,13.0,12.0,1.0,3.0,1.0,0.0
10/01/2022,Torino,Fiorentina,4.0,0.0,H,9.0,10.0,6.0,3.0,1.0,5.0,16.0,12.0,2.0,2.0,0.0,0.0
11/01/2022,Cagliari,Bologna,2.0,1.0,H,13.0,9.0,4.0,3.0,5.0,5.0,12.0,15.0,3.0,2.0,0.0,0.0
15/01/2022,Sampdoria,Torino,1.0,2.0,A,11.0,20.0,3.0,12.0,3.0,10.0,13.0,14.0,0.0,2.0,0.0,0.0
15/01/2022,Salernitana,Lazio,0.0,3.0,A,6.0,15.0,1.0,8.0,3.0,7.0,11.0,16.0,2.0,3.0,0.0,0.0
15/01/2022,Juventus,Udinese,2.0,0.0,H,14.0,16.0,4.0,3.0,7.0,6.0,13.0,10.0,1.0,2.0,0.0,0.0
16/01/2022,Sassuolo,Verona,2.0,4.0,A,13.0,21.0,5.0,6.0,9.0,7.0,6.0,18.0,2.0,4.0,0.0,0.0
16/01/2022,Venezia,Empoli,1.0,1.0,D,14.0,17.0,3.0,6.0,6.0,5.0,13.0,17.0,3.0,5.0,0.0,0.0
16/01/2022,Roma,Cagliari,1.0,0.0,H,15.0,8.0,7.0,2.0,1.0,1.0,13.0,17.0,3.0,4.0,0.0,0.0
16/01/2022,Atalanta,Inter,0.0,0.0,D,12.0,11.0,6.0,3.0,6.0,4.0,12.0,9.0,2.0,2.0,0.0,0.0
17/01/2022,Bologna,Napoli,0.0,2.0,A,12.0,14.0,5.0,5.0,1.0,4.0,9.0,10.0,3.0,1.0,0.0,0.0
17/01/2022,Milan,Spezia,1.0,2.0,A,25.0,10.0,8.0,6.0,10.0,1.0,11.0,17.0,2.0,5.0,0.0,0.0
17/01/2022,Fiorentina,Genoa,6.0,0.0,H,22.0,3.0,12.0,0.0,4.0,0.0,10.0,11.0,1.0,3.0,0.0,0.0
21/01/2022,Verona,Bologna,2.0,1.0,H,14.0,8.0,6.0,2.0,7.0,2.0,21.0,9.0,2.0,4.0,0.0,0.0
22/01/2022,Genoa,Udinese,0.0,0.0,D,10.0,2.0,3.0,0.0,10.0,4.0,27.0,17.0,4.0,4.0,1.0,0.0
22/01/2022,Inter,Venezia,2.0,1.0,H,24.0,3.0,12.0,3.0,6.0,0.0,13.0,9.0,3.0,4.0,0.0,0.0
22/01/2022,Lazio,Atalanta,0.0,0.0,D,9.0,6.0,1.0,2.0,4.0,1.0,10.0,17.0,0.0,3.0,0.0,0.0
23/01/2022,Cagliari,Fiorentina,1.0,1.0,D,12.0,16.0,3.0,6.0,6.0,4.0,21.0,16.0,3.0,3.0,0.0,1.0
23/01/2022,Napoli,Salernitana,4.0,1.0,H,26.0,1.0,14.0,1.0,10.0,0.0,9.0,14.0,0.0,4.0,0.0,1.0
23/01/2022,Spezia,Sampdoria,1.0,0.0,H,7.0,8.0,2.0,0.0,2.0,4.0,24.0,12.0,2.0,4.0,0.0,1.0
23/01/2022,Torino,Sassuolo,1.0,1.0,D,21.0,6.0,6.0,1.0,4.0,3.0,21.0,15.0,3.0,3.0,0.0,0.0
23/01/2022,Empoli,Roma,2.0,4.0,A,16.0,16.0,7.0,8.0,2.0,3.0,13.0,14.0,2.0,2.0,0.0,0.0
23/01/2022,Milan,Juventus,0.0,0.0,D,14.0,8.0,4.0,0.0,4.0,1.0,16.0,19.0,2.0,2.0,0.0,0.0
05/02/2022,Roma,Genoa,0.0,0.0,D,23.0,10.0,3.0,3.0,6.0,4.0,8.0,23.0,3.0,2.0,1.0,1.0
05/02/2022,Inter,Milan,1.0,2.0,A,11.0,10.0,5.0,3.0,6.0,4.0,20.0,14.0,2.0,4.0,0.0,1.0
05/02/2022,Fiorentina,Lazio,0.0,3.0,A,9.0,12.0,3.0,7.0,4.0,3.0,13.0,15.0,3.0,5.0,1.0,0.0
06/02/2022,Atalanta,Cagliari,1.0,2.0,A,10.0,7.0,3.0,4.0,3.0,1.0,13.0,14.0,1.0,5.0,1.0,0.0
06/02/2022,Bologna,Empoli,0.0,0.0,D,12.0,15.0,2.0,4.0,3.0,5.0,9.0,16.0,2.0,4.0,0.0,0.0
06/02/2022,Sampdoria,Sassuolo,4.0,0.0,H,11.0,26.0,7.0,9.0,3.0,9.0,15.0,16.0,2.0,2.0,0.0,0.0
06/02/2022,Venezia,Napoli,0.0,2.0,A,7.0,16.0,3.0,6.0,2.0,6.0,12.0,11.0,2.0,2.0,1.0,0.0
06/02/2022,Udinese,Torino,2.0,0.0,H,11.0,5.0,3.0,1.0,8.0,3.0,12.0,21.0,3.0,5.0,0.0,1.0
06/02/2022,Juventus,Verona,2.0,0.0,H,11.0,13.0,8.0,1.0,6.0,5.0,11.0,11.0,1.0,1.0,0.0,0.0
07/02/2022,Salernitana,Spezia,2.0,2.0,D,9.0,13.0,5.0,2.0,5.0,6.0,12.0,19.0,3.0,3.0,0.0,0.0
12/02/2022,Lazio,Bologna,3.0,0.0,H,12.0,11.0,6.0,3.0,5.0,3.0,13.0,16.0,2.0,2.0,0.0,0.0
12/02/2022,Napoli,Inter,1.0,1.0,D,13.0,8.0,4.0,2.0,4.0,2.0,8.0,13.0,1.0,1.0,0.0,0.0
12/02/2022,Torino,Venezia,1.0,2.0,A,14.0,5.0,2.0,2.0,8.0,4.0,14.0,12.0,2.0,3.0,0.0,1.0
13/02/2022,Milan,Sampdoria,1.0,0.0,H,15.0,4.0,7.0,1.0,4.0,0.0,13.0,11.0,3.0,1.0,0.0,0.0
13/02/2022,Empoli,Cagliari,1.0,1.0,D,13.0,17.0,4.0,5.0,6.0,4.0,14.0,13.0,1.0,2.0,0.0,0.0
13/02/2022,Genoa,Salernitana,1.0,1.0,D,15.0,12.0,5.0,4.0,5.0,4.0,17.0,10.0,3.0,2.0,0.0,0.0
13/02/2022,Verona,Udinese,4.0,0.0,H,6.0,21.0,5.0,7.0,2.0,7.0,18.0,7.0,3.0,1.0,0.0,0.0
13/02/2022,Sassuolo,Roma,2.0,2.0,D,12.0,12.0,3.0,7.0,4.0,3.0,13.0,13.0,4.0,2.0,1.0,0.0
13/02/2022,Atalanta,Juventus,1.0,1.0,D,21.0,15.0,3.0,6.0,8.0,8.0,13.0,9.0,2.0,3.0,0.0,0.0
14/02/2022,Spezia,Fiorentina,1.0,2.0,A,9.0,21.0,1.0,4.0,4.0,8.0,17.0,10.0,2.0,1.0,0.0,0.0
18/02/2022,Juventus,Torino,1.0,1.0,D,11.0,10.0,3.0,3.0,7.0,9.0,16.0,19.0,1.0,2.0,0.0,0.0
19/02/2022,Sampdoria,Empoli,2.0,0.0,H,8.0,10.0,3.0,2.0,3.0,6.0,15.0,12.0,4.0,2.0,0.0,0.0
19/02/2022,Roma,Verona,2.0,2.0,D,7.0,5.0,3.0,3.0,4.0,2.0,18.0,14.0,3.0,2.0,0.0,0.0
19/02/2022,Salernitana,Milan,2.0,2.0,D,9.0,14.0,5.0,5.0,4.0,7.0,14.0,12.0,2.0,4.0,0.0,0.0
20/02/2022,Fiorentina,Atalanta,1.0,0.0,H,6.0,7.0,3.0,1.0,2.0,1.0,17.0,20.0,2.0,5.0,0.0,0.0
20/02/2022,Venezia,Genoa,1.0,1.0,D,15.0,12.0,4.0,3.0,6.0,5.0,14.0,15.0,2.0,2.0,0.0,0.0
20/02/2022,Inter,Sassuolo,0.0,2.0,A,29.0,13.0,8.0,5.0,8.0,3.0,12.0,12.0,1.0,2.0,0.0,0.0
20/02/2022,Udinese,Lazio,1.0,1.0,D,12.0,10.0,2.0,2.0,2.0,12.0,22.0,9.0,3.0,2.0,0.0,0.0
21/02/2022,Cagliari,Napoli,1.0,1.0,D,13.0,7.0,5.0,3.0,3.0,6.0,17.0,22.0,1.0,2.0,0.0,0.0
21/02/2022,Bologna,Spezia,2.0,1.0,H,19.0,6.0,7.0,2.0,11.0,0.0,7.0,13.0,1.0,1.0,0.0,0.0
25/02/2022,Milan,Udinese,1.0,1.0,D,9.0,11.0,3.0,6.0,5.0,4.0,13.0,17.0,2.0,4.0,0.0,0.0
25/02/2022,Genoa,Inter,0.0,0.0,D,7.0,21.0,1.0,4.0,0.0,14.0,11.0,9.0,2.0,1.0,0.0,0.0
26/02/2022,Salernitana,Bologna,1.0,1.0,D,15.0,8.0,4.0,3.0,6.0,1.0,13.0,25.0,2.0,3.0,0.0,0.0
26/02/2022,Empoli,Juventus,2.0,3.0,A,11.0,12.0,2.0,5.0,7.0,3.0,16.0,8.0,2.0,0.0,0.0,0.0
26/02/2022,Sassuolo,Fiorentina,2.0,1.0,H,16.0,15.0,6.0,6.0,6.0,10.0,12.0,12.0,1.0,1.0,0.0,1.0
27/02/2022,Torino,Cagliari,1.0,2.0,A,15.0,11.0,6.0,5.0,4.0,3.0,16.0,20.0,2.0,4.0,0.0,0.0
27/02/2022,Verona,Venezia,3.0,1.0,H,19.0,9.0,11.0,4.0,5.0,5.0,13.0,10.0,0.0,1.0,0.0,0.0
27/02/2022,Spezia,Roma,0.0,1.0,A,9.0,31.0,3.0,10.0,1.0,8.0,13.0,11.0,5.0,3.0,1.0,0.0
27/02/2022,Lazio,Napoli,1.0,2.0,A,13.0,15.0,8.0,7.0,1.0,5.0,13.0,14.0,3.0,2.0,0.0,0.0
28/02/2022,Atalanta,Sampdoria,4.0,0.0,H,19.0,6.0,9.0,1.0,8.0,1.0,16.0,9.0,1.0,2.0,0.0,0.0
04/03/2022,Inter,Salernitana,5.0,0.0,H,23.0,11.0,12.0,3.0,10.0,3.0,11.0,7.0,2.0,1.0,0.0,0.0
05/03/2022,Udinese,Sampdoria,2.0,1.0,H,19.0,8.0,5.0,4.0,11.0,4.0,20.0,14.0,5.0,2.0,0.0,0.0
05/03/2022,Roma,Atalanta,1.0,0.0,H,13.0,7.0,4.0,4.0,6.0,3.0,18.0,14.0,6.0,4.0,1.0,1.0
05/03/2022,Cagliari,Lazio,0.0,3.0,A,16.0,13.0,3.0,5.0,7.0,6.0,10.0,13.0,3.0,2.0,0.0,1.0
06/03/2022,Genoa,Empoli,0.0,0.0,D,18.0,8.0,7.0,2.0,7.0,2.0,15.0,19.0,4.0,3.0,0.0,0.0
06/03/2022,Bologna,Torino,0.0,0.0,D,6.0,13.0,1.0,2.0,5.0,7.0,23.0,16.0,3.0,3.0,0.0,0.0
06/03/2022,Fiorentina,Verona,1.0,1.0,D,8.0,2.0,2.0,2.0,4.0,2.0,15.0,15.0,0.0,4.0,0.0,0.0
06/03/2022,Venezia,Sassuolo,1.0,4.0,A,16.0,16.0,5.0,10.0,8.0,6.0,18.0,14.0,4.0,1.0,0.0,0.0
06/03/2022,Juventus,Spezia,1.0,0.0,H,10.0,9.0,3.0,4.0,4.0,4.0,14.0,11.0,3.0,2.0,0.0,0.0
06/03/2022,Napoli,Milan,0.0,1.0,A,9.0,12.0,2.0,7.0,6.0,7.0,7.0,15.0,4.0,4.0,0.0,0.0
12/03/2022,Salernitana,Sassuolo,2.0,2.0,D,15.0,20.0,5.0,7.0,5.0,5.0,13.0,15.0,2.0,4.0,0.0,1.0
12/03/2022,Spezia,Cagliari,2.0,0.0,H,12.0,11.0,7.0,1.0,8.0,7.0,10.0,17.0,1.0,4.0,0.0,0.0
12/03/2022,Sampdoria,Juventus,1.0,3.0,A,16.0,6.0,5.0,3.0,9.0,0.0,7.0,15.0,0.0,2.0,0.0,0.0
12/03/2022,Milan,Empoli,1.0,0.0,H,15.0,5.0,5.0,2.0,5.0,4.0,6.0,12.0,1.0,0.0,0.0,0.0
13/03/2022,Fiorentina,Bologna,1.0,0.0,H,14.0,4.0,5.0,0.0,9.0,1.0,9.0,16.0,1.0,5.0,0.0,1.0
13/03/2022,Verona,Napoli,1.0,2.0,A,8.0,13.0,1.0,4.0,3.0,5.0,19.0,9.0,6.0,0.0,2.0,0.0
13/03/2022,Atalanta,Genoa,0.0,0.0,D,11.0,13.0,2.0,3.0,4.0,3.0,13.0,17.0,2.0,0.0,0.0,0.0
13/03/2022,Udinese,Roma,1.0,1.0,D,11.0,10.0,5.0,2.0,6.0,4.0,16.0,12.0,3.0,2.0,0.0,0.0
13/03/2022,Torino,Inter,1.0,1.0,D,13.0,15.0,4.0,7.0,3.0,4.0,15.0,17.0,1.0,5.0,0.0,0.0
14/03/2022,Lazio,Venezia,1.0,0.0,H,10.0,7.0,1.0,2.0,8.0,4.0,11.0,13.0,1.0,1.0,0.0,0.0
18/03/2022,Sassuolo,Spezia,4.0,1.0,H,16.0,5.0,7.0,1.0,6.0,2.0,14.0,16.0,2.0,3.0,0.0,0.0
18/03/2022,Genoa,Torino,1.0,0.0,H,7.0,9.0,2.0,3.0,2.0,3.0,12.0,17.0,3.0,3.0,1.0,0.0
19/03/2022,Napoli,Udinese,2.0,1.0,H,20.0,10.0,8.0,3.0,7.0,4.0,10.0,12.0,2.0,2.0,0.0,1.0
19/03/2022,Inter,Fiorentina,1.0,1.0,D,13.0,17.0,5.0,4.0,5.0,3.0,14.0,12.0,1.0,2.0,0.0,0.0
19/03/2022,Cagliari,Milan,0.0,1.0,A,13.0,21.0,1.0,5.0,6.0,5.0,13.0,14.0,1.0,0.0,0.0,0.0
20/03/2022,Venezia,Sampdoria,0.0,2.0,A,13.0,8.0,1.0,4.0,3.0,4.0,28.0,17.0,5.0,1.0,1.0,0.0
20/03/2022,Empoli,Verona,1.0,1.0,D,7.0,14.0,2.0,4.0,3.0,7.0,17.0,13.0,2.0,3.0,0.0,0.0
20/03/2022,Juventus,Salernitana,2.0,0.0,H,12.0,12.0,7.0,4.0,5.0,5.0,10.0,13.0,3.0,2.0,0.0,0.0
20/03/2022,Roma,Lazio,3.0,0.0,H,11.0,9.0,5.0,3.0,6.0,3.0,16.0,12.0,4.0,3.0,0.0,0.0
20/03/2022,Bologna,Atalanta,0.0,1.0,A,12.0,15.0,3.0,2.0,6.0,3.0,9.0,12.0,0.0,1.0,0.0,0.0
02/04/2022,Spezia,Venezia,1.0,0.0,H,11.0,13.0,5.0,2.0,5.0,2.0,15.0,12.0,3.0,1.0,0.0,0.0
02/04/2022,Lazio,Sassuolo,2.0,1.0,H,14.0,20.0,5.0,5.0,4.0,3.0,11.0,8.0,1.0,3.0,0.0,0.0
02/04/2022,Salernitana,Torino,0.0,1.0,A,14.0,8.0,3.0,5.0,9.0,2.0,15.0,21.0,5.0,4.0,1.0,0.0
03/04/2022,Fiorentina,Empoli,1.0,0.0,H,24.0,5.0,11.0,1.0,5.0,0.0,10.0,20.0,1.0,3.0,0.0,1.0
03/04/2022,Atalanta,Napoli,1.0,3.0,A,19.0,6.0,3.0,5.0,9.0,1.0,15.0,11.0,2.0,3.0,0.0,0.0
03/04/2022,Udinese,Cagliari,5.0,1.0,H,24.0,6.0,11.0,3.0,2.0,2.0,19.0,15.0,2.0,4.0,0.0,1.0
03/04/2022,Sampdoria,Roma,0.0,1.0,A,8.0,6.0,3.0,1.0,4.0,4.0,15.0,13.0,2.0,3.0,0.0,0.0
03/04/2022,Juventus,Inter,0.0,1.0,A,23.0,5.0,5.0,1.0,8.0,1.0,9.0,19.0,4.0,4.0,0.0,0.0
04/04/2022,Verona,Genoa,1.0,0.0,H,7.0,7.0,3.0,4.0,2.0,5.0,16.0,15.0,4.0,3.0,0.0,0.0
04/04/2022,Milan,Bologna,0.0,0.0,D,33.0,8.0,7.0,4.0,9.0,2.0,10.0,7.0,0.0,2.0,0.0,0.0
09/04/2022,Empoli,Spezia,0.0,0.0,D,15.0,11.0,4.0,5.0,5.0,4.0,11.0,18.0,2.0,2.0,0.0,0.0
09/04/2022,Inter,Verona,2.0,0.0,H,18.0,9.0,6.0,3.0,10.0,2.0,10.0,7.0,2.0,0.0,0.0,0.0
09/04/2022,Cagliari,Juventus,1.0,2.0,A,4.0,20.0,1.0,6.0,1.0,4.0,19.0,10.0,1.0,0.0,0.0,0.0
10/04/2022,Genoa,Lazio,1.0,4.0,A,15.0,17.0,4.0,11.0,3.0,6.0,7.0,8.0,0.0,1.0,0.0,0.0
10/04/2022,Napoli,Fiorentina,2.0,3.0,A,15.0,11.0,3.0,4.0,3.0,2.0,10.0,17.0,0.0,3.0,0.0,0.0
10/04/2022,Sassuolo,Atalanta,2.0,1.0,H,14.0,15.0,7.0,4.0,8.0,8.0,18.0,14.0,2.0,1.0,0.0,0.0
10/04/2022,Venezia,Udinese,1.0,2.0,A,9.0,16.0,4.0,5.0,7.0,11.0,15.0,11.0,7.0,2.0,0.0,0.0
10/04/2022,Roma,Salernitana,2.0,1.0,H,17.0,6.0,7.0,3.0,9.0,2.0,16.0,23.0,5.0,8.0,0.0,0.0
10/04/2022,Torino,Milan,0.0,0.0,D,14.0,14.0,3.0,3.0,6.0,5.0,18.0,6.0,2.0,2.0,0.0,0.0
11/04/2022,Bologna,Sampdoria,2.0,0.0,H,19.0,9.0,4.0,2.0,6.0,0.0,11.0,11.0,1.0,2.0,0.0,0.0
15/04/2022,Spezia,Inter,1.0,3.0,A,10.0,23.0,2.0,7.0,6.0,7.0,9.0,11.0,2.0,0.0,0.0,0.0
15/04/2022,Milan,Genoa,2.0,0.0,H,10.0,7.0,5.0,1.0,3.0,1.0,10.0,19.0,1.0,2.0,0.0,0.0
16/04/2022,Cagliari,Sassuolo,1.0,0.0,H,16.0,8.0,8.0,2.0,3.0,3.0,15.0,11.0,2.0,2.0,0.0,0.0
16/04/2022,Sampdoria,Salernitana,1.0,2.0,A,5.0,7.0,1.0,2.0,5.0,2.0,18.0,23.0,1.0,7.0,0.0,0.0
16/04/2022,Udinese,Empoli,4.0,1.0,H,13.0,15.0,5.0,4.0,4.0,7.0,18.0,13.0,1.0,4.0,0.0,0.0
16/04/2022,Fiorentina,Venezia,1.0,0.0,H,22.0,3.0,6.0,1.0,5.0,0.0,15.0,17.0,4.0,4.0,0.0,0.0
16/04/2022,Juventus,Bologna,1.0,1.0,D,23.0,9.0,4.0,2.0,4.0,5.0,11.0,11.0,1.0,5.0,0.0,2.0
16/04/2022,Lazio,Torino,1.0,1.0,D,10.0,12.0,4.0,4.0,9.0,7.0,10.0,12.0,1.0,2.0,0.0,0.0
18/04/2022,Napoli,Roma,1.0,1.0,D,9.0,8.0,4.0,6.0,5.0,5.0,21.0,12.0,4.0,2.0,0.0,0.0
18/04/2022,Atalanta,Verona,1.0,2.0,A,17.0,21.0,4.0,6.0,10.0,1.0,13.0,13.0,3.0,3.0,0.0,0.0
20/04/2022,Udinese,Salernitana,0.0,1.0,A,11.0,9.0,3.0,2.0,9.0,3.0,20.0,13.0,3.0,5.0,0.0,0.0
23/04/2022,Torino,Spezia,2.0,1.0,H,14.0,7.0,6.0,2.0,5.0,6.0,9.0,13.0,1.0,2.0,0.0,0.0
23/04/2022,Venezia,Atalanta,1.0,3.0,A,8.0,19.0,2.0,5.0,0.0,7.0,12.0,13.0,0.0,3.0,0.0,0.0
23/04/2022,Inter,Roma,3.0,1.0,H,11.0,9.0,8.0,2.0,4.0,3.0,11.0,13.0,2.0,2.0,0.0,0.0
23/04/2022,Verona,Sampdoria,1.0,1.0,D,12.0,4.0,1.0,3.0,4.0,5.0,15.0,15.0,1.0,3.0,0.0,0.0
24/04/2022,Salernitana,Fiorentina,2.0,1.0,H,10.0,8.0,4.0,3.0,6.0,4.0,15.0,12.0,1.0,1.0,0.0,0.0
24/04/2022,Bologna,Udinese,2.0,2.0,D,10.0,17.0,3.0,5.0,2.0,4.0,9.0,22.0,2.0,2.0,0.0,0.0
24/04/2022,Empoli,Napoli,3.0,2.0,H,17.0,16.0,7.0,2.0,10.0,7.0,14.0,9.0,4.0,1.0,0.0,0.0
24/04/2022,Genoa,Cagliari,1.0,0.0,H,13.0,11.0,2.0,1.0,2.0,3.0,21.0,18.0,3.0,2.0,0.0,0.0
24/04/2022,Lazio,Milan,1.0,2.0,A,7.0,25.0,2.0,8.0,2.0,8.0,13.0,15.0,3.0,4.0,0.0,0.0
25/04/2022,Sassuolo,Juventus,1.0,2.0,A,22.0,10.0,7.0,5.0,6.0,4.0,15.0,8.0,2.0,2.0,0.0,0.0
27/04/2022,Fiorentina,Udinese,0.0,4.0,A,18.0,17.0,7.0,8.0,14.0,2.0,12.0,22.0,3.0,4.0,0.0,0.0
27/04/2022,Atalanta,Torino,4.0,4.0,D,16.0,5.0,5.0,4.0,8.0,0.0,12.0,11.0,2.0,2.0,0.0,0.0
27/04/2022,Bologna,Inter,2.0,1.0,H,5.0,26.0,3.0,7.0,0.0,7.0,11.0,9.0,1.0,3.0,0.0,0.0
30/04/2022,Cagliari,Verona,1.0,2.0,A,14.0,13.0,5.0,4.0,2.0,2.0,16.0,17.0,2.0,4.0,0.0,0.0
30/04/2022,Napoli,Sassuolo,6.0,1.0,H,18.0,13.0,8.0,4.0,4.0,3.0,10.0,9.0,0.0,3.0,0.0,0.0
30/04/2022,Sampdoria,Genoa,1.0,0.0,H,10.0,14.0,2.0,4.0,1.0,2.0,13.0,23.0,3.0,1.0,0.0,0.0
30/04/2022,Spezia,Lazio,3.0,4.0,A,9.0,22.0,3.0,9.0,4.0,5.0,15.0,10.0,3.0,1.0,0.0,0.0
01/05/2022,Juventus,Venezia,2.0,1.0,H,17.0,9.0,4.0,3.0,8.0,4.0,17.0,12.0,3.0,3.0,0.0,0.0
01/05/2022,Empoli,Torino,1.0,3.0,A,11.0,13.0,4.0,3.0,5.0,4.0,14.0,11.0,5.0,2.0,2.0,0.0
01/05/2022,Milan,Fiorentina,1.0,0.0,H,13.0,8.0,2.0,2.0,2.0,2.0,17.0,17.0,1.0,3.0,0.0,0.0
01/05/2022,Udinese,Inter,1.0,2.0,A,7.0,12.0,3.0,5.0,5.0,11.0,12.0,10.0,2.0,1.0,0.0,0.0
01/05/2022,Roma,Bologna,0.0,0.0,D,17.0,10.0,5.0,4.0,10.0,5.0,10.0,9.0,0.0,1.0,0.0,0.0
02/05/2022,Atalanta,Salernitana,1.0,1.0,D,20.0,11.0,5.0,9.0,11.0,4.0,13.0,9.0,3.0,2.0,0.0,0.0
05/05/2022,Salernitana,Venezia,2.0,1.0,H,19.0,10.0,4.0,4.0,6.0,4.0,12.0,17.0,2.0,7.0,0.0,1.0
06/05/2022,Inter,Empoli,4.0,2.0,H,37.0,4.0,10.0,2.0,15.0,2.0,10.0,9.0,1.0,0.0,0.0,0.0
06/05/2022,Genoa,Juventus,2.0,1.0,H,18.0,12.0,6.0,4.0,9.0,2.0,13.0,15.0,2.0,3.0,0.0,0.0
07/05/2022,Torino,Napoli,0.0,1.0,A,10.0,11.0,3.0,6.0,6.0,4.0,18.0,11.0,2.0,3.0,0.0,0.0
07/05/2022,Sassuolo,Udinese,1.0,1.0,D,15.0,13.0,6.0,6.0,6.0,9.0,10.0,18.0,2.0,2.0,0.0,0.0
07/05/2022,Lazio,Sampdoria,2.0,0.0,H,16.0,9.0,10.0,2.0,6.0,0.0,9.0,9.0,1.0,1.0,0.0,0.0
08/05/2022,Spezia,Atalanta,1.0,3.0,A,5.0,17.0,1.0,6.0,0.0,3.0,10.0,12.0,2.0,3.0,0.0,0.0
08/05/2022,Venezia,Bologna,4.0,3.0,H,18.0,23.0,9.0,10.0,4.0,8.0,10.0,13.0,2.0,4.0,0.0,0.0
08/05/2022,Salernitana,Cagliari,1.0,1.0,D,13.0,9.0,2.0,3.0,7.0,6.0,12.0,17.0,5.0,2.0,1.0,1.0
08/05/2022,Verona,Milan,1.0,3.0,A,10.0,18.0,3.0,8.0,5.0,8.0,15.0,7.0,2.0,1.0,0.0,0.0
09/05/2022,Fiorentina,Roma,2.0,0.0,H,12.0,6.0,7.0,1.0,5.0,3.0,16.0,11.0,3.0,1.0,0.0,0.0
14/05/2022,Empoli,Salernitana,1.0,1.0,D,16.0,28.0,6.0,9.0,3.0,11.0,18.0,8.0,2.0,2.0,0.0,0.0
14/05/2022,Udinese,Spezia,2.0,3.0,A,17.0,10.0,6.0,6.0,4.0,2.0,19.0,10.0,3.0,2.0,0.0,0.0
14/05/2022,Verona,Torino,0.0,1.0,A,10.0,11.0,5.0,5.0,4.0,4.0,17.0,18.0,4.0,2.0,0.0,0.0
14/05/2022,Roma,Venezia,1.0,1.0,D,46.0,4.0,16.0,2.0,20.0,2.0,11.0,14.0,2.0,5.0,0.0,1.0
15/05/2022,Bologna,Sassuolo,1.0,3.0,A,8.0,16.0,2.0,7.0,4.0,9.0,9.0,10.0,0.0,1.0,0.0,0.0
15/05/2022,Napoli,Genoa,3.0,0.0,H,17.0,11.0,9.0,3.0,9.0,2.0,13.0,15.0,1.0,1.0,0.0,0.0
15/05/2022,Milan,Atalanta,2.0,0.0,H,12.0,12.0,6.0,2.0,4.0,6.0,8.0,14.0,3.0,2.0,0.0,0.0
15/05/2022,Cagliari,Inter,1.0,3.0,A,10.0,17.0,2.0,7.0,2.0,5.0,12.0,15.0,0.0,2.0,0.0,0.0
16/05/2022,Sampdoria,Fiorentina,4.0,1.0,H,12.0,12.0,5.0,1.0,4.0,5.0,18.0,9.0,2.0,3.0,1.0,0.0
16/05/2022,Juventus,Lazio,2.0,2.0,D,4.0,18.0,2.0,7.0,0.0,9.0,16.0,13.0,3.0,3.0,0.0,0.0
20/05/2022,Torino,Roma,0.0,3.0,A,13.0,14.0,2.0,6.0,5.0,6.0,10.0,10.0,2.0,2.0,0.0,0.0
21/05/2022,Genoa,Bologna,0.0,1.0,A,18.0,11.0,5.0,4.0,9.0,9.0,17.0,10.0,3.0,1.0,0.0,0.0
21/05/2022,Atalanta,Empoli,0.0,1.0,A,40.0,7.0,10.0,3.0,15.0,2.0,6.0,7.0,1.0,1.0,0.0,0.0
21/05/2022,Fiorentina,Juventus,2.0,0.0,H,13.0,1.0,4.0,0.0,6.0,2.0,13.0,14.0,3.0,3.0,0.0,0.0
21/05/2022,Lazio,Verona,3.0,3.0,D,19.0,10.0,7.0,7.0,6.0,4.0,9.0,19.0,2.0,6.0,0.0,0.0
22/05/2022,Spezia,Napoli,0.0,3.0,A,16.0,10.0,4.0,4.0,4.0,2.0,10.0,9.0,1.0,2.0,0.0,0.0
22/05/2022,Inter,Sampdoria,3.0,0.0,H,27.0,9.0,12.0,3.0,8.0,2.0,6.0,12.0,1.0,2.0,0.0,0.0
22/05/2022,Sassuolo,Milan,0.0,3.0,A,15.0,18.0,3.0,12.0,3.0,7.0,8.0,13.0,2.0,1.0,0.0,0.0
22/05/2022,Salernitana,Udinese,0.0,4.0,A,25.0,19.0,10.0,11.0,7.0,1.0,11.0,12.0,1.0,1.0,0.0,0.0
22/05/2022,Venezia,Cagliari,0.0,0.0,D,7.0,31.0,1.0,7.0,6.0,11.0,6.0,19.0,0.0,3.0,0.0,0.0
13/08/2022,Milan,Udinese,4.0,2.0,H,14.0,9.0,5.0,4.0,5.0,1.0,16.0,13.0,1.0,4.0,0.0,0.0
13/08/2022,Sampdoria,Atalanta,0.0,2.0,A,11.0,9.0,1.0,3.0,3.0,2.0,13.0,21.0,4.0,6.0,0.0,0.0
13/08/2022,Lecce,Inter,1.0,2.0,A,10.0,19.0,4.0,9.0,6.0,8.0,21.0,19.0,4.0,2.0,0.0,0.0
13/08/2022,Monza,Torino,1.0,2.0,A,15.0,13.0,4.0,6.0,2.0,7.0,6.0,17.0,1.0,2.0,0.0,0.0
14/08/2022,Fiorentina,Cremonese,3.0,2.0,H,27.0,13.0,11.0,4.0,11.0,4.0,10.0,19.0,0.0,3.0,0.0,1.0
14/08/2022,Lazio,Bologna,2.0,1.0,H,9.0,11.0,6.0,3.0,3.0,2.0,11.0,18.0,2.0,6.0,1.0,1.0
14/08/2022,Salernitana,Roma,0.0,1.0,A,13.0,20.0,2.0,5.0,4.0,2.0,18.0,9.0,3.0,2.0,0.0,0.0
14/08/2022,Spezia,Empoli,1.0,0.0,H,9.0,18.0,2.0,5.0,6.0,4.0,15.0,8.0,2.0,1.0,0.0,0.0
15/08/2022,Verona,Napoli,2.0,5.0,A,6.0,25.0,3.0,8.0,4.0,8.0,15.0,6.0,2.0,2.0,0.0,0.0
15/08/2022,Juventus,Sassuolo,3.0,0.0,H,14.0,19.0,4.0,7.0,3.0,2.0,7.0,5.0,1.0,3.0,0.0,0.0
20/08/2022,Torino,Lazio,0.0,0.0,D,10.0,7.0,1.0,2.0,6.0,4.0,11.0,12.0,0.0,5.0,0.0,0.0
20/08/2022,Udinese,Salernitana,0.0,0.0,D,15.0,17.0,2.0,6.0,6.0,6.0,9.0,12.0,2.0,4.0,1.0,0.0
20/08/2022,Inter,Spezia,3.0,0.0,H,19.0,2.0,8.0,0.0,10.0,4.0,11.0,7.0,0.0,0.0,0.0,0.0
20/08/2022,Sassuolo,Lecce,1.0,0.0,H,12.0,7.0,3.0,1.0,5.0,4.0,14.0,12.0,5.0,1.0,0.0,0.0
21/08/2022,Empoli,Fiorentina,0.0,0.0,D,4.0,19.0,2.0,2.0,1.0,9.0,13.0,11.0,1.0,3.0,1.0,0.0
21/08/2022,Napoli,Monza,4.0,0.0,H,22.0,4.0,5.0,1.0,10.0,4.0,11.0,13.0,2.0,1.0,0.0,0.0
21/08/2022,Atalanta,Milan,1.0,1.0,D,11.0,18.0,2.0,7.0,4.0,6.0,15.0,6.0,4.0,3.0,0.0,0.0
21/08/2022,Bologna,Verona,1.0,1.0,D,17.0,19.0,5.0,3.0,9.0,8.0,10.0,14.0,3.0,3.0,1.0,0.0
22/08/2022,Roma,Cremonese,1.0,0.0,H,27.0,14.0,12.0,3.0,5.0,6.0,7.0,14.0,0.0,3.0,0.0,0.0
22/08/2022,Sampdoria,Juventus,0.0,0.0,D,10.0,10.0,1.0,4.0,3.0,4.0,8.0,14.0,3.0,2.0,0.0,0.0
26/08/2022,Monza,Udinese,1.0,2.0,A,10.0,15.0,5.0,4.0,3.0,5.0,16.0,10.0,3.0,2.0,0.0,0.0
26/08/2022,Lazio,Inter,3.0,1.0,H,11.0,19.0,7.0,7.0,2.0,4.0,5.0,12.0,2.0,1.0,0.0,0.0
27/08/2022,Cremonese,Torino,1.0,2.0,A,16.0,14.0,6.0,5.0,3.0,3.0,9.0,21.0,0.0,3.0,0.0,0.0
27/08/2022,Juventus,Roma,1.0,1.0,D,14.0,8.0,3.0,4.0,4.0,5.0,16.0,7.0,2.0,2.0,0.0,0.0
27/08/2022,Milan,Bologna,2.0,0.0,H,19.0,8.0,7.0,0.0,5.0,1.0,13.0,9.0,2.0,1.0,0.0,0.0
27/08/2022,Spezia,Sassuolo,2.0,2.0,D,7.0,21.0,2.0,8.0,2.0,6.0,17.0,10.0,2.0,1.0,1.0,0.0
28/08/2022,Salernitana,Sampdoria,4.0,0.0,H,9.0,17.0,6.0,6.0,6.0,3.0,19.0,14.0,2.0,2.0,0.0,0.0
28/08/2022,Verona,Atalanta,0.0,1.0,A,14.0,15.0,2.0,7.0,7.0,6.0,15.0,7.0,3.0,3.0,0.0,0.0
28/08/2022,Fiorentina,Napoli,0.0,0.0,D,10.0,13.0,5.0,2.0,2.0,3.0,12.0,14.0,2.0,3.0,0.0,0.0
28/08/2022,Lecce,Empoli,1.0,1.0,D,15.0,9.0,5.0,3.0,3.0,5.0,10.0,5.0,1.0,2.0,0.0,0.0
30/08/2022,Sassuolo,Milan,0.0,0.0,D,8.0,10.0,3.0,2.0,3.0,8.0,14.0,13.0,5.0,2.0,0.0,0.0
30/08/2022,Inter,Cremonese,3.0,1.0,H,18.0,11.0,7.0,4.0,6.0,6.0,6.0,14.0,0.0,3.0,0.0,0.0
30/08/2022,Roma,Monza,3.0,0.0,H,14.0,13.0,7.0,1.0,5.0,4.0,10.0,7.0,0.0,3.0,0.0,0.0
31/08/2022,Empoli,Verona,1.0,1.0,D,16.0,9.0,4.0,3.0,7.0,10.0,5.0,21.0,0.0,4.0,0.0,0.0
31/08/2022,Sampdoria,Lazio,1.0,1.0,D,10.0,13.0,3.0,6.0,5.0,7.0,10.0,7.0,0.0,2.0,0.0,0.0
31/08/2022,Udinese,Fiorentina,1.0,0.0,H,8.0,12.0,3.0,2.0,3.0,7.0,13.0,9.0,1.0,2.0,0.0,0.0
31/08/2022,Juventus,Spezia,2.0,0.0,H,15.0,9.0,3.0,0.0,7.0,3.0,1.0,4.0,0.0,2.0,0.0,0.0
31/08/2022,Napoli,Lecce,1.0,1.0,D,19.0,9.0,7.0,4.0,6.0,4.0,1.0,3.0,1.0,4.0,0.0,0.0
01/09/2022,Atalanta,Torino,3.0,1.0,H,12.0,8.0,5.0,2.0,7.0,2.0,14.0,13.0,1.0,3.0,0.0,0.0
01/09/2022,Bologna,Salernitana,1.0,1.0,D,11.0,20.0,4.0,4.0,1.0,8.0,10.0,11.0,2.0,2.0,0.0,0.0
03/09/2022,Fiorentina,Juventus,1.0,1.0,D,17.0,4.0,5.0,1.0,10.0,2.0,13.0,12.0,1.0,3.0,0.0,0.0
03/09/2022,Milan,Inter,3.0,2.0,H,21.0,16.0,5.0,5.0,2.0,5.0,10.0,12.0,5.0,2.0,0.0,0.0
03/09/2022,Lazio,Napoli,1.0,2.0,A,8.0,19.0,2.0,7.0,6.0,8.0,12.0,14.0,4.0,0.0,0.0,0.0
04/09/2022,Cremonese,Sassuolo,0.0,0.0,D,10.0,17.0,0.0,7.0,2.0,3.0,16.0,6.0,1.0,1.0,0.0,0.0
04/09/2022,Spezia,Bologna,2.0,2.0,D,15.0,13.0,5.0,6.0,7.0,2.0,12.0,5.0,4.0,1.0,0.0,0.0
04/09/2022,Verona,Sampdoria,2.0,1.0,H,17.0,11.0,9.0,3.0,7.0,2.0,16.0,11.0,2.0,2.0,0.0,0.0
04/09/2022,Udinese,Roma,4.0,0.0,H,11.0,12.0,5.0,2.0,3.0,7.0,16.0,13.0,3.0,2.0,0.0,0.0
05/09/2022,Monza,Atalanta,0.0,2.0,A,11.0,13.0,3.0,6.0,4.0,9.0,9.0,10.0,1.0,1.0,0.0,0.0
05/09/2022,Salernitana,Empoli,2.0,2.0,D,15.0,11.0,4.0,5.0,6.0,7.0,7.0,9.0,3.0,2.0,0.0,0.0
05/09/2022,Torino,Lecce,1.0,0.0,H,13.0,10.0,4.0,2.0,4.0,4.0,16.0,8.0,2.0,1.0,0.0,0.0
10/09/2022,Napoli,Spezia,1.0,0.0,H,28.0,10.0,6.0,1.0,10.0,5.0,6.0,14.0,1.0,2.0,0.0,0.0
10/09/2022,Inter,Torino,1.0,0.0,H,16.0,9.0,3.0,7.0,6.0,5.0,8.0,17.0,1.0,2.0,0.0,0.0
10/09/2022,Sampdoria,Milan,1.0,2.0,A,10.0,15.0,4.0,4.0,2.0,4.0,12.0,10.0,5.0,2.0,0.0,1.0
11/09/2022,Atalanta,Cremonese,1.0,1.0,D,14.0,7.0,6.0,4.0,3.0,3.0,9.0,17.0,2.0,5.0,0.0,0.0
11/09/2022,Bologna,Fiorentina,2.0,1.0,H,12.0,13.0,4.0,2.0,6.0,8.0,8.0,13.0,1.0,4.0,0.0,1.0
11/09/2022,Lecce,Monza,1.0,1.0,D,7.0,2.0,3.0,1.0,8.0,5.0,18.0,22.0,3.0,3.0,0.0,0.0
11/09/2022,Sassuolo,Udinese,1.0,3.0,A,5.0,17.0,2.0,4.0,5.0,6.0,7.0,15.0,1.0,3.0,1.0,0.0
11/09/2022,Lazio,Verona,2.0,0.0,H,15.0,7.0,6.0,1.0,3.0,5.0,5.0,23.0,2.0,5.0,0.0,0.0
11/09/2022,Juventus,Salernitana,2.0,2.0,D,22.0,11.0,7.0,5.0,8.0,2.0,13.0,15.0,5.0,4.0,2.0,1.0
12/09/2022,Empoli,Roma,1.0,2.0,A,20.0,13.0,3.0,7.0,7.0,7.0,13.0,12.0,3.0,1.0,1.0,0.0
16/09/2022,Salernitana,Lecce,1.0,2.0,A,8.0,13.0,4.0,4.0,4.0,5.0,9.0,11.0,1.0,3.0,0.0,0.0
17/09/2022,Bologna,Empoli,0.0,1.0,A,16.0,12.0,3.0,5.0,5.0,8.0,11.0,16.0,2.0,3.0,0.0,0.0
17/09/2022,Spezia,Sampdoria,2.0,1.0,H,6.0,11.0,3.0,8.0,3.0,6.0,17.0,14.0,4.0,5.0,0.0,0.0
17/09/2022,Torino,Sassuolo,0.0,1.0,A,12.0,10.0,3.0,5.0,4.0,3.0,13.0,7.0,4.0,1.0,0.0,0.0
18/09/2022,Udinese,Inter,3.0,1.0,H,20.0,14.0,6.0,3.0,7.0,4.0,11.0,13.0,3.0,4.0,0.0,0.0
18/09/2022,Cremonese,Lazio,0.0,4.0,A,18.0,14.0,3.0,6.0,8.0,5.0,12.0,9.0,1.0,1.0,0.0,0.0
18/09/2022,Fiorentina,Verona,2.0,0.0,H,15.0,8.0,9.0,1.0,7.0,3.0,18.0,17.0,4.0,4.0,0.0,0.0
18/09/2022,Monza,Juventus,1.0,0.0,H,17.0,10.0,4.0,2.0,5.0,3.0,16.0,17.0,2.0,1.0,0.0,1.0
18/09/2022,Roma,Atalanta,0.0,1.0,A,21.0,4.0,5.0,1.0,5.0,1.0,9.0,19.0,0.0,7.0,0.0,0.0
18/09/2022,Milan,Napoli,1.0,2.0,A,22.0,9.0,5.0,4.0,9.0,4.0,18.0,11.0,4.0,3.0,0.0,0.0
01/10/2022,Napoli,Torino,3.0,1.0,H,15.0,16.0,7.0,3.0,4.0,4.0,4.0,17.0,0.0,2.0,0.0,0.0
01/10/2022,Inter,Roma,1.0,2.0,A,15.0,10.0,2.0,3.0,5.0,1.0,15.0,14.0,4.0,3.0,0.0,0.0
01/10/2022,Empoli,Milan,1.0,3.0,A,16.0,19.0,4.0,6.0,3.0,7.0,15.0,10.0,4.0,2.0,0.0,0.0
02/10/2022,Lazio,Spezia,4.0,0.0,H,13.0,14.0,6.0,2.0,3.0,6.0,3.0,14.0,0.0,2.0,0.0,0.0
02/10/2022,Lecce,Cremonese,1.0,1.0,D,6.0,13.0,1.0,4.0,1.0,8.0,11.0,15.0,3.0,1.0,0.0,0.0
02/10/2022,Sampdoria,Monza,0.0,3.0,A,3.0,13.0,1.0,6.0,2.0,4.0,16.0,24.0,2.0,2.0,0.0,0.0
02/10/2022,Sassuolo,Salernitana,5.0,0.0,H,17.0,6.0,11.0,1.0,1.0,2.0,10.0,8.0,1.0,1.0,0.0,0.0
02/10/2022,Atalanta,Fiorentina,1.0,0.0,H,10.0,16.0,5.0,5.0,1.0,5.0,12.0,10.0,2.0,2.0,0.0,0.0
02/10/2022,Juventus,Bologna,3.0,0.0,H,17.0,9.0,6.0,1.0,2.0,4.0,11.0,15.0,0.0,1.0,0.0,0.0
03/10/2022,Verona,Udinese,1.0,2.0,A,7.0,21.0,2.0,8.0,4.0,9.0,15.0,11.0,3.0,3.0,0.0,0.0
08/10/2022,Sassuolo,Inter,1.0,2.0,A,15.0,16.0,3.0,4.0,6.0,5.0,14.0,17.0,3.0,2.0,0.0,0.0
08/10/2022,Milan,Juventus,2.0,0.0,H,21.0,10.0,3.0,3.0,9.0,3.0,7.0,7.0,2.0,3.0,0.0,0.0
08/10/2022,Bologna,Sampdoria,1.0,1.0,D,10.0,9.0,3.0,3.0,2.0,5.0,17.0,21.0,2.0,3.0,0.0,0.0
09/10/2022,Torino,Empoli,1.0,1.0,D,20.0,6.0,7.0,2.0,6.0,1.0,15.0,9.0,2.0,4.0,0.0,0.0
09/10/2022,Monza,Spezia,2.0,0.0,H,7.0,9.0,4.0,1.0,3.0,6.0,10.0,20.0,3.0,2.0,0.0,0.0
09/10/2022,Salernitana,Verona,2.0,1.0,H,14.0,12.0,4.0,2.0,1.0,6.0,9.0,15.0,3.0,3.0,1.0,1.0
09/10/2022,Udinese,Atalanta,2.0,2.0,D,10.0,9.0,2.0,5.0,5.0,3.0,11.0,12.0,2.0,3.0,0.0,0.0
09/10/2022,Cremonese,Napoli,1.0,4.0,A,12.0,21.0,1.0,10.0,5.0,2.0,18.0,6.0,2.0,0.0,0.0,0.0
09/10/2022,Roma,Lecce,2.0,1.0,H,20.0,6.0,6.0,3.0,13.0,4.0,12.0,11.0,2.0,2.0,0.0,1.0
10/10/2022,Fiorentina,Lazio,0.0,4.0,A,24.0,10.0,3.0,6.0,9.0,2.0,17.0,9.0,4.0,1.0,0.0,0.0
15/10/2022,Empoli,Monza,1.0,0.0,H,11.0,16.0,5.0,4.0,2.0,9.0,17.0,14.0,5.0,3.0,0.0,1.0
15/10/2022,Torino,Juventus,0.0,1.0,A,15.0,14.0,2.0,8.0,3.0,6.0,11.0,8.0,2.0,0.0,0.0,0.0
15/10/2022,Atalanta,Sassuolo,2.0,1.0,H,16.0,11.0,4.0,3.0,3.0,3.0,10.0,8.0,1.0,4.0,0.0,0.0
16/10/2022,Inter,Salernitana,2.0,0.0,H,16.0,8.0,6.0,3.0,6.0,4.0,12.0,14.0,0.0,1.0,0.0,0.0
16/10/2022,Lazio,Udinese,0.0,0.0,D,8.0,12.0,3.0,2.0,7.0,3.0,8.0,11.0,1.0,4.0,0.0,0.0
16/10/2022,Spezia,Cremonese,2.0,2.0,D,15.0,24.0,6.0,4.0,6.0,8.0,12.0,11.0,2.0,0.0,0.0,0.0
16/10/2022,Napoli,Bologna,3.0,2.0,H,30.0,16.0,11.0,3.0,6.0,4.0,6.0,10.0,0.0,4.0,0.0,0.0
16/10/2022,Verona,Milan,1.0,2.0,A,19.0,16.0,5.0,6.0,9.0,3.0,7.0,9.0,3.0,2.0,0.0,0.0
17/10/2022,Sampdoria,Roma,0.0,1.0,A,8.0,7.0,1.0,4.0,4.0,3.0,20.0,20.0,5.0,3.0,0.0,0.0
17/10/2022,Lecce,Fiorentina,1.0,1.0,D,6.0,10.0,2.0,5.0,2.0,8.0,15.0,16.0,5.0,5.0,1.0,0.0
21/10/2022,Juventus,Empoli,4.0,0.0,H,21.0,12.0,7.0,4.0,6.0,4.0,13.0,11.0,2.0,2.0,0.0,0.0
22/10/2022,Salernitana,Spezia,1.0,0.0,H,17.0,14.0,4.0,2.0,4.0,7.0,9.0,8.0,2.0,4.0,0.0,0.0
22/10/2022,Milan,Monza,4.0,1.0,H,12.0,16.0,7.0,6.0,2.0,2.0,18.0,9.0,1.0,1.0,0.0,0.0
22/10/2022,Fiorentina,Inter,3.0,4.0,A,10.0,8.0,4.0,7.0,1.0,2.0,15.0,14.0,4.0,3.0,0.0,0.0
23/10/2022,Udinese,Torino,1.0,2.0,A,16.0,15.0,4.0,4.0,7.0,4.0,12.0,15.0,3.0,4.0,0.0,0.0
23/10/2022,Bologna,Lecce,2.0,0.0,H,12.0,9.0,3.0,3.0,9.0,4.0,11.0,14.0,5.0,2.0,0.0,0.0
23/10/2022,Atalanta,Lazio,0.0,2.0,A,7.0,12.0,0.0,5.0,5.0,8.0,15.0,9.0,4.0,2.0,1.0,0.0
23/10/2022,Roma,Napoli,0.0,1.0,A,6.0,12.0,0.0,5.0,3.0,4.0,14.0,12.0,3.0,4.0,0.0,0.0
24/10/2022,Cremonese,Sampdoria,0.0,1.0,A,21.0,8.0,4.0,4.0,5.0,1.0,16.0,15.0,3.0,4.0,0.0,0.0
24/10/2022,Sassuolo,Verona,2.0,1.0,H,14.0,13.0,3.0,5.0,4.0,5.0,7.0,19.0,1.0,3.0,0.0,0.0
29/10/2022,Napoli,Sassuolo,4.0,0.0,H,18.0,10.0,6.0,6.0,11.0,5.0,5.0,6.0,0.0,3.0,0.0,1.0
29/10/2022,Lecce,Juventus,0.0,1.0,A,5.0,13.0,0.0,5.0,7.0,7.0,16.0,13.0,3.0,5.0,0.0,0.0
29/10/2022,Inter,Sampdoria,3.0,0.0,H,17.0,9.0,8.0,2.0,3.0,3.0,5.0,13.0,1.0,6.0,0.0,0.0
30/10/2022,Empoli,Atalanta,0.0,2.0,A,13.0,20.0,3.0,6.0,7.0,2.0,10.0,13.0,2.0,1.0,0.0,0.0
30/10/2022,Cremonese,Udinese,0.0,0.0,D,13.0,13.0,2.0,3.0,7.0,4.0,8.0,9.0,1.0,0.0,0.0,0.0
30/10/2022,Spezia,Fiorentina,1.0,2.0,A,10.0,27.0,6.0,5.0,5.0,5.0,19.0,14.0,5.0,3.0,1.0,0.0
30/10/2022,Lazio,Salernitana,1.0,3.0,A,13.0,10.0,4.0,6.0,4.0,5.0,10.0,7.0,3.0,3.0,0.0,0.0
30/10/2022,Torino,Milan,2.0,1.0,H,7.0,12.0,4.0,1.0,6.0,1.0,11.0,16.0,5.0,2.0,0.0,0.0
31/10/2022,Verona,Roma,1.0,3.0,A,7.0,14.0,3.0,6.0,2.0,4.0,9.0,9.0,3.0,1.0,1.0,0.0
31/10/2022,Monza,Bologna,1.0,2.0,A,9.0,10.0,3.0,5.0,4.0,5.0,13.0,18.0,4.0,2.0,0.0,0.0
04/11/2022,Udinese,Lecce,1.0,1.0,D,16.0,9.0,5.0,1.0,3.0,2.0,12.0,18.0,2.0,3.0,0.0,0.0
05/11/2022,Empoli,Sassuolo,1.0,0.0,H,17.0,10.0,1.0,3.0,3.0,6.0,11.0,11.0,2.0,0.0,0.0,0.0
05/11/2022,Salernitana,Cremonese,2.0,2.0,D,11.0,11.0,2.0,5.0,2.0,2.0,14.0,10.0,2.0,2.0,0.0,0.0
05/11/2022,Atalanta,Napoli,1.0,2.0,A,17.0,7.0,4.0,5.0,5.0,2.0,10.0,9.0,5.0,1.0,0.0,0.0
05/11/2022,Milan,Spezia,2.0,1.0,H,23.0,13.0,11.0,5.0,3.0,6.0,12.0,13.0,6.0,4.0,1.0,0.0
06/11/2022,Bologna,Torino,2.0,1.0,H,9.0,7.0,5.0,2.0,3.0,1.0,14.0,17.0,3.0,3.0,0.0,0.0
06/11/2022,Monza,Verona,2.0,0.0,H,14.0,7.0,3.0,2.0,5.0,2.0,10.0,10.0,3.0,1.0,0.0,1.0
06/11/2022,Sampdoria,Fiorentina,0.0,2.0,A,14.0,5.0,2.0,4.0,4.0,4.0,10.0,18.0,1.0,0.0,0.0,0.0
06/11/2022,Roma,Lazio,0.0,1.0,A,8.0,5.0,2.0,3.0,4.0,2.0,18.0,14.0,2.0,3.0,0.0,0.0
06/11/2022,Juventus,Inter,2.0,0.0,H,8.0,14.0,3.0,4.0,2.0,8.0,16.0,13.0,2.0,2.0,0.0,0.0
08/11/2022,Napoli,Empoli,2.0,0.0,H,18.0,6.0,4.0,1.0,5.0,0.0,12.0,16.0,1.0,6.0,0.0,1.0
08/11/2022,Spezia,Udinese,1.0,1.0,D,21.0,10.0,6.0,2.0,9.0,0.0,12.0,12.0,3.0,3.0,0.0,0.0
08/11/2022,Cremonese,Milan,0.0,0.0,D,6.0,16.0,1.0,5.0,2.0,4.0,16.0,10.0,4.0,3.0,0.0,0.0
09/11/2022,Lecce,Atalanta,2.0,1.0,H,15.0,12.0,3.0,4.0,4.0,3.0,11.0,12.0,1.0,2.0,0.0,0.0
09/11/2022,Sassuolo,Roma,1.0,1.0,D,14.0,10.0,6.0,4.0,3.0,2.0,11.0,11.0,5.0,3.0,0.0,0.0
09/11/2022,Fiorentina,Salernitana,2.0,1.0,H,18.0,4.0,7.0,1.0,4.0,3.0,10.0,11.0,0.0,1.0,0.0,0.0
09/11/2022,Inter,Bologna,6.0,1.0,H,13.0,10.0,7.0,4.0,4.0,4.0,10.0,11.0,1.0,5.0,0.0,0.0
09/11/2022,Torino,Sampdoria,2.0,0.0,H,8.0,11.0,5.0,1.0,4.0,3.0,14.0,21.0,1.0,3.0,0.0,0.0
10/11/2022,Verona,Juventus,0.0,1.0,A,15.0,11.0,2.0,3.0,5.0,4.0,14.0,13.0,3.0,2.0,0.0,1.0
10/11/2022,Lazio,Monza,1.0,0.0,H,12.0,8.0,4.0,0.0,4.0,3.0,15.0,14.0,2.0,1.0,0.0,0.0
11/11/2022,Empoli,Cremonese,2.0,0.0,H,13.0,19.0,6.0,5.0,4.0,9.0,9.0,14.0,1.0,2.0,0.0,0.0
12/11/2022,Napoli,Udinese,3.0,2.0,H,15.0,10.0,5.0,4.0,5.0,3.0,12.0,13.0,2.0,3.0,0.0,0.0
12/11/2022,Sampdoria,Lecce,0.0,2.0,A,11.0,11.0,2.0,3.0,9.0,0.0,14.0,19.0,2.0,3.0,0.0,0.0
12/11/2022,Bologna,Sassuolo,3.0,0.0,H,8.0,9.0,4.0,3.0,4.0,6.0,12.0,6.0,1.0,0.0,0.0,0.0
13/11/2022,Atalanta,Inter,2.0,3.0,A,19.0,14.0,7.0,3.0,5.0,4.0,10.0,11.0,0.0,3.0,0.0,0.0
13/11/2022,Monza,Salernitana,3.0,0.0,H,19.0,5.0,7.0,0.0,6.0,1.0,9.0,11.0,0.0,2.0,0.0,1.0
13/11/2022,Roma,Torino,1.0,1.0,D,13.0,10.0,4.0,2.0,7.0,0.0,13.0,10.0,3.0,2.0,0.0,0.0
13/11/2022,Verona,Spezia,1.0,2.0,A,18.0,16.0,5.0,9.0,2.0,10.0,13.0,21.0,2.0,4.0,0.0,0.0
13/11/2022,Milan,Fiorentina,2.0,1.0,H,12.0,11.0,3.0,5.0,5.0,7.0,13.0,11.0,1.0,4.0,0.0,0.0
13/11/2022,Juventus,Lazio,3.0,0.0,H,13.0,10.0,9.0,3.0,2.0,6.0,10.0,8.0,2.0,1.0,0.0,0.0
04/01/2023,Salernitana,Milan,1.0,2.0,A,8.0,16.0,1.0,10.0,6.0,2.0,21.0,13.0,4.0,1.0,0.0,0.0
04/01/2023,Sassuolo,Sampdoria,1.0,2.0,A,16.0,9.0,4.0,4.0,9.0,1.0,16.0,19.0,2.0,3.0,0.0,0.0
04/01/2023,Spezia,Atalanta,2.0,2.0,D,7.0,19.0,3.0,3.0,3.0,8.0,11.0,11.0,3.0,3.0,0.0,0.0
04/01/2023,Torino,Verona,1.0,1.0,D,9.0,10.0,3.0,2.0,6.0,3.0,7.0,17.0,1.0,1.0,0.0,0.0
04/01/2023,Lecce,Lazio,2.0,1.0,H,11.0,8.0,4.0,2.0,4.0,3.0,16.0,13.0,3.0,2.0,0.0,0.0
04/01/2023,Roma,Bologna,1.0,0.0,H,14.0,10.0,4.0,2.0,3.0,3.0,10.0,10.0,2.0,3.0,0.0,0.0
04/01/2023,Cremonese,Juventus,0.0,1.0,A,13.0,19.0,3.0,8.0,3.0,8.0,12.0,12.0,5.0,3.0,0.0,0.0
04/01/2023,Fiorentina,Monza,1.0,1.0,D,22.0,10.0,6.0,3.0,9.0,1.0,11.0,13.0,1.0,3.0,0.0,0.0
04/01/2023,Inter,Napoli,1.0,0.0,H,6.0,9.0,1.0,2.0,5.0,4.0,12.0,7.0,3.0,2.0,0.0,0.0
04/01/2023,Udinese,Empoli,1.0,1.0,D,21.0,6.0,3.0,1.0,8.0,1.0,15.0,14.0,2.0,3.0,0.0,1.0
07/01/2023,Fiorentina,Sassuolo,2.0,1.0,H,14.0,17.0,5.0,4.0,6.0,3.0,14.0,9.0,4.0,3.0,0.0,0.0
07/01/2023,Juventus,Udinese,1.0,0.0,H,14.0,11.0,4.0,3.0,6.0,4.0,16.0,13.0,1.0,2.0,0.0,0.0
07/01/2023,Monza,Inter,2.0,2.0,D,13.0,11.0,4.0,3.0,3.0,5.0,14.0,20.0,0.0,3.0,0.0,0.0
08/01/2023,Salernitana,Torino,1.0,1.0,D,11.0,23.0,4.0,8.0,6.0,7.0,10.0,15.0,2.0,3.0,0.0,0.0
08/01/2023,Lazio,Empoli,2.0,2.0,D,18.0,5.0,4.0,2.0,10.0,3.0,17.0,10.0,4.0,1.0,0.0,0.0
08/01/2023,Spezia,Lecce,0.0,0.0,D,10.0,15.0,2.0,4.0,5.0,7.0,14.0,15.0,0.0,1.0,0.0,0.0
08/01/2023,Sampdoria,Napoli,0.0,2.0,A,9.0,24.0,2.0,8.0,2.0,5.0,15.0,12.0,3.0,2.0,1.0,0.0
08/01/2023,Milan,Roma,2.0,2.0,D,12.0,12.0,5.0,3.0,3.0,4.0,19.0,13.0,4.0,7.0,0.0,0.0
09/01/2023,Verona,Cremonese,2.0,0.0,H,9.0,15.0,4.0,5.0,3.0,5.0,16.0,11.0,3.0,4.0,0.0,0.0
09/01/2023,Bologna,Atalanta,1.0,2.0,A,12.0,7.0,3.0,3.0,4.0,0.0,16.0,15.0,3.0,2.0,0.0,0.0
13/01/2023,Napoli,Juventus,5.0,1.0,H,14.0,11.0,10.0,2.0,2.0,5.0,10.0,9.0,0.0,1.0,0.0,0.0
14/01/2023,Cremonese,Monza,2.0,3.0,A,11.0,8.0,7.0,3.0,4.0,2.0,12.0,12.0,2.0,4.0,0.0,0.0
14/01/2023,Lecce,Milan,2.0,2.0,D,17.0,12.0,3.0,5.0,8.0,4.0,11.0,12.0,1.0,2.0,0.0,0.0
14/01/2023,Inter,Verona,1.0,0.0,H,11.0,6.0,3.0,1.0,3.0,4.0,11.0,13.0,0.0,3.0,0.0,0.0
15/01/2023,Sassuolo,Lazio,0.0,2.0,A,12.0,12.0,2.0,3.0,7.0,3.0,17.0,10.0,5.0,3.0,0.0,0.0
15/01/2023,Torino,Spezia,0.0,1.0,A,11.0,13.0,4.0,5.0,7.0,2.0,13.0,12.0,3.0,3.0,0.0,0.0
15/01/2023,Udinese,Bologna,1.0,2.0,A,20.0,15.0,4.0,2.0,6.0,4.0,10.0,17.0,1.0,3.0,0.0,0.0
15/01/2023,Atalanta,Salernitana,8.0,2.0,H,19.0,7.0,13.0,2.0,5.0,2.0,10.0,12.0,1.0,0.0,0.0,0.0
15/01/2023,Roma,Fiorentina,2.0,0.0,H,10.0,7.0,4.0,3.0,5.0,9.0,15.0,12.0,3.0,4.0,0.0,1.0
16/01/2023,Empoli,Sampdoria,1.0,0.0,H,16.0,16.0,5.0,7.0,3.0,3.0,15.0,16.0,5.0,6.0,0.0,0.0
21/01/2023,Verona,Lecce,2.0,0.0,H,11.0,9.0,4.0,3.0,5.0,4.0,15.0,12.0,3.0,0.0,0.0,0.0
21/01/2023,Salernitana,Napoli,0.0,2.0,A,5.0,9.0,2.0,4.0,3.0,4.0,14.0,15.0,2.0,2.0,0.0,0.0
21/01/2023,Fiorentina,Torino,0.0,1.0,A,19.0,9.0,5.0,3.0,5.0,3.0,9.0,23.0,2.0,2.0,0.0,0.0
22/01/2023,Sampdoria,Udinese,0.0,1.0,A,9.0,14.0,1.0,5.0,6.0,6.0,15.0,17.0,3.0,1.0,0.0,0.0
22/01/2023,Monza,Sassuolo,1.0,1.0,D,14.0,13.0,3.0,1.0,10.0,4.0,17.0,18.0,2.0,2.0,0.0,0.0
22/01/2023,Spezia,Roma,0.0,2.0,A,8.0,13.0,0.0,3.0,4.0,0.0,17.0,11.0,3.0,1.0,0.0,0.0
22/01/2023,Juventus,Atalanta,3.0,3.0,D,15.0,14.0,8.0,4.0,6.0,4.0,9.0,6.0,1.0,2.0,0.0,0.0
23/01/2023,Bologna,Cremonese,1.0,1.0,D,21.0,9.0,8.0,2.0,4.0,1.0,11.0,13.0,2.0,5.0,0.0,0.0
23/01/2023,Inter,Empoli,0.0,1.0,A,16.0,13.0,1.0,8.0,2.0,3.0,13.0,16.0,4.0,3.0,1.0,0.0
24/01/2023,Lazio,Milan,4.0,0.0,H,10.0,10.0,5.0,3.0,3.0,4.0,14.0,11.0,1.0,2.0,0.0,0.0
27/01/2023,Bologna,Spezia,2.0,0.0,H,18.0,6.0,6.0,4.0,5.0,5.0,8.0,16.0,2.0,2.0,0.0,0.0
27/01/2023,Lecce,Salernitana,1.0,2.0,A,15.0,10.0,5.0,6.0,4.0,4.0,14.0,11.0,2.0,4.0,0.0,0.0
28/01/2023,Empoli,Torino,2.0,2.0,D,11.0,16.0,4.0,4.0,5.0,5.0,12.0,9.0,2.0,0.0,0.0,0.0
28/01/2023,Cremonese,Inter,1.0,2.0,A,12.0,30.0,4.0,10.0,2.0,14.0,7.0,12.0,0.0,2.0,0.0,0.0
28/01/2023,Atalanta,Sampdoria,2.0,0.0,H,21.0,15.0,5.0,5.0,7.0,4.0,17.0,11.0,0.0,2.0,0.0,0.0
29/01/2023,Milan,Sassuolo,2.0,5.0,A,10.0,9.0,5.0,7.0,2.0,3.0,13.0,8.0,7.0,4.0,0.0,0.0
29/01/2023,Juventus,Monza,0.0,2.0,A,22.0,3.0,8.0,3.0,12.0,1.0,12.0,10.0,0.0,2.0,0.0,0.0
29/01/2023,Lazio,Fiorentina,1.0,1.0,D,13.0,17.0,1.0,6.0,3.0,4.0,12.0,17.0,2.0,3.0,0.0,0.0
29/01/2023,Napoli,Roma,2.0,1.0,H,11.0,11.0,6.0,3.0,3.0,8.0,8.0,14.0,1.0,2.0,0.0,0.0
30/01/2023,Udinese,Verona,1.0,1.0,D,26.0,10.0,8.0,2.0,14.0,6.0,9.0,11.0,1.0,3.0,0.0,0.0
04/02/2023,Cremonese,Lecce,0.0,2.0,A,12.0,9.0,3.0,4.0,4.0,8.0,12.0,15.0,1.0,2.0,0.0,0.0
04/02/2023,Roma,Empoli,2.0,0.0,H,12.0,11.0,6.0,2.0,7.0,7.0,10.0,18.0,2.0,1.0,0.0,0.0
04/02/2023,Sassuolo,Atalanta,1.0,0.0,H,18.0,7.0,8.0,2.0,2.0,7.0,12.0,13.0,5.0,1.0,0.0,2.0
05/02/2023,Spezia,Napoli,0.0,3.0,A,9.0,12.0,3.0,5.0,3.0,6.0,19.0,18.0,3.0,2.0,0.0,0.0
05/02/2023,Torino,Udinese,1.0,0.0,H,11.0,11.0,3.0,3.0,6.0,5.0,13.0,8.0,1.0,1.0,0.0,0.0
05/02/2023,Fiorentina,Bologna,1.0,2.0,A,18.0,11.0,6.0,7.0,5.0,3.0,10.0,25.0,2.0,4.0,0.0,0.0
05/02/2023,Inter,Milan,1.0,0.0,H,15.0,4.0,4.0,0.0,8.0,0.0,13.0,14.0,2.0,5.0,0.0,0.0
06/02/2023,Verona,Lazio,1.0,1.0,D,15.0,9.0,4.0,2.0,6.0,5.0,16.0,12.0,4.0,1.0,0.0,0.0
06/02/2023,Monza,Sampdoria,2.0,2.0,D,17.0,11.0,5.0,6.0,9.0,3.0,12.0,12.0,2.0,4.0,0.0,0.0
07/02/2023,Salernitana,Juventus,0.0,3.0,A,10.0,17.0,1.0,5.0,6.0,3.0,9.0,12.0,1.0,1.0,0.0,0.0
10/02/2023,Milan,Torino,1.0,0.0,H,9.0,12.0,4.0,2.0,3.0,8.0,10.0,20.0,1.0,4.0,0.0,0.0
11/02/2023,Empoli,Spezia,2.0,2.0,D,25.0,9.0,8.0,3.0,7.0,3.0,10.0,13.0,1.0,5.0,1.0,1.0
11/02/2023,Lecce,Roma,1.0,1.0,D,8.0,12.0,3.0,5.0,3.0,7.0,24.0,8.0,4.0,1.0,0.0,0.0
11/02/2023,Lazio,Atalanta,0.0,2.0,A,13.0,23.0,5.0,10.0,5.0,7.0,12.0,14.0,1.0,2.0,0.0,0.0
12/02/2023,Udinese,Sassuolo,2.0,2.0,D,17.0,6.0,8.0,1.0,10.0,7.0,12.0,8.0,2.0,2.0,0.0,0.0
12/02/2023,Bologna,Monza,0.0,1.0,A,12.0,5.0,3.0,4.0,3.0,2.0,15.0,18.0,1.0,4.0,0.0,0.0
12/02/2023,Juventus,Fiorentina,1.0,0.0,H,7.0,11.0,3.0,2.0,5.0,6.0,11.0,17.0,5.0,2.0,0.0,0.0
12/02/2023,Napoli,Cremonese,3.0,0.0,H,15.0,6.0,10.0,1.0,9.0,7.0,7.0,7.0,0.0,2.0,0.0,0.0
13/02/2023,Verona,Salernitana,1.0,0.0,H,14.0,8.0,4.0,3.0,5.0,1.0,14.0,21.0,2.0,3.0,0.0,0.0
13/02/2023,Sampdoria,Inter,0.0,0.0,D,7.0,25.0,2.0,5.0,3.0,7.0,13.0,11.0,3.0,1.0,0.0,0.0
17/02/2023,Sassuolo,Napoli,0.0,2.0,A,11.0,15.0,2.0,4.0,1.0,3.0,12.0,10.0,2.0,2.0,0.0,0.0
18/02/2023,Sampdoria,Bologna,1.0,2.0,A,9.0,12.0,4.0,5.0,1.0,8.0,13.0,13.0,3.0,1.0,0.0,0.0
18/02/2023,Monza,Milan,0.0,1.0,A,11.0,14.0,5.0,8.0,10.0,3.0,10.0,18.0,4.0,2.0,0.0,0.0
18/02/2023,Inter,Udinese,3.0,1.0,H,19.0,9.0,7.0,1.0,3.0,8.0,15.0,14.0,2.0,2.0,0.0,0.0
19/02/2023,Atalanta,Lecce,1.0,2.0,A,20.0,4.0,10.0,2.0,6.0,1.0,10.0,12.0,3.0,3.0,0.0,0.0
19/02/2023,Fiorentina,Empoli,1.0,1.0,D,27.0,5.0,4.0,3.0,13.0,1.0,8.0,15.0,1.0,5.0,0.0,0.0
19/02/2023,Salernitana,Lazio,0.0,2.0,A,9.0,21.0,2.0,7.0,2.0,9.0,10.0,7.0,5.0,1.0,1.0,0.0
19/02/2023,Spezia,Juventus,0.0,2.0,A,18.0,15.0,7.0,3.0,7.0,4.0,8.0,9.0,2.0,2.0,0.0,0.0
19/02/2023,Roma,Verona,1.0,0.0,H,9.0,7.0,5.0,1.0,5.0,1.0,15.0,19.0,1.0,2.0,0.0,0.0
20/02/2023,Torino,Cremonese,2.0,2.0,D,16.0,11.0,6.0,2.0,5.0,1.0,9.0,12.0,3.0,1.0,0.0,0.0
25/02/2023,Empoli,Napoli,0.0,2.0,A,9.0,19.0,2.0,6.0,4.0,13.0,10.0,9.0,2.0,1.0,0.0,1.0
25/02/2023,Lecce,Sassuolo,0.0,1.0,A,16.0,7.0,0.0,3.0,4.0,7.0,17.0,7.0,2.0,2.0,0.0,0.0
26/02/2023,Bologna,Inter,1.0,0.0,H,14.0,13.0,5.0,4.0,1.0,6.0,7.0,14.0,1.0,2.0,0.0,0.0
26/02/2023,Salernitana,Monza,3.0,0.0,H,12.0,14.0,5.0,3.0,1.0,3.0,12.0,16.0,2.0,4.0,0.0,1.0
26/02/2023,Udinese,Spezia,2.0,2.0,D,15.0,9.0,6.0,2.0,5.0,2.0,11.0,16.0,2.0,2.0,0.0,0.0
26/02/2023,Milan,Atalanta,2.0,0.0,H,13.0,3.0,3.0,0.0,4.0,3.0,11.0,11.0,3.0,2.0,0.0,0.0
27/02/2023,Verona,Fiorentina,0.0,3.0,A,12.0,16.0,3.0,7.0,4.0,2.0,15.0,11.0,3.0,3.0,0.0,0.0
27/02/2023,Lazio,Sampdoria,1.0,0.0,H,15.0,8.0,4.0,2.0,8.0,3.0,10.0,13.0,2.0,2.0,0.0,0.0
28/02/2023,Cremonese,Roma,2.0,1.0,H,6.0,10.0,2.0,3.0,3.0,3.0,17.0,11.0,3.0,2.0,0.0,0.0
28/02/2023,Juventus,Torino,4.0,2.0,H,13.0,8.0,6.0,3.0,3.0,7.0,5.0,13.0,0.0,2.0,0.0,0.0
03/03/2023,Napoli,Lazio,0.0,1.0,A,14.0,5.0,2.0,2.0,8.0,3.0,13.0,8.0,2.0,2.0,0.0,0.0
04/03/2023,Monza,Empoli,2.0,1.0,H,10.0,18.0,3.0,3.0,1.0,8.0,10.0,12.0,2.0,3.0,0.0,0.0
04/03/2023,Atalanta,Udinese,0.0,0.0,D,17.0,5.0,5.0,1.0,12.0,3.0,12.0,12.0,2.0,3.0,0.0,0.0
04/03/2023,Fiorentina,Milan,2.0,1.0,H,16.0,8.0,8.0,6.0,11.0,5.0,12.0,17.0,3.0,3.0,0.0,0.0
05/03/2023,Spezia,Verona,0.0,0.0,D,20.0,11.0,4.0,3.0,9.0,5.0,6.0,7.0,2.0,1.0,1.0,0.0
05/03/2023,Sampdoria,Salernitana,0.0,0.0,D,9.0,10.0,3.0,4.0,2.0,6.0,18.0,13.0,3.0,4.0,0.0,0.0
05/03/2023,Inter,Lecce,2.0,0.0,H,14.0,11.0,4.0,1.0,6.0,4.0,10.0,11.0,0.0,0.0,0.0,0.0
05/03/2023,Roma,Juventus,1.0,0.0,H,6.0,14.0,2.0,5.0,2.0,6.0,11.0,10.0,3.0,2.0,0.0,1.0
06/03/2023,Sassuolo,Cremonese,3.0,2.0,H,13.0,13.0,7.0,6.0,4.0,3.0,11.0,9.0,1.0,4.0,0.0,0.0
06/03/2023,Torino,Bologna,1.0,0.0,H,12.0,11.0,5.0,1.0,3.0,3.0,9.0,10.0,2.0,2.0,0.0,0.0
10/03/2023,Spezia,Inter,2.0,1.0,H,4.0,28.0,2.0,7.0,1.0,13.0,11.0,9.0,3.0,0.0,0.0,0.0
11/03/2023,Empoli,Udinese,0.0,1.0,A,17.0,14.0,3.0,4.0,11.0,5.0,12.0,13.0,2.0,4.0,0.0,0.0
11/03/2023,Napoli,Atalanta,2.0,0.0,H,18.0,6.0,6.0,3.0,10.0,4.0,12.0,11.0,1.0,2.0,0.0,0.0
11/03/2023,Bologna,Lazio,0.0,0.0,D,16.0,5.0,2.0,2.0,5.0,2.0,11.0,8.0,2.0,3.0,0.0,0.0
12/03/2023,Lecce,Torino,0.0,2.0,A,13.0,4.0,1.0,2.0,9.0,1.0,16.0,17.0,3.0,3.0,0.0,0.0
12/03/2023,Cremonese,Fiorentina,0.0,2.0,A,16.0,10.0,5.0,3.0,1.0,6.0,10.0,17.0,1.0,2.0,0.0,0.0
12/03/2023,Verona,Monza,1.0,1.0,D,8.0,9.0,3.0,3.0,7.0,2.0,17.0,12.0,2.0,0.0,0.0,0.0
12/03/2023,Roma,Sassuolo,3.0,4.0,A,17.0,19.0,7.0,10.0,7.0,2.0,11.0,18.0,4.0,2.0,1.0,0.0
12/03/2023,Juventus,Sampdoria,4.0,2.0,H,24.0,9.0,8.0,3.0,11.0,3.0,10.0,10.0,1.0,1.0,0.0,0.0
13/03/2023,Milan,Salernitana,1.0,1.0,D,24.0,6.0,4.0,3.0,6.0,4.0,15.0,13.0,2.0,3.0,0.0,0.0
17/03/2023,Sassuolo,Spezia,1.0,0.0,H,15.0,11.0,6.0,1.0,3.0,3.0,10.0,13.0,0.0,2.0,0.0,0.0
17/03/2023,Atalanta,Empoli,2.0,1.0,H,27.0,5.0,6.0,2.0,13.0,2.0,11.0,10.0,3.0,2.0,0.0,0.0
18/03/2023,Monza,Cremonese,1.0,1.0,D,15.0,8.0,7.0,2.0,8.0,4.0,12.0,12.0,3.0,5.0,0.0,0.0
18/03/2023,Salernitana,Bologna,2.0,2.0,D,14.0,10.0,4.0,2.0,5.0,4.0,8.0,16.0,0.0,1.0,0.0,0.0
18/03/2023,Udinese,Milan,3.0,1.0,H,14.0,10.0,5.0,6.0,5.0,6.0,16.0,9.0,4.0,2.0,0.0,0.0
19/03/2023,Sampdoria,Verona,3.0,1.0,H,11.0,16.0,4.0,6.0,5.0,8.0,10.0,11.0,3.0,2.0,0.0,0.0
19/03/2023,Fiorentina,Lecce,1.0,0.0,H,18.0,8.0,3.0,2.0,1.0,3.0,14.0,21.0,1.0,3.0,0.0,0.0
19/03/2023,Torino,Napoli,0.0,4.0,A,12.0,12.0,2.0,6.0,5.0,4.0,14.0,14.0,1.0,1.0,0.0,0.0
19/03/2023,Lazio,Roma,1.0,0.0,H,12.0,8.0,5.0,3.0,5.0,2.0,18.0,13.0,4.0,4.0,1.0,2.0
19/03/2023,Inter,Juventus,0.0,1.0,A,18.0,7.0,3.0,3.0,6.0,4.0,6.0,18.0,3.0,4.0,1.0,1.0
01/04/2023,Cremonese,Atalanta,1.0,3.0,A,15.0,12.0,4.0,4.0,0.0,6.0,13.0,10.0,3.0,2.0,0.0,0.0
01/04/2023,Inter,Fiorentina,0.0,1.0,A,16.0,19.0,3.0,3.0,10.0,8.0,8.0,7.0,2.0,3.0,0.0,0.0
01/04/2023,Juventus,Verona,1.0,0.0,H,10.0,9.0,2.0,3.0,3.0,5.0,14.0,22.0,1.0,2.0,0.0,0.0
02/04/2023,Bologna,Udinese,3.0,0.0,H,11.0,15.0,4.0,5.0,2.0,7.0,17.0,10.0,1.0,1.0,0.0,0.0
02/04/2023,Monza,Lazio,0.0,2.0,A,11.0,8.0,3.0,4.0,8.0,3.0,13.0,8.0,5.0,2.0,0.0,0.0
02/04/2023,Spezia,Salernitana,1.0,1.0,D,14.0,12.0,3.0,2.0,9.0,5.0,12.0,12.0,0.0,1.0,0.0,0.0
02/04/2023,Roma,Sampdoria,3.0,0.0,H,28.0,6.0,11.0,3.0,10.0,3.0,11.0,13.0,3.0,5.0,0.0,1.0
02/04/2023,Napoli,Milan,0.0,4.0,A,20.0,14.0,4.0,8.0,10.0,4.0,11.0,9.0,1.0,2.0,0.0,0.0
03/04/2023,Empoli,Lecce,1.0,0.0,H,14.0,5.0,7.0,0.0,3.0,4.0,10.0,15.0,3.0,2.0,1.0,0.0
03/04/2023,Sassuolo,Torino,1.0,1.0,D,12.0,16.0,4.0,2.0,6.0,7.0,12.0,9.0,1.0,1.0,0.0,0.0
07/04/2023,Salernitana,Inter,1.0,1.0,D,11.0,25.0,3.0,11.0,2.0,8.0,14.0,10.0,2.0,2.0,0.0,0.0
07/04/2023,Lecce,Napoli,1.0,2.0,A,11.0,9.0,3.0,3.0,5.0,4.0,12.0,9.0,2.0,1.0,0.0,0.0
07/04/2023,Milan,Empoli,0.0,0.0,D,23.0,2.0,4.0,1.0,9.0,0.0,11.0,8.0,2.0,2.0,0.0,0.0
08/04/2023,Udinese,Monza,2.0,2.0,D,14.0,12.0,5.0,5.0,4.0,2.0,12.0,21.0,1.0,3.0,0.0,0.0
08/04/2023,Fiorentina,Spezia,1.0,1.0,D,19.0,4.0,4.0,3.0,8.0,4.0,12.0,29.0,0.0,7.0,0.0,0.0
08/04/2023,Atalanta,Bologna,0.0,2.0,A,15.0,13.0,6.0,6.0,6.0,0.0,6.0,5.0,3.0,2.0,0.0,0.0
08/04/2023,Sampdoria,Cremonese,2.0,3.0,A,13.0,17.0,9.0,4.0,3.0,3.0,14.0,15.0,2.0,3.0,0.0,0.0
08/04/2023,Torino,Roma,0.0,1.0,A,7.0,9.0,1.0,1.0,7.0,4.0,10.0,6.0,3.0,1.0,0.0,0.0
08/04/2023,Verona,Sassuolo,2.0,1.0,H,11.0,17.0,3.0,5.0,4.0,10.0,12.0,14.0,3.0,4.0,0.0,0.0
08/04/2023,Lazio,Juventus,2.0,1.0,H,9.0,11.0,4.0,4.0,6.0,6.0,11.0,15.0,2.0,5.0,0.0,0.0
14/04/2023,Cremonese,Empoli,1.0,0.0,H,14.0,15.0,5.0,1.0,3.0,8.0,11.0,9.0,1.0,0.0,0.0,0.0
14/04/2023,Spezia,Lazio,0.0,3.0,A,6.0,13.0,2.0,7.0,2.0,3.0,12.0,7.0,3.0,4.0,1.0,0.0
15/04/2023,Bologna,Milan,1.0,1.0,D,6.0,19.0,2.0,5.0,2.0,6.0,12.0,17.0,3.0,4.0,0.0,0.0
15/04/2023,Napoli,Verona,0.0,0.0,D,9.0,5.0,1.0,2.0,4.0,0.0,11.0,16.0,1.0,4.0,0.0,0.0
15/04/2023,Inter,Monza,0.0,1.0,A,25.0,7.0,6.0,2.0,5.0,2.0,13.0,4.0,2.0,2.0,0.0,0.0
16/04/2023,Lecce,Sampdoria,1.0,1.0,D,30.0,8.0,11.0,2.0,11.0,8.0,16.0,12.0,1.0,4.0,0.0,0.0
16/04/2023,Torino,Salernitana,1.0,1.0,D,16.0,8.0,5.0,1.0,4.0,2.0,14.0,14.0,0.0,1.0,0.0,0.0
16/04/2023,Sassuolo,Juventus,1.0,0.0,H,11.0,13.0,4.0,3.0,10.0,13.0,10.0,5.0,0.0,1.0,0.0,0.0
16/04/2023,Roma,Udinese,3.0,0.0,H,12.0,10.0,7.0,2.0,6.0,2.0,18.0,11.0,1.0,4.0,0.0,0.0
17/04/2023,Fiorentina,Atalanta,1.0,1.0,D,18.0,6.0,7.0,1.0,5.0,1.0,8.0,20.0,1.0,3.0,0.0,0.0
21/04/2023,Verona,Bologna,2.0,1.0,H,9.0,17.0,5.0,7.0,4.0,2.0,11.0,11.0,2.0,4.0,0.0,0.0
22/04/2023,Salernitana,Sassuolo,3.0,0.0,H,13.0,11.0,5.0,2.0,4.0,8.0,11.0,15.0,1.0,2.0,0.0,0.0
22/04/2023,Lazio,Torino,0.0,1.0,A,10.0,7.0,5.0,3.0,3.0,4.0,13.0,13.0,2.0,4.0,0.0,0.0
22/04/2023,Sampdoria,Spezia,1.0,1.0,D,13.0,19.0,3.0,7.0,9.0,9.0,9.0,11.0,1.0,1.0,0.0,0.0
23/04/2023,Empoli,Inter,0.0,3.0,A,11.0,16.0,3.0,4.0,5.0,4.0,6.0,13.0,1.0,1.0,0.0,0.0
23/04/2023,Monza,Fiorentina,3.0,2.0,H,13.0,10.0,5.0,5.0,5.0,3.0,18.0,15.0,3.0,3.0,0.0,0.0
23/04/2023,Udinese,Cremonese,3.0,0.0,H,17.0,12.0,9.0,2.0,3.0,8.0,13.0,11.0,2.0,3.0,0.0,0.0
23/04/2023,Milan,Lecce,2.0,0.0,H,8.0,9.0,5.0,4.0,4.0,2.0,6.0,10.0,1.0,0.0,0.0,0.0
23/04/2023,Juventus,Napoli,0.0,1.0,A,7.0,17.0,4.0,6.0,3.0,6.0,15.0,11.0,4.0,1.0,0.0,0.0
24/04/2023,Atalanta,Roma,3.0,1.0,H,7.0,14.0,4.0,1.0,3.0,4.0,15.0,11.0,3.0,1.0,0.0,0.0
28/04/2023,Lecce,Udinese,1.0,0.0,H,15.0,10.0,3.0,3.0,7.0,4.0,21.0,12.0,4.0,2.0,0.0,0.0
28/04/2023,Spezia,Monza,0.0,2.0,A,12.0,8.0,4.0,4.0,3.0,3.0,10.0,16.0,1.0,2.0,0.0,0.0
29/04/2023,Roma,Milan,1.0,1.0,D,11.0,11.0,1.0,1.0,1.0,5.0,9.0,6.0,3.0,2.0,0.0,0.0
29/04/2023,Torino,Atalanta,1.0,2.0,A,4.0,9.0,4.0,5.0,3.0,3.0,6.0,10.0,1.0,1.0,0.0,0.0
30/04/2023,Inter,Lazio,3.0,1.0,H,25.0,9.0,9.0,5.0,2.0,3.0,13.0,14.0,2.0,3.0,0.0,0.0
30/04/2023,Cremonese,Verona,1.0,1.0,D,12.0,14.0,5.0,6.0,3.0,5.0,10.0,16.0,0.0,0.0,1.0,0.0
30/04/2023,Napoli,Salernitana,1.0,1.0,D,24.0,5.0,8.0,2.0,10.0,0.0,13.0,11.0,2.0,2.0,0.0,0.0
30/04/2023,Sassuolo,Empoli,2.0,1.0,H,13.0,7.0,4.0,1.0,7.0,5.0,12.0,10.0,2.0,1.0,1.0,0.0
30/04/2023,Fiorentina,Sampdoria,5.0,0.0,H,23.0,4.0,10.0,1.0,11.0,0.0,14.0,9.0,2.0,1.0,0.0,0.0
30/04/2023,Bologna,Juventus,1.0,1.0,D,16.0,14.0,6.0,5.0,4.0,5.0,12.0,9.0,2.0,2.0,0.0,0.0
03/05/2023,Atalanta,Spezia,3.0,2.0,H,14.0,9.0,6.0,4.0,12.0,3.0,8.0,10.0,0.0,3.0,0.0,0.0
03/05/2023,Juventus,Lecce,2.0,1.0,H,16.0,14.0,4.0,5.0,6.0,7.0,11.0,10.0,2.0,2.0,0.0,0.0
03/05/2023,Salernitana,Fiorentina,3.0,3.0,D,4.0,12.0,3.0,3.0,2.0,3.0,18.0,15.0,3.0,5.0,0.0,0.0
03/05/2023,Sampdoria,Torino,0.0,2.0,A,7.0,12.0,0.0,4.0,2.0,3.0,13.0,11.0,3.0,2.0,1.0,0.0
03/05/2023,Lazio,Sassuolo,2.0,0.0,H,13.0,13.0,5.0,2.0,1.0,2.0,13.0,13.0,3.0,5.0,0.0,0.0
03/05/2023,Milan,Cremonese,1.0,1.0,D,18.0,6.0,5.0,2.0,10.0,0.0,12.0,12.0,0.0,3.0,0.0,1.0
03/05/2023,Monza,Roma,1.0,1.0,D,8.0,14.0,4.0,8.0,4.0,3.0,13.0,15.0,3.0,4.0,0.0,1.0
03/05/2023,Verona,Inter,0.0,6.0,A,7.0,20.0,2.0,10.0,2.0,7.0,4.0,11.0,0.0,0.0,0.0,0.0
04/05/2023,Empoli,Bologna,3.0,1.0,H,13.0,18.0,3.0,3.0,2.0,5.0,15.0,16.0,3.0,0.0,0.0,0.0
04/05/2023,Udinese,Napoli,1.0,1.0,D,7.0,7.0,3.0,4.0,2.0,6.0,15.0,13.0,1.0,0.0,0.0,0.0
06/05/2023,Milan,Lazio,2.0,0.0,H,10.0,8.0,3.0,0.0,6.0,4.0,10.0,8.0,2.0,4.0,0.0,0.0
06/05/2023,Roma,Inter,0.0,2.0,A,15.0,10.0,3.0,4.0,12.0,5.0,8.0,12.0,3.0,2.0,0.0,0.0
06/05/2023,Cremonese,Spezia,2.0,0.0,H,9.0,18.0,4.0,8.0,3.0,13.0,9.0,6.0,0.0,2.0,0.0,0.0
07/05/2023,Atalanta,Juventus,0.0,2.0,A,24.0,10.0,1.0,5.0,7.0,3.0,13.0,16.0,1.0,2.0,0.0,0.0
07/05/2023,Torino,Monza,1.0,1.0,D,14.0,10.0,5.0,8.0,7.0,4.0,16.0,9.0,2.0,1.0,0.0,0.0
07/05/2023,Napoli,Fiorentina,1.0,0.0,H,10.0,15.0,3.0,3.0,0.0,5.0,12.0,15.0,0.0,0.0,0.0,0.0
07/05/2023,Lecce,Verona,0.0,1.0,A,15.0,9.0,2.0,3.0,4.0,4.0,11.0,13.0,2.0,5.0,0.0,0.0
08/05/2023,Empoli,Salernitana,2.0,1.0,H,11.0,13.0,4.0,2.0,8.0,7.0,10.0,18.0,2.0,2.0,0.0,0.0
08/05/2023,Udinese,Sampdoria,2.0,0.0,H,13.0,11.0,6.0,3.0,7.0,3.0,15.0,12.0,2.0,2.0,0.0,0.0
08/05/2023,Sassuolo,Bologna,1.0,1.0,D,6.0,12.0,2.0,3.0,4.0,4.0,12.0,14.0,1.0,1.0,0.0,0.0
12/05/2023,Lazio,Lecce,2.0,2.0,D,20.0,13.0,6.0,4.0,2.0,3.0,11.0,13.0,3.0,5.0,0.0,0.0
13/05/2023,Salernitana,Atalanta,1.0,0.0,H,10.0,13.0,4.0,3.0,5.0,3.0,9.0,18.0,2.0,2.0,0.0,0.0
13/05/2023,Spezia,Milan,2.0,0.0,H,14.0,14.0,4.0,3.0,6.0,9.0,15.0,11.0,1.0,1.0,0.0,0.0
13/05/2023,Inter,Sassuolo,4.0,2.0,H,11.0,16.0,3.0,5.0,1.0,5.0,12.0,8.0,2.0,3.0,0.0,0.0
14/05/2023,Verona,Torino,0.0,1.0,A,14.0,15.0,4.0,8.0,3.0,4.0,8.0,17.0,3.0,2.0,0.0,0.0
14/05/2023,Fiorentina,Udinese,2.0,0.0,H,18.0,5.0,3.0,1.0,3.0,3.0,15.0,15.0,3.0,3.0,1.0,1.0
14/05/2023,Monza,Napoli,2.0,0.0,H,10.0,20.0,4.0,7.0,6.0,10.0,11.0,13.0,1.0,1.0,0.0,0.0
14/05/2023,Bologna,Roma,0.0,0.0,D,12.0,7.0,3.0,2.0,3.0,6.0,12.0,11.0,2.0,1.0,0.0,0.0
14/05/2023,Juventus,Cremonese,2.0,0.0,H,24.0,3.0,7.0,2.0,7.0,0.0,15.0,5.0,2.0,0.0,0.0,0.0
15/05/2023,Sampdoria,Empoli,1.0,1.0,D,13.0,16.0,3.0,4.0,1.0,2.0,16.0,14.0,3.0,4.0,0.0,0.0
19/05/2023,Sassuolo,Monza,1.0,2.0,A,13.0,16.0,4.0,5.0,6.0,3.0,10.0,17.0,2.0,5.0,1.0,0.0
20/05/2023,Cremonese,Bologna,1.0,5.0,A,13.0,19.0,2.0,9.0,3.0,9.0,7.0,13.0,1.0,2.0,0.0,1.0
20/05/2023,Atalanta,Verona,3.0,1.0,H,13.0,10.0,5.0,2.0,6.0,3.0,9.0,11.0,1.0,3.0,0.0,0.0
20/05/2023,Milan,Sampdoria,5.0,1.0,H,19.0,6.0,9.0,3.0,7.0,2.0,9.0,10.0,1.0,3.0,0.0,0.0
21/05/2023,Lecce,Spezia,0.0,0.0,D,6.0,14.0,1.0,0.0,2.0,5.0,15.0,16.0,2.0,3.0,0.0,0.0
21/05/2023,Torino,Fiorentina,1.0,1.0,D,10.0,8.0,4.0,1.0,3.0,3.0,9.0,11.0,1.0,2.0,0.0,0.0
21/05/2023,Napoli,Inter,3.0,1.0,H,22.0,6.0,9.0,2.0,4.0,1.0,10.0,14.0,1.0,2.0,0.0,1.0
21/05/2023,Udinese,Lazio,0.0,1.0,A,12.0,14.0,2.0,4.0,3.0,8.0,15.0,9.0,3.0,1.0,0.0,0.0
22/05/2023,Roma,Salernitana,2.0,2.0,D,22.0,8.0,5.0,3.0,6.0,4.0,9.0,14.0,1.0,4.0,0.0,0.0
22/05/2023,Empoli,Juventus,4.0,1.0,H,14.0,19.0,7.0,4.0,3.0,7.0,20.0,19.0,2.0,2.0,0.0,0.0
26/05/2023,Sampdoria,Sassuolo,2.0,2.0,D,17.0,22.0,3.0,8.0,8.0,4.0,14.0,10.0,1.0,2.0,0.0,0.0
27/05/2023,Salernitana,Udinese,3.0,2.0,H,11.0,10.0,3.0,4.0,2.0,1.0,12.0,22.0,3.0,3.0,0.0,1.0
27/05/2023,Spezia,Torino,0.0,4.0,A,8.0,11.0,1.0,4.0,5.0,2.0,14.0,13.0,2.0,2.0,0.0,0.0
27/05/2023,Fiorentina,Roma,2.0,1.0,H,15.0,8.0,5.0,4.0,7.0,4.0,11.0,12.0,5.0,3.0,0.0,0.0
27/05/2023,Inter,Atalanta,3.0,2.0,H,20.0,11.0,11.0,3.0,9.0,7.0,8.0,18.0,0.0,1.0,0.0,0.0
28/05/2023,Verona,Empoli,1.0,1.0,D,13.0,13.0,4.0,3.0,3.0,3.0,14.0,10.0,4.0,0.0,0.0,0.0
28/05/2023,Bologna,Napoli,2.0,2.0,D,18.0,11.0,6.0,8.0,4.0,4.0,17.0,10.0,1.0,3.0,0.0,0.0
28/05/2023,Monza,Lecce,0.0,1.0,A,5.0,9.0,1.0,1.0,1.0,3.0,11.0,20.0,2.0,3.0,0.0,0.0
28/05/2023,Lazio,Cremonese,3.0,2.0,H,12.0,11.0,8.0,5.0,4.0,3.0,15.0,8.0,2.0,2.0,1.0,0.0
28/05/2023,Juventus,Milan,0.0,1.0,A,16.0,9.0,3.0,3.0,4.0,5.0,12.0,10.0,1.0,2.0,0.0,0.0
02/06/2023,Sassuolo,Fiorentina,1.0,3.0,A,5.0,15.0,2.0,7.0,2.0,4.0,7.0,15.0,4.0,4.0,2.0,0.0
03/06/2023,Torino,Inter,0.0,1.0,A,17.0,14.0,5.0,4.0,6.0,4.0,6.0,7.0,1.0,2.0,0.0,0.0
03/06/2023,Cremonese,Salernitana,2.0,0.0,H,12.0,11.0,4.0,1.0,4.0,6.0,15.0,12.0,1.0,2.0,0.0,0.0
03/06/2023,Empoli,Lazio,0.0,2.0,A,7.0,21.0,1.0,11.0,6.0,7.0,7.0,10.0,3.0,2.0,1.0,0.0
04/06/2023,Napoli,Sampdoria,2.0,0.0,H,21.0,6.0,9.0,4.0,11.0,0.0,7.0,7.0,0.0,1.0,0.0,0.0
04/06/2023,Atalanta,Monza,5.0,2.0,H,20.0,8.0,10.0,4.0,5.0,1.0,13.0,8.0,1.0,2.0,0.0,1.0
04/06/2023,Lecce,Bologna,2.0,3.0,A,20.0,11.0,7.0,7.0,7.0,2.0,11.0,9.0,1.0,3.0,0.0,0.0
04/06/2023,Milan,Verona,3.0,1.0,H,14.0,6.0,5.0,1.0,7.0,1.0,5.0,18.0,1.0,4.0,0.0,0.0
04/06/2023,Roma,Spezia,2.0,1.0,H,19.0,8.0,5.0,2.0,6.0,2.0,14.0,17.0,2.0,8.0,0.0,1.0
04/06/2023,Udinese,Juventus,0.0,1.0,A,13.0,20.0,3.0,5.0,6.0,14.0,9.0,11.0,2.0,2.0,0.0,0.0
19/08/2023,Empoli,Verona,0.0,1.0,A,10.0,10.0,4.0,4.0,2.0,4.0,17.0,18.0,2.0,2.0,0.0,0.0
19/08/2023,Frosinone,Napoli,1.0,3.0,A,4.0,19.0,1.0,8.0,4.0,6.0,14.0,17.0,3.0,3.0,0.0,0.0
19/08/2023,Genoa,Fiorentina,1.0,4.0,A,4.0,9.0,2.0,5.0,3.0,4.0,14.0,13.0,2.0,3.0,0.0,0.0
19/08/2023,Inter,Monza,2.0,0.0,H,22.0,12.0,3.0,2.0,8.0,3.0,8.0,13.0,1.0,1.0,0.0,0.0
20/08/2023,Roma,Salernitana,2.0,2.0,D,13.0,3.0,3.0,2.0,9.0,1.0,12.0,9.0,0.0,4.0,0.0,0.0
20/08/2023,Sassuolo,Atalanta,0.0,2.0,A,11.0,16.0,3.0,6.0,7.0,7.0,9.0,13.0,0.0,0.0,0.0,0.0
20/08/2023,Lecce,Lazio,2.0,1.0,H,23.0,10.0,7.0,4.0,5.0,2.0,12.0,16.0,3.0,2.0,0.0,0.0
20/08/2023,Udinese,Juventus,0.0,3.0,A,18.0,9.0,5.0,4.0,7.0,3.0,12.0,10.0,1.0,3.0,0.0,0.0
21/08/2023,Torino,Cagliari,0.0,0.0,D,11.0,8.0,2.0,2.0,8.0,3.0,8.0,12.0,1.0,1.0,0.0,0.0
21/08/2023,Bologna,Milan,0.0,2.0,A,17.0,10.0,5.0,6.0,3.0,6.0,10.0,4.0,2.0,2.0,0.0,0.0
26/08/2023,Frosinone,Atalanta,2.0,1.0,H,13.0,18.0,5.0,6.0,3.0,7.0,10.0,10.0,1.0,2.0,0.0,0.0
26/08/2023,Monza,Empoli,2.0,0.0,H,20.0,18.0,5.0,6.0,6.0,5.0,14.0,7.0,1.0,2.0,0.0,0.0
26/08/2023,Milan,Torino,4.0,1.0,H,17.0,8.0,7.0,1.0,2.0,1.0,13.0,16.0,2.0,3.0,0.0,0.0
26/08/2023,Verona,Roma,2.0,1.0,H,5.0,23.0,3.0,7.0,1.0,12.0,17.0,12.0,1.0,3.0,1.0,0.0
27/08/2023,Fiorentina,Lecce,2.0,2.0,D,9.0,6.0,4.0,2.0,3.0,3.0,13.0,12.0,1.0,3.0,0.0,0.0
27/08/2023,Juventus,Bologna,1.0,1.0,D,14.0,9.0,3.0,4.0,5.0,1.0,14.0,13.0,2.0,1.0,0.0,0.0
27/08/2023,Lazio,Genoa,0.0,1.0,A,16.0,5.0,2.0,3.0,15.0,1.0,9.0,16.0,4.0,2.0,0.0,0.0
27/08/2023,Napoli,Sassuolo,2.0,0.0,H,25.0,6.0,5.0,1.0,12.0,4.0,9.0,10.0,0.0,1.0,0.0,1.0
28/08/2023,Salernitana,Udinese,1.0,1.0,D,9.0,14.0,4.0,6.0,7.0,5.0,12.0,19.0,4.0,4.0,0.0,0.0
28/08/2023,Cagliari,Inter,0.0,2.0,A,12.0,17.0,2.0,3.0,4.0,7.0,9.0,10.0,1.0,1.0,0.0,0.0
01/09/2023,Sassuolo,Verona,3.0,1.0,H,16.0,11.0,7.0,3.0,10.0,1.0,8.0,13.0,1.0,3.0,0.0,0.0
01/09/2023,Roma,Milan,1.0,2.0,A,13.0,9.0,2.0,4.0,3.0,5.0,14.0,15.0,2.0,4.0,0.0,1.0
02/09/2023,Bologna,Cagliari,2.0,1.0,H,16.0,7.0,7.0,1.0,5.0,2.0,9.0,13.0,1.0,2.0,0.0,0.0
02/09/2023,Udinese,Frosinone,0.0,0.0,D,12.0,12.0,6.0,2.0,3.0,5.0,14.0,9.0,2.0,2.0,0.0,0.0
02/09/2023,Atalanta,Monza,3.0,0.0,H,18.0,8.0,8.0,2.0,7.0,3.0,11.0,9.0,0.0,3.0,0.0,0.0
02/09/2023,Napoli,Lazio,1.0,2.0,A,22.0,6.0,4.0,2.0,7.0,2.0,8.0,9.0,1.0,2.0,0.0,0.0
03/09/2023,Inter,Fiorentina,4.0,0.0,H,21.0,6.0,11.0,2.0,1.0,1.0,13.0,12.0,1.0,1.0,0.0,0.0
03/09/2023,Torino,Genoa,1.0,0.0,H,10.0,7.0,3.0,2.0,4.0,0.0,13.0,7.0,2.0,5.0,0.0,0.0
03/09/2023,Empoli,Juventus,0.0,2.0,A,7.0,18.0,0.0,5.0,3.0,7.0,14.0,13.0,3.0,3.0,0.0,0.0
03/09/2023,Lecce,Salernitana,2.0,0.0,H,20.0,11.0,6.0,4.0,6.0,5.0,17.0,15.0,3.0,3.0,0.0,0.0
16/09/2023,Juventus,Lazio,3.0,1.0,H,17.0,16.0,7.0,5.0,7.0,9.0,13.0,13.0,5.0,1.0,0.0,0.0
16/09/2023,Inter,Milan,5.0,1.0,H,14.0,9.0,7.0,2.0,5.0,0.0,16.0,13.0,2.0,2.0,0.0,0.0
16/09/2023,Genoa,Napoli,2.0,2.0,D,8.0,12.0,3.0,4.0,3.0,1.0,14.0,8.0,3.0,2.0,0.0,0.0
17/09/2023,Cagliari,Udinese,0.0,0.0,D,10.0,11.0,1.0,1.0,4.0,6.0,12.0,11.0,2.0,1.0,1.0,0.0
17/09/2023,Frosinone,Sassuolo,4.0,2.0,H,16.0,18.0,6.0,7.0,5.0,6.0,10.0,9.0,4.0,2.0,0.0,0.0
17/09/2023,Monza,Lecce,1.0,1.0,D,25.0,4.0,6.0,3.0,10.0,1.0,17.0,11.0,6.0,1.0,1.0,1.0
17/09/2023,Fiorentina,Atalanta,3.0,2.0,H,15.0,11.0,8.0,4.0,3.0,4.0,8.0,14.0,1.0,2.0,0.0,0.0
17/09/2023,Roma,Empoli,7.0,0.0,H,14.0,8.0,9.0,2.0,2.0,6.0,15.0,5.0,2.0,2.0,0.0,0.0
18/09/2023,Salernitana,Torino,0.0,3.0,A,14.0,11.0,4.0,3.0,1.0,2.0,12.0,16.0,2.0,2.0,0.0,0.0
18/09/2023,Verona,Bologna,0.0,0.0,D,9.0,11.0,1.0,4.0,3.0,4.0,18.0,10.0,4.0,2.0,0.0,0.0
22/09/2023,Salernitana,Frosinone,1.0,1.0,D,19.0,9.0,6.0,3.0,8.0,6.0,12.0,12.0,2.0,2.0,0.0,0.0
22/09/2023,Lecce,Genoa,1.0,0.0,H,18.0,8.0,3.0,1.0,4.0,3.0,12.0,10.0,1.0,3.0,0.0,1.0
23/09/2023,Milan,Verona,1.0,0.0,H,9.0,10.0,4.0,2.0,2.0,3.0,13.0,9.0,4.0,2.0,0.0,0.0
23/09/2023,Sassuolo,Juventus,4.0,2.0,H,18.0,15.0,7.0,2.0,6.0,3.0,13.0,8.0,4.0,2.0,0.0,0.0
23/09/2023,Lazio,Monza,1.0,1.0,D,8.0,16.0,1.0,4.0,1.0,3.0,13.0,7.0,2.0,2.0,0.0,0.0
24/09/2023,Empoli,Inter,0.0,1.0,A,7.0,23.0,1.0,6.0,3.0,6.0,15.0,11.0,2.0,2.0,0.0,0.0
24/09/2023,Atalanta,Cagliari,2.0,0.0,H,10.0,11.0,6.0,1.0,7.0,7.0,6.0,11.0,1.0,2.0,0.0,0.0
24/09/2023,Udinese,Fiorentina,0.0,2.0,A,20.0,6.0,8.0,2.0,10.0,3.0,13.0,11.0,0.0,1.0,0.0,0.0
24/09/2023,Bologna,Napoli,0.0,0.0,D,5.0,12.0,2.0,4.0,5.0,5.0,16.0,12.0,4.0,5.0,0.0,0.0
24/09/2023,Torino,Roma,1.0,1.0,D,13.0,11.0,4.0,3.0,7.0,1.0,4.0,5.0,0.0,2.0,0.0,0.0
26/09/2023,Juventus,Lecce,1.0,0.0,H,14.0,2.0,5.0,0.0,5.0,1.0,14.0,15.0,2.0,5.0,0.0,1.0
27/09/2023,Cagliari,Milan,1.0,3.0,A,16.0,17.0,6.0,6.0,3.0,5.0,13.0,6.0,3.0,1.0,0.0,0.0
27/09/2023,Empoli,Salernitana,1.0,0.0,H,13.0,14.0,6.0,2.0,10.0,2.0,18.0,13.0,2.0,1.0,0.0,0.0
27/09/2023,Verona,Atalanta,0.0,1.0,A,11.0,8.0,2.0,2.0,4.0,1.0,10.0,25.0,2.0,3.0,0.0,0.0
27/09/2023,Inter,Sassuolo,1.0,2.0,A,13.0,13.0,3.0,6.0,8.0,6.0,10.0,8.0,0.0,1.0,0.0,0.0
27/09/2023,Lazio,Torino,2.0,0.0,H,6.0,7.0,3.0,2.0,4.0,2.0,12.0,13.0,1.0,4.0,0.0,0.0
27/09/2023,Napoli,Udinese,4.0,1.0,H,23.0,13.0,10.0,3.0,8.0,4.0,11.0,10.0,1.0,1.0,0.0,0.0
28/09/2023,Frosinone,Fiorentina,1.0,1.0,D,11.0,19.0,3.0,6.0,8.0,10.0,6.0,11.0,3.0,3.0,0.0,0.0
28/09/2023,Monza,Bologna,0.0,0.0,D,12.0,7.0,3.0,5.0,7.0,5.0,9.0,13.0,5.0,3.0,0.0,1.0
28/09/2023,Genoa,Roma,4.0,1.0,H,8.0,13.0,4.0,3.0,1.0,7.0,7.0,12.0,4.0,3.0,0.0,0.0
30/09/2023,Lecce,Napoli,0.0,4.0,A,9.0,15.0,4.0,6.0,3.0,7.0,11.0,11.0,3.0,2.0,0.0,0.0
30/09/2023,Milan,Lazio,2.0,0.0,H,14.0,13.0,7.0,4.0,7.0,1.0,15.0,5.0,3.0,2.0,0.0,0.0
30/09/2023,Salernitana,Inter,0.0,4.0,A,12.0,16.0,3.0,6.0,3.0,3.0,12.0,10.0,2.0,1.0,0.0,0.0
01/10/2023,Bologna,Empoli,3.0,0.0,H,21.0,12.0,9.0,4.0,2.0,6.0,11.0,16.0,2.0,4.0,0.0,0.0
01/10/2023,Udinese,Genoa,2.0,2.0,D,11.0,8.0,2.0,4.0,5.0,0.0,12.0,12.0,2.0,2.0,1.0,0.0
01/10/2023,Atalanta,Juventus,0.0,0.0,D,15.0,5.0,2.0,3.0,5.0,2.0,13.0,7.0,1.0,2.0,0.0,0.0
01/10/2023,Roma,Frosinone,2.0,0.0,H,11.0,8.0,5.0,0.0,7.0,3.0,12.0,11.0,1.0,2.0,0.0,0.0
02/10/2023,Sassuolo,Monza,0.0,1.0,A,19.0,13.0,7.0,4.0,7.0,4.0,8.0,10.0,0.0,0.0,0.0,0.0
02/10/2023,Torino,Verona,0.0,0.0,D,8.0,5.0,2.0,2.0,10.0,1.0,6.0,11.0,1.0,1.0,0.0,0.0
02/10/2023,Fiorentina,Cagliari,3.0,0.0,H,14.0,6.0,2.0,4.0,4.0,2.0,10.0,10.0,1.0,1.0,0.0,0.0
06/10/2023,Empoli,Udinese,0.0,0.0,D,18.0,11.0,3.0,1.0,5.0,7.0,11.0,15.0,1.0,2.0,0.0,0.0
06/10/2023,Lecce,Sassuolo,1.0,1.0,D,13.0,14.0,4.0,1.0,5.0,3.0,9.0,15.0,2.0,3.0,0.0,0.0
07/10/2023,Inter,Bologna,2.0,2.0,D,14.0,8.0,5.0,3.0,7.0,7.0,11.0,9.0,2.0,3.0,0.0,0.0
07/10/2023,Juventus,Torino,2.0,0.0,H,17.0,10.0,6.0,1.0,7.0,3.0,10.0,8.0,1.0,1.0,0.0,0.0
07/10/2023,Genoa,Milan,0.0,1.0,A,7.0,12.0,1.0,3.0,3.0,2.0,10.0,13.0,3.0,5.0,1.0,1.0
08/10/2023,Monza,Salernitana,3.0,0.0,H,16.0,8.0,7.0,5.0,7.0,7.0,8.0,16.0,1.0,2.0,0.0,0.0
08/10/2023,Frosinone,Verona,2.0,1.0,H,11.0,16.0,2.0,4.0,2.0,4.0,9.0,12.0,1.0,4.0,0.0,0.0
08/10/2023,Lazio,Atalanta,3.0,2.0,H,12.0,12.0,4.0,4.0,4.0,6.0,7.0,10.0,1.0,1.0,0.0,0.0
08/10/2023,Cagliari,Roma,1.0,4.0,A,16.0,11.0,2.0,5.0,4.0,3.0,15.0,13.0,2.0,3.0,0.0,0.0
08/10/2023,Napoli,Fiorentina,1.0,3.0,A,16.0,12.0,4.0,3.0,6.0,4.0,4.0,14.0,2.0,4.0,0.0,0.0
21/10/2023,Verona,Napoli,1.0,3.0,A,15.0,22.0,9.0,10.0,5.0,8.0,12.0,9.0,3.0,2.0,0.0,0.0
21/10/2023,Torino,Inter,0.0,3.0,A,7.0,14.0,3.0,4.0,2.0,4.0,13.0,8.0,1.0,2.0,0.0,0.0
21/10/2023,Sassuolo,Lazio,0.0,2.0,A,9.0,18.0,2.0,6.0,5.0,7.0,6.0,10.0,1.0,5.0,0.0,0.0
22/10/2023,Roma,Monza,1.0,0.0,H,21.0,11.0,4.0,4.0,8.0,5.0,11.0,11.0,2.0,4.0,0.0,1.0
22/10/2023,Bologna,Frosinone,2.0,1.0,H,12.0,12.0,6.0,5.0,4.0,5.0,10.0,14.0,2.0,2.0,0.0,1.0
22/10/2023,Salernitana,Cagliari,2.0,2.0,D,13.0,13.0,2.0,6.0,8.0,5.0,11.0,12.0,3.0,4.0,0.0,0.0
22/10/2023,Atalanta,Genoa,2.0,0.0,H,13.0,15.0,8.0,4.0,8.0,4.0,17.0,9.0,4.0,2.0,0.0,0.0
22/10/2023,Milan,Juventus,0.0,1.0,A,7.0,14.0,1.0,4.0,6.0,3.0,12.0,16.0,1.0,4.0,1.0,0.0
23/10/2023,Udinese,Lecce,1.0,1.0,D,12.0,12.0,6.0,1.0,2.0,7.0,11.0,15.0,3.0,5.0,0.0,0.0
23/10/2023,Fiorentina,Empoli,0.0,2.0,A,19.0,7.0,7.0,3.0,13.0,3.0,13.0,17.0,1.0,3.0,0.0,0.0
27/10/2023,Genoa,Salernitana,1.0,0.0,H,8.0,7.0,4.0,2.0,7.0,0.0,11.0,19.0,3.0,4.0,0.0,0.0
28/10/2023,Sassuolo,Bologna,1.0,1.0,D,17.0,9.0,6.0,5.0,6.0,2.0,11.0,10.0,1.0,4.0,0.0,0.0
28/10/2023,Lecce,Torino,0.0,1.0,A,11.0,10.0,6.0,2.0,3.0,0.0,17.0,19.0,3.0,5.0,0.0,0.0
28/10/2023,Juventus,Verona,1.0,0.0,H,30.0,7.0,6.0,1.0,5.0,1.0,13.0,8.0,3.0,2.0,0.0,0.0
29/10/2023,Cagliari,Frosinone,4.0,3.0,H,24.0,10.0,6.0,6.0,5.0,7.0,8.0,7.0,1.0,4.0,0.0,0.0
29/10/2023,Monza,Udinese,1.0,1.0,D,10.0,10.0,4.0,3.0,10.0,3.0,15.0,11.0,2.0,1.0,0.0,0.0
29/10/2023,Inter,Roma,1.0,0.0,H,19.0,3.0,3.0,1.0,8.0,0.0,14.0,9.0,3.0,4.0,0.0,0.0
29/10/2023,Napoli,Milan,2.0,2.0,D,17.0,20.0,4.0,6.0,6.0,4.0,14.0,10.0,4.0,3.0,1.0,0.0
30/10/2023,Empoli,Atalanta,0.0,3.0,A,9.0,18.0,2.0,6.0,3.0,6.0,10.0,13.0,4.0,0.0,0.0,0.0
30/10/2023,Lazio,Fiorentina,1.0,0.0,H,11.0,9.0,4.0,5.0,0.0,4.0,12.0,17.0,3.0,3.0,0.0,0.0
03/11/2023,Bologna,Lazio,1.0,0.0,H,6.0,11.0,2.0,1.0,2.0,6.0,12.0,8.0,2.0,5.0,0.0,0.0
04/11/2023,Salernitana,Napoli,0.0,2.0,A,10.0,21.0,3.0,8.0,8.0,9.0,15.0,10.0,1.0,1.0,0.0,0.0
04/11/2023,Atalanta,Inter,1.0,2.0,A,14.0,10.0,4.0,4.0,6.0,1.0,13.0,9.0,4.0,1.0,1.0,0.0
04/11/2023,Milan,Udinese,0.0,1.0,A,14.0,12.0,5.0,2.0,11.0,5.0,13.0,14.0,1.0,2.0,0.0,0.0
05/11/2023,Verona,Monza,1.0,3.0,A,16.0,12.0,5.0,6.0,2.0,6.0,6.0,12.0,1.0,2.0,0.0,0.0
05/11/2023,Cagliari,Genoa,2.0,1.0,H,12.0,8.0,4.0,2.0,1.0,1.0,14.0,11.0,4.0,2.0,0.0,0.0
05/11/2023,Roma,Lecce,2.0,1.0,H,15.0,15.0,5.0,4.0,5.0,2.0,18.0,11.0,3.0,5.0,0.0,0.0
05/11/2023,Fiorentina,Juventus,0.0,1.0,A,25.0,4.0,4.0,3.0,9.0,2.0,12.0,21.0,1.0,3.0,0.0,0.0
06/11/2023,Frosinone,Empoli,2.0,1.0,H,17.0,10.0,5.0,2.0,9.0,2.0,7.0,9.0,3.0,2.0,0.0,0.0
06/11/2023,Torino,Sassuolo,2.0,1.0,H,21.0,5.0,9.0,2.0,9.0,2.0,9.0,6.0,1.0,1.0,0.0,0.0
10/11/2023,Sassuolo,Salernitana,2.0,2.0,D,29.0,9.0,9.0,2.0,11.0,0.0,12.0,14.0,2.0,1.0,0.0,0.0
10/11/2023,Genoa,Verona,1.0,0.0,H,16.0,7.0,6.0,1.0,6.0,7.0,9.0,16.0,1.0,4.0,0.0,0.0
11/11/2023,Lecce,Milan,2.0,2.0,D,14.0,10.0,5.0,6.0,3.0,1.0,12.0,16.0,4.0,6.0,0.0,1.0
11/11/2023,Juventus,Cagliari,2.0,1.0,H,18.0,11.0,4.0,2.0,12.0,4.0,14.0,8.0,3.0,1.0,0.0,0.0
11/11/2023,Monza,Torino,1.0,1.0,D,12.0,12.0,5.0,5.0,3.0,1.0,11.0,11.0,2.0,2.0,0.0,0.0
12/11/2023,Napoli,Empoli,0.0,1.0,A,18.0,8.0,7.0,3.0,8.0,3.0,11.0,13.0,1.0,1.0,0.0,0.0
12/11/2023,Fiorentina,Bologna,2.0,1.0,H,12.0,11.0,4.0,4.0,0.0,3.0,19.0,15.0,2.0,2.0,0.0,0.0
12/11/2023,Udinese,Atalanta,1.0,1.0,D,13.0,8.0,4.0,2.0,7.0,7.0,13.0,13.0,2.0,3.0,0.0,0.0
12/11/2023,Lazio,Roma,0.0,0.0,D,7.0,8.0,2.0,1.0,4.0,1.0,12.0,13.0,3.0,4.0,0.0,0.0
12/11/2023,Inter,Frosinone,2.0,0.0,H,21.0,12.0,6.0,3.0,9.0,4.0,7.0,16.0,0.0,1.0,0.0,0.0
25/11/2023,Salernitana,Lazio,2.0,1.0,H,13.0,13.0,6.0,2.0,4.0,9.0,11.0,12.0,5.0,3.0,0.0,0.0
25/11/2023,Atalanta,Napoli,1.0,2.0,A,16.0,11.0,5.0,4.0,5.0,4.0,15.0,9.0,2.0,2.0,0.0,0.0
25/11/2023,Milan,Fiorentina,1.0,0.0,H,9.0,20.0,6.0,4.0,3.0,11.0,9.0,10.0,1.0,2.0,0.0,0.0
26/11/2023,Cagliari,Monza,1.0,1.0,D,17.0,12.0,6.0,4.0,10.0,11.0,10.0,15.0,1.0,2.0,0.0,0.0
26/11/2023,Empoli,Sassuolo,3.0,4.0,A,11.0,17.0,9.0,9.0,6.0,5.0,20.0,15.0,4.0,2.0,0.0,0.0
26/11/2023,Frosinone,Genoa,2.0,1.0,H,9.0,13.0,5.0,3.0,4.0,2.0,5.0,14.0,2.0,4.0,0.0,0.0
26/11/2023,Roma,Udinese,3.0,1.0,H,12.0,6.0,5.0,2.0,7.0,1.0,8.0,15.0,1.0,3.0,0.0,0.0
26/11/2023,Juventus,Inter,1.0,1.0,D,4.0,8.0,1.0,4.0,1.0,0.0,12.0,13.0,2.0,1.0,0.0,0.0
27/11/2023,Verona,Lecce,2.0,2.0,D,19.0,14.0,11.0,5.0,4.0,2.0,15.0,17.0,1.0,2.0,0.0,0.0
27/11/2023,Bologna,Torino,2.0,0.0,H,13.0,9.0,2.0,3.0,3.0,2.0,16.0,15.0,3.0,4.0,0.0,0.0
01/12/2023,Monza,Juventus,1.0,2.0,A,16.0,18.0,1.0,7.0,7.0,3.0,12.0,8.0,1.0,2.0,0.0,0.0
02/12/2023,Genoa,Empoli,1.0,1.0,D,21.0,9.0,1.0,1.0,5.0,3.0,15.0,19.0,3.0,1.0,0.0,0.0
02/12/2023,Lazio,Cagliari,1.0,0.0,H,10.0,9.0,5.0,2.0,4.0,3.0,11.0,12.0,0.0,2.0,0.0,1.0
02/12/2023,Milan,Frosinone,3.0,1.0,H,10.0,15.0,3.0,3.0,6.0,7.0,11.0,6.0,1.0,1.0,0.0,0.0
03/12/2023,Lecce,Bologna,1.0,1.0,D,14.0,11.0,4.0,4.0,6.0,3.0,12.0,18.0,3.0,2.0,0.0,0.0
03/12/2023,Fiorentina,Salernitana,3.0,0.0,H,22.0,11.0,9.0,1.0,3.0,2.0,13.0,12.0,1.0,0.0,0.0,0.0
03/12/2023,Udinese,Verona,3.0,3.0,D,12.0,13.0,6.0,4.0,5.0,3.0,16.0,13.0,2.0,5.0,0.0,0.0
03/12/2023,Sassuolo,Roma,1.0,2.0,A,8.0,15.0,2.0,7.0,1.0,11.0,10.0,11.0,4.0,1.0,1.0,0.0
03/12/2023,Napoli,Inter,0.0,3.0,A,15.0,11.0,4.0,4.0,6.0,4.0,2.0,13.0,2.0,2.0,0.0,0.0
04/12/2023,Torino,Atalanta,3.0,0.0,H,9.0,10.0,5.0,4.0,4.0,3.0,12.0,14.0,2.0,2.0,0.0,0.0
08/12/2023,Juventus,Napoli,1.0,0.0,H,11.0,13.0,2.0,1.0,3.0,6.0,11.0,12.0,2.0,4.0,0.0,0.0
09/12/2023,Verona,Lazio,1.0,1.0,D,5.0,14.0,1.0,5.0,1.0,7.0,16.0,11.0,2.0,4.0,1.0,0.0
09/12/2023,Atalanta,Milan,3.0,2.0,H,19.0,14.0,7.0,4.0,6.0,4.0,11.0,11.0,1.0,5.0,0.0,1.0
09/12/2023,Inter,Udinese,4.0,0.0,H,17.0,11.0,8.0,1.0,6.0,1.0,9.0,6.0,0.0,1.0,0.0,0.0
10/12/2023,Frosinone,Torino,0.0,0.0,D,11.0,16.0,5.0,3.0,3.0,8.0,13.0,17.0,3.0,3.0,0.0,0.0
10/12/2023,Monza,Genoa,1.0,0.0,H,6.0,16.0,3.0,1.0,2.0,3.0,11.0,13.0,1.0,2.0,0.0,0.0
10/12/2023,Salernitana,Bologna,1.0,2.0,A,9.0,10.0,2.0,5.0,5.0,1.0,20.0,15.0,7.0,2.0,0.0,0.0
10/12/2023,Roma,Fiorentina,1.0,1.0,D,4.0,14.0,1.0,8.0,1.0,6.0,14.0,14.0,5.0,3.0,2.0,1.0
11/12/2023,Empoli,Lecce,1.0,1.0,D,18.0,14.0,6.0,5.0,8.0,3.0,14.0,18.0,2.0,2.0,0.0,0.0
11/12/2023,Cagliari,Sassuolo,2.0,1.0,H,18.0,8.0,6.0,4.0,10.0,4.0,15.0,15.0,1.0,7.0,0.0,1.0
15/12/2023,Genoa,Juventus,1.0,1.0,D,11.0,11.0,3.0,4.0,6.0,8.0,14.0,12.0,2.0,3.0,0.0,0.0
16/12/2023,Lecce,Frosinone,2.0,1.0,H,18.0,11.0,6.0,5.0,5.0,4.0,8.0,14.0,1.0,4.0,0.0,0.0
16/12/2023,Napoli,Cagliari,2.0,1.0,H,21.0,9.0,5.0,3.0,5.0,3.0,9.0,10.0,5.0,3.0,0.0,0.0
16/12/2023,Torino,Empoli,1.0,0.0,H,10.0,7.0,3.0,2.0,6.0,4.0,15.0,10.0,4.0,2.0,0.0,0.0
17/12/2023,Milan,Monza,3.0,0.0,H,17.0,21.0,9.0,4.0,4.0,5.0,8.0,8.0,1.0,2.0,0.0,0.0
17/12/2023,Fiorentina,Verona,1.0,0.0,H,5.0,19.0,3.0,7.0,1.0,6.0,11.0,12.0,3.0,1.0,0.0,0.0
17/12/2023,Udinese,Sassuolo,2.0,2.0,D,9.0,21.0,7.0,7.0,1.0,13.0,13.0,6.0,3.0,1.0,1.0,0.0
17/12/2023,Bologna,Roma,2.0,0.0,H,8.0,8.0,2.0,3.0,0.0,4.0,16.0,16.0,4.0,4.0,0.0,0.0
17/12/2023,Lazio,Inter,0.0,2.0,A,13.0,12.0,4.0,4.0,8.0,7.0,13.0,15.0,1.0,2.0,1.0,0.0
18/12/2023,Atalanta,Salernitana,4.0,1.0,H,20.0,10.0,11.0,3.0,10.0,7.0,9.0,11.0,1.0,2.0,0.0,0.0
22/12/2023,Empoli,Lazio,0.0,2.0,A,21.0,14.0,7.0,7.0,8.0,9.0,6.0,17.0,3.0,2.0,0.0,0.0
22/12/2023,Sassuolo,Genoa,1.0,2.0,A,12.0,14.0,3.0,5.0,3.0,6.0,11.0,9.0,2.0,1.0,0.0,0.0
22/12/2023,Monza,Fiorentina,0.0,1.0,A,7.0,14.0,2.0,5.0,1.0,4.0,12.0,16.0,3.0,4.0,0.0,0.0
22/12/2023,Salernitana,Milan,2.0,2.0,D,19.0,21.0,7.0,9.0,6.0,6.0,16.0,11.0,3.0,1.0,1.0,0.0
23/12/2023,Frosinone,Juventus,1.0,2.0,A,10.0,13.0,3.0,3.0,8.0,8.0,6.0,12.0,0.0,2.0,0.0,0.0
23/12/2023,Bologna,Atalanta,1.0,0.0,H,9.0,12.0,1.0,2.0,2.0,3.0,10.0,14.0,2.0,4.0,0.0,0.0
23/12/2023,Torino,Udinese,1.0,1.0,D,14.0,10.0,4.0,4.0,8.0,2.0,10.0,11.0,2.0,2.0,0.0,0.0
23/12/2023,Inter,Lecce,2.0,0.0,H,20.0,11.0,8.0,5.0,16.0,2.0,8.0,14.0,1.0,3.0,0.0,1.0
23/12/2023,Verona,Cagliari,2.0,0.0,H,13.0,12.0,5.0,3.0,11.0,7.0,8.0,19.0,3.0,4.0,0.0,1.0
23/12/2023,Roma,Napoli,2.0,0.0,H,17.0,7.0,4.0,2.0,4.0,0.0,19.0,12.0,7.0,4.0,0.0,2.0
29/12/2023,Fiorentina,Torino,1.0,0.0,H,12.0,6.0,3.0,3.0,4.0,2.0,11.0,15.0,4.0,2.0,0.0,0.0
29/12/2023,Napoli,Monza,0.0,0.0,D,25.0,8.0,9.0,3.0,10.0,1.0,10.0,21.0,4.0,4.0,0.0,0.0
29/12/2023,Genoa,Inter,1.0,1.0,D,13.0,16.0,4.0,6.0,8.0,2.0,13.0,15.0,2.0,2.0,0.0,0.0
29/12/2023,Lazio,Frosinone,3.0,1.0,H,13.0,11.0,5.0,2.0,6.0,2.0,18.0,15.0,3.0,2.0,0.0,0.0
30/12/2023,Atalanta,Lecce,1.0,0.0,H,17.0,15.0,4.0,2.0,5.0,6.0,10.0,16.0,2.0,2.0,0.0,0.0
30/12/2023,Cagliari,Empoli,0.0,0.0,D,15.0,5.0,3.0,1.0,8.0,6.0,18.0,18.0,1.0,3.0,0.0,0.0
30/12/2023,Udinese,Bologna,3.0,0.0,H,15.0,14.0,7.0,5.0,7.0,7.0,15.0,14.0,2.0,5.0,0.0,0.0
30/12/2023,Milan,Sassuolo,1.0,0.0,H,20.0,12.0,2.0,6.0,6.0,5.0,8.0,7.0,0.0,1.0,0.0,0.0
30/12/2023,Verona,Salernitana,0.0,1.0,A,11.0,9.0,0.0,3.0,7.0,6.0,14.0,13.0,2.0,2.0,0.0,0.0
30/12/2023,Juventus,Roma,1.0,0.0,H,13.0,11.0,4.0,2.0,2.0,2.0,15.0,14.0,1.0,1.0,0.0,0.0
05/01/2024,Bologna,Genoa,1.0,1.0,D,21.0,3.0,8.0,1.0,11.0,2.0,8.0,10.0,3.0,3.0,0.0,0.0
06/01/2024,Inter,Verona,2.0,1.0,H,15.0,8.0,6.0,3.0,7.0,0.0,16.0,15.0,0.0,2.0,0.0,1.0
06/01/2024,Frosinone,Monza,2.0,3.0,A,10.0,7.0,5.0,2.0,5.0,1.0,11.0,16.0,3.0,5.0,0.0,0.0
06/01/2024,Lecce,Cagliari,1.0,1.0,D,15.0,14.0,2.0,2.0,7.0,6.0,20.0,14.0,1.0,1.0,0.0,0.0
06/01/2024,Sassuolo,Fiorentina,1.0,0.0,H,7.0,9.0,1.0,3.0,1.0,8.0,10.0,14.0,3.0,2.0,0.0,0.0
07/01/2024,Empoli,Milan,0.0,3.0,A,17.0,13.0,2.0,6.0,6.0,6.0,9.0,13.0,1.0,2.0,0.0,0.0
07/01/2024,Torino,Napoli,3.0,0.0,H,10.0,10.0,6.0,3.0,2.0,5.0,7.0,10.0,0.0,2.0,0.0,1.0
07/01/2024,Udinese,Lazio,1.0,2.0,A,13.0,7.0,2.0,2.0,4.0,4.0,16.0,22.0,5.0,3.0,0.0,0.0
07/01/2024,Salernitana,Juventus,1.0,2.0,A,8.0,18.0,3.0,3.0,2.0,8.0,9.0,15.0,3.0,5.0,1.0,0.0
07/01/2024,Roma,Atalanta,1.0,1.0,D,16.0,8.0,6.0,2.0,6.0,5.0,14.0,14.0,1.0,6.0,0.0,0.0
13/01/2024,Genoa,Torino,0.0,0.0,D,11.0,6.0,6.0,0.0,8.0,4.0,11.0,11.0,3.0,2.0,0.0,0.0
13/01/2024,Napoli,Salernitana,2.0,1.0,H,20.0,6.0,7.0,2.0,8.0,3.0,15.0,10.0,3.0,2.0,0.0,0.0
13/01/2024,Verona,Empoli,2.0,1.0,H,12.0,14.0,7.0,1.0,5.0,9.0,20.0,17.0,4.0,3.0,1.0,0.0
13/01/2024,Monza,Inter,1.0,5.0,A,9.0,20.0,2.0,7.0,4.0,5.0,6.0,12.0,2.0,2.0,0.0,0.0
14/01/2024,Lazio,Lecce,1.0,0.0,H,8.0,11.0,2.0,3.0,2.0,5.0,14.0,12.0,4.0,4.0,0.0,0.0
14/01/2024,Cagliari,Bologna,2.0,1.0,H,4.0,11.0,2.0,4.0,2.0,5.0,12.0,8.0,3.0,2.0,0.0,0.0
14/01/2024,Fiorentina,Udinese,2.0,2.0,D,10.0,12.0,3.0,6.0,4.0,4.0,14.0,13.0,1.0,1.0,0.0,0.0
14/01/2024,Milan,Roma,3.0,1.0,H,17.0,12.0,5.0,5.0,2.0,5.0,12.0,9.0,2.0,3.0,0.0,0.0
15/01/2024,Atalanta,Frosinone,5.0,0.0,H,21.0,8.0,9.0,5.0,8.0,2.0,11.0,8.0,0.0,1.0,0.0,0.0
16/01/2024,Juventus,Sassuolo,3.0,0.0,H,12.0,8.0,5.0,4.0,5.0,2.0,9.0,9.0,0.0,2.0,0.0,0.0
20/01/2024,Roma,Verona,2.0,1.0,H,9.0,12.0,2.0,3.0,1.0,2.0,14.0,12.0,2.0,2.0,0.0,0.0
20/01/2024,Udinese,Milan,2.0,3.0,A,11.0,15.0,6.0,7.0,5.0,7.0,12.0,9.0,6.0,1.0,0.0,0.0
21/01/2024,Frosinone,Cagliari,3.0,1.0,H,17.0,9.0,7.0,4.0,8.0,4.0,11.0,18.0,3.0,5.0,0.0,0.0
21/01/2024,Empoli,Monza,3.0,0.0,H,9.0,15.0,5.0,5.0,1.0,7.0,15.0,10.0,1.0,3.0,0.0,0.0
21/01/2024,Salernitana,Genoa,1.0,2.0,A,11.0,5.0,2.0,5.0,5.0,5.0,7.0,15.0,0.0,5.0,0.0,0.0
21/01/2024,Lecce,Juventus,0.0,3.0,A,12.0,15.0,3.0,8.0,5.0,5.0,8.0,12.0,1.0,1.0,0.0,0.0
26/01/2024,Cagliari,Torino,1.0,2.0,A,25.0,16.0,10.0,6.0,8.0,2.0,12.0,12.0,2.0,4.0,0.0,0.0
27/01/2024,Atalanta,Udinese,2.0,0.0,H,14.0,13.0,11.0,5.0,4.0,4.0,8.0,11.0,2.0,1.0,0.0,0.0
27/01/2024,Juventus,Empoli,1.0,1.0,D,9.0,16.0,3.0,5.0,6.0,7.0,11.0,6.0,1.0,1.0,1.0,0.0
27/01/2024,Milan,Bologna,2.0,2.0,D,14.0,15.0,4.0,4.0,4.0,1.0,16.0,12.0,5.0,3.0,0.0,0.0
28/01/2024,Genoa,Lecce,2.0,1.0,H,19.0,19.0,7.0,5.0,3.0,8.0,12.0,17.0,0.0,2.0,0.0,0.0
28/01/2024,Monza,Sassuolo,1.0,0.0,H,12.0,14.0,1.0,3.0,4.0,5.0,8.0,13.0,1.0,3.0,0.0,0.0
28/01/2024,Verona,Frosinone,1.0,1.0,D,15.0,11.0,5.0,6.0,1.0,9.0,17.0,12.0,2.0,2.0,0.0,0.0
28/01/2024,Lazio,Napoli,0.0,0.0,D,10.0,5.0,1.0,0.0,4.0,3.0,11.0,11.0,3.0,2.0,0.0,0.0
28/01/2024,Fiorentina,Inter,0.0,1.0,A,14.0,8.0,4.0,4.0,7.0,6.0,6.0,12.0,2.0,3.0,0.0,0.0
29/01/2024,Salernitana,Roma,1.0,2.0,A,15.0,5.0,7.0,2.0,5.0,1.0,12.0,12.0,2.0,3.0,0.0,0.0
02/02/2024,Lecce,Fiorentina,3.0,2.0,H,16.0,10.0,8.0,3.0,1.0,3.0,13.0,14.0,3.0,3.0,0.0,0.0
03/02/2024,Empoli,Genoa,0.0,0.0,D,15.0,10.0,4.0,2.0,6.0,6.0,11.0,12.0,2.0,3.0,0.0,1.0
03/02/2024,Udinese,Monza,0.0,0.0,D,21.0,3.0,6.0,2.0,7.0,4.0,12.0,13.0,3.0,2.0,0.0,0.0
03/02/2024,Frosinone,Milan,2.0,3.0,A,7.0,13.0,4.0,5.0,2.0,4.0,10.0,13.0,1.0,3.0,0.0,0.0
03/02/2024,Bologna,Sassuolo,4.0,2.0,H,19.0,12.0,4.0,4.0,7.0,4.0,12.0,10.0,1.0,3.0,0.0,0.0
04/02/2024,Torino,Salernitana,0.0,0.0,D,13.0,3.0,1.0,1.0,10.0,1.0,11.0,8.0,2.0,1.0,0.0,0.0
04/02/2024,Napoli,Verona,2.0,1.0,H,19.0,12.0,8.0,2.0,9.0,2.0,11.0,14.0,3.0,2.0,0.0,0.0
04/02/2024,Atalanta,Lazio,3.0,1.0,H,19.0,7.0,5.0,1.0,6.0,1.0,13.0,14.0,2.0,3.0,0.0,0.0
04/02/2024,Inter,Juventus,1.0,0.0,H,15.0,12.0,3.0,1.0,6.0,4.0,8.0,8.0,2.0,2.0,0.0,0.0
05/02/2024,Roma,Cagliari,4.0,0.0,H,20.0,12.0,6.0,3.0,7.0,5.0,8.0,12.0,1.0,1.0,0.0,0.0
09/02/2024,Salernitana,Empoli,1.0,3.0,A,13.0,17.0,4.0,3.0,4.0,8.0,10.0,17.0,3.0,2.0,0.0,0.0
10/02/2024,Cagliari,Lazio,1.0,3.0,A,13.0,12.0,6.0,5.0,7.0,8.0,6.0,9.0,1.0,3.0,0.0,0.0
10/02/2024,Roma,Inter,2.0,4.0,A,8.0,10.0,3.0,6.0,3.0,8.0,9.0,14.0,2.0,0.0,0.0,0.0
10/02/2024,Sassuolo,Torino,1.0,1.0,D,11.0,13.0,4.0,2.0,5.0,4.0,12.0,11.0,1.0,3.0,0.0,0.0
11/02/2024,Fiorentina,Frosinone,5.0,1.0,H,18.0,11.0,7.0,3.0,2.0,5.0,16.0,8.0,3.0,1.0,0.0,0.0
11/02/2024,Bologna,Lecce,4.0,0.0,H,16.0,14.0,6.0,3.0,4.0,3.0,10.0,13.0,1.0,2.0,0.0,0.0
11/02/2024,Monza,Verona,0.0,0.0,D,11.0,10.0,1.0,1.0,5.0,2.0,19.0,15.0,1.0,2.0,0.0,0.0
11/02/2024,Genoa,Atalanta,1.0,4.0,A,15.0,14.0,6.0,9.0,7.0,4.0,8.0,13.0,3.0,4.0,0.0,0.0
11/02/2024,Milan,Napoli,1.0,0.0,H,10.0,12.0,6.0,2.0,1.0,2.0,9.0,12.0,1.0,1.0,0.0,0.0
12/02/2024,Juventus,Udinese,0.0,1.0,A,14.0,8.0,6.0,1.0,8.0,4.0,15.0,10.0,3.0,3.0,0.0,0.0
14/02/2024,Bologna,Fiorentina,2.0,0.0,H,18.0,12.0,7.0,3.0,2.0,3.0,11.0,8.0,2.0,3.0,0.0,0.0
16/02/2024,Torino,Lecce,2.0,0.0,H,12.0,8.0,4.0,4.0,5.0,5.0,16.0,11.0,1.0,4.0,0.0,1.0
16/02/2024,Inter,Salernitana,4.0,0.0,H,26.0,1.0,10.0,0.0,18.0,0.0,9.0,9.0,0.0,1.0,0.0,0.0
17/02/2024,Napoli,Genoa,1.0,1.0,D,25.0,6.0,7.0,4.0,7.0,2.0,9.0,13.0,3.0,2.0,0.0,0.0
17/02/2024,Verona,Juventus,2.0,2.0,D,14.0,18.0,9.0,4.0,5.0,4.0,8.0,10.0,0.0,0.0,0.0,0.0
17/02/2024,Atalanta,Sassuolo,3.0,0.0,H,28.0,12.0,13.0,4.0,11.0,5.0,10.0,9.0,0.0,0.0,0.0,0.0
18/02/2024,Lazio,Bologna,1.0,2.0,A,12.0,11.0,7.0,3.0,8.0,3.0,5.0,11.0,2.0,3.0,0.0,0.0
18/02/2024,Empoli,Fiorentina,1.0,1.0,D,5.0,9.0,4.0,4.0,0.0,3.0,15.0,14.0,3.0,2.0,0.0,0.0
18/02/2024,Udinese,Cagliari,1.0,1.0,D,17.0,5.0,3.0,2.0,3.0,4.0,14.0,10.0,3.0,2.0,0.0,0.0
18/02/2024,Frosinone,Roma,0.0,3.0,A,25.0,13.0,7.0,5.0,10.0,2.0,10.0,16.0,0.0,3.0,0.0,0.0
18/02/2024,Monza,Milan,4.0,2.0,H,12.0,16.0,6.0,6.0,7.0,3.0,11.0,10.0,4.0,1.0,0.0,1.0
22/02/2024,Torino,Lazio,0.0,2.0,A,24.0,7.0,4.0,4.0,7.0,4.0,11.0,7.0,3.0,2.0,0.0,1.0
23/02/2024,Bologna,Verona,2.0,0.0,H,12.0,7.0,3.0,3.0,11.0,1.0,12.0,15.0,2.0,2.0,0.0,0.0
24/02/2024,Sassuolo,Empoli,2.0,3.0,A,19.0,14.0,5.0,6.0,4.0,1.0,12.0,14.0,1.0,3.0,0.0,0.0
24/02/2024,Salernitana,Monza,0.0,2.0,A,11.0,17.0,3.0,7.0,7.0,11.0,6.0,13.0,2.0,2.0,0.0,0.0
24/02/2024,Genoa,Udinese,2.0,0.0,H,19.0,5.0,4.0,1.0,8.0,3.0,9.0,17.0,1.0,4.0,0.0,1.0
25/02/2024,Juventus,Frosinone,3.0,2.0,H,22.0,7.0,5.0,3.0,8.0,3.0,12.0,6.0,2.0,2.0,0.0,0.0
25/02/2024,Cagliari,Napoli,1.0,1.0,D,8.0,9.0,3.0,4.0,4.0,3.0,12.0,12.0,4.0,1.0,0.0,0.0
25/02/2024,Lecce,Inter,0.0,4.0,A,14.0,11.0,2.0,7.0,7.0,10.0,13.0,6.0,1.0,2.0,0.0,0.0
25/02/2024,Milan,Atalanta,1.0,1.0,D,20.0,8.0,7.0,3.0,5.0,3.0,12.0,16.0,1.0,4.0,0.0,0.0
26/02/2024,Roma,Torino,3.0,2.0,H,6.0,14.0,3.0,6.0,0.0,4.0,12.0,16.0,2.0,2.0,0.0,0.0
26/02/2024,Fiorentina,Lazio,2.0,1.0,H,22.0,5.0,7.0,1.0,13.0,2.0,15.0,12.0,0.0,2.0,0.0,0.0
28/02/2024,Sassuolo,Napoli,1.0,6.0,A,5.0,27.0,2.0,9.0,5.0,10.0,3.0,5.0,0.0,0.0,0.0,0.0
28/02/2024,Inter,Atalanta,4.0,0.0,H,15.0,6.0,7.0,1.0,4.0,1.0,10.0,15.0,2.0,6.0,0.0,0.0
01/03/2024,Lazio,Milan,0.0,1.0,A,11.0,14.0,3.0,5.0,2.0,5.0,17.0,19.0,5.0,6.0,3.0,0.0
02/03/2024,Udinese,Salernitana,1.0,1.0,D,18.0,17.0,5.0,1.0,5.0,6.0,13.0,13.0,6.0,1.0,1.0,0.0
02/03/2024,Monza,Roma,1.0,4.0,A,16.0,12.0,5.0,6.0,6.0,3.0,11.0,18.0,1.0,4.0,0.0,0.0
02/03/2024,Torino,Fiorentina,0.0,0.0,D,8.0,14.0,2.0,3.0,4.0,5.0,13.0,13.0,2.0,4.0,1.0,0.0
03/03/2024,Verona,Sassuolo,1.0,0.0,H,10.0,13.0,5.0,2.0,2.0,10.0,23.0,10.0,4.0,2.0,0.0,0.0
03/03/2024,Empoli,Cagliari,0.0,1.0,A,16.0,8.0,3.0,4.0,9.0,2.0,11.0,15.0,0.0,3.0,0.0,0.0
03/03/2024,Frosinone,Lecce,1.0,1.0,D,15.0,11.0,7.0,4.0,12.0,8.0,11.0,10.0,1.0,1.0,0.0,0.0
03/03/2024,Atalanta,Bologna,1.0,2.0,A,11.0,11.0,2.0,6.0,6.0,2.0,11.0,12.0,3.0,2.0,0.0,0.0
03/03/2024,Napoli,Juventus,2.0,1.0,H,14.0,18.0,7.0,4.0,2.0,1.0,6.0,16.0,1.0,4.0,0.0,0.0
04/03/2024,Inter,Genoa,2.0,1.0,H,16.0,10.0,5.0,2.0,4.0,5.0,5.0,17.0,2.0,3.0,0.0,0.0
08/03/2024,Napoli,Torino,1.0,1.0,D,22.0,11.0,8.0,2.0,13.0,7.0,9.0,13.0,2.0,2.0,0.0,0.0
09/03/2024,Cagliari,Salernitana,4.0,2.0,H,12.0,12.0,7.0,5.0,5.0,4.0,16.0,11.0,1.0,2.0,0.0,0.0
09/03/2024,Sassuolo,Frosinone,1.0,0.0,H,10.0,11.0,4.0,1.0,1.0,2.0,14.0,9.0,3.0,1.0,0.0,0.0
09/03/2024,Bologna,Inter,0.0,1.0,A,19.0,5.0,3.0,4.0,7.0,2.0,17.0,12.0,2.0,1.0,0.0,0.0
09/03/2024,Genoa,Monza,2.0,3.0,A,22.0,9.0,6.0,5.0,10.0,1.0,11.0,10.0,1.0,1.0,0.0,0.0
10/03/2024,Lecce,Verona,0.0,1.0,A,15.0,13.0,3.0,4.0,11.0,6.0,15.0,19.0,3.0,3.0,0.0,1.0
10/03/2024,Milan,Empoli,1.0,0.0,H,15.0,5.0,5.0,2.0,11.0,4.0,18.0,13.0,1.0,4.0,0.0,0.0
10/03/2024,Juventus,Atalanta,2.0,2.0,D,18.0,7.0,5.0,3.0,4.0,3.0,12.0,10.0,0.0,1.0,0.0,0.0
10/03/2024,Fiorentina,Roma,2.0,2.0,D,15.0,10.0,5.0,5.0,8.0,2.0,10.0,15.0,2.0,5.0,0.0,0.0
11/03/2024,Lazio,Udinese,1.0,2.0,A,18.0,14.0,6.0,5.0,9.0,5.0,9.0,15.0,3.0,6.0,0.0,1.0
15/03/2024,Empoli,Bologna,0.0,1.0,A,10.0,20.0,1.0,9.0,7.0,6.0,19.0,12.0,4.0,0.0,0.0,0.0
16/03/2024,Monza,Cagliari,1.0,0.0,H,15.0,10.0,3.0,0.0,3.0,7.0,11.0,9.0,2.0,1.0,0.0,0.0
16/03/2024,Udinese,Torino,0.0,2.0,A,12.0,12.0,1.0,5.0,3.0,4.0,11.0,17.0,3.0,2.0,0.0,0.0
16/03/2024,Salernitana,Lecce,0.0,1.0,A,15.0,17.0,6.0,4.0,7.0,1.0,9.0,18.0,4.0,3.0,0.0,0.0
16/03/2024,Frosinone,Lazio,2.0,3.0,A,14.0,22.0,5.0,7.0,9.0,4.0,10.0,15.0,1.0,3.0,0.0,0.0
17/03/2024,Juventus,Genoa,0.0,0.0,D,17.0,5.0,2.0,2.0,12.0,2.0,11.0,11.0,4.0,1.0,1.0,0.0
17/03/2024,Verona,Milan,1.0,3.0,A,15.0,18.0,4.0,6.0,3.0,5.0,9.0,8.0,1.0,3.0,0.0,0.0
17/03/2024,Roma,Sassuolo,1.0,0.0,H,10.0,8.0,4.0,2.0,4.0,7.0,11.0,10.0,2.0,1.0,0.0,0.0
17/03/2024,Inter,Napoli,1.0,1.0,D,19.0,11.0,6.0,3.0,5.0,7.0,19.0,6.0,2.0,1.0,0.0,0.0
30/03/2024,Napoli,Atalanta,0.0,3.0,A,20.0,12.0,6.0,6.0,7.0,5.0,6.0,13.0,2.0,2.0,0.0,0.0
30/03/2024,Genoa,Frosinone,1.0,1.0,D,9.0,15.0,3.0,3.0,3.0,8.0,16.0,11.0,2.0,1.0,0.0,0.0
30/03/2024,Torino,Monza,1.0,0.0,H,15.0,9.0,6.0,2.0,7.0,2.0,9.0,11.0,0.0,3.0,0.0,1.0
30/03/2024,Lazio,Juventus,1.0,0.0,H,16.0,9.0,4.0,3.0,7.0,2.0,12.0,10.0,1.0,2.0,0.0,0.0
30/03/2024,Fiorentina,Milan,1.0,2.0,A,17.0,14.0,7.0,10.0,7.0,5.0,8.0,12.0,2.0,3.0,0.0,0.0
01/04/2024,Bologna,Salernitana,3.0,0.0,H,14.0,8.0,3.0,2.0,5.0,3.0,11.0,12.0,0.0,3.0,0.0,0.0
01/04/2024,Cagliari,Verona,1.0,1.0,D,11.0,8.0,2.0,5.0,7.0,2.0,11.0,16.0,0.0,2.0,0.0,0.0
01/04/2024,Sassuolo,Udinese,1.0,1.0,D,14.0,12.0,5.0,3.0,10.0,1.0,7.0,10.0,1.0,2.0,0.0,0.0
01/04/2024,Lecce,Roma,0.0,0.0,D,27.0,10.0,6.0,3.0,8.0,4.0,9.0,12.0,3.0,2.0,0.0,0.0
01/04/2024,Inter,Empoli,2.0,0.0,H,19.0,14.0,7.0,3.0,8.0,6.0,14.0,16.0,0.0,2.0,0.0,0.0
05/04/2024,Salernitana,Sassuolo,2.0,2.0,D,5.0,16.0,2.0,5.0,4.0,9.0,10.0,13.0,4.0,3.0,0.0,0.0
06/04/2024,Milan,Lecce,3.0,0.0,H,16.0,12.0,8.0,7.0,5.0,1.0,8.0,8.0,1.0,1.0,0.0,1.0
06/04/2024,Roma,Lazio,1.0,0.0,H,15.0,11.0,3.0,1.0,3.0,6.0,14.0,15.0,6.0,3.0,0.0,0.0
06/04/2024,Empoli,Torino,3.0,2.0,H,4.0,19.0,3.0,5.0,1.0,7.0,13.0,13.0,2.0,1.0,0.0,0.0
07/04/2024,Frosinone,Bologna,0.0,0.0,D,12.0,13.0,5.0,5.0,5.0,2.0,10.0,14.0,1.0,3.0,0.0,0.0
07/04/2024,Monza,Napoli,2.0,4.0,A,7.0,19.0,2.0,8.0,1.0,6.0,10.0,8.0,3.0,1.0,0.0,0.0
07/04/2024,Cagliari,Atalanta,2.0,1.0,H,11.0,7.0,3.0,2.0,4.0,4.0,16.0,19.0,3.0,3.0,0.0,0.0
07/04/2024,Verona,Genoa,1.0,2.0,A,12.0,11.0,3.0,5.0,5.0,3.0,14.0,15.0,3.0,1.0,0.0,0.0
07/04/2024,Juventus,Fiorentina,1.0,0.0,H,7.0,13.0,2.0,2.0,5.0,6.0,16.0,8.0,2.0,1.0,0.0,0.0
08/04/2024,Udinese,Inter,1.0,2.0,A,3.0,23.0,1.0,6.0,0.0,8.0,11.0,11.0,1.0,2.0,0.0,0.0
12/04/2024,Lazio,Salernitana,4.0,1.0,H,17.0,8.0,6.0,5.0,9.0,0.0,15.0,10.0,0.0,1.0,0.0,0.0
13/04/2024,Lecce,Empoli,1.0,0.0,H,14.0,3.0,7.0,0.0,10.0,3.0,18.0,15.0,1.0,0.0,0.0,0.0
13/04/2024,Torino,Juventus,0.0,0.0,D,13.0,8.0,2.0,3.0,6.0,2.0,18.0,11.0,3.0,2.0,1.0,0.0
13/04/2024,Bologna,Monza,0.0,0.0,D,17.0,4.0,7.0,0.0,10.0,0.0,13.0,19.0,4.0,4.0,0.0,0.0
14/04/2024,Napoli,Frosinone,2.0,2.0,D,20.0,13.0,9.0,6.0,6.0,2.0,11.0,14.0,3.0,1.0,1.0,0.0
14/04/2024,Sassuolo,Milan,3.0,3.0,D,10.0,23.0,5.0,7.0,2.0,6.0,12.0,9.0,3.0,1.0,0.0,0.0
14/04/2024,Inter,Cagliari,2.0,2.0,D,12.0,11.0,7.0,6.0,7.0,0.0,5.0,10.0,0.0,2.0,0.0,0.0
15/04/2024,Fiorentina,Genoa,1.0,1.0,D,20.0,7.0,3.0,3.0,6.0,2.0,8.0,19.0,1.0,2.0,0.0,0.0
15/04/2024,Atalanta,Verona,2.0,2.0,D,16.0,13.0,9.0,5.0,5.0,4.0,6.0,10.0,0.0,2.0,0.0,0.0
19/04/2024,Genoa,Lazio,0.0,1.0,A,8.0,13.0,2.0,1.0,2.0,9.0,7.0,13.0,1.0,2.0,0.0,0.0
19/04/2024,Cagliari,Juventus,2.0,2.0,D,9.0,11.0,4.0,3.0,4.0,3.0,16.0,15.0,2.0,3.0,0.0,0.0
20/04/2024,Empoli,Napoli,1.0,0.0,H,7.0,9.0,1.0,1.0,2.0,8.0,14.0,12.0,2.0,2.0,0.0,0.0
20/04/2024,Verona,Udinese,1.0,0.0,H,16.0,18.0,4.0,1.0,10.0,6.0,18.0,12.0,2.0,2.0,0.0,0.0
21/04/2024,Sassuolo,Lecce,0.0,3.0,A,10.0,14.0,3.0,8.0,9.0,4.0,10.0,13.0,1.0,0.0,0.0,0.0
21/04/2024,Torino,Frosinone,0.0,0.0,D,13.0,12.0,2.0,3.0,6.0,4.0,10.0,17.0,2.0,2.0,0.0,0.0
21/04/2024,Salernitana,Fiorentina,0.0,2.0,A,5.0,12.0,1.0,7.0,2.0,5.0,13.0,11.0,2.0,4.0,0.0,0.0
21/04/2024,Monza,Atalanta,1.0,2.0,A,17.0,12.0,2.0,6.0,2.0,8.0,8.0,13.0,3.0,2.0,0.0,0.0
22/04/2024,Roma,Bologna,1.0,3.0,A,14.0,11.0,5.0,3.0,8.0,2.0,8.0,12.0,5.0,2.0,0.0,0.0
22/04/2024,Milan,Inter,1.0,2.0,A,15.0,11.0,6.0,3.0,5.0,3.0,19.0,10.0,3.0,2.0,2.0,1.0
25/04/2024,Udinese,Roma,1.0,2.0,A,9.0,19.0,3.0,5.0,5.0,8.0,15.0,10.0,3.0,2.0,0.0,0.0
26/04/2024,Frosinone,Salernitana,3.0,0.0,H,11.0,17.0,4.0,2.0,7.0,3.0,13.0,10.0,2.0,2.0,0.0,0.0
27/04/2024,Lecce,Monza,1.0,1.0,D,12.0,9.0,4.0,1.0,0.0,5.0,13.0,18.0,2.0,3.0,0.0,0.0
27/04/2024,Juventus,Milan,0.0,0.0,D,18.0,9.0,7.0,0.0,9.0,4.0,10.0,4.0,0.0,1.0,0.0,0.0
27/04/2024,Lazio,Verona,1.0,0.0,H,17.0,7.0,5.0,1.0,4.0,2.0,13.0,18.0,4.0,4.0,0.0,0.0
28/04/2024,Inter,Torino,2.0,0.0,H,17.0,11.0,5.0,3.0,5.0,4.0,6.0,8.0,0.0,0.0,0.0,1.0
28/04/2024,Bologna,Udinese,1.0,1.0,D,15.0,11.0,4.0,4.0,10.0,3.0,11.0,21.0,3.0,7.0,1.0,0.0
28/04/2024,Atalanta,Empoli,2.0,0.0,H,17.0,11.0,5.0,2.0,8.0,1.0,19.0,14.0,1.0,2.0,0.0,0.0
28/04/2024,Napoli,Roma,2.0,2.0,D,27.0,10.0,9.0,4.0,9.0,2.0,11.0,5.0,2.0,0.0,0.0,0.0
28/04/2024,Fiorentina,Sassuolo,5.0,1.0,H,22.0,7.0,10.0,2.0,10.0,2.0,9.0,9.0,2.0,2.0,0.0,0.0
29/04/2024,Genoa,Cagliari,3.0,0.0,H,12.0,12.0,5.0,1.0,2.0,4.0,12.0,14.0,0.0,2.0,0.0,0.0
03/05/2024,Torino,Bologna,0.0,0.0,D,8.0,5.0,1.0,1.0,2.0,4.0,14.0,11.0,2.0,2.0,0.0,0.0
04/05/2024,Monza,Lazio,2.0,2.0,D,17.0,9.0,7.0,5.0,5.0,4.0,8.0,13.0,1.0,7.0,0.0,0.0
04/05/2024,Sassuolo,Inter,1.0,0.0,H,6.0,14.0,2.0,1.0,2.0,5.0,10.0,10.0,1.0,1.0,0.0,0.0
05/05/2024,Cagliari,Lecce,1.0,1.0,D,9.0,16.0,3.0,3.0,3.0,10.0,9.0,15.0,4.0,4.0,1.0,0.0
05/05/2024,Empoli,Frosinone,0.0,0.0,D,7.0,17.0,1.0,5.0,3.0,8.0,15.0,11.0,2.0,3.0,0.0,0.0
05/05/2024,Verona,Fiorentina,2.0,1.0,H,9.0,13.0,4.0,4.0,1.0,2.0,12.0,11.0,2.0,1.0,0.0,0.0
05/05/2024,Milan,Genoa,3.0,3.0,D,26.0,6.0,7.0,2.0,7.0,1.0,8.0,10.0,1.0,1.0,0.0,0.0
05/05/2024,Roma,Juventus,1.0,1.0,D,19.0,16.0,5.0,6.0,9.0,6.0,7.0,11.0,1.0,2.0,0.0,0.0
06/05/2024,Salernitana,Atalanta,1.0,2.0,A,9.0,17.0,2.0,4.0,1.0,7.0,12.0,10.0,1.0,0.0,0.0,0.0
06/05/2024,Udinese,Napoli,1.0,1.0,D,10.0,12.0,2.0,4.0,7.0,5.0,13.0,10.0,0.0,0.0,0.0,0.0
10/05/2024,Frosinone,Inter,0.0,5.0,A,17.0,14.0,8.0,5.0,8.0,4.0,4.0,8.0,0.0,0.0,0.0,0.0
11/05/2024,Napoli,Bologna,0.0,2.0,A,16.0,11.0,6.0,4.0,9.0,3.0,15.0,12.0,2.0,1.0,0.0,0.0
11/05/2024,Milan,Cagliari,5.0,1.0,H,17.0,13.0,10.0,7.0,6.0,3.0,11.0,9.0,2.0,1.0,0.0,0.0
12/05/2024,Lazio,Empoli,2.0,0.0,H,11.0,16.0,5.0,3.0,7.0,7.0,18.0,15.0,3.0,1.0,0.0,0.0
12/05/2024,Genoa,Sassuolo,2.0,1.0,H,8.0,12.0,2.0,4.0,3.0,7.0,13.0,10.0,1.0,2.0,0.0,0.0
12/05/2024,Verona,Torino,1.0,2.0,A,13.0,6.0,5.0,2.0,7.0,4.0,19.0,15.0,3.0,2.0,1.0,0.0
12/05/2024,Juventus,Salernitana,1.0,1.0,D,25.0,13.0,6.0,4.0,9.0,4.0,15.0,12.0,2.0,5.0,0.0,0.0
12/05/2024,Atalanta,Roma,2.0,1.0,H,24.0,9.0,7.0,6.0,6.0,1.0,11.0,11.0,1.0,1.0,0.0,0.0
13/05/2024,Lecce,Udinese,0.0,2.0,A,9.0,16.0,2.0,3.0,8.0,2.0,12.0,11.0,2.0,1.0,0.0,0.0
13/05/2024,Fiorentina,Monza,2.0,1.0,H,15.0,5.0,8.0,2.0,6.0,1.0,9.0,14.0,1.0,1.0,0.0,0.0
17/05/2024,Fiorentina,Napoli,2.0,2.0,D,14.0,15.0,5.0,3.0,5.0,3.0,16.0,14.0,1.0,2.0,0.0,0.0
18/05/2024,Lecce,Atalanta,0.0,2.0,A,11.0,19.0,3.0,9.0,2.0,5.0,7.0,20.0,0.0,4.0,0.0,0.0
18/05/2024,Torino,Milan,3.0,1.0,H,11.0,16.0,5.0,4.0,3.0,8.0,15.0,14.0,1.0,1.0,0.0,0.0
19/05/2024,Sassuolo,Cagliari,0.0,2.0,A,7.0,13.0,0.0,3.0,5.0,6.0,14.0,9.0,4.0,2.0,1.0,0.0
19/05/2024,Monza,Frosinone,0.0,1.0,A,14.0,16.0,2.0,5.0,3.0,4.0,14.0,13.0,1.0,2.0,0.0,0.0
19/05/2024,Udinese,Empoli,1.0,1.0,D,8.0,4.0,2.0,1.0,5.0,5.0,14.0,18.0,1.0,7.0,0.0,1.0
19/05/2024,Inter,Lazio,1.0,1.0,D,19.0,8.0,7.0,3.0,8.0,0.0,10.0,15.0,0.0,1.0,0.0,0.0
19/05/2024,Roma,Genoa,1.0,0.0,H,21.0,11.0,6.0,4.0,6.0,3.0,10.0,10.0,3.0,0.0,1.0,0.0
20/05/2024,Salernitana,Verona,1.0,2.0,A,9.0,17.0,1.0,5.0,4.0,6.0,14.0,19.0,3.0,2.0,0.0,0.0
20/05/2024,Bologna,Juventus,3.0,3.0,D,10.0,11.0,5.0,4.0,3.0,2.0,8.0,21.0,1.0,5.0,0.0,0.0
23/05/2024,Cagliari,Fiorentina,2.0,3.0,A,14.0,11.0,6.0,5.0,4.0,5.0,13.0,14.0,2.0,4.0,0.0,0.0
24/05/2024,Genoa,Bologna,2.0,0.0,H,14.0,11.0,3.0,1.0,3.0,6.0,11.0,11.0,1.0,2.0,0.0,0.0
25/05/2024,Juventus,Monza,2.0,0.0,H,12.0,12.0,4.0,4.0,3.0,4.0,15.0,13.0,1.0,3.0,0.0,1.0
25/05/2024,Milan,Salernitana,3.0,3.0,D,23.0,14.0,11.0,6.0,13.0,3.0,6.0,9.0,0.0,1.0,0.0,0.0
26/05/2024,Atalanta,Torino,3.0,0.0,H,18.0,8.0,7.0,1.0,2.0,5.0,18.0,10.0,1.0,1.0,0.0,0.0
26/05/2024,Napoli,Lecce,0.0,0.0,D,24.0,10.0,5.0,0.0,4.0,1.0,10.0,17.0,0.0,0.0,0.0,0.0
26/05/2024,Empoli,Roma,2.0,1.0,H,17.0,15.0,7.0,3.0,4.0,5.0,18.0,12.0,4.0,1.0,0.0,0.0
26/05/2024,Frosinone,Udinese,0.0,1.0,A,21.0,10.0,5.0,5.0,11.0,1.0,6.0,13.0,0.0,2.0,0.0,0.0
26/05/2024,Lazio,Sassuolo,1.0,1.0,D,8.0,8.0,6.0,3.0,5.0,3.0,15.0,11.0,3.0,1.0,0.0,0.0
26/05/2024,Verona,Inter,2.0,2.0,D,18.0,15.0,8.0,11.0,9.0,3.0,17.0,8.0,1.0,1.0,0.0,0.0
02/06/2024,Atalanta,Fiorentina,2.0,3.0,A,12.0,8.0,3.0,4.0,4.0,4.0,5.0,9.0,0.0,2.0,0.0,0.0
17/08/2024,Genoa,Inter,2.0,2.0,D,10.0,14.0,6.0,9.0,1.0,4.0,15.0,14.0,1.0,2.0,0.0,0.0
17/08/2024,Parma,Fiorentina,1.0,1.0,D,13.0,14.0,5.0,7.0,4.0,9.0,15.0,9.0,3.0,2.0,0.0,1.0
17/08/2024,Empoli,Monza,0.0,0.0,D,9.0,4.0,1.0,1.0,7.0,3.0,16.0,19.0,0.0,2.0,0.0,0.0
17/08/2024,Milan,Torino,2.0,2.0,D,20.0,6.0,6.0,3.0,9.0,2.0,10.0,7.0,2.0,4.0,0.0,0.0
18/08/2024,Bologna,Udinese,1.0,1.0,D,22.0,4.0,7.0,2.0,7.0,5.0,15.0,13.0,0.0,4.0,0.0,0.0
18/08/2024,Verona,Napoli,3.0,0.0,H,8.0,15.0,5.0,5.0,1.0,5.0,15.0,13.0,4.0,1.0,0.0,0.0
18/08/2024,Cagliari,Roma,0.0,0.0,D,12.0,13.0,2.0,3.0,5.0,3.0,15.0,7.0,2.0,0.0,0.0,0.0
18/08/2024,Lazio,Venezia,3.0,1.0,H,13.0,11.0,6.0,3.0,6.0,3.0,14.0,11.0,1.0,2.0,0.0,0.0
19/08/2024,Lecce,Atalanta,0.0,4.0,A,19.0,10.0,5.0,6.0,5.0,3.0,10.0,24.0,0.0,2.0,0.0,0.0
19/08/2024,Juventus,Como,3.0,0.0,H,12.0,1.0,9.0,1.0,3.0,0.0,12.0,6.0,2.0,4.0,0.0,0.0
24/08/2024,Parma,Milan,2.0,1.0,H,8.0,17.0,5.0,5.0,3.0,9.0,9.0,13.0,0.0,3.0,0.0,0.0
24/08/2024,Udinese,Lazio,2.0,1.0,H,8.0,17.0,3.0,5.0,4.0,13.0,15.0,10.0,0.0,0.0,1.0,0.0
24/08/2024,Inter,Lecce,2.0,0.0,H,11.0,10.0,3.0,4.0,10.0,6.0,9.0,12.0,0.0,2.0,0.0,0.0
24/08/2024,Monza,Genoa,0.0,1.0,A,9.0,11.0,2.0,1.0,8.0,3.0,6.0,17.0,2.0,3.0,0.0,0.0
25/08/2024,Fiorentina,Venezia,0.0,0.0,D,12.0,7.0,8.0,4.0,7.0,3.0,13.0,19.0,1.0,2.0,0.0,0.0
25/08/2024,Torino,Atalanta,2.0,1.0,H,13.0,24.0,6.0,8.0,4.0,6.0,8.0,13.0,3.0,4.0,0.0,0.0
25/08/2024,Napoli,Bologna,3.0,0.0,H,16.0,9.0,5.0,2.0,7.0,5.0,11.0,17.0,2.0,2.0,0.0,0.0
25/08/2024,Roma,Empoli,1.0,2.0,A,17.0,10.0,6.0,3.0,8.0,5.0,10.0,9.0,0.0,3.0,0.0,0.0
26/08/2024,Cagliari,Como,1.0,1.0,D,11.0,13.0,5.0,4.0,5.0,6.0,12.0,10.0,2.0,2.0,0.0,0.0
26/08/2024,Verona,Juventus,0.0,3.0,A,7.0,7.0,1.0,5.0,4.0,1.0,8.0,8.0,2.0,0.0,0.0,0.0
30/08/2024,Venezia,Torino,0.0,1.0,A,13.0,12.0,4.0,6.0,3.0,3.0,7.0,15.0,2.0,4.0,0.0,0.0
30/08/2024,Inter,Atalanta,4.0,0.0,H,13.0,11.0,5.0,1.0,3.0,4.0,6.0,15.0,0.0,2.0,0.0,0.0
31/08/2024,Bologna,Empoli,1.0,1.0,D,14.0,4.0,3.0,2.0,6.0,3.0,15.0,18.0,0.0,3.0,0.0,0.0
31/08/2024,Lecce,Cagliari,1.0,0.0,H,17.0,21.0,4.0,2.0,7.0,10.0,10.0,13.0,1.0,3.0,1.0,0.0
31/08/2024,Lazio,Milan,2.0,2.0,D,7.0,10.0,5.0,4.0,5.0,7.0,12.0,9.0,4.0,2.0,0.0,0.0
31/08/2024,Napoli,Parma,2.0,1.0,H,29.0,13.0,7.0,2.0,6.0,4.0,12.0,6.0,2.0,4.0,0.0,1.0
01/09/2024,Fiorentina,Monza,2.0,2.0,D,15.0,4.0,5.0,3.0,6.0,0.0,11.0,21.0,2.0,4.0,0.0,0.0
01/09/2024,Genoa,Verona,0.0,2.0,A,11.0,10.0,1.0,3.0,3.0,1.0,8.0,16.0,2.0,6.0,0.0,0.0
01/09/2024,Juventus,Roma,0.0,0.0,D,8.0,7.0,1.0,1.0,6.0,4.0,11.0,12.0,2.0,2.0,0.0,0.0
01/09/2024,Udinese,Como,1.0,0.0,H,10.0,21.0,3.0,4.0,4.0,6.0,16.0,9.0,3.0,0.0,0.0,0.0
14/09/2024,Como,Bologna,2.0,2.0,D,14.0,14.0,4.0,4.0,4.0,3.0,17.0,12.0,2.0,1.0,0.0,0.0
14/09/2024,Empoli,Juventus,0.0,0.0,D,8.0,15.0,3.0,3.0,4.0,8.0,11.0,10.0,1.0,2.0,0.0,0.0
14/09/2024,Milan,Venezia,4.0,0.0,H,12.0,6.0,8.0,1.0,6.0,1.0,12.0,12.0,1.0,3.0,0.0,1.0
15/09/2024,Genoa,Roma,1.0,1.0,D,20.0,16.0,8.0,6.0,4.0,5.0,9.0,12.0,1.0,3.0,0.0,0.0
15/09/2024,Atalanta,Fiorentina,3.0,2.0,H,13.0,13.0,7.0,5.0,4.0,2.0,16.0,15.0,2.0,3.0,0.0,0.0
15/09/2024,Torino,Lecce,0.0,0.0,D,5.0,20.0,0.0,6.0,2.0,7.0,13.0,13.0,1.0,3.0,0.0,0.0
15/09/2024,Cagliari,Napoli,0.0,4.0,A,16.0,12.0,3.0,5.0,7.0,4.0,22.0,11.0,1.0,2.0,0.0,0.0
15/09/2024,Monza,Inter,1.0,1.0,D,5.0,16.0,2.0,2.0,1.0,8.0,11.0,19.0,1.0,2.0,0.0,0.0
16/09/2024,Parma,Udinese,2.0,3.0,A,9.0,18.0,3.0,6.0,5.0,6.0,8.0,18.0,2.0,3.0,1.0,0.0
16/09/2024,Lazio,Verona,2.0,1.0,H,14.0,7.0,7.0,2.0,9.0,6.0,13.0,10.0,2.0,2.0,0.0,0.0
20/09/2024,Cagliari,Empoli,0.0,2.0,A,21.0,9.0,2.0,4.0,10.0,4.0,15.0,21.0,1.0,2.0,0.0,0.0
20/09/2024,Verona,Torino,2.0,3.0,A,8.0,16.0,2.0,3.0,5.0,6.0,10.0,8.0,3.0,1.0,1.0,0.0
21/09/2024,Venezia,Genoa,2.0,0.0,H,12.0,9.0,4.0,0.0,3.0,4.0,9.0,12.0,2.0,3.0,0.0,0.0
21/09/2024,Juventus,Napoli,0.0,0.0,D,9.0,8.0,1.0,1.0,4.0,3.0,10.0,13.0,1.0,0.0,0.0,0.0
21/09/2024,Lecce,Parma,2.0,2.0,D,14.0,24.0,3.0,10.0,2.0,12.0,12.0,11.0,4.0,0.0,1.0,1.0
22/09/2024,Fiorentina,Lazio,2.0,1.0,H,14.0,20.0,5.0,6.0,3.0,10.0,11.0,15.0,3.0,4.0,0.0,0.0
22/09/2024,Monza,Bologna,1.0,2.0,A,6.0,15.0,3.0,8.0,2.0,2.0,20.0,16.0,3.0,2.0,0.0,0.0
22/09/2024,Roma,Udinese,3.0,0.0,H,14.0,9.0,6.0,3.0,2.0,1.0,15.0,11.0,2.0,2.0,0.0,0.0
22/09/2024,Inter,Milan,1.0,2.0,A,13.0,16.0,4.0,8.0,6.0,2.0,13.0,4.0,4.0,1.0,0.0,0.0
24/09/2024,Atalanta,Como,2.0,3.0,A,8.0,14.0,5.0,7.0,6.0,2.0,12.0,17.0,1.0,3.0,0.0,0.0
27/09/2024,Milan,Lecce,3.0,0.0,H,15.0,16.0,6.0,7.0,4.0,7.0,5.0,8.0,1.0,1.0,1.0,0.0
28/09/2024,Udinese,Inter,2.0,3.0,A,10.0,16.0,3.0,7.0,7.0,3.0,13.0,6.0,1.0,0.0,0.0,0.0
28/09/2024,Genoa,Juventus,0.0,3.0,A,7.0,12.0,2.0,3.0,5.0,3.0,8.0,14.0,2.0,1.0,0.0,0.0
28/09/2024,Bologna,Atalanta,1.0,1.0,D,5.0,23.0,1.0,5.0,2.0,9.0,16.0,12.0,3.0,3.0,1.0,0.0
29/09/2024,Torino,Lazio,2.0,3.0,A,12.0,13.0,7.0,7.0,3.0,1.0,10.0,13.0,2.0,3.0,0.0,0.0
29/09/2024,Como,Verona,3.0,2.0,H,24.0,6.0,11.0,3.0,9.0,1.0,10.0,19.0,2.0,5.0,0.0,1.0
29/09/2024,Roma,Venezia,2.0,1.0,H,22.0,18.0,5.0,7.0,6.0,3.0,8.0,13.0,1.0,2.0,0.0,0.0
29/09/2024,Empoli,Fiorentina,0.0,0.0,D,8.0,13.0,1.0,0.0,2.0,4.0,15.0,12.0,0.0,1.0,0.0,0.0
29/09/2024,Napoli,Monza,2.0,0.0,H,11.0,5.0,2.0,1.0,1.0,3.0,16.0,8.0,1.0,2.0,0.0,0.0
30/09/2024,Parma,Cagliari,2.0,3.0,A,18.0,11.0,4.0,4.0,5.0,3.0,10.0,16.0,3.0,2.0,0.0,0.0
04/10/2024,Napoli,Como,3.0,1.0,H,9.0,11.0,6.0,2.0,4.0,1.0,7.0,10.0,1.0,1.0,0.0,0.0
04/10/2024,Verona,Venezia,2.0,1.0,H,13.0,11.0,4.0,2.0,13.0,6.0,10.0,7.0,3.0,0.0,0.0,0.0
05/10/2024,Udinese,Lecce,1.0,0.0,H,13.0,9.0,4.0,3.0,5.0,0.0,12.0,16.0,2.0,2.0,0.0,0.0
05/10/2024,Atalanta,Genoa,5.0,1.0,H,23.0,7.0,8.0,2.0,4.0,2.0,9.0,15.0,0.0,0.0,0.0,0.0
05/10/2024,Inter,Torino,3.0,2.0,H,29.0,7.0,8.0,5.0,14.0,0.0,6.0,9.0,1.0,2.0,0.0,1.0
06/10/2024,Juventus,Cagliari,1.0,1.0,D,21.0,9.0,9.0,2.0,8.0,3.0,13.0,10.0,5.0,2.0,1.0,0.0
06/10/2024,Bologna,Parma,0.0,0.0,D,19.0,13.0,3.0,2.0,13.0,6.0,15.0,16.0,1.0,0.0,0.0,1.0
06/10/2024,Lazio,Empoli,2.0,1.0,H,16.0,7.0,6.0,2.0,5.0,3.0,10.0,17.0,2.0,4.0,0.0,0.0
06/10/2024,Monza,Roma,1.0,1.0,D,3.0,15.0,3.0,4.0,1.0,3.0,16.0,13.0,3.0,1.0,0.0,0.0
06/10/2024,Fiorentina,Milan,2.0,1.0,H,12.0,16.0,3.0,8.0,0.0,7.0,11.0,21.0,2.0,3.0,0.0,1.0
19/10/2024,Como,Parma,1.0,1.0,D,11.0,9.0,3.0,3.0,7.0,4.0,14.0,10.0,1.0,2.0,0.0,0.0
19/10/2024,Genoa,Bologna,2.0,2.0,D,10.0,12.0,4.0,7.0,1.0,7.0,20.0,12.0,2.0,0.0,0.0,0.0
19/10/2024,Milan,Udinese,1.0,0.0,H,10.0,13.0,5.0,1.0,8.0,4.0,3.0,14.0,2.0,3.0,1.0,0.0
19/10/2024,Juventus,Lazio,1.0,0.0,H,16.0,2.0,3.0,1.0,7.0,1.0,16.0,9.0,4.0,2.0,0.0,1.0
20/10/2024,Empoli,Napoli,0.0,1.0,A,11.0,9.0,4.0,1.0,7.0,7.0,14.0,13.0,2.0,2.0,0.0,0.0
20/10/2024,Lecce,Fiorentina,0.0,6.0,A,5.0,19.0,2.0,11.0,1.0,3.0,8.0,14.0,0.0,5.0,1.0,0.0
20/10/2024,Venezia,Atalanta,0.0,2.0,A,12.0,16.0,4.0,7.0,2.0,5.0,12.0,6.0,1.0,1.0,0.0,0.0
20/10/2024,Cagliari,Torino,3.0,2.0,H,18.0,17.0,5.0,5.0,9.0,12.0,9.0,8.0,1.0,3.0,0.0,0.0
20/10/2024,Roma,Inter,0.0,1.0,A,14.0,11.0,3.0,6.0,3.0,3.0,12.0,13.0,2.0,3.0,0.0,0.0
21/10/2024,Verona,Monza,0.0,3.0,A,16.0,10.0,4.0,4.0,9.0,6.0,8.0,13.0,3.0,2.0,0.0,0.0
25/10/2024,Udinese,Cagliari,2.0,0.0,H,13.0,3.0,4.0,0.0,2.0,4.0,13.0,9.0,2.0,3.0,0.0,1.0
25/10/2024,Torino,Como,1.0,0.0,H,8.0,20.0,2.0,6.0,1.0,3.0,13.0,12.0,3.0,3.0,0.0,0.0
26/10/2024,Napoli,Lecce,1.0,0.0,H,24.0,11.0,8.0,2.0,16.0,5.0,13.0,7.0,3.0,2.0,0.0,0.0
26/10/2024,Atalanta,Verona,6.0,1.0,H,19.0,4.0,10.0,2.0,4.0,2.0,3.0,15.0,0.0,1.0,0.0,0.0
27/10/2024,Parma,Empoli,1.0,1.0,D,17.0,6.0,4.0,2.0,9.0,3.0,12.0,17.0,4.0,5.0,0.0,0.0
27/10/2024,Lazio,Genoa,3.0,0.0,H,18.0,6.0,4.0,2.0,7.0,4.0,12.0,6.0,3.0,1.0,0.0,0.0
27/10/2024,Monza,Venezia,2.0,2.0,D,13.0,6.0,2.0,2.0,4.0,3.0,17.0,16.0,4.0,2.0,1.0,0.0
27/10/2024,Inter,Juventus,4.0,4.0,D,18.0,10.0,9.0,5.0,13.0,5.0,11.0,16.0,2.0,1.0,0.0,0.0
27/10/2024,Fiorentina,Roma,5.0,1.0,H,21.0,14.0,10.0,5.0,6.0,2.0,13.0,11.0,2.0,5.0,0.0,1.0
29/10/2024,Cagliari,Bologna,0.0,2.0,A,14.0,11.0,2.0,4.0,7.0,2.0,17.0,18.0,2.0,2.0,0.0,0.0
29/10/2024,Lecce,Verona,1.0,0.0,H,14.0,7.0,6.0,1.0,3.0,4.0,14.0,21.0,1.0,3.0,0.0,2.0
29/10/2024,Milan,Napoli,0.0,2.0,A,13.0,9.0,5.0,4.0,5.0,1.0,14.0,6.0,0.0,1.0,0.0,0.0
30/10/2024,Empoli,Inter,0.0,3.0,A,6.0,15.0,1.0,5.0,1.0,4.0,12.0,13.0,1.0,1.0,1.0,0.0
30/10/2024,Venezia,Udinese,3.0,2.0,H,18.0,15.0,7.0,5.0,2.0,6.0,9.0,13.0,3.0,4.0,0.0,1.0
30/10/2024,Atalanta,Monza,2.0,0.0,H,16.0,4.0,6.0,3.0,5.0,1.0,14.0,11.0,2.0,3.0,0.0,0.0
30/10/2024,Juventus,Parma,2.0,2.0,D,24.0,13.0,6.0,5.0,10.0,6.0,7.0,5.0,2.0,0.0,0.0,0.0
31/10/2024,Genoa,Fiorentina,0.0,1.0,A,14.0,12.0,4.0,4.0,4.0,4.0,13.0,10.0,4.0,2.0,0.0,0.0
31/10/2024,Como,Lazio,1.0,5.0,A,14.0,14.0,2.0,7.0,3.0,5.0,14.0,18.0,2.0,5.0,1.0,1.0
31/10/2024,Roma,Torino,1.0,0.0,H,10.0,4.0,3.0,2.0,3.0,5.0,11.0,15.0,2.0,2.0,0.0,0.0
02/11/2024,Bologna,Lecce,1.0,0.0,H,20.0,6.0,4.0,0.0,9.0,1.0,9.0,14.0,2.0,2.0,0.0,0.0
02/11/2024,Udinese,Juventus,0.0,2.0,A,11.0,11.0,2.0,5.0,10.0,3.0,12.0,14.0,2.0,2.0,0.0,0.0
02/11/2024,Monza,Milan,0.0,1.0,A,12.0,18.0,2.0,7.0,3.0,5.0,18.0,15.0,2.0,1.0,0.0,0.0
03/11/2024,Napoli,Atalanta,0.0,3.0,A,13.0,12.0,3.0,3.0,4.0,3.0,10.0,8.0,1.0,3.0,0.0,0.0
03/11/2024,Torino,Fiorentina,0.0,1.0,A,9.0,8.0,1.0,3.0,1.0,3.0,16.0,12.0,2.0,1.0,0.0,0.0
03/11/2024,Verona,Roma,3.0,2.0,H,7.0,14.0,3.0,3.0,2.0,2.0,16.0,11.0,2.0,2.0,1.0,0.0
03/11/2024,Inter,Venezia,1.0,0.0,H,20.0,7.0,8.0,2.0,9.0,3.0,14.0,15.0,2.0,1.0,0.0,0.0
04/11/2024,Empoli,Como,1.0,0.0,H,9.0,12.0,4.0,2.0,3.0,6.0,17.0,9.0,1.0,0.0,0.0,0.0
04/11/2024,Parma,Genoa,0.0,1.0,A,13.0,15.0,0.0,7.0,3.0,7.0,5.0,18.0,2.0,5.0,0.0,0.0
04/11/2024,Lazio,Cagliari,2.0,1.0,H,20.0,6.0,5.0,1.0,2.0,3.0,12.0,17.0,3.0,8.0,0.0,2.0
07/11/2024,Genoa,Como,1.0,1.0,D,8.0,18.0,4.0,8.0,8.0,5.0,17.0,15.0,4.0,3.0,0.0,0.0
08/11/2024,Lecce,Empoli,1.0,1.0,D,18.0,11.0,3.0,6.0,4.0,3.0,7.0,24.0,0.0,3.0,0.0,0.0
09/11/2024,Venezia,Parma,1.0,2.0,A,12.0,10.0,6.0,3.0,6.0,6.0,9.0,10.0,1.0,2.0,0.0,0.0
09/11/2024,Cagliari,Milan,3.0,3.0,D,16.0,13.0,7.0,6.0,6.0,3.0,7.0,11.0,0.0,2.0,0.0,0.0
09/11/2024,Juventus,Torino,2.0,0.0,H,13.0,6.0,4.0,1.0,5.0,5.0,7.0,14.0,1.0,3.0,0.0,0.0
10/11/2024,Atalanta,Udinese,2.0,1.0,H,11.0,11.0,4.0,6.0,4.0,5.0,10.0,12.0,1.0,1.0,0.0,0.0
10/11/2024,Fiorentina,Verona,3.0,1.0,H,11.0,8.0,6.0,2.0,8.0,3.0,1.0,19.0,1.0,2.0,0.0,0.0
10/11/2024,Roma,Bologna,2.0,3.0,A,15.0,15.0,5.0,4.0,4.0,3.0,16.0,21.0,2.0,3.0,0.0,0.0
10/11/2024,Monza,Lazio,0.0,1.0,A,12.0,14.0,2.0,6.0,6.0,6.0,13.0,10.0,5.0,1.0,0.0,0.0
10/11/2024,Inter,Napoli,1.0,1.0,D,13.0,5.0,4.0,2.0,4.0,2.0,15.0,12.0,2.0,0.0,0.0,0.0
23/11/2024,Verona,Inter,0.0,5.0,A,9.0,12.0,2.0,7.0,4.0,2.0,14.0,5.0,2.0,1.0,0.0,0.0
23/11/2024,Milan,Juventus,0.0,0.0,D,6.0,7.0,1.0,2.0,2.0,4.0,9.0,12.0,3.0,2.0,0.0,0.0
23/11/2024,Parma,Atalanta,1.0,3.0,A,9.0,15.0,3.0,6.0,2.0,5.0,6.0,8.0,0.0,2.0,0.0,0.0
24/11/2024,Genoa,Cagliari,2.0,2.0,D,20.0,17.0,6.0,6.0,6.0,8.0,11.0,7.0,2.0,2.0,0.0,0.0
24/11/2024,Como,Fiorentina,0.0,2.0,A,10.0,8.0,4.0,4.0,3.0,4.0,11.0,15.0,2.0,1.0,1.0,0.0
24/11/2024,Torino,Monza,1.0,1.0,D,12.0,9.0,5.0,6.0,7.0,3.0,17.0,13.0,1.0,2.0,0.0,0.0
24/11/2024,Napoli,Roma,1.0,0.0,H,14.0,6.0,2.0,1.0,8.0,2.0,8.0,9.0,0.0,3.0,0.0,0.0
24/11/2024,Lazio,Bologna,3.0,0.0,H,13.0,3.0,4.0,1.0,3.0,0.0,14.0,14.0,3.0,3.0,0.0,1.0
25/11/2024,Empoli,Udinese,1.0,1.0,D,4.0,16.0,2.0,3.0,1.0,8.0,8.0,13.0,3.0,2.0,0.0,0.0
25/11/2024,Venezia,Lecce,0.0,1.0,A,16.0,7.0,6.0,2.0,6.0,2.0,12.0,16.0,1.0,3.0,0.0,0.0
29/11/2024,Cagliari,Verona,1.0,0.0,H,19.0,11.0,6.0,2.0,7.0,1.0,10.0,12.0,1.0,2.0,0.0,0.0
30/11/2024,Como,Monza,1.0,1.0,D,17.0,9.0,3.0,3.0,11.0,4.0,16.0,11.0,3.0,0.0,0.0,0.0
30/11/2024,Milan,Empoli,3.0,0.0,H,20.0,9.0,4.0,0.0,7.0,3.0,12.0,16.0,2.0,2.0,0.0,0.0
30/11/2024,Bologna,Venezia,3.0,0.0,H,16.0,5.0,9.0,1.0,1.0,0.0,14.0,15.0,0.0,2.0,0.0,0.0
01/12/2024,Udinese,Genoa,0.0,2.0,A,4.0,15.0,2.0,5.0,6.0,4.0,13.0,11.0,2.0,3.0,1.0,0.0
01/12/2024,Parma,Lazio,3.0,1.0,H,12.0,23.0,4.0,8.0,4.0,10.0,17.0,13.0,4.0,3.0,0.0,0.0
01/12/2024,Torino,Napoli,0.0,1.0,A,5.0,16.0,1.0,6.0,4.0,7.0,15.0,9.0,4.0,1.0,0.0,0.0
01/12/2024,Lecce,Juventus,1.0,1.0,D,10.0,14.0,6.0,3.0,2.0,7.0,8.0,9.0,1.0,4.0,0.0,0.0
02/12/2024,Roma,Atalanta,0.0,2.0,A,5.0,18.0,1.0,7.0,2.0,4.0,17.0,13.0,2.0,3.0,0.0,0.0
06/12/2024,Inter,Parma,3.0,1.0,H,18.0,5.0,5.0,2.0,10.0,1.0,8.0,3.0,1.0,1.0,0.0,0.0
06/12/2024,Atalanta,Milan,2.0,1.0,H,17.0,6.0,8.0,2.0,7.0,0.0,14.0,13.0,2.0,0.0,0.0,0.0
07/12/2024,Genoa,Torino,0.0,0.0,D,5.0,10.0,1.0,3.0,4.0,4.0,12.0,15.0,2.0,1.0,0.0,0.0
07/12/2024,Juventus,Bologna,2.0,2.0,D,10.0,10.0,3.0,4.0,1.0,4.0,18.0,14.0,3.0,4.0,0.0,0.0
07/12/2024,Roma,Lecce,4.0,1.0,H,23.0,3.0,9.0,1.0,8.0,1.0,5.0,14.0,2.0,3.0,0.0,0.0
08/12/2024,Fiorentina,Cagliari,1.0,0.0,H,8.0,8.0,3.0,1.0,6.0,4.0,9.0,20.0,3.0,2.0,0.0,0.0
08/12/2024,Verona,Empoli,1.0,4.0,A,12.0,15.0,3.0,5.0,5.0,8.0,15.0,16.0,2.0,2.0,0.0,0.0
08/12/2024,Venezia,Como,2.0,2.0,D,8.0,10.0,4.0,4.0,5.0,9.0,12.0,10.0,1.0,1.0,0.0,0.0
08/12/2024,Napoli,Lazio,0.0,1.0,A,12.0,7.0,1.0,3.0,6.0,2.0,16.0,12.0,2.0,3.0,0.0,0.0
09/12/2024,Monza,Udinese,1.0,2.0,A,27.0,10.0,4.0,3.0,10.0,1.0,12.0,16.0,1.0,2.0,0.0,0.0
13/12/2024,Empoli,Torino,0.0,1.0,A,10.0,14.0,4.0,4.0,12.0,3.0,7.0,15.0,2.0,3.0,0.0,0.0
14/12/2024,Cagliari,Atalanta,0.0,1.0,A,12.0,12.0,8.0,2.0,2.0,5.0,16.0,10.0,3.0,3.0,0.0,0.0
14/12/2024,Udinese,Napoli,1.0,3.0,A,7.0,17.0,3.0,4.0,3.0,9.0,14.0,8.0,1.0,1.0,0.0,0.0
14/12/2024,Juventus,Venezia,2.0,2.0,D,12.0,8.0,4.0,2.0,7.0,4.0,9.0,8.0,1.0,3.0,0.0,0.0
15/12/2024,Lecce,Monza,2.0,1.0,H,11.0,10.0,4.0,1.0,2.0,7.0,15.0,16.0,1.0,5.0,0.0,0.0
15/12/2024,Bologna,Fiorentina,1.0,0.0,H,16.0,10.0,6.0,4.0,1.0,3.0,16.0,10.0,2.0,2.0,0.0,0.0
15/12/2024,Parma,Verona,2.0,3.0,A,19.0,17.0,8.0,6.0,5.0,2.0,5.0,16.0,1.0,3.0,0.0,0.0
15/12/2024,Como,Roma,2.0,0.0,H,18.0,6.0,7.0,1.0,6.0,5.0,18.0,17.0,6.0,1.0,0.0,0.0
15/12/2024,Milan,Genoa,0.0,0.0,D,22.0,5.0,4.0,0.0,9.0,2.0,11.0,12.0,0.0,2.0,0.0,0.0
16/12/2024,Lazio,Inter,0.0,6.0,A,9.0,12.0,2.0,7.0,4.0,2.0,7.0,14.0,2.0,4.0,0.0,0.0
20/12/2024,Verona,Milan,0.0,1.0,A,10.0,14.0,2.0,6.0,3.0,8.0,21.0,9.0,1.0,1.0,0.0,0.0
21/12/2024,Torino,Bologna,0.0,2.0,A,6.0,8.0,0.0,5.0,4.0,0.0,11.0,17.0,0.0,2.0,0.0,0.0
21/12/2024,Genoa,Napoli,1.0,2.0,A,11.0,12.0,3.0,2.0,5.0,6.0,8.0,8.0,2.0,1.0,0.0,0.0
21/12/2024,Lecce,Lazio,1.0,2.0,A,11.0,13.0,2.0,7.0,6.0,6.0,13.0,12.0,3.0,1.0,1.0,0.0
22/12/2024,Roma,Parma,5.0,0.0,H,19.0,9.0,9.0,3.0,5.0,2.0,10.0,9.0,1.0,2.0,0.0,0.0
22/12/2024,Venezia,Cagliari,2.0,1.0,H,12.0,14.0,6.0,7.0,4.0,8.0,6.0,11.0,1.0,2.0,0.0,0.0
22/12/2024,Atalanta,Empoli,3.0,2.0,H,16.0,7.0,7.0,3.0,6.0,3.0,11.0,15.0,1.0,1.0,0.0,0.0
22/12/2024,Monza,Juventus,1.0,2.0,A,17.0,16.0,5.0,9.0,3.0,7.0,7.0,13.0,1.0,1.0,0.0,0.0
23/12/2024,Fiorentina,Udinese,1.0,2.0,A,14.0,11.0,3.0,4.0,10.0,2.0,10.0,14.0,2.0,5.0,0.0,0.0
23/12/2024,Inter,Como,2.0,0.0,H,17.0,8.0,5.0,4.0,7.0,1.0,13.0,15.0,2.0,2.0,0.0,0.0
28/12/2024,Empoli,Genoa,1.0,2.0,A,12.0,14.0,8.0,5.0,7.0,4.0,16.0,13.0,1.0,2.0,0.0,0.0
28/12/2024,Parma,Monza,2.0,1.0,H,9.0,10.0,3.0,4.0,4.0,6.0,16.0,21.0,3.0,7.0,0.0,1.0
28/12/2024,Cagliari,Inter,0.0,3.0,A,5.0,20.0,1.0,5.0,5.0,7.0,14.0,5.0,0.0,0.0,0.0,0.0
28/12/2024,Lazio,Atalanta,1.0,1.0,D,11.0,14.0,5.0,4.0,2.0,7.0,6.0,11.0,2.0,3.0,0.0,0.0
29/12/2024,Udinese,Torino,2.0,2.0,D,10.0,12.0,3.0,6.0,4.0,3.0,17.0,12.0,1.0,0.0,0.0,0.0
29/12/2024,Napoli,Venezia,1.0,0.0,H,25.0,4.0,8.0,2.0,14.0,4.0,10.0,12.0,0.0,3.0,0.0,0.0
29/12/2024,Juventus,Fiorentina,2.0,2.0,D,15.0,11.0,5.0,4.0,7.0,2.0,14.0,9.0,3.0,1.0,0.0,0.0
29/12/2024,Milan,Roma,1.0,1.0,D,21.0,12.0,7.0,5.0,6.0,5.0,17.0,8.0,4.0,4.0,0.0,0.0
30/12/2024,Como,Lecce,2.0,0.0,H,15.0,11.0,8.0,1.0,4.0,4.0,12.0,15.0,3.0,2.0,0.0,0.0
30/12/2024,Bologna,Verona,2.0,3.0,A,23.0,8.0,7.0,4.0,11.0,5.0,9.0,24.0,2.0,5.0,1.0,0.0
04/01/2025,Venezia,Empoli,1.0,1.0,D,8.0,18.0,3.0,6.0,2.0,8.0,15.0,14.0,1.0,2.0,0.0,0.0
04/01/2025,Fiorentina,Napoli,0.0,3.0,A,14.0,10.0,2.0,4.0,4.0,2.0,17.0,15.0,0.0,1.0,0.0,0.0
04/01/2025,Verona,Udinese,0.0,0.0,D,13.0,15.0,3.0,6.0,7.0,3.0,14.0,16.0,3.0,2.0,1.0,0.0
05/01/2025,Monza,Cagliari,1.0,2.0,A,6.0,13.0,2.0,4.0,1.0,3.0,16.0,19.0,2.0,2.0,1.0,0.0
05/01/2025,Lecce,Genoa,0.0,0.0,D,10.0,4.0,3.0,1.0,9.0,4.0,11.0,15.0,0.0,1.0,0.0,0.0
05/01/2025,Torino,Parma,0.0,0.0,D,12.0,10.0,4.0,3.0,8.0,7.0,9.0,9.0,2.0,1.0,0.0,0.0
05/01/2025,Roma,Lazio,2.0,0.0,H,7.0,17.0,5.0,6.0,3.0,10.0,12.0,18.0,4.0,5.0,0.0,1.0
10/01/2025,Lazio,Como,1.0,1.0,D,12.0,17.0,4.0,4.0,7.0,7.0,14.0,15.0,4.0,3.0,1.0,0.0
11/01/2025,Empoli,Lecce,1.0,3.0,A,15.0,14.0,5.0,6.0,9.0,2.0,11.0,21.0,0.0,3.0,0.0,0.0
11/01/2025,Udinese,Atalanta,0.0,0.0,D,12.0,4.0,3.0,2.0,5.0,3.0,4.0,16.0,1.0,2.0,0.0,0.0
11/01/2025,Torino,Juventus,1.0,1.0,D,11.0,15.0,2.0,9.0,9.0,1.0,18.0,9.0,4.0,1.0,0.0,0.0
11/01/2025,Milan,Cagliari,1.0,1.0,D,24.0,6.0,11.0,2.0,9.0,1.0,9.0,11.0,1.0,2.0,0.0,0.0
12/01/2025,Genoa,Parma,1.0,0.0,H,14.0,9.0,4.0,3.0,6.0,9.0,10.0,10.0,2.0,3.0,0.0,0.0
12/01/2025,Venezia,Inter,0.0,1.0,A,7.0,17.0,2.0,6.0,4.0,5.0,12.0,11.0,4.0,1.0,0.0,0.0
12/01/2025,Bologna,Roma,2.0,2.0,D,14.0,11.0,8.0,4.0,5.0,4.0,18.0,10.0,4.0,1.0,0.0,0.0
12/01/2025,Napoli,Verona,2.0,0.0,H,14.0,6.0,3.0,2.0,8.0,1.0,6.0,5.0,0.0,0.0,0.0,0.0
13/01/2025,Monza,Fiorentina,2.0,1.0,H,10.0,11.0,3.0,2.0,2.0,4.0,26.0,9.0,4.0,1.0,0.0,0.0
14/01/2025,Como,Milan,1.0,2.0,A,12.0,12.0,4.0,6.0,2.0,4.0,11.0,17.0,1.0,6.0,0.0,0.0
14/01/2025,Atalanta,Juventus,1.0,1.0,D,17.0,17.0,6.0,9.0,3.0,3.0,10.0,7.0,1.0,1.0,0.0,0.0
15/01/2025,Inter,Bologna,2.0,2.0,D,12.0,14.0,6.0,6.0,3.0,3.0,19.0,13.0,0.0,0.0,0.0,0.0
17/01/2025,Roma,Genoa,3.0,1.0,H,16.0,7.0,7.0,3.0,3.0,2.0,12.0,12.0,1.0,1.0,0.0,0.0
18/01/2025,Bologna,Monza,3.0,1.0,H,18.0,3.0,7.0,1.0,4.0,0.0,16.0,18.0,1.0,3.0,0.0,0.0
18/01/2025,Juventus,Milan,2.0,0.0,H,15.0,13.0,6.0,3.0,5.0,5.0,19.0,11.0,0.0,2.0,0.0,0.0
18/01/2025,Atalanta,Napoli,2.0,3.0,A,15.0,6.0,6.0,3.0,3.0,1.0,18.0,9.0,4.0,2.0,0.0,0.0
19/01/2025,Fiorentina,Torino,1.0,1.0,D,20.0,6.0,6.0,3.0,9.0,2.0,16.0,11.0,3.0,3.0,0.0,1.0
19/01/2025,Cagliari,Lecce,4.0,1.0,H,19.0,7.0,7.0,2.0,6.0,1.0,11.0,10.0,3.0,1.0,0.0,1.0
19/01/2025,Parma,Venezia,1.0,1.0,D,19.0,7.0,8.0,2.0,8.0,2.0,13.0,16.0,2.0,3.0,0.0,0.0
19/01/2025,Verona,Lazio,0.0,3.0,A,16.0,14.0,3.0,5.0,5.0,6.0,10.0,8.0,6.0,2.0,1.0,0.0
19/01/2025,Inter,Empoli,3.0,1.0,H,18.0,5.0,7.0,1.0,7.0,3.0,11.0,9.0,0.0,0.0,0.0,0.0
20/01/2025,Como,Udinese,4.0,1.0,H,11.0,6.0,8.0,2.0,3.0,2.0,10.0,16.0,2.0,4.0,1.0,1.0
24/01/2025,Torino,Cagliari,2.0,0.0,H,18.0,6.0,6.0,1.0,6.0,3.0,11.0,10.0,0.0,1.0,0.0,0.0
25/01/2025,Como,Atalanta,1.0,2.0,A,15.0,5.0,5.0,3.0,4.0,5.0,15.0,10.0,2.0,3.0,0.0,0.0
25/01/2025,Napoli,Juventus,2.0,1.0,H,14.0,5.0,3.0,2.0,9.0,1.0,9.0,15.0,0.0,0.0,0.0,0.0
25/01/2025,Empoli,Bologna,1.0,1.0,D,5.0,9.0,1.0,8.0,2.0,4.0,25.0,13.0,0.0,0.0,0.0,0.0
26/01/2025,Milan,Parma,3.0,2.0,H,14.0,12.0,5.0,5.0,7.0,4.0,14.0,7.0,2.0,5.0,0.0,0.0
26/01/2025,Udinese,Roma,1.0,2.0,A,10.0,16.0,3.0,10.0,1.0,5.0,15.0,12.0,2.0,2.0,0.0,0.0
26/01/2025,Lecce,Inter,0.0,4.0,A,17.0,9.0,4.0,5.0,7.0,0.0,13.0,12.0,0.0,2.0,0.0,0.0
26/01/2025,Lazio,Fiorentina,1.0,2.0,A,22.0,7.0,3.0,3.0,14.0,2.0,9.0,12.0,1.0,4.0,0.0,1.0
27/01/2025,Venezia,Verona,1.0,1.0,D,9.0,21.0,1.0,5.0,7.0,9.0,16.0,14.0,1.0,1.0,0.0,0.0
27/01/2025,Genoa,Monza,2.0,0.0,H,18.0,5.0,6.0,1.0,9.0,6.0,13.0,19.0,0.0,4.0,0.0,0.0
31/01/2025,Parma,Lecce,1.0,3.0,A,19.0,6.0,7.0,3.0,3.0,2.0,8.0,14.0,1.0,2.0,0.0,0.0
01/02/2025,Monza,Verona,0.0,1.0,A,9.0,12.0,2.0,4.0,7.0,3.0,12.0,23.0,2.0,3.0,0.0,0.0
01/02/2025,Udinese,Venezia,3.0,2.0,H,13.0,14.0,5.0,3.0,4.0,6.0,20.0,9.0,3.0,3.0,0.0,0.0
01/02/2025,Atalanta,Torino,1.0,1.0,D,22.0,5.0,10.0,3.0,8.0,0.0,6.0,11.0,0.0,3.0,0.0,0.0
01/02/2025,Bologna,Como,2.0,0.0,H,15.0,8.0,4.0,1.0,4.0,2.0,16.0,18.0,3.0,4.0,0.0,1.0
02/02/2025,Juventus,Empoli,4.0,1.0,H,23.0,10.0,8.0,3.0,8.0,6.0,14.0,13.0,0.0,3.0,0.0,1.0
02/02/2025,Fiorentina,Genoa,2.0,1.0,H,7.0,17.0,6.0,3.0,1.0,8.0,17.0,14.0,3.0,1.0,0.0,0.0
02/02/2025,Milan,Inter,1.0,1.0,D,10.0,16.0,4.0,6.0,8.0,11.0,5.0,9.0,0.0,2.0,0.0,0.0
02/02/2025,Roma,Napoli,1.0,1.0,D,12.0,5.0,2.0,2.0,2.0,3.0,9.0,13.0,2.0,1.0,0.0,0.0
03/02/2025,Cagliari,Lazio,1.0,2.0,A,15.0,11.0,5.0,6.0,7.0,7.0,14.0,9.0,0.0,0.0,0.0,0.0
06/02/2025,Fiorentina,Inter,3.0,0.0,H,10.0,11.0,6.0,2.0,1.0,8.0,11.0,10.0,0.0,0.0,0.0,0.0
07/02/2025,Como,Juventus,1.0,2.0,A,16.0,8.0,6.0,3.0,9.0,1.0,15.0,15.0,3.0,1.0,0.0,0.0
08/02/2025,Verona,Atalanta,0.0,5.0,A,18.0,17.0,7.0,7.0,7.0,2.0,10.0,6.0,2.0,1.0,0.0,0.0
08/02/2025,Empoli,Milan,0.0,2.0,A,8.0,16.0,0.0,5.0,2.0,6.0,17.0,10.0,2.0,4.0,1.0,1.0
08/02/2025,Torino,Genoa,1.0,1.0,D,10.0,6.0,3.0,2.0,4.0,2.0,11.0,10.0,2.0,2.0,0.0,0.0
09/02/2025,Venezia,Roma,0.0,1.0,A,12.0,13.0,3.0,5.0,4.0,6.0,13.0,21.0,2.0,3.0,0.0,0.0
09/02/2025,Cagliari,Parma,2.0,1.0,H,14.0,9.0,3.0,1.0,7.0,6.0,14.0,12.0,0.0,0.0,0.0,0.0
09/02/2025,Lazio,Monza,5.0,1.0,H,26.0,3.0,9.0,1.0,8.0,1.0,10.0,12.0,0.0,1.0,0.0,0.0
09/02/2025,Lecce,Bologna,0.0,0.0,D,6.0,8.0,1.0,2.0,6.0,5.0,14.0,16.0,0.0,2.0,0.0,0.0
09/02/2025,Napoli,Udinese,1.0,1.0,D,18.0,8.0,4.0,4.0,6.0,6.0,11.0,10.0,0.0,1.0,0.0,0.0
10/02/2025,Inter,Fiorentina,2.0,1.0,H,22.0,7.0,8.0,2.0,8.0,1.0,16.0,15.0,4.0,3.0,0.0,0.0
14/02/2025,Bologna,Torino,3.0,2.0,H,23.0,8.0,7.0,5.0,8.0,2.0,7.0,17.0,0.0,4.0,0.0,0.0
15/02/2025,Atalanta,Cagliari,0.0,0.0,D,9.0,3.0,2.0,0.0,8.0,2.0,7.0,11.0,1.0,1.0,0.0,0.0
15/02/2025,Lazio,Napoli,2.0,2.0,D,12.0,6.0,5.0,3.0,7.0,1.0,9.0,19.0,2.0,2.0,0.0,0.0
15/02/2025,Milan,Verona,1.0,0.0,H,18.0,7.0,3.0,2.0,10.0,7.0,11.0,18.0,0.0,0.0,0.0,0.0
16/02/2025,Fiorentina,Como,0.0,2.0,A,5.0,8.0,3.0,4.0,2.0,1.0,14.0,24.0,3.0,2.0,0.0,0.0
16/02/2025,Monza,Lecce,0.0,0.0,D,8.0,19.0,3.0,5.0,3.0,7.0,10.0,18.0,2.0,2.0,0.0,0.0
16/02/2025,Udinese,Empoli,3.0,0.0,H,17.0,16.0,9.0,4.0,9.0,5.0,12.0,17.0,0.0,0.0,0.0,0.0
16/02/2025,Parma,Roma,0.0,1.0,A,5.0,16.0,1.0,4.0,1.0,10.0,11.0,5.0,0.0,0.0,0.0,0.0
16/02/2025,Juventus,Inter,1.0,0.0,H,16.0,17.0,8.0,2.0,7.0,5.0,17.0,10.0,1.0,1.0,0.0,0.0
17/02/2025,Genoa,Venezia,2.0,0.0,H,14.0,7.0,5.0,3.0,4.0,5.0,14.0,15.0,1.0,1.0,0.0,0.0
21/02/2025,Lecce,Udinese,0.0,1.0,A,10.0,12.0,1.0,5.0,11.0,8.0,15.0,11.0,1.0,3.0,0.0,0.0
22/02/2025,Parma,Bologna,2.0,0.0,H,4.0,16.0,3.0,1.0,0.0,4.0,14.0,13.0,2.0,1.0,0.0,0.0
22/02/2025,Venezia,Lazio,0.0,0.0,D,9.0,9.0,2.0,3.0,6.0,6.0,21.0,12.0,4.0,2.0,0.0,0.0
22/02/2025,Torino,Milan,2.0,1.0,H,9.0,26.0,3.0,8.0,4.0,11.0,14.0,5.0,1.0,1.0,0.0,0.0
22/02/2025,Inter,Genoa,1.0,0.0,H,18.0,11.0,5.0,2.0,6.0,7.0,7.0,14.0,0.0,2.0,0.0,0.0
23/02/2025,Como,Napoli,2.0,1.0,H,8.0,13.0,3.0,4.0,4.0,6.0,17.0,14.0,1.0,3.0,0.0,0.0
23/02/2025,Verona,Fiorentina,1.0,0.0,H,7.0,8.0,3.0,3.0,4.0,1.0,19.0,8.0,3.0,3.0,0.0,0.0
23/02/2025,Empoli,Atalanta,0.0,5.0,A,10.0,14.0,1.0,8.0,3.0,4.0,4.0,17.0,0.0,1.0,0.0,0.0
23/02/2025,Cagliari,Juventus,0.0,1.0,A,8.0,14.0,2.0,7.0,3.0,4.0,9.0,15.0,0.0,1.0,0.0,0.0
24/02/2025,Roma,Monza,4.0,0.0,H,23.0,5.0,6.0,2.0,6.0,3.0,6.0,7.0,0.0,1.0,0.0,0.0
27/02/2025,Bologna,Milan,2.0,1.0,H,14.0,8.0,4.0,4.0,4.0,5.0,13.0,15.0,1.0,2.0,0.0,0.0
28/02/2025,Fiorentina,Lecce,1.0,0.0,H,10.0,8.0,3.0,3.0,5.0,2.0,10.0,12.0,3.0,2.0,0.0,0.0
01/03/2025,Atalanta,Venezia,0.0,0.0,D,18.0,8.0,3.0,2.0,3.0,2.0,12.0,14.0,1.0,2.0,0.0,0.0
01/03/2025,Napoli,Inter,1.0,1.0,D,19.0,6.0,4.0,1.0,12.0,3.0,7.0,15.0,1.0,0.0,0.0,0.0
01/03/2025,Udinese,Parma,1.0,0.0,H,20.0,9.0,6.0,4.0,7.0,7.0,15.0,7.0,1.0,1.0,0.0,0.0
02/03/2025,Monza,Torino,0.0,2.0,A,9.0,13.0,2.0,7.0,1.0,4.0,10.0,20.0,2.0,2.0,0.0,0.0
02/03/2025,Bologna,Cagliari,2.0,1.0,H,15.0,2.0,5.0,1.0,4.0,1.0,15.0,24.0,1.0,2.0,0.0,0.0
02/03/2025,Genoa,Empoli,1.0,1.0,D,5.0,7.0,1.0,1.0,3.0,6.0,12.0,18.0,1.0,3.0,0.0,0.0
02/03/2025,Roma,Como,2.0,1.0,H,11.0,10.0,4.0,3.0,1.0,2.0,6.0,18.0,2.0,7.0,0.0,1.0
02/03/2025,Milan,Lazio,1.0,2.0,A,15.0,21.0,4.0,8.0,3.0,5.0,14.0,6.0,2.0,1.0,1.0,0.0
03/03/2025,Juventus,Verona,2.0,0.0,H,27.0,5.0,9.0,2.0,6.0,0.0,14.0,8.0,1.0,0.0,0.0,0.0
07/03/2025,Cagliari,Genoa,1.0,1.0,D,9.0,8.0,1.0,2.0,2.0,5.0,16.0,15.0,2.0,2.0,0.0,0.0
08/03/2025,Como,Venezia,1.0,1.0,D,12.0,11.0,7.0,6.0,3.0,5.0,11.0,14.0,2.0,3.0,0.0,0.0
08/03/2025,Parma,Torino,2.0,2.0,D,12.0,6.0,4.0,2.0,7.0,4.0,16.0,15.0,4.0,2.0,0.0,0.0
08/03/2025,Lecce,Milan,2.0,3.0,A,11.0,16.0,3.0,9.0,2.0,7.0,13.0,7.0,2.0,1.0,0.0,0.0
08/03/2025,Inter,Monza,3.0,2.0,H,30.0,8.0,9.0,4.0,13.0,1.0,8.0,7.0,0.0,1.0,0.0,0.0
09/03/2025,Verona,Bologna,1.0,2.0,A,7.0,12.0,2.0,6.0,1.0,3.0,23.0,11.0,2.0,1.0,1.0,0.0
09/03/2025,Napoli,Fiorentina,2.0,1.0,H,19.0,7.0,11.0,2.0,4.0,4.0,10.0,5.0,1.0,2.0,0.0,0.0
09/03/2025,Empoli,Roma,0.0,1.0,A,3.0,16.0,1.0,7.0,1.0,9.0,12.0,10.0,0.0,0.0,0.0,0.0
09/03/2025,Juventus,Atalanta,0.0,4.0,A,9.0,19.0,2.0,9.0,2.0,5.0,12.0,11.0,1.0,1.0,0.0,0.0
10/03/2025,Lazio,Udinese,1.0,1.0,D,10.0,15.0,5.0,4.0,4.0,9.0,9.0,11.0,2.0,4.0,0.0,0.0
14/03/2025,Genoa,Lecce,2.0,1.0,H,8.0,15.0,2.0,2.0,3.0,3.0,12.0,10.0,3.0,2.0,0.0,0.0
15/03/2025,Monza,Parma,1.0,1.0,D,12.0,14.0,4.0,6.0,6.0,3.0,14.0,16.0,0.0,3.0,0.0,0.0
15/03/2025,Udinese,Verona,0.0,1.0,A,11.0,7.0,3.0,2.0,2.0,1.0,21.0,16.0,5.0,2.0,0.0,0.0
15/03/2025,Milan,Como,2.0,1.0,H,9.0,15.0,3.0,6.0,0.0,5.0,21.0,7.0,3.0,3.0,0.0,1.0
15/03/2025,Torino,Empoli,1.0,0.0,H,13.0,16.0,3.0,2.0,5.0,5.0,9.0,12.0,1.0,0.0,0.0,0.0
16/03/2025,Venezia,Napoli,0.0,0.0,D,13.0,15.0,4.0,7.0,3.0,8.0,19.0,8.0,2.0,1.0,0.0,0.0
16/03/2025,Bologna,Lazio,5.0,0.0,H,13.0,7.0,7.0,2.0,7.0,1.0,18.0,16.0,2.0,3.0,0.0,0.0
16/03/2025,Roma,Cagliari,1.0,0.0,H,13.0,11.0,1.0,5.0,8.0,3.0,4.0,12.0,0.0,2.0,0.0,0.0
16/03/2025,Fiorentina,Juventus,3.0,0.0,H,9.0,11.0,3.0,2.0,1.0,6.0,9.0,13.0,2.0,3.0,0.0,0.0
16/03/2025,Atalanta,Inter,0.0,2.0,A,16.0,14.0,3.0,5.0,2.0,6.0,11.0,14.0,3.0,3.0,1.0,1.0
29/03/2025,Como,Empoli,1.0,1.0,D,16.0,14.0,5.0,4.0,4.0,1.0,5.0,22.0,2.0,5.0,0.0,1.0
29/03/2025,Venezia,Bologna,0.0,1.0,A,6.0,13.0,3.0,4.0,2.0,3.0,14.0,21.0,4.0,1.0,0.0,0.0
29/03/2025,Juventus,Genoa,1.0,0.0,H,9.0,9.0,6.0,3.0,4.0,3.0,13.0,11.0,3.0,2.0,0.0,0.0
29/03/2025,Lecce,Roma,0.0,1.0,A,17.0,16.0,4.0,6.0,6.0,6.0,6.0,11.0,1.0,3.0,0.0,0.0
30/03/2025,Cagliari,Monza,3.0,0.0,H,11.0,12.0,4.0,3.0,4.0,6.0,17.0,11.0,2.0,2.0,0.0,0.0
30/03/2025,Fiorentina,Atalanta,1.0,0.0,H,12.0,9.0,4.0,0.0,2.0,4.0,7.0,16.0,0.0,3.0,0.0,0.0
30/03/2025,Inter,Udinese,2.0,1.0,H,13.0,11.0,3.0,4.0,2.0,4.0,8.0,14.0,2.0,0.0,0.0,0.0
30/03/2025,Napoli,Milan,2.0,1.0,H,8.0,17.0,3.0,4.0,2.0,6.0,10.0,5.0,2.0,2.0,0.0,0.0
31/03/2025,Verona,Parma,0.0,0.0,D,6.0,10.0,0.0,1.0,5.0,5.0,11.0,9.0,2.0,1.0,0.0,0.0
31/03/2025,Lazio,Torino,1.0,1.0,D,16.0,7.0,6.0,2.0,5.0,3.0,9.0,20.0,3.0,4.0,0.0,0.0
04/04/2025,Genoa,Udinese,1.0,0.0,H,13.0,5.0,7.0,2.0,1.0,2.0,16.0,14.0,2.0,2.0,0.0,0.0
05/04/2025,Monza,Como,1.0,3.0,A,8.0,17.0,4.0,7.0,2.0,2.0,19.0,21.0,2.0,1.0,0.0,0.0
05/04/2025,Parma,Inter,2.0,2.0,D,8.0,20.0,4.0,4.0,2.0,4.0,9.0,7.0,2.0,3.0,0.0,0.0
05/04/2025,Milan,Fiorentina,2.0,2.0,D,19.0,15.0,6.0,8.0,7.0,4.0,12.0,12.0,4.0,3.0,0.0,0.0
06/04/2025,Lecce,Venezia,1.0,1.0,D,23.0,13.0,4.0,3.0,8.0,3.0,10.0,14.0,2.0,4.0,0.0,0.0
06/04/2025,Empoli,Cagliari,0.0,0.0,D,7.0,7.0,1.0,1.0,2.0,3.0,9.0,15.0,0.0,4.0,0.0,0.0
06/04/2025,Torino,Verona,1.0,1.0,D,7.0,13.0,3.0,1.0,1.0,5.0,9.0,19.0,1.0,1.0,1.0,0.0
06/04/2025,Atalanta,Lazio,0.0,1.0,A,10.0,8.0,2.0,3.0,11.0,4.0,6.0,6.0,1.0,2.0,0.0,0.0
06/04/2025,Roma,Juventus,1.0,1.0,D,11.0,11.0,4.0,7.0,4.0,4.0,11.0,15.0,1.0,1.0,0.0,0.0
07/04/2025,Bologna,Napoli,1.0,1.0,D,12.0,6.0,4.0,2.0,8.0,3.0,11.0,18.0,1.0,3.0,0.0,0.0
11/04/2025,Udinese,Milan,0.0,4.0,A,14.0,14.0,5.0,7.0,5.0,7.0,10.0,9.0,1.0,1.0,0.0,0.0
12/04/2025,Venezia,Monza,1.0,0.0,H,9.0,10.0,4.0,3.0,3.0,4.0,20.0,20.0,5.0,3.0,1.0,0.0
12/04/2025,Inter,Cagliari,3.0,1.0,H,13.0,8.0,4.0,4.0,5.0,6.0,6.0,12.0,0.0,1.0,0.0,0.0
12/04/2025,Juventus,Lecce,2.0,1.0,H,22.0,14.0,7.0,3.0,9.0,4.0,7.0,10.0,0.0,1.0,0.0,0.0
13/04/2025,Atalanta,Bologna,2.0,0.0,H,4.0,12.0,2.0,5.0,4.0,5.0,17.0,12.0,4.0,1.0,0.0,0.0
13/04/2025,Fiorentina,Parma,0.0,0.0,D,9.0,7.0,3.0,3.0,2.0,2.0,10.0,19.0,0.0,5.0,0.0,0.0
13/04/2025,Verona,Genoa,0.0,0.0,D,14.0,4.0,2.0,1.0,6.0,2.0,19.0,11.0,3.0,1.0,0.0,0.0
13/04/2025,Como,Torino,1.0,0.0,H,15.0,10.0,7.0,4.0,7.0,4.0,9.0,16.0,1.0,3.0,0.0,0.0
13/04/2025,Lazio,Roma,1.0,1.0,D,12.0,9.0,7.0,4.0,10.0,5.0,12.0,12.0,4.0,2.0,0.0,0.0
14/04/2025,Napoli,Empoli,3.0,0.0,H,17.0,12.0,6.0,1.0,5.0,5.0,8.0,15.0,1.0,1.0,0.0,0.0
19/04/2025,Lecce,Como,0.0,3.0,A,14.0,11.0,7.0,6.0,9.0,4.0,18.0,14.0,3.0,5.0,0.0,0.0
19/04/2025,Monza,Napoli,0.0,1.0,A,8.0,16.0,0.0,5.0,6.0,7.0,18.0,11.0,4.0,2.0,0.0,0.0
19/04/2025,Roma,Verona,1.0,0.0,H,6.0,8.0,3.0,2.0,4.0,6.0,5.0,17.0,0.0,2.0,0.0,0.0
20/04/2025,Empoli,Venezia,2.0,2.0,D,11.0,13.0,4.0,7.0,2.0,5.0,18.0,15.0,2.0,1.0,0.0,0.0
20/04/2025,Bologna,Inter,1.0,0.0,H,12.0,8.0,3.0,1.0,5.0,6.0,12.0,21.0,2.0,3.0,0.0,0.0
20/04/2025,Milan,Atalanta,0.0,1.0,A,12.0,11.0,1.0,2.0,7.0,5.0,8.0,7.0,0.0,1.0,0.0,0.0
23/04/2025,Cagliari,Fiorentina,1.0,2.0,A,8.0,8.0,2.0,4.0,4.0,4.0,15.0,15.0,2.0,2.0,0.0,0.0
23/04/2025,Genoa,Lazio,0.0,2.0,A,8.0,15.0,4.0,6.0,6.0,8.0,16.0,10.0,3.0,1.0,1.0,1.0
23/04/2025,Parma,Juventus,1.0,0.0,H,6.0,16.0,3.0,2.0,4.0,9.0,9.0,10.0,2.0,3.0,0.0,0.0
23/04/2025,Torino,Udinese,2.0,0.0,H,10.0,10.0,4.0,6.0,8.0,7.0,11.0,13.0,2.0,2.0,0.0,0.0
27/04/2025,Como,Genoa,1.0,0.0,H,14.0,4.0,3.0,1.0,6.0,3.0,19.0,15.0,2.0,1.0,0.0,0.0
27/04/2025,Venezia,Milan,0.0,2.0,A,15.0,12.0,2.0,2.0,7.0,2.0,14.0,13.0,1.0,0.0,0.0,0.0
27/04/2025,Fiorentina,Empoli,2.0,1.0,H,6.0,8.0,3.0,5.0,1.0,6.0,16.0,18.0,3.0,2.0,0.0,0.0
27/04/2025,Inter,Roma,0.0,1.0,A,17.0,19.0,2.0,7.0,4.0,3.0,11.0,9.0,1.0,2.0,0.0,0.0
27/04/2025,Juventus,Monza,2.0,0.0,H,10.0,12.0,5.0,3.0,0.0,5.0,17.0,5.0,3.0,3.0,1.0,0.0
27/04/2025,Atalanta,Lecce,1.0,1.0,D,21.0,10.0,6.0,3.0,12.0,3.0,10.0,8.0,1.0,1.0,0.0,0.0
27/04/2025,Napoli,Torino,2.0,0.0,H,8.0,9.0,2.0,0.0,2.0,5.0,5.0,13.0,0.0,3.0,0.0,0.0
28/04/2025,Udinese,Bologna,0.0,0.0,D,13.0,12.0,4.0,1.0,5.0,6.0,21.0,10.0,3.0,2.0,0.0,0.0
28/04/2025,Lazio,Parma,2.0,2.0,D,14.0,7.0,7.0,5.0,5.0,1.0,12.0,11.0,1.0,3.0,0.0,0.0
28/04/2025,Verona,Cagliari,0.0,2.0,A,6.0,6.0,2.0,4.0,2.0,3.0,14.0,9.0,2.0,1.0,1.0,0.0
02/05/2025,Torino,Venezia,1.0,1.0,D,19.0,7.0,4.0,3.0,5.0,1.0,7.0,18.0,1.0,0.0,0.0,0.0
03/05/2025,Cagliari,Udinese,1.0,2.0,A,8.0,11.0,2.0,3.0,5.0,4.0,5.0,15.0,1.0,2.0,0.0,0.0
03/05/2025,Parma,Como,0.0,1.0,A,13.0,13.0,3.0,4.0,5.0,5.0,16.0,14.0,1.0,1.0,0.0,0.0
03/05/2025,Lecce,Napoli,0.0,1.0,A,9.0,8.0,1.0,2.0,5.0,2.0,11.0,4.0,2.0,0.0,0.0,0.0
03/05/2025,Inter,Verona,1.0,0.0,H,9.0,6.0,2.0,1.0,4.0,3.0,6.0,11.0,1.0,3.0,0.0,0.0
04/05/2025,Empoli,Lazio,0.0,1.0,A,7.0,9.0,2.0,3.0,2.0,7.0,16.0,8.0,5.0,5.0,1.0,1.0
04/05/2025,Monza,Atalanta,0.0,4.0,A,13.0,15.0,7.0,5.0,3.0,7.0,9.0,10.0,1.0,2.0,0.0,0.0
04/05/2025,Roma,Fiorentina,1.0,0.0,H,12.0,13.0,4.0,5.0,7.0,4.0,9.0,8.0,2.0,2.0,0.0,1.0
04/05/2025,Bologna,Juventus,1.0,1.0,D,9.0,6.0,2.0,3.0,10.0,3.0,6.0,19.0,1.0,3.0,0.0,0.0
05/05/2025,Genoa,Milan,1.0,2.0,A,11.0,10.0,4.0,5.0,8.0,7.0,14.0,12.0,1.0,5.0,0.0,0.0
09/05/2025,Milan,Bologna,3.0,1.0,H,10.0,10.0,5.0,4.0,3.0,4.0,5.0,14.0,2.0,2.0,0.0,0.0
10/05/2025,Como,Cagliari,3.0,1.0,H,19.0,9.0,5.0,3.0,5.0,1.0,9.0,15.0,1.0,3.0,0.0,0.0
10/05/2025,Lazio,Juventus,1.0,1.0,D,19.0,8.0,6.0,3.0,3.0,3.0,14.0,10.0,5.0,4.0,0.0,1.0
10/05/2025,Empoli,Parma,2.0,1.0,H,15.0,3.0,4.0,1.0,4.0,0.0,21.0,16.0,2.0,2.0,0.0,1.0
11/05/2025,Udinese,Monza,1.0,2.0,A,21.0,5.0,5.0,2.0,7.0,0.0,21.0,8.0,2.0,3.0,0.0,0.0
11/05/2025,Verona,Lecce,1.0,1.0,D,6.0,11.0,2.0,3.0,3.0,6.0,17.0,15.0,4.0,0.0,0.0,0.0
11/05/2025,Torino,Inter,0.0,2.0,A,17.0,12.0,3.0,7.0,9.0,3.0,14.0,6.0,1.0,3.0,0.0,0.0
11/05/2025,Napoli,Genoa,2.0,2.0,D,22.0,8.0,11.0,2.0,8.0,0.0,12.0,14.0,1.0,2.0,0.0,0.0
12/05/2025,Venezia,Fiorentina,2.0,1.0,H,4.0,5.0,4.0,1.0,1.0,5.0,21.0,17.0,1.0,4.0,0.0,0.0
12/05/2025,Atalanta,Roma,2.0,1.0,H,16.0,10.0,3.0,4.0,8.0,7.0,14.0,14.0,1.0,0.0,0.0,0.0
17/05/2025,Genoa,Atalanta,2.0,3.0,A,12.0,13.0,5.0,6.0,7.0,0.0,10.0,14.0,0.0,0.0,0.0,0.0
18/05/2025,Cagliari,Venezia,3.0,0.0,H,20.0,10.0,5.0,1.0,8.0,8.0,7.0,9.0,1.0,1.0,0.0,0.0
18/05/2025,Fiorentina,Bologna,3.0,2.0,H,6.0,15.0,5.0,3.0,2.0,4.0,21.0,17.0,4.0,1.0,0.0,1.0
18/05/2025,Inter,Lazio,2.0,2.0,D,10.0,12.0,3.0,4.0,5.0,1.0,14.0,10.0,1.0,3.0,0.0,0.0
18/05/2025,Juventus,Udinese,2.0,0.0,H,24.0,7.0,7.0,2.0,12.0,3.0,9.0,13.0,0.0,3.0,0.0,0.0
18/05/2025,Lecce,Torino,1.0,0.0,H,10.0,10.0,4.0,4.0,3.0,4.0,13.0,8.0,1.0,1.0,0.0,0.0
18/05/2025,Monza,Empoli,1.0,3.0,A,12.0,9.0,4.0,4.0,2.0,6.0,8.0,16.0,0.0,1.0,0.0,0.0
18/05/2025,Parma,Napoli,0.0,0.0,D,6.0,7.0,4.0,2.0,3.0,2.0,13.0,16.0,2.0,2.0,0.0,0.0
18/05/2025,Roma,Milan,3.0,1.0,H,15.0,12.0,6.0,3.0,4.0,2.0,12.0,16.0,3.0,2.0,0.0,1.0
18/05/2025,Verona,Como,1.0,1.0,D,16.0,12.0,3.0,5.0,5.0,5.0,13.0,10.0,2.0,3.0,0.0,0.0
23/05/2025,Como,Inter,0.0,2.0,A,18.0,11.0,4.0,7.0,1.0,4.0,10.0,9.0,1.0,3.0,1.0,0.0
23/05/2025,Napoli,Cagliari,2.0,0.0,H,18.0,4.0,6.0,1.0,8.0,3.0,14.0,14.0,2.0,1.0,0.0,0.0
24/05/2025,Bologna,Genoa,1.0,3.0,A,16.0,5.0,5.0,3.0,13.0,1.0,13.0,23.0,5.0,2.0,0.0,0.0
24/05/2025,Milan,Monza,2.0,0.0,H,21.0,6.0,6.0,2.0,4.0,6.0,8.0,9.0,0.0,1.0,0.0,0.0
25/05/2025,Atalanta,Parma,2.0,3.0,A,11.0,18.0,5.0,10.0,5.0,6.0,7.0,7.0,1.0,1.0,0.0,0.0
25/05/2025,Empoli,Verona,1.0,2.0,A,14.0,5.0,5.0,2.0,13.0,1.0,10.0,29.0,2.0,2.0,0.0,0.0
25/05/2025,Lazio,Lecce,0.0,1.0,A,26.0,9.0,7.0,3.0,14.0,4.0,11.0,11.0,2.0,3.0,1.0,1.0
25/05/2025,Torino,Roma,0.0,2.0,A,11.0,15.0,4.0,5.0,2.0,1.0,15.0,11.0,1.0,1.0,0.0,0.0
25/05/2025,Udinese,Fiorentina,2.0,3.0,A,12.0,25.0,3.0,11.0,2.0,8.0,15.0,6.0,3.0,2.0,1.0,0.0
25/05/2025,Venezia,Juventus,2.0,3.0,A,12.0,15.0,5.0,5.0,6.0,6.0,10.0,18.0,1.0,2.0,0.0,0.0
23/08/2025,Genoa,Lecce,0.0,0.0,D,5.0,7.0,2.0,0.0,3.0,7.0,16.0,13.0,2.0,3.0,0.0,0.0
23/08/2025,Sassuolo,Napoli,0.0,2.0,A,7.0,13.0,2.0,4.0,1.0,2.0,17.0,17.0,3.0,1.0,1.0,0.0
23/08/2025,Milan,Cremonese,1.0,2.0,A,24.0,4.0,6.0,3.0,9.0,2.0,10.0,14.0,1.0,4.0,0.0,0.0
23/08/2025,Roma,Bologna,1.0,0.0,H,14.0,10.0,4.0,2.0,2.0,4.0,15.0,13.0,1.0,1.0,0.0,0.0
24/08/2025,Cagliari,Fiorentina,1.0,1.0,D,14.0,4.0,6.0,1.0,3.0,2.0,18.0,14.0,4.0,2.0,0.0,0.0
24/08/2025,Como,Lazio,2.0,0.0,H,19.0,5.0,6.0,1.0,6.0,0.0,15.0,12.0,2.0,3.0,0.0,0.0
24/08/2025,Atalanta,Pisa,1.0,1.0,D,21.0,11.0,6.0,2.0,10.0,4.0,9.0,10.0,2.0,0.0,0.0,0.0
24/08/2025,Juventus,Parma,2.0,0.0,H,25.0,8.0,8.0,2.0,6.0,6.0,9.0,13.0,1.0,2.0,1.0,0.0
25/08/2025,Udinese,Verona,1.0,1.0,D,14.0,9.0,4.0,3.0,5.0,1.0,14.0,14.0,3.0,2.0,0.0,0.0
25/08/2025,Inter,Torino,5.0,0.0,H,20.0,12.0,9.0,4.0,6.0,5.0,14.0,6.0,0.0,0.0,0.0,0.0
29/08/2025,Cremonese,Sassuolo,3.0,2.0,H,11.0,9.0,6.0,6.0,5.0,4.0,12.0,17.0,2.0,2.0,0.0,0.0
29/08/2025,Lecce,Milan,0.0,2.0,A,7.0,14.0,2.0,6.0,4.0,5.0,10.0,8.0,1.0,0.0,0.0,0.0
30/08/2025,Bologna,Como,1.0,0.0,H,15.0,13.0,2.0,2.0,7.0,4.0,13.0,19.0,4.0,3.0,0.0,0.0
30/08/2025,Parma,Atalanta,1.0,1.0,D,7.0,11.0,3.0,3.0,1.0,2.0,8.0,15.0,2.0,2.0,0.0,0.0
30/08/2025,Napoli,Cagliari,1.0,0.0,H,20.0,10.0,6.0,1.0,13.0,0.0,16.0,12.0,2.0,1.0,0.0,0.0
30/08/2025,Pisa,Roma,0.0,1.0,A,7.0,10.0,3.0,5.0,1.0,7.0,14.0,10.0,2.0,1.0,0.0,0.0
31/08/2025,Genoa,Juventus,0.0,1.0,A,10.0,13.0,1.0,3.0,3.0,4.0,14.0,15.0,1.0,2.0,0.0,0.0
31/08/2025,Torino,Fiorentina,0.0,0.0,D,7.0,16.0,4.0,4.0,7.0,3.0,21.0,13.0,2.0,2.0,0.0,0.0
31/08/2025,Inter,Udinese,1.0,2.0,A,16.0,10.0,4.0,5.0,13.0,2.0,17.0,5.0,1.0,3.0,0.0,0.0
31/08/2025,Lazio,Verona,4.0,0.0,H,22.0,12.0,6.0,4.0,8.0,1.0,8.0,19.0,0.0,0.0,0.0,0.0
13/09/2025,Cagliari,Parma,2.0,0.0,H,12.0,17.0,5.0,5.0,4.0,5.0,15.0,18.0,3.0,1.0,0.0,0.0
13/09/2025,Juventus,Inter,4.0,3.0,H,12.0,18.0,4.0,4.0,5.0,9.0,14.0,10.0,2.0,1.0,0.0,0.0
13/09/2025,Fiorentina,Napoli,1.0,3.0,A,19.0,14.0,3.0,9.0,8.0,5.0,14.0,14.0,0.0,0.0,0.0,0.0
14/09/2025,Roma,Torino,0.0,1.0,A,22.0,8.0,5.0,4.0,7.0,4.0,11.0,17.0,2.0,3.0,0.0,0.0
14/09/2025,Atalanta,Lecce,4.0,1.0,H,19.0,12.0,8.0,3.0,8.0,2.0,12.0,7.0,0.0,0.0,0.0,0.0
14/09/2025,Pisa,Udinese,0.0,1.0,A,12.0,13.0,2.0,3.0,8.0,6.0,13.0,15.0,1.0,2.0,0.0,0.0
14/09/2025,Sassuolo,Lazio,1.0,0.0,H,10.0,13.0,3.0,3.0,3.0,7.0,15.0,11.0,6.0,3.0,0.0,0.0
14/09/2025,Milan,Bologna,1.0,0.0,H,14.0,5.0,3.0,0.0,7.0,4.0,17.0,16.0,3.0,2.0,0.0,0.0
15/09/2025,Verona,Cremonese,0.0,0.0,D,20.0,6.0,9.0,2.0,10.0,1.0,18.0,3.0,2.0,1.0,0.0,0.0
15/09/2025,Como,Genoa,1.0,1.0,D,13.0,13.0,4.0,6.0,0.0,8.0,13.0,17.0,2.0,2.0,1.0,0.0
19/09/2025,Lecce,Cagliari,1.0,2.0,A,11.0,15.0,5.0,6.0,4.0,7.0,10.0,19.0,2.0,3.0,0.0,0.0
20/09/2025,Bologna,Genoa,2.0,1.0,H,14.0,7.0,6.0,4.0,8.0,2.0,12.0,15.0,1.0,5.0,0.0,0.0
20/09/2025,Verona,Juventus,1.0,1.0,D,14.0,10.0,4.0,4.0,5.0,3.0,18.0,10.0,3.0,3.0,0.0,0.0
20/09/2025,Udinese,Milan,0.0,3.0,A,10.0,13.0,4.0,6.0,1.0,4.0,9.0,7.0,2.0,0.0,0.0,0.0
21/09/2025,Lazio,Roma,0.0,1.0,A,10.0,13.0,2.0,6.0,3.0,6.0,14.0,22.0,1.0,1.0,2.0,0.0
21/09/2025,Cremonese,Parma,0.0,0.0,D,3.0,15.0,1.0,3.0,3.0,3.0,16.0,8.0,1.0,0.0,0.0,0.0
21/09/2025,Torino,Atalanta,0.0,3.0,A,11.0,9.0,5.0,5.0,1.0,0.0,11.0,9.0,0.0,0.0,0.0,0.0
21/09/2025,Fiorentina,Como,1.0,2.0,A,8.0,19.0,1.0,7.0,2.0,6.0,16.0,19.0,4.0,3.0,0.0,0.0
21/09/2025,Inter,Sassuolo,2.0,1.0,H,20.0,9.0,6.0,5.0,7.0,3.0,15.0,8.0,2.0,1.0,0.0,0.0
22/09/2025,Napoli,Pisa,3.0,2.0,H,18.0,15.0,6.0,6.0,5.0,3.0,10.0,18.0,1.0,2.0,0.0,0.0
27/09/2025,Como,Cremonese,1.0,1.0,D,14.0,9.0,6.0,2.0,4.0,3.0,16.0,17.0,3.0,4.0,1.0,0.0
27/09/2025,Juventus,Atalanta,1.0,1.0,D,24.0,12.0,10.0,2.0,14.0,5.0,6.0,7.0,0.0,3.0,0.0,1.0
27/09/2025,Cagliari,Inter,0.0,2.0,A,6.0,20.0,0.0,5.0,4.0,4.0,13.0,14.0,0.0,2.0,0.0,0.0
28/09/2025,Sassuolo,Udinese,3.0,1.0,H,11.0,12.0,5.0,5.0,1.0,5.0,5.0,22.0,0.0,3.0,0.0,0.0
28/09/2025,Pisa,Fiorentina,0.0,0.0,D,11.0,14.0,1.0,2.0,4.0,6.0,15.0,15.0,0.0,1.0,0.0,0.0
28/09/2025,Roma,Verona,2.0,0.0,H,10.0,12.0,5.0,3.0,8.0,1.0,11.0,19.0,0.0,4.0,0.0,0.0
28/09/2025,Lecce,Bologna,2.0,2.0,D,12.0,14.0,4.0,5.0,3.0,9.0,13.0,13.0,4.0,2.0,0.0,0.0
28/09/2025,Milan,Napoli,2.0,1.0,H,6.0,19.0,3.0,7.0,1.0,7.0,7.0,7.0,1.0,0.0,1.0,0.0
29/09/2025,Parma,Torino,2.0,1.0,H,13.0,15.0,2.0,4.0,4.0,3.0,10.0,12.0,3.0,3.0,0.0,0.0
29/09/2025,Genoa,Lazio,0.0,3.0,A,17.0,10.0,5.0,6.0,6.0,0.0,18.0,16.0,5.0,1.0,0.0,0.0
03/10/2025,Verona,Sassuolo,0.0,1.0,A,17.0,11.0,9.0,3.0,4.0,2.0,14.0,12.0,2.0,2.0,0.0,0.0
04/10/2025,Lazio,Torino,3.0,3.0,D,9.0,16.0,4.0,8.0,3.0,5.0,13.0,22.0,3.0,3.0,0.0,0.0
04/10/2025,Parma,Lecce,0.0,1.0,A,10.0,7.0,2.0,3.0,4.0,9.0,16.0,16.0,1.0,2.0,0.0,0.0
04/10/2025,Inter,Cremonese,4.0,1.0,H,27.0,3.0,9.0,2.0,13.0,1.0,9.0,8.0,1.0,1.0,0.0,0.0
04/10/2025,Atalanta,Como,1.0,1.0,D,16.0,12.0,4.0,4.0,8.0,3.0,10.0,19.0,1.0,3.0,0.0,0.0
05/10/2025,Udinese,Cagliari,1.0,1.0,D,23.0,8.0,4.0,2.0,7.0,2.0,14.0,16.0,1.0,2.0,0.0,0.0
05/10/2025,Bologna,Pisa,4.0,0.0,H,24.0,2.0,7.0,0.0,2.0,2.0,16.0,12.0,0.0,1.0,0.0,1.0
05/10/2025,Fiorentina,Roma,1.0,2.0,A,11.0,8.0,3.0,3.0,3.0,4.0,19.0,21.0,2.0,3.0,0.0,0.0
05/10/2025,Napoli,Genoa,2.0,1.0,H,12.0,6.0,5.0,1.0,7.0,5.0,16.0,15.0,1.0,3.0,0.0,0.0
05/10/2025,Juventus,Milan,0.0,0.0,D,12.0,13.0,3.0,4.0,6.0,0.0,15.0,8.0,2.0,2.0,0.0,0.0
18/10/2025,Lecce,Sassuolo,0.0,0.0,D,11.0,9.0,2.0,2.0,6.0,4.0,16.0,14.0,2.0,2.0,0.0,0.0
18/10/2025,Pisa,Verona,0.0,0.0,D,7.0,15.0,0.0,3.0,3.0,8.0,8.0,14.0,4.0,2.0,0.0,0.0
18/10/2025,Torino,Napoli,1.0,0.0,H,12.0,22.0,2.0,5.0,3.0,11.0,9.0,9.0,1.0,2.0,0.0,0.0
18/10/2025,Roma,Inter,0.0,1.0,A,15.0,12.0,5.0,3.0,4.0,5.0,18.0,29.0,4.0,3.0,0.0,0.0
19/10/2025,Como,Juventus,2.0,0.0,H,12.0,15.0,6.0,3.0,4.0,1.0,17.0,15.0,3.0,1.0,0.0,0.0
19/10/2025,Cagliari,Bologna,0.0,2.0,A,4.0,10.0,3.0,7.0,2.0,7.0,15.0,22.0,1.0,3.0,0.0,0.0
19/10/2025,Genoa,Parma,0.0,0.0,D,23.0,1.0,7.0,0.0,3.0,0.0,15.0,13.0,2.0,5.0,0.0,1.0
19/10/2025,Atalanta,Lazio,0.0,0.0,D,16.0,4.0,6.0,1.0,7.0,1.0,10.0,5.0,4.0,0.0,0.0,0.0
19/10/2025,Milan,Fiorentina,2.0,1.0,H,14.0,5.0,4.0,1.0,1.0,3.0,14.0,12.0,3.0,3.0,0.0,0.0
20/10/2025,Cremonese,Udinese,1.0,1.0,D,11.0,8.0,4.0,1.0,5.0,4.0,15.0,14.0,4.0,2.0,0.0,0.0
24/10/2025,Milan,Pisa,2.0,2.0,D,20.0,8.0,7.0,2.0,6.0,2.0,8.0,21.0,1.0,3.0,0.0,0.0
25/10/2025,Parma,Como,0.0,0.0,D,10.0,6.0,3.0,2.0,3.0,3.0,7.0,14.0,0.0,1.0,0.0,0.0
25/10/2025,Udinese,Lecce,3.0,2.0,H,8.0,13.0,4.0,3.0,4.0,9.0,12.0,12.0,2.0,2.0,0.0,0.0
25/10/2025,Napoli,Inter,3.0,1.0,H,7.0,15.0,3.0,3.0,1.0,4.0,15.0,10.0,2.0,1.0,0.0,0.0
25/10/2025,Cremonese,Atalanta,1.0,1.0,D,9.0,20.0,5.0,6.0,2.0,10.0,6.0,8.0,3.0,1.0,0.0,0.0
26/10/2025,Torino,Genoa,2.0,1.0,H,13.0,11.0,6.0,3.0,9.0,1.0,14.0,9.0,2.0,2.0,0.0,0.0
26/10/2025,Sassuolo,Roma,0.0,1.0,A,11.0,15.0,1.0,8.0,6.0,6.0,18.0,16.0,3.0,2.0,0.0,0.0
26/10/2025,Verona,Cagliari,2.0,2.0,D,10.0,7.0,6.0,3.0,3.0,2.0,16.0,12.0,3.0,4.0,0.0,0.0
26/10/2025,Fiorentina,Bologna,2.0,2.0,D,19.0,6.0,7.0,3.0,5.0,6.0,13.0,20.0,3.0,5.0,0.0,1.0
26/10/2025,Lazio,Juventus,1.0,0.0,H,13.0,14.0,3.0,5.0,2.0,5.0,11.0,18.0,2.0,4.0,0.0,0.0
28/10/2025,Lecce,Napoli,0.0,1.0,A,7.0,14.0,2.0,3.0,3.0,5.0,10.0,14.0,2.0,1.0,0.0,0.0
28/10/2025,Atalanta,Milan,1.0,1.0,D,17.0,6.0,3.0,1.0,9.0,4.0,9.0,8.0,1.0,3.0,0.0,0.0
29/10/2025,Como,Verona,3.0,1.0,H,15.0,13.0,5.0,9.0,1.0,3.0,11.0,21.0,1.0,4.0,0.0,0.0
29/10/2025,Juventus,Udinese,3.0,1.0,H,25.0,8.0,11.0,2.0,8.0,4.0,12.0,13.0,1.0,4.0,0.0,0.0
29/10/2025,Roma,Parma,2.0,1.0,H,18.0,8.0,6.0,5.0,9.0,2.0,8.0,9.0,0.0,3.0,0.0,0.0
29/10/2025,Bologna,Torino,0.0,0.0,D,11.0,8.0,2.0,2.0,3.0,3.0,11.0,20.0,2.0,3.0,0.0,0.0
29/10/2025,Genoa,Cremonese,0.0,2.0,A,16.0,12.0,1.0,4.0,7.0,3.0,16.0,13.0,3.0,1.0,0.0,0.0
29/10/2025,Inter,Fiorentina,3.0,0.0,H,22.0,10.0,8.0,2.0,8.0,5.0,11.0,16.0,1.0,2.0,0.0,1.0
30/10/2025,Cagliari,Sassuolo,1.0,2.0,A,8.0,12.0,1.0,4.0,6.0,7.0,20.0,21.0,4.0,4.0,0.0,0.0
30/10/2025,Pisa,Lazio,0.0,0.0,D,10.0,11.0,2.0,6.0,3.0,1.0,16.0,12.0,2.0,2.0,0.0,0.0
01/11/2025,Udinese,Atalanta,1.0,0.0,H,11.0,5.0,5.0,0.0,5.0,4.0,14.0,11.0,1.0,3.0,0.0,0.0
01/11/2025,Napoli,Como,0.0,0.0,D,13.0,13.0,8.0,2.0,4.0,2.0,15.0,16.0,3.0,2.0,0.0,0.0
01/11/2025,Cremonese,Juventus,1.0,2.0,A,9.0,15.0,2.0,5.0,2.0,3.0,10.0,14.0,1.0,0.0,0.0,0.0
02/11/2025,Verona,Inter,1.0,2.0,A,8.0,21.0,2.0,6.0,4.0,8.0,15.0,4.0,2.0,1.0,0.0,0.0
02/11/2025,Fiorentina,Lecce,0.0,1.0,A,15.0,11.0,4.0,4.0,4.0,4.0,14.0,21.0,4.0,1.0,0.0,0.0
02/11/2025,Torino,Pisa,2.0,2.0,D,15.0,11.0,3.0,3.0,4.0,2.0,14.0,8.0,2.0,1.0,0.0,0.0
02/11/2025,Parma,Bologna,1.0,3.0,A,7.0,22.0,1.0,6.0,1.0,5.0,16.0,15.0,3.0,2.0,1.0,0.0
02/11/2025,Milan,Roma,1.0,0.0,H,17.0,20.0,8.0,6.0,7.0,8.0,12.0,13.0,1.0,5.0,0.0,0.0
03/11/2025,Sassuolo,Genoa,1.0,2.0,A,13.0,16.0,4.0,5.0,3.0,7.0,13.0,13.0,1.0,3.0,0.0,0.0
03/11/2025,Lazio,Cagliari,2.0,0.0,H,8.0,17.0,3.0,5.0,7.0,5.0,8.0,18.0,0.0,2.0,0.0,0.0
07/11/2025,Pisa,Cremonese,1.0,0.0,H,14.0,13.0,6.0,3.0,4.0,5.0,11.0,17.0,4.0,2.0,0.0,0.0
08/11/2025,Como,Cagliari,0.0,0.0,D,10.0,4.0,6.0,2.0,10.0,0.0,21.0,15.0,3.0,1.0,0.0,0.0
08/11/2025,Lecce,Verona,0.0,0.0,D,11.0,5.0,6.0,2.0,7.0,2.0,10.0,18.0,1.0,4.0,0.0,0.0
08/11/2025,Juventus,Torino,0.0,0.0,D,22.0,8.0,6.0,3.0,6.0,2.0,9.0,4.0,0.0,1.0,0.0,0.0
08/11/2025,Parma,Milan,2.0,2.0,D,14.0,10.0,4.0,5.0,4.0,3.0,14.0,10.0,1.0,1.0,0.0,0.0
09/11/2025,Atalanta,Sassuolo,0.0,3.0,A,14.0,8.0,2.0,4.0,4.0,1.0,9.0,8.0,0.0,2.0,0.0,0.0
09/11/2025,Bologna,Napoli,2.0,0.0,H,11.0,4.0,4.0,1.0,5.0,4.0,14.0,15.0,1.0,3.0,0.0,0.0
09/11/2025,Genoa,Fiorentina,2.0,2.0,D,10.0,7.0,6.0,3.0,3.0,7.0,20.0,15.0,2.0,3.0,0.0,0.0
09/11/2025,Roma,Udinese,2.0,0.0,H,13.0,10.0,4.0,4.0,3.0,4.0,13.0,14.0,2.0,1.0,0.0,0.0
09/11/2025,Inter,Lazio,2.0,0.0,H,8.0,8.0,3.0,5.0,3.0,1.0,26.0,11.0,3.0,1.0,0.0,0.0
22/11/2025,Cagliari,Genoa,3.0,3.0,D,11.0,13.0,5.0,8.0,6.0,2.0,22.0,16.0,4.0,3.0,0.0,1.0
22/11/2025,Udinese,Bologna,0.0,3.0,A,12.0,10.0,3.0,5.0,7.0,2.0,19.0,16.0,0.0,1.0,0.0,0.0
22/11/2025,Fiorentina,Juventus,1.0,1.0,D,11.0,17.0,2.0,4.0,7.0,3.0,11.0,18.0,2.0,3.0,0.0,0.0
22/11/2025,Napoli,Atalanta,3.0,1.0,H,11.0,14.0,6.0,3.0,5.0,3.0,11.0,12.0,1.0,2.0,0.0,0.0
23/11/2025,Verona,Parma,1.0,2.0,A,10.0,15.0,2.0,7.0,4.0,4.0,24.0,6.0,4.0,3.0,0.0,0.0
23/11/2025,Cremonese,Roma,1.0,3.0,A,9.0,12.0,4.0,6.0,3.0,5.0,12.0,16.0,2.0,2.0,0.0,0.0
23/11/2025,Lazio,Lecce,2.0,0.0,H,19.0,5.0,9.0,1.0,8.0,2.0,8.0,13.0,1.0,1.0,0.0,0.0
23/11/2025,Inter,Milan,0.0,1.0,A,20.0,7.0,6.0,3.0,9.0,1.0,7.0,9.0,1.0,2.0,0.0,0.0
24/11/2025,Torino,Como,1.0,5.0,A,10.0,15.0,2.0,7.0,3.0,4.0,6.0,9.0,0.0,1.0,0.0,0.0
24/11/2025,Sassuolo,Pisa,2.0,2.0,D,22.0,10.0,7.0,3.0,5.0,2.0,10.0,10.0,2.0,1.0,0.0,0.0
28/11/2025,Como,Sassuolo,2.0,0.0,H,18.0,12.0,13.0,5.0,4.0,4.0,11.0,7.0,2.0,1.0,0.0,0.0
29/11/2025,Genoa,Verona,2.0,1.0,H,15.0,13.0,4.0,5.0,2.0,3.0,9.0,19.0,1.0,3.0,0.0,0.0
29/11/2025,Parma,Udinese,0.0,2.0,A,17.0,14.0,2.0,5.0,5.0,9.0,6.0,19.0,1.0,2.0,1.0,1.0
29/11/2025,Juventus,Cagliari,2.0,1.0,H,14.0,5.0,6.0,3.0,1.0,6.0,16.0,16.0,1.0,5.0,0.0,0.0
29/11/2025,Milan,Lazio,1.0,0.0,H,16.0,9.0,4.0,4.0,1.0,4.0,10.0,12.0,3.0,3.0,0.0,0.0
30/11/2025,Lecce,Torino,2.0,1.0,H,10.0,15.0,2.0,6.0,6.0,6.0,16.0,22.0,2.0,3.0,0.0,0.0
30/11/2025,Pisa,Inter,0.0,2.0,A,10.0,14.0,2.0,3.0,4.0,6.0,13.0,15.0,2.0,1.0,0.0,0.0
30/11/2025,Atalanta,Fiorentina,2.0,0.0,H,21.0,15.0,9.0,3.0,4.0,5.0,15.0,10.0,1.0,3.0,0.0,0.0
30/11/2025,Roma,Napoli,0.0,1.0,A,8.0,8.0,2.0,5.0,4.0,2.0,14.0,13.0,4.0,3.0,0.0,0.0
01/12/2025,Bologna,Cremonese,1.0,3.0,A,29.0,10.0,7.0,5.0,13.0,8.0,13.0,12.0,0.0,2.0,0.0,0.0
06/12/2025,Sassuolo,Fiorentina,3.0,1.0,H,13.0,9.0,5.0,1.0,7.0,1.0,15.0,15.0,2.0,3.0,0.0,0.0
06/12/2025,Inter,Como,4.0,0.0,H,11.0,15.0,7.0,3.0,7.0,4.0,16.0,13.0,1.0,2.0,0.0,0.0
06/12/2025,Verona,Atalanta,3.0,1.0,H,12.0,12.0,7.0,5.0,5.0,5.0,14.0,7.0,2.0,1.0,0.0,0.0
07/12/2025,Cremonese,Lecce,2.0,0.0,H,11.0,9.0,4.0,1.0,5.0,5.0,15.0,12.0,1.0,2.0,0.0,0.0
07/12/2025,Cagliari,Roma,1.0,0.0,H,15.0,6.0,8.0,2.0,4.0,1.0,18.0,16.0,2.0,1.0,0.0,1.0
07/12/2025,Lazio,Bologna,1.0,1.0,D,16.0,13.0,9.0,6.0,7.0,3.0,13.0,18.0,4.0,3.0,1.0,0.0
07/12/2025,Napoli,Juventus,2.0,1.0,H,9.0,5.0,4.0,2.0,9.0,0.0,6.0,15.0,2.0,1.0,0.0,0.0
08/12/2025,Pisa,Parma,0.0,1.0,A,14.0,9.0,2.0,2.0,6.0,0.0,15.0,7.0,2.0,2.0,1.0,0.0
08/12/2025,Udinese,Genoa,1.0,2.0,A,23.0,12.0,6.0,6.0,6.0,2.0,16.0,12.0,1.0,0.0,0.0,0.0
08/12/2025,Torino,Milan,2.0,3.0,A,8.0,17.0,4.0,6.0,2.0,4.0,16.0,7.0,2.0,1.0,0.0,0.0
12/12/2025,Lecce,Pisa,1.0,0.0,H,21.0,5.0,3.0,0.0,12.0,1.0,17.0,6.0,2.0,1.0,0.0,0.0
13/12/2025,Torino,Cremonese,1.0,0.0,H,18.0,10.0,6.0,3.0,6.0,6.0,20.0,13.0,1.0,2.0,0.0,0.0
13/12/2025,Parma,Lazio,0.0,1.0,A,19.0,15.0,5.0,5.0,4.0,4.0,14.0,8.0,2.0,1.0,0.0,2.0
13/12/2025,Atalanta,Cagliari,2.0,1.0,H,17.0,8.0,8.0,1.0,5.0,4.0,13.0,15.0,1.0,2.0,0.0,0.0
14/12/2025,Milan,Sassuolo,2.0,2.0,D,13.0,8.0,5.0,3.0,7.0,3.0,12.0,12.0,1.0,3.0,0.0,0.0
14/12/2025,Fiorentina,Verona,1.0,2.0,A,20.0,13.0,4.0,3.0,9.0,4.0,10.0,22.0,1.0,5.0,0.0,0.0
14/12/2025,Udinese,Napoli,1.0,0.0,H,18.0,7.0,5.0,0.0,1.0,3.0,16.0,9.0,1.0,0.0,0.0,0.0
14/12/2025,Genoa,Inter,1.0,2.0,A,5.0,18.0,3.0,8.0,1.0,6.0,10.0,20.0,2.0,3.0,0.0,0.0
14/12/2025,Bologna,Juventus,0.0,1.0,A,11.0,13.0,4.0,3.0,3.0,4.0,10.0,11.0,3.0,1.0,1.0,0.0
15/12/2025,Roma,Como,1.0,0.0,H,14.0,13.0,4.0,1.0,6.0,3.0,16.0,8.0,3.0,3.0,0.0,0.0
20/12/2025,Lazio,Cremonese,0.0,0.0,D,8.0,9.0,2.0,2.0,3.0,0.0,13.0,21.0,4.0,3.0,0.0,1.0
20/12/2025,Juventus,Roma,2.0,1.0,H,13.0,14.0,9.0,5.0,2.0,4.0,14.0,13.0,2.0,3.0,0.0,0.0
21/12/2025,Cagliari,Pisa,2.0,2.0,D,14.0,15.0,5.0,3.0,2.0,6.0,15.0,20.0,3.0,2.0,0.0,0.0
21/12/2025,Sassuolo,Torino,0.0,1.0,A,7.0,10.0,1.0,5.0,2.0,3.0,15.0,17.0,3.0,1.0,0.0,0.0
21/12/2025,Fiorentina,Udinese,5.0,1.0,H,20.0,11.0,7.0,4.0,1.0,4.0,10.0,8.0,3.0,1.0,0.0,1.0
21/12/2025,Genoa,Atalanta,0.0,1.0,A,6.0,16.0,3.0,4.0,6.0,10.0,11.0,19.0,1.0,2.0,1.0,0.0
27/12/2025,Parma,Fiorentina,1.0,0.0,H,13.0,23.0,2.0,4.0,5.0,6.0,10.0,15.0,2.0,2.0,0.0,0.0
27/12/2025,Lecce,Como,0.0,3.0,A,11.0,12.0,5.0,6.0,4.0,6.0,10.0,23.0,2.0,4.0,0.0,0.0
27/12/2025,Torino,Cagliari,1.0,2.0,A,19.0,9.0,10.0,4.0,6.0,2.0,14.0,13.0,3.0,0.0,0.0,0.0
27/12/2025,Udinese,Lazio,1.0,1.0,D,15.0,14.0,4.0,2.0,5.0,6.0,19.0,14.0,3.0,4.0,0.0,0.0
27/12/2025,Pisa,Juventus,0.0,2.0,A,8.0,15.0,0.0,7.0,2.0,8.0,10.0,12.0,4.0,1.0,0.0,0.0
28/12/2025,Milan,Verona,3.0,0.0,H,11.0,9.0,5.0,1.0,7.0,3.0,5.0,15.0,0.0,1.0,0.0,0.0
28/12/2025,Cremonese,Napoli,0.0,2.0,A,6.0,22.0,2.0,8.0,1.0,10.0,13.0,8.0,2.0,2.0,0.0,0.0
28/12/2025,Bologna,Sassuolo,1.0,1.0,D,16.0,8.0,6.0,5.0,2.0,3.0,18.0,19.0,2.0,3.0,0.0,0.0
28/12/2025,Atalanta,Inter,0.0,1.0,A,7.0,15.0,0.0,4.0,4.0,7.0,8.0,12.0,2.0,1.0,0.0,0.0
29/12/2025,Roma,Genoa,3.0,1.0,H,16.0,10.0,8.0,2.0,6.0,1.0,13.0,13.0,0.0,1.0,0.0,0.0
02/01/2026,Cagliari,Milan,0.0,1.0,A,6.0,11.0,1.0,4.0,6.0,7.0,10.0,8.0,2.0,1.0,0.0,0.0
03/01/2026,Como,Udinese,1.0,0.0,H,15.0,4.0,3.0,1.0,3.0,2.0,12.0,15.0,1.0,3.0,0.0,0.0
03/01/2026,Genoa,Pisa,1.0,1.0,D,12.0,10.0,4.0,2.0,2.0,7.0,9.0,17.0,1.0,3.0,0.0,0.0
03/01/2026,Sassuolo,Parma,1.0,1.0,D,11.0,16.0,3.0,5.0,4.0,7.0,12.0,7.0,2.0,1.0,0.0,0.0
03/01/2026,Juventus,Lecce,1.0,1.0,D,25.0,6.0,5.0,1.0,10.0,1.0,6.0,7.0,0.0,3.0,0.0,0.0
03/01/2026,Atalanta,Roma,1.0,0.0,H,13.0,10.0,2.0,4.0,7.0,5.0,16.0,15.0,1.0,2.0,0.0,0.0
04/01/2026,Lazio,Napoli,0.0,2.0,A,5.0,14.0,0.0,3.0,2.0,6.0,10.0,13.0,5.0,1.0,2.0,1.0
04/01/2026,Fiorentina,Cremonese,1.0,0.0,H,22.0,6.0,8.0,2.0,7.0,3.0,10.0,19.0,1.0,2.0,0.0,0.0
04/01/2026,Verona,Torino,0.0,3.0,A,7.0,21.0,3.0,5.0,4.0,7.0,13.0,7.0,0.0,2.0,0.0,0.0
04/01/2026,Inter,Bologna,3.0,1.0,H,19.0,6.0,10.0,2.0,7.0,1.0,20.0,21.0,3.0,3.0,0.0,0.0
06/01/2026,Pisa,Como,0.0,3.0,A,10.0,15.0,4.0,7.0,1.0,5.0,9.0,13.0,2.0,2.0,0.0,0.0
06/01/2026,Lecce,Roma,0.0,2.0,A,6.0,10.0,1.0,3.0,2.0,2.0,10.0,20.0,3.0,1.0,0.0,0.0
06/01/2026,Sassuolo,Juventus,0.0,3.0,A,7.0,17.0,2.0,10.0,5.0,5.0,3.0,12.0,0.0,0.0,0.0,0.0
07/01/2026,Bologna,Atalanta,0.0,2.0,A,11.0,11.0,2.0,5.0,6.0,6.0,16.0,15.0,0.0,0.0,0.0,0.0
07/01/2026,Napoli,Verona,2.0,2.0,D,15.0,11.0,4.0,4.0,6.0,1.0,7.0,15.0,0.0,3.0,0.0,0.0
07/01/2026,Lazio,Fiorentina,2.0,2.0,D,17.0,8.0,9.0,5.0,8.0,2.0,11.0,15.0,3.0,5.0,0.0,0.0
07/01/2026,Parma,Inter,0.0,2.0,A,4.0,26.0,0.0,8.0,1.0,3.0,4.0,20.0,0.0,3.0,0.0,0.0
07/01/2026,Torino,Udinese,1.0,2.0,A,10.0,9.0,4.0,4.0,3.0,6.0,16.0,8.0,2.0,1.0,0.0,0.0
08/01/2026,Cremonese,Cagliari,2.0,2.0,D,12.0,21.0,5.0,5.0,2.0,4.0,16.0,12.0,2.0,2.0,0.0,0.0
08/01/2026,Milan,Genoa,1.0,1.0,D,32.0,7.0,8.0,2.0,12.0,1.0,12.0,8.0,4.0,1.0,0.0,0.0
10/01/2026,Como,Bologna,1.0,1.0,D,12.0,7.0,3.0,2.0,4.0,2.0,14.0,3.0,3.0,3.0,0.0,1.0
10/01/2026,Udinese,Pisa,2.0,2.0,D,11.0,14.0,2.0,7.0,3.0,8.0,13.0,16.0,1.0,4.0,0.0,0.0
10/01/2026,Roma,Sassuolo,2.0,0.0,H,26.0,5.0,6.0,3.0,5.0,2.0,15.0,16.0,2.0,2.0,0.0,0.0
10/01/2026,Atalanta,Torino,2.0,0.0,H,18.0,10.0,5.0,3.0,5.0,4.0,14.0,17.0,1.0,2.0,0.0,0.0
11/01/2026,Lecce,Parma,1.0,2.0,A,10.0,12.0,1.0,2.0,3.0,3.0,16.0,17.0,3.0,1.0,2.0,0.0
11/01/2026,Fiorentina,Milan,1.0,1.0,D,20.0,13.0,7.0,3.0,8.0,5.0,10.0,14.0,2.0,3.0,0.0,0.0
11/01/2026,Verona,Lazio,0.0,1.0,A,10.0,11.0,2.0,2.0,2.0,1.0,12.0,7.0,2.0,1.0,0.0,0.0
11/01/2026,Inter,Napoli,2.0,2.0,D,13.0,7.0,4.0,3.0,4.0,1.0,12.0,11.0,0.0,1.0,0.0,0.0
12/01/2026,Genoa,Cagliari,3.0,0.0,H,11.0,15.0,7.0,3.0,2.0,3.0,17.0,20.0,2.0,5.0,0.0,0.0
12/01/2026,Juventus,Cremonese,5.0,0.0,H,18.0,9.0,11.0,2.0,4.0,5.0,16.0,8.0,0.0,1.0,0.0,0.0
14/01/2026,Napoli,Parma,0.0,0.0,D,16.0,4.0,4.0,1.0,7.0,1.0,11.0,12.0,1.0,3.0,0.0,0.0
14/01/2026,Inter,Lecce,1.0,0.0,H,21.0,10.0,7.0,1.0,11.0,3.0,11.0,14.0,2.0,1.0,0.0,0.0
15/01/2026,Verona,Bologna,2.0,3.0,A,15.0,14.0,5.0,5.0,4.0,5.0,13.0,14.0,1.0,2.0,0.0,0.0
15/01/2026,Como,Milan,1.0,3.0,A,18.0,7.0,8.0,4.0,8.0,4.0,7.0,5.0,1.0,0.0,0.0,0.0
16/01/2026,Pisa,Atalanta,1.0,1.0,D,14.0,9.0,6.0,4.0,10.0,1.0,12.0,11.0,1.0,2.0,0.0,0.0
17/01/2026,Udinese,Inter,0.0,1.0,A,5.0,14.0,1.0,5.0,2.0,5.0,17.0,11.0,0.0,1.0,0.0,0.0
17/01/2026,Napoli,Sassuolo,1.0,0.0,H,11.0,21.0,4.0,4.0,5.0,4.0,10.0,11.0,0.0,3.0,0.0,0.0
17/01/2026,Cagliari,Juventus,1.0,0.0,H,3.0,21.0,1.0,5.0,1.0,18.0,16.0,12.0,0.0,1.0,0.0,0.0
18/01/2026,Parma,Genoa,0.0,0.0,D,14.0,11.0,2.0,3.0,7.0,3.0,13.0,18.0,3.0,2.0,0.0,0.0
18/01/2026,Bologna,Fiorentina,1.0,2.0,A,18.0,11.0,3.0,4.0,7.0,1.0,14.0,13.0,3.0,0.0,0.0,0.0
18/01/2026,Torino,Roma,0.0,2.0,A,8.0,14.0,4.0,5.0,2.0,1.0,13.0,9.0,2.0,1.0,0.0,0.0
18/01/2026,Milan,Lecce,1.0,0.0,H,20.0,4.0,6.0,0.0,10.0,2.0,9.0,11.0,1.0,1.0,0.0,0.0
19/01/2026,Cremonese,Verona,0.0,0.0,D,7.0,11.0,1.0,4.0,3.0,6.0,13.0,13.0,3.0,0.0,0.0,0.0
19/01/2026,Lazio,Como,0.0,3.0,A,8.0,11.0,4.0,6.0,3.0,2.0,14.0,9.0,4.0,3.0,0.0,0.0
23/01/2026,Inter,Pisa,6.0,2.0,H,34.0,8.0,14.0,3.0,7.0,5.0,8.0,11.0,2.0,3.0,0.0,0.0
24/01/2026,Como,Torino,6.0,0.0,H,17.0,7.0,7.0,1.0,2.0,1.0,9.0,15.0,0.0,1.0,0.0,0.0
24/01/2026,Fiorentina,Cagliari,1.0,2.0,A,15.0,10.0,3.0,6.0,8.0,3.0,11.0,17.0,2.0,3.0,0.0,0.0
24/01/2026,Lecce,Lazio,0.0,0.0,D,15.0,6.0,2.0,1.0,4.0,1.0,16.0,6.0,2.0,1.0,0.0,0.0
25/01/2026,Sassuolo,Cremonese,1.0,0.0,H,13.0,10.0,7.0,4.0,3.0,5.0,13.0,14.0,1.0,2.0,0.0,0.0
25/01/2026,Atalanta,Parma,4.0,0.0,H,21.0,15.0,9.0,2.0,6.0,9.0,14.0,8.0,1.0,0.0,0.0,0.0
25/01/2026,Genoa,Bologna,3.0,2.0,H,8.0,13.0,6.0,3.0,5.0,2.0,14.0,17.0,2.0,2.0,0.0,1.0
25/01/2026,Juventus,Napoli,3.0,0.0,H,12.0,9.0,6.0,1.0,2.0,2.0,21.0,11.0,1.0,2.0,0.0,0.0
25/01/2026,Roma,Milan,1.0,1.0,D,15.0,5.0,7.0,2.0,5.0,3.0,15.0,11.0,0.0,4.0,0.0,0.0
26/01/2026,Verona,Udinese,1.0,3.0,A,7.0,20.0,4.0,7.0,3.0,8.0,8.0,11.0,2.0,0.0,0.0,0.0
30/01/2026,Lazio,Genoa,3.0,2.0,H,14.0,16.0,4.0,4.0,5.0,3.0,12.0,12.0,2.0,3.0,0.0,0.0
31/01/2026,Pisa,Sassuolo,1.0,3.0,A,15.0,21.0,6.0,5.0,2.0,5.0,13.0,8.0,3.0,3.0,0.0,0.0
31/01/2026,Napoli,Fiorentina,2.0,1.0,H,19.0,15.0,6.0,5.0,4.0,4.0,21.0,13.0,1.0,1.0,0.0,0.0
31/01/2026,Cagliari,Verona,4.0,0.0,H,13.0,9.0,7.0,3.0,6.0,3.0,9.0,14.0,0.0,2.0,0.0,1.0
01/02/2026,Torino,Lecce,1.0,0.0,H,17.0,14.0,5.0,2.0,3.0,8.0,14.0,12.0,2.0,2.0,0.0,0.0
01/02/2026,Como,Atalanta,0.0,0.0,D,28.0,6.0,9.0,2.0,7.0,1.0,9.0,11.0,4.0,3.0,0.0,1.0
01/02/2026,Cremonese,Inter,0.0,2.0,A,9.0,15.0,3.0,4.0,1.0,6.0,19.0,14.0,3.0,0.0,0.0,0.0
01/02/2026,Parma,Juventus,1.0,4.0,A,10.0,15.0,4.0,8.0,5.0,3.0,10.0,13.0,1.0,3.0,0.0,0.0
02/02/2026,Udinese,Roma,1.0,0.0,H,8.0,10.0,4.0,3.0,4.0,7.0,18.0,17.0,5.0,4.0,0.0,0.0
03/02/2026,Bologna,Milan,0.0,3.0,A,13.0,10.0,2.0,3.0,5.0,0.0,14.0,10.0,3.0,0.0,0.0,0.0
06/02/2026,Verona,Pisa,0.0,0.0,D,4.0,11.0,0.0,3.0,8.0,4.0,13.0,16.0,1.0,2.0,0.0,0.0
07/02/2026,Genoa,Napoli,2.0,3.0,A,12.0,14.0,3.0,5.0,4.0,3.0,16.0,12.0,2.0,4.0,0.0,1.0
07/02/2026,Fiorentina,Torino,2.0,2.0,D,21.0,12.0,5.0,4.0,9.0,4.0,6.0,23.0,2.0,5.0,0.0,0.0
08/02/2026,Bologna,Parma,0.0,1.0,A,16.0,5.0,2.0,1.0,4.0,5.0,10.0,14.0,1.0,3.0,1.0,1.0
08/02/2026,Lecce,Udinese,2.0,1.0,H,16.0,6.0,5.0,1.0,7.0,0.0,9.0,21.0,1.0,2.0,0.0,0.0
08/02/2026,Sassuolo,Inter,0.0,5.0,A,7.0,23.0,2.0,11.0,5.0,6.0,6.0,10.0,2.0,1.0,1.0,0.0
08/02/2026,Juventus,Lazio,2.0,2.0,D,34.0,9.0,8.0,2.0,8.0,1.0,10.0,4.0,0.0,2.0,0.0,0.0
09/02/2026,Atalanta,Cremonese,2.0,1.0,H,29.0,12.0,9.0,2.0,13.0,2.0,11.0,11.0,2.0,0.0,0.0,0.0
09/02/2026,Roma,Cagliari,2.0,0.0,H,15.0,3.0,5.0,1.0,7.0,1.0,18.0,14.0,2.0,4.0,0.0,0.0
13/02/2026,Pisa,Milan,1.0,2.0,A,7.0,7.0,2.0,2.0,3.0,1.0,14.0,9.0,1.0,3.0,0.0,1.0
14/02/2026,Como,Fiorentina,1.0,2.0,A,16.0,7.0,3.0,3.0,4.0,2.0,14.0,12.0,4.0,2.0,1.0,0.0
14/02/2026,Lazio,Atalanta,0.0,2.0,A,18.0,12.0,5.0,5.0,5.0,4.0,10.0,16.0,1.0,4.0,0.0,0.0
14/02/2026,Inter,Juventus,3.0,2.0,H,21.0,11.0,9.0,8.0,4.0,1.0,15.0,7.0,4.0,2.0,0.0,1.0
15/02/2026,Udinese,Sassuolo,1.0,2.0,A,8.0,10.0,2.0,3.0,7.0,6.0,14.0,14.0,3.0,3.0,0.0,0.0
15/02/2026,Cremonese,Genoa,0.0,0.0,D,19.0,19.0,8.0,6.0,6.0,11.0,10.0,12.0,2.0,0.0,0.0,0.0
15/02/2026,Parma,Verona,2.0,1.0,H,27.0,4.0,8.0,1.0,12.0,1.0,7.0,14.0,2.0,1.0,0.0,1.0
15/02/2026,Torino,Bologna,1.0,2.0,A,7.0,14.0,2.0,6.0,4.0,2.0,14.0,10.0,3.0,1.0,0.0,0.0
15/02/2026,Napoli,Roma,2.0,2.0,D,11.0,9.0,7.0,2.0,2.0,1.0,14.0,14.0,1.0,1.0,0.0,0.0
16/02/2026,Cagliari,Lecce,0.0,2.0,A,11.0,13.0,0.0,4.0,8.0,2.0,16.0,14.0,0.0,0.0,0.0,0.0
18/02/2026,Milan,Como,1.0,1.0,D,6.0,10.0,4.0,4.0,4.0,4.0,11.0,12.0,2.0,3.0,0.0,0.0
20/02/2026,Sassuolo,Verona,3.0,0.0,H,8.0,12.0,4.0,1.0,6.0,5.0,12.0,14.0,2.0,3.0,0.0,1.0
21/02/2026,Juventus,Como,0.0,2.0,A,11.0,11.0,3.0,2.0,7.0,2.0,10.0,15.0,1.0,0.0,0.0,0.0
21/02/2026,Lecce,Inter,0.0,2.0,A,3.0,24.0,0.0,9.0,2.0,10.0,10.0,8.0,1.0,2.0,0.0,0.0
21/02/2026,Cagliari,Lazio,0.0,0.0,D,11.0,10.0,2.0,3.0,3.0,6.0,12.0,15.0,3.0,2.0,1.0,0.0
22/02/2026,Genoa,Torino,3.0,0.0,H,16.0,7.0,5.0,3.0,1.0,3.0,9.0,14.0,0.0,1.0,0.0,1.0
22/02/2026,Atalanta,Napoli,2.0,1.0,H,10.0,10.0,7.0,4.0,6.0,1.0,10.0,9.0,1.0,1.0,0.0,0.0
22/02/2026,Milan,Parma,0.0,1.0,A,25.0,9.0,6.0,3.0,5.0,2.0,13.0,10.0,2.0,1.0,0.0,0.0
22/02/2026,Roma,Cremonese,3.0,0.0,H,23.0,2.0,5.0,0.0,9.0,1.0,12.0,11.0,1.0,1.0,0.0,0.0
23/02/2026,Fiorentina,Pisa,1.0,0.0,H,15.0,7.0,5.0,1.0,4.0,3.0,8.0,19.0,3.0,3.0,0.0,0.0
23/02/2026,Bologna,Udinese,1.0,0.0,H,11.0,10.0,6.0,3.0,4.0,7.0,10.0,13.0,1.0,1.0,0.0,0.0
27/02/2026,Parma,Cagliari,1.0,1.0,D,18.0,11.0,4.0,5.0,6.0,3.0,14.0,8.0,2.0,4.0,0.0,0.0
28/02/2026,Como,Lecce,3.0,1.0,H,12.0,5.0,7.0,2.0,5.0,1.0,15.0,12.0,0.0,1.0,0.0,0.0
28/02/2026,Verona,Napoli,1.0,2.0,A,8.0,9.0,2.0,5.0,2.0,5.0,11.0,11.0,3.0,4.0,0.0,0.0
28/02/2026,Inter,Genoa,2.0,0.0,H,14.0,6.0,6.0,2.0,10.0,2.0,13.0,8.0,2.0,1.0,0.0,0.0
01/03/2026,Cremonese,Milan,0.0,2.0,A,15.0,20.0,3.0,6.0,6.0,7.0,14.0,10.0,2.0,0.0,0.0,0.0
01/03/2026,Sassuolo,Atalanta,2.0,1.0,H,7.0,26.0,5.0,7.0,3.0,9.0,3.0,13.0,2.0,2.0,1.0,0.0
01/03/2026,Torino,Lazio,2.0,0.0,H,13.0,12.0,5.0,3.0,6.0,9.0,13.0,5.0,4.0,1.0,0.0,0.0
01/03/2026,Roma,Juventus,3.0,3.0,D,11.0,13.0,5.0,5.0,4.0,1.0,7.0,12.0,1.0,0.0,0.0,0.0
02/03/2026,Pisa,Bologna,0.0,1.0,A,6.0,8.0,3.0,1.0,7.0,4.0,15.0,11.0,0.0,2.0,0.0,0.0
02/03/2026,Udinese,Fiorentina,3.0,0.0,H,10.0,10.0,7.0,0.0,5.0,2.0,16.0,12.0,1.0,4.0,0.0,0.0
06/03/2026,Napoli,Torino,2.0,1.0,H,14.0,7.0,9.0,4.0,11.0,2.0,9.0,11.0,0.0,3.0,0.0,0.0
07/03/2026,Cagliari,Como,1.0,2.0,A,8.0,8.0,3.0,2.0,2.0,3.0,17.0,18.0,3.0,1.0,0.0,0.0
07/03/2026,Atalanta,Udinese,2.0,2.0,D,22.0,8.0,4.0,2.0,11.0,3.0,7.0,10.0,1.0,2.0,0.0,0.0
07/03/2026,Juventus,Pisa,4.0,0.0,H,25.0,7.0,7.0,2.0,4.0,4.0,7.0,7.0,1.0,3.0,0.0,0.0
08/03/2026,Lecce,Cremonese,2.0,1.0,H,9.0,10.0,3.0,5.0,4.0,4.0,19.0,27.0,1.0,4.0,0.0,1.0
08/03/2026,Bologna,Verona,1.0,2.0,A,19.0,15.0,2.0,5.0,5.0,3.0,5.0,20.0,1.0,2.0,0.0,0.0
08/03/2026,Fiorentina,Parma,0.0,0.0,D,12.0,8.0,1.0,0.0,7.0,1.0,12.0,14.0,2.0,0.0,0.0,0.0
08/03/2026,Genoa,Roma,2.0,1.0,H,11.0,8.0,5.0,1.0,3.0,6.0,11.0,17.0,1.0,3.0,0.0,0.0
08/03/2026,Milan,Inter,1.0,0.0,H,9.0,11.0,2.0,2.0,1.0,6.0,8.0,12.0,2.0,2.0,0.0,0.0
09/03/2026,Lazio,Sassuolo,2.0,1.0,H,13.0,7.0,5.0,4.0,1.0,6.0,7.0,8.0,0.0,4.0,0.0,0.0
13/03/2026,Torino,Parma,4.0,1.0,H,15.0,6.0,6.0,3.0,2.0,7.0,17.0,13.0,1.0,3.0,0.0,0.0
14/03/2026,Inter,Atalanta,1.0,1.0,D,16.0,8.0,3.0,3.0,2.0,3.0,11.0,5.0,2.0,2.0,0.0,0.0
14/03/2026,Napoli,Lecce,2.0,1.0,H,12.0,12.0,4.0,2.0,7.0,7.0,11.0,7.0,0.0,1.0,0.0,0.0
14/03/2026,Udinese,Juventus,0.0,1.0,A,10.0,22.0,2.0,8.0,2.0,6.0,12.0,14.0,3.0,1.0,0.0,0.0
15/03/2026,Verona,Genoa,0.0,2.0,A,8.0,11.0,1.0,3.0,4.0,2.0,22.0,9.0,2.0,1.0,0.0,0.0
15/03/2026,Pisa,Cagliari,3.0,1.0,H,10.0,14.0,6.0,4.0,1.0,5.0,14.0,16.0,1.0,4.0,1.0,1.0
15/03/2026,Sassuolo,Bologna,0.0,1.0,A,9.0,16.0,3.0,3.0,7.0,4.0,16.0,11.0,1.0,2.0,0.0,0.0
15/03/2026,Como,Roma,2.0,1.0,H,22.0,3.0,7.0,1.0,7.0,1.0,16.0,18.0,2.0,3.0,0.0,1.0
15/03/2026,Lazio,Milan,1.0,0.0,H,7.0,17.0,2.0,3.0,1.0,9.0,7.0,19.0,4.0,1.0,0.0,0.0
16/03/2026,Cremonese,Fiorentina,1.0,4.0,A,13.0,13.0,3.0,6.0,4.0,6.0,17.0,16.0,1.0,0.0,0.0,0.0
20/03/2026,Cagliari,Napoli,0.0,1.0,A,7.0,17.0,0.0,5.0,2.0,7.0,12.0,16.0,2.0,2.0,0.0,0.0
20/03/2026,Genoa,Udinese,0.0,2.0,A,18.0,6.0,2.0,4.0,7.0,1.0,5.0,13.0,1.0,5.0,0.0,0.0
21/03/2026,Parma,Cremonese,0.0,2.0,A,8.0,7.0,1.0,4.0,3.0,1.0,20.0,15.0,3.0,3.0,0.0,0.0
21/03/2026,Milan,Torino,3.0,2.0,H,15.0,19.0,6.0,7.0,4.0,6.0,9.0,10.0,3.0,1.0,0.0,0.0
21/03/2026,Juventus,Sassuolo,1.0,1.0,D,18.0,7.0,8.0,1.0,9.0,4.0,7.0,7.0,1.0,2.0,0.0,0.0
22/03/2026,Como,Pisa,5.0,0.0,H,14.0,7.0,7.0,0.0,7.0,1.0,5.0,6.0,0.0,2.0,0.0,0.0
22/03/2026,Atalanta,Verona,1.0,0.0,H,11.0,12.0,3.0,3.0,2.0,4.0,12.0,16.0,1.0,3.0,0.0,0.0
22/03/2026,Bologna,Lazio,0.0,2.0,A,15.0,9.0,4.0,5.0,2.0,1.0,13.0,8.0,1.0,1.0,0.0,0.0
22/03/2026,Roma,Lecce,1.0,0.0,H,14.0,8.0,2.0,3.0,10.0,2.0,14.0,17.0,2.0,2.0,0.0,0.0
22/03/2026,Fiorentina,Inter,1.0,1.0,D,16.0,12.0,6.0,4.0,3.0,5.0,16.0,12.0,3.0,3.0,0.0,0.0
04/04/2026,Sassuolo,Cagliari,2.0,1.0,H,9.0,11.0,2.0,3.0,2.0,2.0,14.0,11.0,1.0,0.0,0.0,0.0
04/04/2026,Verona,Fiorentina,0.0,1.0,A,21.0,5.0,8.0,1.0,9.0,1.0,15.0,7.0,3.0,1.0,1.0,1.0
04/04/2026,Lazio,Parma,1.0,1.0,D,7.0,7.0,3.0,4.0,7.0,2.0,12.0,8.0,1.0,2.0,0.0,0.0
05/04/2026,Cremonese,Bologna,1.0,2.0,A,9.0,14.0,3.0,7.0,2.0,4.0,15.0,15.0,2.0,3.0,1.0,1.0
05/04/2026,Pisa,Torino,0.0,1.0,A,7.0,13.0,1.0,2.0,1.0,2.0,12.0,12.0,1.0,0.0,0.0,0.0
05/04/2026,Inter,Roma,5.0,2.0,H,17.0,9.0,9.0,3.0,7.0,4.0,11.0,10.0,0.0,1.0,0.0,0.0
06/04/2026,Udinese,Como,0.0,0.0,D,14.0,12.0,4.0,4.0,6.0,2.0,10.0,12.0,2.0,3.0,0.0,0.0
06/04/2026,Lecce,Atalanta,0.0,3.0,A,11.0,16.0,0.0,6.0,2.0,5.0,10.0,18.0,0.0,2.0,0.0,0.0
06/04/2026,Juventus,Genoa,2.0,0.0,H,16.0,12.0,5.0,3.0,5.0,5.0,10.0,8.0,4.0,1.0,0.0,0.0
06/04/2026,Napoli,Milan,1.0,0.0,H,10.0,7.0,3.0,1.0,4.0,3.0,7.0,6.0,2.0,0.0,0.0,0.0
10/04/2026,Roma,Pisa,3.0,0.0,H,8.0,9.0,3.0,5.0,1.0,3.0,11.0,12.0,1.0,1.0,0.0,0.0
11/04/2026,Cagliari,Cremonese,1.0,0.0,H,17.0,5.0,5.0,2.0,6.0,5.0,9.0,17.0,1.0,1.0,0.0,0.0
11/04/2026,Torino,Verona,2.0,1.0,H,11.0,18.0,2.0,4.0,3.0,6.0,13.0,17.0,1.0,4.0,0.0,0.0
11/04/2026,Milan,Udinese,0.0,3.0,A,20.0,12.0,3.0,6.0,4.0,3.0,9.0,14.0,1.0,1.0,0.0,0.0
11/04/2026,Atalanta,Juventus,0.0,1.0,A,22.0,7.0,3.0,2.0,13.0,2.0,7.0,11.0,1.0,3.0,0.0,0.0
12/04/2026,Genoa,Sassuolo,2.0,1.0,H,14.0,15.0,7.0,6.0,5.0,3.0,9.0,14.0,2.0,3.0,1.0,1.0
12/04/2026,Parma,Napoli,1.0,1.0,D,3.0,20.0,2.0,6.0,3.0,7.0,4.0,8.0,1.0,0.0,0.0,0.0
12/04/2026,Bologna,Lecce,2.0,0.0,H,12.0,6.0,4.0,1.0,8.0,6.0,15.0,19.0,0.0,2.0,0.0,0.0
12/04/2026,Como,Inter,3.0,4.0,A,24.0,7.0,8.0,5.0,1.0,1.0,12.0,17.0,3.0,7.0,0.0,0.0
13/04/2026,Fiorentina,Lazio,1.0,0.0,H,8.0,13.0,2.0,6.0,5.0,6.0,10.0,10.0,3.0,2.0,0.0,0.0
17/04/2026,Sassuolo,Como,2.0,1.0,H,11.0,12.0,4.0,3.0,5.0,8.0,14.0,11.0,3.0,3.0,0.0,0.0
17/04/2026,Inter,Cagliari,3.0,0.0,H,18.0,10.0,5.0,1.0,4.0,9.0,17.0,6.0,0.0,2.0,0.0,0.0
18/04/2026,Udinese,Parma,0.0,1.0,A,16.0,10.0,3.0,1.0,10.0,5.0,11.0,8.0,2.0,0.0,0.0,0.0
18/04/2026,Napoli,Lazio,0.0,2.0,A,12.0,14.0,0.0,7.0,12.0,0.0,11.0,9.0,1.0,3.0,0.0,0.0
18/04/2026,Roma,Atalanta,1.0,1.0,D,19.0,8.0,9.0,2.0,7.0,6.0,4.0,14.0,1.0,2.0,0.0,0.0
19/04/2026,Cremonese,Torino,0.0,0.0,D,14.0,4.0,4.0,1.0,6.0,1.0,11.0,12.0,0.0,3.0,0.0,0.0
19/04/2026,Verona,Milan,0.0,1.0,A,13.0,6.0,2.0,3.0,6.0,1.0,13.0,6.0,2.0,0.0,0.0,0.0
19/04/2026,Pisa,Genoa,1.0,2.0,A,12.0,13.0,4.0,5.0,5.0,5.0,21.0,16.0,3.0,1.0,0.0,0.0
19/04/2026,Juventus,Bologna,2.0,0.0,H,14.0,7.0,4.0,0.0,6.0,1.0,10.0,5.0,1.0,0.0,0.0,0.0
20/04/2026,Lecce,Fiorentina,1.0,1.0,D,14.0,5.0,4.0,3.0,5.0,2.0,8.0,13.0,2.0,4.0,0.0,0.0
